id_code,split,path,label,laterality,laterality_conf,group_id
1ae8c165fd53,train,/kaggle/input/datasets/deepapaneru/dr-datasets/archive/train_images/train_images/1ae8c165fd53.png,2,right,1.0,g0
1b329a127307,train,/kaggle/input/datasets/deepapaneru/dr-datasets/archive/train_images/train_images/1b329a127307.png,1,left,1.0,g1
1b32e1d775ea,train,/kaggle/input/datasets/deepapaneru/dr-datasets/archive/train_images/train_images/1b32e1d775ea.png,4,uncertain,0.03,g2
1b3647865779,train,/kaggle/input/datasets/deepapaneru/dr-datasets/archive/train_images/train_images/1b3647865779.png,0,right,1.0,g3
1b398c0494d1,train,/kaggle/input/datasets/deepapaneru/dr-datasets/archive/train_images/train_images/1b398c0494d1.png,0,right,1.0,g2021
1b4625877527,train,/kaggle/input/datasets/deepapaneru/dr-datasets/archive/train_images/train_images/1b4625877527.png,2,right,0.89,g5
1b495ac025b7,train,/kaggle/input/datasets/deepapaneru/dr-datasets/archive/train_images/train_images/1b495ac025b7.png,3,left,0.53,g6
1b862fb6f65d,train,/kaggle/input/datasets/deepapaneru/dr-datasets/archive/train_images/train_images/1b862fb6f65d.png,0,right,1.0,g1400
1b8701231c8f,train,/kaggle/input/datasets/deepapaneru/dr-datasets/archive/train_images/train_images/1b8701231c8f.png,0,right,1.0,g8
1b8ad0afe9fb,train,/kaggle/input/datasets/deepapaneru/dr-datasets/archive/train_images/train_images/1b8ad0afe9fb.png,2,left,0.93,g9
1bb0ddfe753a,train,/kaggle/input/datasets/deepapaneru/dr-datasets/archive/train_images/train_images/1bb0ddfe753a.png,1,left,1.0,g10
1bea04b2bb2d,train,/kaggle/input/datasets/deepapaneru/dr-datasets/archive/train_images/train_images/1bea04b2bb2d.png,2,left,0.56,g11
1bf30c84bbad,train,/kaggle/input/datasets/deepapaneru/dr-datasets/archive/train_images/train_images/1bf30c84bbad.png,4,left,1.0,g12
1c0cf251b426,train,/kaggle/input/datasets/deepapaneru/dr-datasets/archive/train_images/train_images/1c0cf251b426.png,1,right,1.0,g13
1c0e5dd1b14c,train,/kaggle/input/datasets/deepapaneru/dr-datasets/archive/train_images/train_images/1c0e5dd1b14c.png,2,left,0.78,g14
1c13a1483f4a,train,/kaggle/input/datasets/deepapaneru/dr-datasets/archive/train_images/train_images/1c13a1483f4a.png,0,right,0.81,g15
1c3a6b4449e9,train,/kaggle/input/datasets/deepapaneru/dr-datasets/archive/train_images/train_images/1c3a6b4449e9.png,1,right,1.0,g16
1c47815f4a6b,train,/kaggle/input/datasets/deepapaneru/dr-datasets/archive/train_images/train_images/1c47815f4a6b.png,0,right,0.68,g17
1c4d87baaffc,train,/kaggle/input/datasets/deepapaneru/dr-datasets/archive/train_images/train_images/1c4d87baaffc.png,2,left,1.0,g18
1c4f3aa4df06,train,/kaggle/input/datasets/deepapaneru/dr-datasets/archive/train_images/train_images/1c4f3aa4df06.png,4,left,1.0,g19
1c578b72d7b3,train,/kaggle/input/datasets/deepapaneru/dr-datasets/archive/train_images/train_images/1c578b72d7b3.png,2,left,0.41,g20
1c5ad36fb799,train,/kaggle/input/datasets/deepapaneru/dr-datasets/archive/train_images/train_images/1c5ad36fb799.png,2,left,1.0,g21
1c5e6cdc7ee1,train,/kaggle/input/datasets/deepapaneru/dr-datasets/archive/train_images/train_images/1c5e6cdc7ee1.png,2,right,1.0,g22
1c6d119c3d70,train,/kaggle/input/datasets/deepapaneru/dr-datasets/archive/train_images/train_images/1c6d119c3d70.png,2,left,1.0,g23
1c7a013eeba7,train,/kaggle/input/datasets/deepapaneru/dr-datasets/archive/train_images/train_images/1c7a013eeba7.png,0,right,0.8,g24
1c9521878baf,train,/kaggle/input/datasets/deepapaneru/dr-datasets/archive/train_images/train_images/1c9521878baf.png,3,right,0.52,g25
1c9c583c10bf,train,/kaggle/input/datasets/deepapaneru/dr-datasets/archive/train_images/train_images/1c9c583c10bf.png,0,right,1.0,g26
1ca35d483772,train,/kaggle/input/datasets/deepapaneru/dr-datasets/archive/train_images/train_images/1ca35d483772.png,0,left,0.96,g27
1ca62b3e4fd3,train,/kaggle/input/datasets/deepapaneru/dr-datasets/archive/train_images/train_images/1ca62b3e4fd3.png,0,left,1.0,g28
1ca91751be4d,train,/kaggle/input/datasets/deepapaneru/dr-datasets/archive/train_images/train_images/1ca91751be4d.png,0,left,0.81,g29
1caba2fb38f6,train,/kaggle/input/datasets/deepapaneru/dr-datasets/archive/train_images/train_images/1caba2fb38f6.png,0,right,0.7,g30
1cb6961d141c,train,/kaggle/input/datasets/deepapaneru/dr-datasets/archive/train_images/train_images/1cb6961d141c.png,0,right,1.0,g31
1cb814ed6332,train,/kaggle/input/datasets/deepapaneru/dr-datasets/archive/train_images/train_images/1cb814ed6332.png,2,uncertain,0.05,g32
1cc58b15f466,train,/kaggle/input/datasets/deepapaneru/dr-datasets/archive/train_images/train_images/1cc58b15f466.png,0,left,1.0,g33
1d0b93317aa8,train,/kaggle/input/datasets/deepapaneru/dr-datasets/archive/train_images/train_images/1d0b93317aa8.png,0,left,1.0,g34
1d11794057ff,train,/kaggle/input/datasets/deepapaneru/dr-datasets/archive/train_images/train_images/1d11794057ff.png,1,right,1.0,g35
1d14dd912671,train,/kaggle/input/datasets/deepapaneru/dr-datasets/archive/train_images/train_images/1d14dd912671.png,2,left,1.0,g36
1d2472849dce,train,/kaggle/input/datasets/deepapaneru/dr-datasets/archive/train_images/train_images/1d2472849dce.png,0,right,0.86,g37
1d29cb2f4296,train,/kaggle/input/datasets/deepapaneru/dr-datasets/archive/train_images/train_images/1d29cb2f4296.png,0,right,1.0,g38
1d37f1c8b6d8,train,/kaggle/input/datasets/deepapaneru/dr-datasets/archive/train_images/train_images/1d37f1c8b6d8.png,0,left,0.93,g39
1d3e9b939732,train,/kaggle/input/datasets/deepapaneru/dr-datasets/archive/train_images/train_images/1d3e9b939732.png,0,right,0.83,g1304
1d46f1326394,train,/kaggle/input/datasets/deepapaneru/dr-datasets/archive/train_images/train_images/1d46f1326394.png,0,left,0.67,g41
1d55e689cf84,train,/kaggle/input/datasets/deepapaneru/dr-datasets/archive/train_images/train_images/1d55e689cf84.png,2,left,0.89,g42
1d674e2e32e0,train,/kaggle/input/datasets/deepapaneru/dr-datasets/archive/train_images/train_images/1d674e2e32e0.png,1,left,1.0,g43
1d74c4713e21,train,/kaggle/input/datasets/deepapaneru/dr-datasets/archive/train_images/train_images/1d74c4713e21.png,0,right,1.0,g44
1da25637859b,train,/kaggle/input/datasets/deepapaneru/dr-datasets/archive/train_images/train_images/1da25637859b.png,2,left,1.0,g45
1da4a17c18c9,train,/kaggle/input/datasets/deepapaneru/dr-datasets/archive/train_images/train_images/1da4a17c18c9.png,0,left,0.98,g46
1db0393cdbc1,train,/kaggle/input/datasets/deepapaneru/dr-datasets/archive/train_images/train_images/1db0393cdbc1.png,0,right,1.0,g47
1db18bdd43aa,train,/kaggle/input/datasets/deepapaneru/dr-datasets/archive/train_images/train_images/1db18bdd43aa.png,2,right,1.0,g48
1db6bb46c102,train,/kaggle/input/datasets/deepapaneru/dr-datasets/archive/train_images/train_images/1db6bb46c102.png,0,right,1.0,g49
1dbdc32c17db,train,/kaggle/input/datasets/deepapaneru/dr-datasets/archive/train_images/train_images/1dbdc32c17db.png,2,left,1.0,g50
1dd9adcbfff4,train,/kaggle/input/datasets/deepapaneru/dr-datasets/archive/train_images/train_images/1dd9adcbfff4.png,2,right,1.0,g51
1df0431bfa73,train,/kaggle/input/datasets/deepapaneru/dr-datasets/archive/train_images/train_images/1df0431bfa73.png,0,left,1.0,g52
1df0a4c23c95,train,/kaggle/input/datasets/deepapaneru/dr-datasets/archive/train_images/train_images/1df0a4c23c95.png,0,right,1.0,g53
1df1530b9b8d,train,/kaggle/input/datasets/deepapaneru/dr-datasets/archive/train_images/train_images/1df1530b9b8d.png,0,right,0.78,g54
1df3e03a8f5f,train,/kaggle/input/datasets/deepapaneru/dr-datasets/archive/train_images/train_images/1df3e03a8f5f.png,1,uncertain,0.05,g55
1dfbede13143,train,/kaggle/input/datasets/deepapaneru/dr-datasets/archive/train_images/train_images/1dfbede13143.png,2,right,1.0,g56
1dfe599d12a9,train,/kaggle/input/datasets/deepapaneru/dr-datasets/archive/train_images/train_images/1dfe599d12a9.png,0,left,1.0,g57
1e036f2e7095,train,/kaggle/input/datasets/deepapaneru/dr-datasets/archive/train_images/train_images/1e036f2e7095.png,0,left,1.0,g58
1e143fa3de57,train,/kaggle/input/datasets/deepapaneru/dr-datasets/archive/train_images/train_images/1e143fa3de57.png,2,left,1.0,g59
1e1fb019710d,train,/kaggle/input/datasets/deepapaneru/dr-datasets/archive/train_images/train_images/1e1fb019710d.png,2,left,0.78,g60
1e4650743fa2,train,/kaggle/input/datasets/deepapaneru/dr-datasets/archive/train_images/train_images/1e4650743fa2.png,2,right,0.92,g61
1e4b3b823b95,train,/kaggle/input/datasets/deepapaneru/dr-datasets/archive/train_images/train_images/1e4b3b823b95.png,2,uncertain,0.09,g62
1e742358e0b9,train,/kaggle/input/datasets/deepapaneru/dr-datasets/archive/train_images/train_images/1e742358e0b9.png,0,left,1.0,g63
1e7ccd4a1c87,train,/kaggle/input/datasets/deepapaneru/dr-datasets/archive/train_images/train_images/1e7ccd4a1c87.png,0,right,1.0,g64
1e8a1fdee5b9,train,/kaggle/input/datasets/deepapaneru/dr-datasets/archive/train_images/train_images/1e8a1fdee5b9.png,1,left,1.0,g65
1e8c31e29dd3,train,/kaggle/input/datasets/deepapaneru/dr-datasets/archive/train_images/train_images/1e8c31e29dd3.png,0,right,0.75,g66
1e9224ccca95,train,/kaggle/input/datasets/deepapaneru/dr-datasets/archive/train_images/train_images/1e9224ccca95.png,4,right,1.0,g67
1ec95179cdfe,train,/kaggle/input/datasets/deepapaneru/dr-datasets/archive/train_images/train_images/1ec95179cdfe.png,0,right,1.0,g68
1ee1eb7943db,train,/kaggle/input/datasets/deepapaneru/dr-datasets/archive/train_images/train_images/1ee1eb7943db.png,2,right,1.0,g69
1ee355480567,train,/kaggle/input/datasets/deepapaneru/dr-datasets/archive/train_images/train_images/1ee355480567.png,0,left,1.0,g70
1eee55494271,train,/kaggle/input/datasets/deepapaneru/dr-datasets/archive/train_images/train_images/1eee55494271.png,0,left,1.0,g71
1efa5d443707,train,/kaggle/input/datasets/deepapaneru/dr-datasets/archive/train_images/train_images/1efa5d443707.png,4,left,1.0,g72
1f07dae3cadb,train,/kaggle/input/datasets/deepapaneru/dr-datasets/archive/train_images/train_images/1f07dae3cadb.png,2,right,1.0,g73
1f0e223b8055,train,/kaggle/input/datasets/deepapaneru/dr-datasets/archive/train_images/train_images/1f0e223b8055.png,2,uncertain,0.21,g74
1f15ca672675,train,/kaggle/input/datasets/deepapaneru/dr-datasets/archive/train_images/train_images/1f15ca672675.png,0,right,1.0,g75
1f31701dd61b,train,/kaggle/input/datasets/deepapaneru/dr-datasets/archive/train_images/train_images/1f31701dd61b.png,0,left,1.0,g76
1f3f32efaf20,train,/kaggle/input/datasets/deepapaneru/dr-datasets/archive/train_images/train_images/1f3f32efaf20.png,0,right,0.85,g77
1f4bf8e28b41,train,/kaggle/input/datasets/deepapaneru/dr-datasets/archive/train_images/train_images/1f4bf8e28b41.png,2,right,1.0,g78
1f4fb37e0854,train,/kaggle/input/datasets/deepapaneru/dr-datasets/archive/train_images/train_images/1f4fb37e0854.png,0,right,1.0,g2021
1f543a86c4d4,train,/kaggle/input/datasets/deepapaneru/dr-datasets/archive/train_images/train_images/1f543a86c4d4.png,2,left,0.8,g80
1f5496352859,train,/kaggle/input/datasets/deepapaneru/dr-datasets/archive/train_images/train_images/1f5496352859.png,0,right,1.0,g181
1f63d44d9e3c,train,/kaggle/input/datasets/deepapaneru/dr-datasets/archive/train_images/train_images/1f63d44d9e3c.png,2,left,0.85,g82
1f9ccda4ddf2,train,/kaggle/input/datasets/deepapaneru/dr-datasets/archive/train_images/train_images/1f9ccda4ddf2.png,0,right,1.0,g83
1faf8664816c,train,/kaggle/input/datasets/deepapaneru/dr-datasets/archive/train_images/train_images/1faf8664816c.png,0,left,0.9,g84
1fb455685328,train,/kaggle/input/datasets/deepapaneru/dr-datasets/archive/train_images/train_images/1fb455685328.png,0,left,0.93,g85
1fd5d860d4d7,train,/kaggle/input/datasets/deepapaneru/dr-datasets/archive/train_images/train_images/1fd5d860d4d7.png,4,left,1.0,g86
1fddd7c98fd2,train,/kaggle/input/datasets/deepapaneru/dr-datasets/archive/train_images/train_images/1fddd7c98fd2.png,0,right,1.0,g87
1ffaa51a6245,train,/kaggle/input/datasets/deepapaneru/dr-datasets/archive/train_images/train_images/1ffaa51a6245.png,2,left,0.63,g88
200d947f75db,train,/kaggle/input/datasets/deepapaneru/dr-datasets/archive/train_images/train_images/200d947f75db.png,1,right,1.0,g89
2017cd92c63d,train,/kaggle/input/datasets/deepapaneru/dr-datasets/archive/train_images/train_images/2017cd92c63d.png,4,left,1.0,g90
201f6e10c108,train,/kaggle/input/datasets/deepapaneru/dr-datasets/archive/train_images/train_images/201f6e10c108.png,0,left,0.98,g91
201f882365d3,train,/kaggle/input/datasets/deepapaneru/dr-datasets/archive/train_images/train_images/201f882365d3.png,0,left,0.65,g92
203275daf46d,train,/kaggle/input/datasets/deepapaneru/dr-datasets/archive/train_images/train_images/203275daf46d.png,2,right,0.54,g93
20404ec7b518,train,/kaggle/input/datasets/deepapaneru/dr-datasets/archive/train_images/train_images/20404ec7b518.png,2,uncertain,0.13,g94
20688cb25704,train,/kaggle/input/datasets/deepapaneru/dr-datasets/archive/train_images/train_images/20688cb25704.png,2,right,1.0,g95
207a580de0ea,train,/kaggle/input/datasets/deepapaneru/dr-datasets/archive/train_images/train_images/207a580de0ea.png,2,right,1.0,g96
207dd0487264,train,/kaggle/input/datasets/deepapaneru/dr-datasets/archive/train_images/train_images/207dd0487264.png,0,left,1.0,g97
20c883d3bd38,train,/kaggle/input/datasets/deepapaneru/dr-datasets/archive/train_images/train_images/20c883d3bd38.png,2,right,1.0,g98
20d5fdd450ae,train,/kaggle/input/datasets/deepapaneru/dr-datasets/archive/train_images/train_images/20d5fdd450ae.png,4,left,0.78,g99
20f86e068276,train,/kaggle/input/datasets/deepapaneru/dr-datasets/archive/train_images/train_images/20f86e068276.png,0,left,1.0,g100
21037f5c7790,train,/kaggle/input/datasets/deepapaneru/dr-datasets/archive/train_images/train_images/21037f5c7790.png,0,left,0.98,g101
210bfe0127c6,train,/kaggle/input/datasets/deepapaneru/dr-datasets/archive/train_images/train_images/210bfe0127c6.png,0,right,0.98,g102
211518c46162,train,/kaggle/input/datasets/deepapaneru/dr-datasets/archive/train_images/train_images/211518c46162.png,4,uncertain,0.21,g103
2131aa3a1e6f,train,/kaggle/input/datasets/deepapaneru/dr-datasets/archive/train_images/train_images/2131aa3a1e6f.png,2,left,0.92,g104
215d2b7c3fde,train,/kaggle/input/datasets/deepapaneru/dr-datasets/archive/train_images/train_images/215d2b7c3fde.png,0,right,0.69,g105
217dad18a5ed,train,/kaggle/input/datasets/deepapaneru/dr-datasets/archive/train_images/train_images/217dad18a5ed.png,2,right,0.47,g106
218c822a3dd9,train,/kaggle/input/datasets/deepapaneru/dr-datasets/archive/train_images/train_images/218c822a3dd9.png,0,right,1.0,g107
21abd36095a1,train,/kaggle/input/datasets/deepapaneru/dr-datasets/archive/train_images/train_images/21abd36095a1.png,4,left,1.0,g108
21d18b022429,train,/kaggle/input/datasets/deepapaneru/dr-datasets/archive/train_images/train_images/21d18b022429.png,4,left,1.0,g109
22098b1fe461,train,/kaggle/input/datasets/deepapaneru/dr-datasets/archive/train_images/train_images/22098b1fe461.png,1,left,0.55,g110
2209daf71aab,train,/kaggle/input/datasets/deepapaneru/dr-datasets/archive/train_images/train_images/2209daf71aab.png,0,right,1.0,g111
2221cf5c7935,train,/kaggle/input/datasets/deepapaneru/dr-datasets/archive/train_images/train_images/2221cf5c7935.png,0,left,0.73,g112
222d0ac042b4,train,/kaggle/input/datasets/deepapaneru/dr-datasets/archive/train_images/train_images/222d0ac042b4.png,2,right,0.8,g113
222f3ee3a1e8,train,/kaggle/input/datasets/deepapaneru/dr-datasets/archive/train_images/train_images/222f3ee3a1e8.png,4,left,1.0,g114
22325552a4e3,train,/kaggle/input/datasets/deepapaneru/dr-datasets/archive/train_images/train_images/22325552a4e3.png,1,right,0.71,g115
2241b7e90782,train,/kaggle/input/datasets/deepapaneru/dr-datasets/archive/train_images/train_images/2241b7e90782.png,2,left,1.0,g116
22449af52060,train,/kaggle/input/datasets/deepapaneru/dr-datasets/archive/train_images/train_images/22449af52060.png,0,right,1.0,g117
224bb938e2dd,train,/kaggle/input/datasets/deepapaneru/dr-datasets/archive/train_images/train_images/224bb938e2dd.png,2,right,1.0,g118
224c14366e11,train,/kaggle/input/datasets/deepapaneru/dr-datasets/archive/train_images/train_images/224c14366e11.png,0,left,0.83,g119
226c6ceb9185,train,/kaggle/input/datasets/deepapaneru/dr-datasets/archive/train_images/train_images/226c6ceb9185.png,0,right,1.0,g120
22895c89792f,train,/kaggle/input/datasets/deepapaneru/dr-datasets/archive/train_images/train_images/22895c89792f.png,4,right,0.99,g121
22a6da005395,train,/kaggle/input/datasets/deepapaneru/dr-datasets/archive/train_images/train_images/22a6da005395.png,1,left,1.0,g122
22ce8ef69357,train,/kaggle/input/datasets/deepapaneru/dr-datasets/archive/train_images/train_images/22ce8ef69357.png,2,right,1.0,g123
22d843b2bbd1,train,/kaggle/input/datasets/deepapaneru/dr-datasets/archive/train_images/train_images/22d843b2bbd1.png,0,right,1.0,g124
23148a40ecb0,train,/kaggle/input/datasets/deepapaneru/dr-datasets/archive/train_images/train_images/23148a40ecb0.png,2,left,1.0,g125
23175b7ef453,train,/kaggle/input/datasets/deepapaneru/dr-datasets/archive/train_images/train_images/23175b7ef453.png,2,left,0.92,g126
232549883508,train,/kaggle/input/datasets/deepapaneru/dr-datasets/archive/train_images/train_images/232549883508.png,2,left,1.0,g127
233d948e2544,train,/kaggle/input/datasets/deepapaneru/dr-datasets/archive/train_images/train_images/233d948e2544.png,0,left,1.0,g128
234399352d36,train,/kaggle/input/datasets/deepapaneru/dr-datasets/archive/train_images/train_images/234399352d36.png,2,right,1.0,g129
236f56771ec6,train,/kaggle/input/datasets/deepapaneru/dr-datasets/archive/train_images/train_images/236f56771ec6.png,2,left,1.0,g130
2376e5415458,train,/kaggle/input/datasets/deepapaneru/dr-datasets/archive/train_images/train_images/2376e5415458.png,2,right,1.0,g131
237aa50edc34,train,/kaggle/input/datasets/deepapaneru/dr-datasets/archive/train_images/train_images/237aa50edc34.png,0,left,1.0,g132
237c078d00fc,train,/kaggle/input/datasets/deepapaneru/dr-datasets/archive/train_images/train_images/237c078d00fc.png,3,right,1.0,g133
2399d68d407f,train,/kaggle/input/datasets/deepapaneru/dr-datasets/archive/train_images/train_images/2399d68d407f.png,0,right,1.0,g134
239f2c348ea4,train,/kaggle/input/datasets/deepapaneru/dr-datasets/archive/train_images/train_images/239f2c348ea4.png,2,left,1.0,g135
23d7ca170bdb,train,/kaggle/input/datasets/deepapaneru/dr-datasets/archive/train_images/train_images/23d7ca170bdb.png,2,left,1.0,g136
23fca0693e2a,train,/kaggle/input/datasets/deepapaneru/dr-datasets/archive/train_images/train_images/23fca0693e2a.png,2,right,1.0,g137
2408799a09b2,train,/kaggle/input/datasets/deepapaneru/dr-datasets/archive/train_images/train_images/2408799a09b2.png,0,left,0.57,g138
240b25a7debe,train,/kaggle/input/datasets/deepapaneru/dr-datasets/archive/train_images/train_images/240b25a7debe.png,0,left,0.68,g139
242fc19be06f,train,/kaggle/input/datasets/deepapaneru/dr-datasets/archive/train_images/train_images/242fc19be06f.png,0,right,0.88,g140
2463bb04ebc3,train,/kaggle/input/datasets/deepapaneru/dr-datasets/archive/train_images/train_images/2463bb04ebc3.png,2,left,0.86,g141
246e4506824a,train,/kaggle/input/datasets/deepapaneru/dr-datasets/archive/train_images/train_images/246e4506824a.png,2,right,1.0,g142
247ac63e5510,train,/kaggle/input/datasets/deepapaneru/dr-datasets/archive/train_images/train_images/247ac63e5510.png,4,left,1.0,g143
247e98aba610,train,/kaggle/input/datasets/deepapaneru/dr-datasets/archive/train_images/train_images/247e98aba610.png,4,left,1.0,g144
248139c423c4,train,/kaggle/input/datasets/deepapaneru/dr-datasets/archive/train_images/train_images/248139c423c4.png,1,right,1.0,g145
248dec89b3a2,train,/kaggle/input/datasets/deepapaneru/dr-datasets/archive/train_images/train_images/248dec89b3a2.png,0,right,1.0,g146
24b87f744598,train,/kaggle/input/datasets/deepapaneru/dr-datasets/archive/train_images/train_images/24b87f744598.png,3,uncertain,0.3,g147
24b943fe725e,train,/kaggle/input/datasets/deepapaneru/dr-datasets/archive/train_images/train_images/24b943fe725e.png,1,right,1.0,g148
24de56d433cd,train,/kaggle/input/datasets/deepapaneru/dr-datasets/archive/train_images/train_images/24de56d433cd.png,0,left,1.0,g149
24f271c87e73,train,/kaggle/input/datasets/deepapaneru/dr-datasets/archive/train_images/train_images/24f271c87e73.png,0,left,1.0,g150
24f3e70f0419,train,/kaggle/input/datasets/deepapaneru/dr-datasets/archive/train_images/train_images/24f3e70f0419.png,0,uncertain,0.26,g151
25002fe43f92,train,/kaggle/input/datasets/deepapaneru/dr-datasets/archive/train_images/train_images/25002fe43f92.png,2,right,1.0,g152
252305189b3a,train,/kaggle/input/datasets/deepapaneru/dr-datasets/archive/train_images/train_images/252305189b3a.png,0,right,1.0,g153
2532613a584a,train,/kaggle/input/datasets/deepapaneru/dr-datasets/archive/train_images/train_images/2532613a584a.png,2,right,0.35,g154
253e96488cfb,train,/kaggle/input/datasets/deepapaneru/dr-datasets/archive/train_images/train_images/253e96488cfb.png,0,left,1.0,g155
254052cf3e48,train,/kaggle/input/datasets/deepapaneru/dr-datasets/archive/train_images/train_images/254052cf3e48.png,4,right,0.84,g156
2585bbc91909,train,/kaggle/input/datasets/deepapaneru/dr-datasets/archive/train_images/train_images/2585bbc91909.png,0,right,1.0,g157
259d30f693b6,train,/kaggle/input/datasets/deepapaneru/dr-datasets/archive/train_images/train_images/259d30f693b6.png,1,left,0.36,g158
25a0a1e41afd,train,/kaggle/input/datasets/deepapaneru/dr-datasets/archive/train_images/train_images/25a0a1e41afd.png,0,right,0.98,g159
25b0e72705a8,train,/kaggle/input/datasets/deepapaneru/dr-datasets/archive/train_images/train_images/25b0e72705a8.png,3,right,0.63,g160
25b4080f598b,train,/kaggle/input/datasets/deepapaneru/dr-datasets/archive/train_images/train_images/25b4080f598b.png,0,left,1.0,g161
25d069089c5e,train,/kaggle/input/datasets/deepapaneru/dr-datasets/archive/train_images/train_images/25d069089c5e.png,4,right,0.51,g162
25dc1b41ed9c,train,/kaggle/input/datasets/deepapaneru/dr-datasets/archive/train_images/train_images/25dc1b41ed9c.png,2,right,1.0,g163
25e9fd872182,train,/kaggle/input/datasets/deepapaneru/dr-datasets/archive/train_images/train_images/25e9fd872182.png,1,right,0.75,g164
2608e1dac5b1,train,/kaggle/input/datasets/deepapaneru/dr-datasets/archive/train_images/train_images/2608e1dac5b1.png,2,left,1.0,g165
260a455692b5,train,/kaggle/input/datasets/deepapaneru/dr-datasets/archive/train_images/train_images/260a455692b5.png,0,left,1.0,g166
261c6bd63bff,train,/kaggle/input/datasets/deepapaneru/dr-datasets/archive/train_images/train_images/261c6bd63bff.png,2,left,1.0,g167
2628305cbb29,train,/kaggle/input/datasets/deepapaneru/dr-datasets/archive/train_images/train_images/2628305cbb29.png,4,left,1.0,g168
262ad704319c,train,/kaggle/input/datasets/deepapaneru/dr-datasets/archive/train_images/train_images/262ad704319c.png,4,left,1.0,g169
263d8851e33b,train,/kaggle/input/datasets/deepapaneru/dr-datasets/archive/train_images/train_images/263d8851e33b.png,0,left,1.0,g170
26453eb7e989,train,/kaggle/input/datasets/deepapaneru/dr-datasets/archive/train_images/train_images/26453eb7e989.png,2,left,1.0,g171
26463a5fb949,train,/kaggle/input/datasets/deepapaneru/dr-datasets/archive/train_images/train_images/26463a5fb949.png,4,uncertain,0.24,g172
2665f72e2dd3,train,/kaggle/input/datasets/deepapaneru/dr-datasets/archive/train_images/train_images/2665f72e2dd3.png,3,right,1.0,g173
266fbefa58fb,train,/kaggle/input/datasets/deepapaneru/dr-datasets/archive/train_images/train_images/266fbefa58fb.png,0,right,1.0,g2021
2682e6da9050,train,/kaggle/input/datasets/deepapaneru/dr-datasets/archive/train_images/train_images/2682e6da9050.png,0,right,1.0,g175
26999ebc21de,train,/kaggle/input/datasets/deepapaneru/dr-datasets/archive/train_images/train_images/26999ebc21de.png,2,left,1.0,g176
269b44e628eb,train,/kaggle/input/datasets/deepapaneru/dr-datasets/archive/train_images/train_images/269b44e628eb.png,3,right,1.0,g177
269f0792f11f,train,/kaggle/input/datasets/deepapaneru/dr-datasets/archive/train_images/train_images/269f0792f11f.png,2,left,1.0,g178
26cd40b57ad1,train,/kaggle/input/datasets/deepapaneru/dr-datasets/archive/train_images/train_images/26cd40b57ad1.png,0,left,0.93,g179
26d60db3bbfd,train,/kaggle/input/datasets/deepapaneru/dr-datasets/archive/train_images/train_images/26d60db3bbfd.png,0,right,1.0,g180
26d9576e8043,train,/kaggle/input/datasets/deepapaneru/dr-datasets/archive/train_images/train_images/26d9576e8043.png,0,right,1.0,g181
26e231747848,train,/kaggle/input/datasets/deepapaneru/dr-datasets/archive/train_images/train_images/26e231747848.png,2,uncertain,0.07,g182
26fc2358a38d,train,/kaggle/input/datasets/deepapaneru/dr-datasets/archive/train_images/train_images/26fc2358a38d.png,0,left,0.69,g183
2700754f71e9,train,/kaggle/input/datasets/deepapaneru/dr-datasets/archive/train_images/train_images/2700754f71e9.png,2,right,1.0,g184
272d9c043c81,train,/kaggle/input/datasets/deepapaneru/dr-datasets/archive/train_images/train_images/272d9c043c81.png,2,right,1.0,g185
2735be026d44,train,/kaggle/input/datasets/deepapaneru/dr-datasets/archive/train_images/train_images/2735be026d44.png,2,left,1.0,g186
274f4de2a59d,train,/kaggle/input/datasets/deepapaneru/dr-datasets/archive/train_images/train_images/274f4de2a59d.png,0,right,0.41,g187
274f5029189b,train,/kaggle/input/datasets/deepapaneru/dr-datasets/archive/train_images/train_images/274f5029189b.png,1,left,1.0,g188
276b14f72328,train,/kaggle/input/datasets/deepapaneru/dr-datasets/archive/train_images/train_images/276b14f72328.png,0,left,0.98,g189
2776d70724d3,train,/kaggle/input/datasets/deepapaneru/dr-datasets/archive/train_images/train_images/2776d70724d3.png,2,left,1.0,g190
278aa860dffd,train,/kaggle/input/datasets/deepapaneru/dr-datasets/archive/train_images/train_images/278aa860dffd.png,1,left,1.0,g191
27933cdbe0cc,train,/kaggle/input/datasets/deepapaneru/dr-datasets/archive/train_images/train_images/27933cdbe0cc.png,0,left,0.9,g833
27b68863349f,train,/kaggle/input/datasets/deepapaneru/dr-datasets/archive/train_images/train_images/27b68863349f.png,2,right,1.0,g193
27bab1432f61,train,/kaggle/input/datasets/deepapaneru/dr-datasets/archive/train_images/train_images/27bab1432f61.png,2,left,1.0,g194
27e2be850a99,train,/kaggle/input/datasets/deepapaneru/dr-datasets/archive/train_images/train_images/27e2be850a99.png,4,right,1.0,g195
27e4c800a449,train,/kaggle/input/datasets/deepapaneru/dr-datasets/archive/train_images/train_images/27e4c800a449.png,1,left,0.83,g196
27f82ada84ac,train,/kaggle/input/datasets/deepapaneru/dr-datasets/archive/train_images/train_images/27f82ada84ac.png,0,right,1.0,g197
27fca9f12b3c,train,/kaggle/input/datasets/deepapaneru/dr-datasets/archive/train_images/train_images/27fca9f12b3c.png,2,right,1.0,g198
281d7b7c7676,train,/kaggle/input/datasets/deepapaneru/dr-datasets/archive/train_images/train_images/281d7b7c7676.png,4,right,0.68,g199
2821998fc002,train,/kaggle/input/datasets/deepapaneru/dr-datasets/archive/train_images/train_images/2821998fc002.png,0,left,0.83,g200
282bc792d23a,train,/kaggle/input/datasets/deepapaneru/dr-datasets/archive/train_images/train_images/282bc792d23a.png,2,right,1.0,g201
283c3aeba594,train,/kaggle/input/datasets/deepapaneru/dr-datasets/archive/train_images/train_images/283c3aeba594.png,0,right,0.99,g202
28503940d10b,train,/kaggle/input/datasets/deepapaneru/dr-datasets/archive/train_images/train_images/28503940d10b.png,0,right,1.0,g203
286e9981dd9b,train,/kaggle/input/datasets/deepapaneru/dr-datasets/archive/train_images/train_images/286e9981dd9b.png,0,right,1.0,g204
28751f290ba3,train,/kaggle/input/datasets/deepapaneru/dr-datasets/archive/train_images/train_images/28751f290ba3.png,0,right,1.0,g205
28824d12d31d,train,/kaggle/input/datasets/deepapaneru/dr-datasets/archive/train_images/train_images/28824d12d31d.png,2,left,0.76,g206
289a47dcbb82,train,/kaggle/input/datasets/deepapaneru/dr-datasets/archive/train_images/train_images/289a47dcbb82.png,0,right,1.0,g207
28a4d00927b7,train,/kaggle/input/datasets/deepapaneru/dr-datasets/archive/train_images/train_images/28a4d00927b7.png,2,right,1.0,g208
28dc010a0780,train,/kaggle/input/datasets/deepapaneru/dr-datasets/archive/train_images/train_images/28dc010a0780.png,0,left,1.0,g97
28f73575e1f2,train,/kaggle/input/datasets/deepapaneru/dr-datasets/archive/train_images/train_images/28f73575e1f2.png,0,left,1.0,g210
28f93cad89c5,train,/kaggle/input/datasets/deepapaneru/dr-datasets/archive/train_images/train_images/28f93cad89c5.png,2,right,1.0,g211
28f98cfe3858,train,/kaggle/input/datasets/deepapaneru/dr-datasets/archive/train_images/train_images/28f98cfe3858.png,1,left,1.0,g212
290ecdba359f,train,/kaggle/input/datasets/deepapaneru/dr-datasets/archive/train_images/train_images/290ecdba359f.png,2,uncertain,0.15,g213
29192375ab1b,train,/kaggle/input/datasets/deepapaneru/dr-datasets/archive/train_images/train_images/29192375ab1b.png,0,right,1.0,g214
291e2ff3d834,train,/kaggle/input/datasets/deepapaneru/dr-datasets/archive/train_images/train_images/291e2ff3d834.png,2,left,1.0,g215
291f581d365e,train,/kaggle/input/datasets/deepapaneru/dr-datasets/archive/train_images/train_images/291f581d365e.png,0,left,0.92,g216
2923971566fe,train,/kaggle/input/datasets/deepapaneru/dr-datasets/archive/train_images/train_images/2923971566fe.png,0,uncertain,0.04,g217
2927665214e1,train,/kaggle/input/datasets/deepapaneru/dr-datasets/archive/train_images/train_images/2927665214e1.png,0,right,1.0,g218
29580bed2f7d,train,/kaggle/input/datasets/deepapaneru/dr-datasets/archive/train_images/train_images/29580bed2f7d.png,2,right,0.81,g219
295fdc964f6e,train,/kaggle/input/datasets/deepapaneru/dr-datasets/archive/train_images/train_images/295fdc964f6e.png,2,left,1.0,g220
2967e578939f,train,/kaggle/input/datasets/deepapaneru/dr-datasets/archive/train_images/train_images/2967e578939f.png,2,uncertain,0.23,g221
2974c6ad1d58,train,/kaggle/input/datasets/deepapaneru/dr-datasets/archive/train_images/train_images/2974c6ad1d58.png,0,left,0.48,g222
299086c6d1b5,train,/kaggle/input/datasets/deepapaneru/dr-datasets/archive/train_images/train_images/299086c6d1b5.png,3,right,0.85,g223
2994f17f58a5,train,/kaggle/input/datasets/deepapaneru/dr-datasets/archive/train_images/train_images/2994f17f58a5.png,1,left,1.0,g224
29a13e666266,train,/kaggle/input/datasets/deepapaneru/dr-datasets/archive/train_images/train_images/29a13e666266.png,0,left,0.86,g225
29b52f64d2db,train,/kaggle/input/datasets/deepapaneru/dr-datasets/archive/train_images/train_images/29b52f64d2db.png,1,left,1.0,g226
29bc0e721cfe,train,/kaggle/input/datasets/deepapaneru/dr-datasets/archive/train_images/train_images/29bc0e721cfe.png,4,right,0.48,g227
29d059522fa1,train,/kaggle/input/datasets/deepapaneru/dr-datasets/archive/train_images/train_images/29d059522fa1.png,0,right,0.94,g228
29f44aea93a4,train,/kaggle/input/datasets/deepapaneru/dr-datasets/archive/train_images/train_images/29f44aea93a4.png,2,left,1.0,g229
29f9e1ac9507,train,/kaggle/input/datasets/deepapaneru/dr-datasets/archive/train_images/train_images/29f9e1ac9507.png,0,right,0.85,g230
2a08ed6bbcbc,train,/kaggle/input/datasets/deepapaneru/dr-datasets/archive/train_images/train_images/2a08ed6bbcbc.png,1,left,1.0,g231
2a099b247b10,train,/kaggle/input/datasets/deepapaneru/dr-datasets/archive/train_images/train_images/2a099b247b10.png,2,left,1.0,g232
2a2274bcb00a,train,/kaggle/input/datasets/deepapaneru/dr-datasets/archive/train_images/train_images/2a2274bcb00a.png,0,right,1.0,g233
2a2a6435f7f3,train,/kaggle/input/datasets/deepapaneru/dr-datasets/archive/train_images/train_images/2a2a6435f7f3.png,0,right,0.88,g234
2a3378bcfbcc,train,/kaggle/input/datasets/deepapaneru/dr-datasets/archive/train_images/train_images/2a3378bcfbcc.png,2,left,0.4,g235
2a3a1ed1c285,train,/kaggle/input/datasets/deepapaneru/dr-datasets/archive/train_images/train_images/2a3a1ed1c285.png,2,left,1.0,g236
2a4520f1f9a3,train,/kaggle/input/datasets/deepapaneru/dr-datasets/archive/train_images/train_images/2a4520f1f9a3.png,0,right,0.96,g237
2a47e5b21791,train,/kaggle/input/datasets/deepapaneru/dr-datasets/archive/train_images/train_images/2a47e5b21791.png,2,right,1.0,g238
2a5a8b744f08,train,/kaggle/input/datasets/deepapaneru/dr-datasets/archive/train_images/train_images/2a5a8b744f08.png,2,right,1.0,g239
2a7373eeb352,train,/kaggle/input/datasets/deepapaneru/dr-datasets/archive/train_images/train_images/2a7373eeb352.png,0,right,1.0,g240
2a8a9e957a6c,train,/kaggle/input/datasets/deepapaneru/dr-datasets/archive/train_images/train_images/2a8a9e957a6c.png,1,left,1.0,g241
2a93334f663a,train,/kaggle/input/datasets/deepapaneru/dr-datasets/archive/train_images/train_images/2a93334f663a.png,0,left,0.86,g242
2af1bf226f51,train,/kaggle/input/datasets/deepapaneru/dr-datasets/archive/train_images/train_images/2af1bf226f51.png,2,right,1.0,g243
2b074afdf626,train,/kaggle/input/datasets/deepapaneru/dr-datasets/archive/train_images/train_images/2b074afdf626.png,2,right,0.99,g244
2b07790a2422,train,/kaggle/input/datasets/deepapaneru/dr-datasets/archive/train_images/train_images/2b07790a2422.png,2,left,1.0,g245
2b10f138e67d,train,/kaggle/input/datasets/deepapaneru/dr-datasets/archive/train_images/train_images/2b10f138e67d.png,0,right,1.0,g246
2b21d293fdf2,train,/kaggle/input/datasets/deepapaneru/dr-datasets/archive/train_images/train_images/2b21d293fdf2.png,2,left,1.0,g236
2b2f5a0f880d,train,/kaggle/input/datasets/deepapaneru/dr-datasets/archive/train_images/train_images/2b2f5a0f880d.png,0,left,1.0,g248
2b3a4a81d748,train,/kaggle/input/datasets/deepapaneru/dr-datasets/archive/train_images/train_images/2b3a4a81d748.png,0,left,1.0,g249
2b48daf24be0,train,/kaggle/input/datasets/deepapaneru/dr-datasets/archive/train_images/train_images/2b48daf24be0.png,3,right,1.0,g250
2b4c7b5f1f1e,train,/kaggle/input/datasets/deepapaneru/dr-datasets/archive/train_images/train_images/2b4c7b5f1f1e.png,0,left,1.0,g251
2b5bb6d33959,train,/kaggle/input/datasets/deepapaneru/dr-datasets/archive/train_images/train_images/2b5bb6d33959.png,0,left,1.0,g252
2b88cb6e31cd,train,/kaggle/input/datasets/deepapaneru/dr-datasets/archive/train_images/train_images/2b88cb6e31cd.png,2,right,1.0,g253
2ba0b0d9bda2,train,/kaggle/input/datasets/deepapaneru/dr-datasets/archive/train_images/train_images/2ba0b0d9bda2.png,2,right,1.0,g254
2bb063318cf1,train,/kaggle/input/datasets/deepapaneru/dr-datasets/archive/train_images/train_images/2bb063318cf1.png,3,left,1.0,g255
2bb3c492d6d3,train,/kaggle/input/datasets/deepapaneru/dr-datasets/archive/train_images/train_images/2bb3c492d6d3.png,0,left,0.55,g256
2bbcfdc477db,train,/kaggle/input/datasets/deepapaneru/dr-datasets/archive/train_images/train_images/2bbcfdc477db.png,4,left,1.0,g257
2bbd1f99ecc3,train,/kaggle/input/datasets/deepapaneru/dr-datasets/archive/train_images/train_images/2bbd1f99ecc3.png,3,right,1.0,g258
2bd4d4fbed5c,train,/kaggle/input/datasets/deepapaneru/dr-datasets/archive/train_images/train_images/2bd4d4fbed5c.png,2,right,0.66,g259
2c1d5be654dd,train,/kaggle/input/datasets/deepapaneru/dr-datasets/archive/train_images/train_images/2c1d5be654dd.png,2,right,1.0,g260
2c2aa057afc5,train,/kaggle/input/datasets/deepapaneru/dr-datasets/archive/train_images/train_images/2c2aa057afc5.png,2,uncertain,0.03,g261
2c77bf969079,train,/kaggle/input/datasets/deepapaneru/dr-datasets/archive/train_images/train_images/2c77bf969079.png,0,left,1.0,g262
2c8101f14723,train,/kaggle/input/datasets/deepapaneru/dr-datasets/archive/train_images/train_images/2c8101f14723.png,0,right,1.0,g263
2c827005b8f8,train,/kaggle/input/datasets/deepapaneru/dr-datasets/archive/train_images/train_images/2c827005b8f8.png,0,right,1.0,g264
2c9dfc270f1b,train,/kaggle/input/datasets/deepapaneru/dr-datasets/archive/train_images/train_images/2c9dfc270f1b.png,0,left,1.0,g265
2cacdb0dffae,train,/kaggle/input/datasets/deepapaneru/dr-datasets/archive/train_images/train_images/2cacdb0dffae.png,0,left,0.75,g266
2cbfc6182ba2,train,/kaggle/input/datasets/deepapaneru/dr-datasets/archive/train_images/train_images/2cbfc6182ba2.png,2,uncertain,0.01,g267
2cceb07ff706,train,/kaggle/input/datasets/deepapaneru/dr-datasets/archive/train_images/train_images/2cceb07ff706.png,2,left,1.0,g268
2cdcc910778d,train,/kaggle/input/datasets/deepapaneru/dr-datasets/archive/train_images/train_images/2cdcc910778d.png,0,left,1.0,g269
2cef97083e6f,train,/kaggle/input/datasets/deepapaneru/dr-datasets/archive/train_images/train_images/2cef97083e6f.png,2,left,1.0,g270
2cf18033da31,train,/kaggle/input/datasets/deepapaneru/dr-datasets/archive/train_images/train_images/2cf18033da31.png,0,right,1.0,g271
2cfe8703f265,train,/kaggle/input/datasets/deepapaneru/dr-datasets/archive/train_images/train_images/2cfe8703f265.png,0,right,1.0,g272
2d04cead4d3a,train,/kaggle/input/datasets/deepapaneru/dr-datasets/archive/train_images/train_images/2d04cead4d3a.png,0,left,1.0,g273
2d07162a13b1,train,/kaggle/input/datasets/deepapaneru/dr-datasets/archive/train_images/train_images/2d07162a13b1.png,0,right,1.0,g274
2d3f4094c08a,train,/kaggle/input/datasets/deepapaneru/dr-datasets/archive/train_images/train_images/2d3f4094c08a.png,0,right,1.0,g275
2d552318eb07,train,/kaggle/input/datasets/deepapaneru/dr-datasets/archive/train_images/train_images/2d552318eb07.png,2,left,1.0,g276
2d558de2cabe,train,/kaggle/input/datasets/deepapaneru/dr-datasets/archive/train_images/train_images/2d558de2cabe.png,0,left,0.94,g277
2d7666b8884f,train,/kaggle/input/datasets/deepapaneru/dr-datasets/archive/train_images/train_images/2d7666b8884f.png,1,left,1.0,g278
2d870833c0c9,train,/kaggle/input/datasets/deepapaneru/dr-datasets/archive/train_images/train_images/2d870833c0c9.png,2,right,1.0,g279
2d9d97a6e713,train,/kaggle/input/datasets/deepapaneru/dr-datasets/archive/train_images/train_images/2d9d97a6e713.png,1,left,1.0,g280
2da82d14e1b7,train,/kaggle/input/datasets/deepapaneru/dr-datasets/archive/train_images/train_images/2da82d14e1b7.png,0,left,0.69,g281
2db0cd3e30da,train,/kaggle/input/datasets/deepapaneru/dr-datasets/archive/train_images/train_images/2db0cd3e30da.png,0,left,0.82,g282
2dc647e00ad3,train,/kaggle/input/datasets/deepapaneru/dr-datasets/archive/train_images/train_images/2dc647e00ad3.png,0,left,1.0,g283
2dd28ac497d2,train,/kaggle/input/datasets/deepapaneru/dr-datasets/archive/train_images/train_images/2dd28ac497d2.png,0,right,1.0,g284
2df07eb5779f,train,/kaggle/input/datasets/deepapaneru/dr-datasets/archive/train_images/train_images/2df07eb5779f.png,4,left,0.82,g285
2e26762daed5,train,/kaggle/input/datasets/deepapaneru/dr-datasets/archive/train_images/train_images/2e26762daed5.png,2,left,0.56,g286
2e79041ef722,train,/kaggle/input/datasets/deepapaneru/dr-datasets/archive/train_images/train_images/2e79041ef722.png,2,right,1.0,g287
2eba4279e503,train,/kaggle/input/datasets/deepapaneru/dr-datasets/archive/train_images/train_images/2eba4279e503.png,0,left,1.0,g288
2ecbc2e3f239,train,/kaggle/input/datasets/deepapaneru/dr-datasets/archive/train_images/train_images/2ecbc2e3f239.png,1,right,1.0,g289
2ef10194e80d,train,/kaggle/input/datasets/deepapaneru/dr-datasets/archive/train_images/train_images/2ef10194e80d.png,0,left,0.99,g290
2ef4a04aed1b,train,/kaggle/input/datasets/deepapaneru/dr-datasets/archive/train_images/train_images/2ef4a04aed1b.png,0,right,0.8,g291
2ef955d6d9ff,train,/kaggle/input/datasets/deepapaneru/dr-datasets/archive/train_images/train_images/2ef955d6d9ff.png,0,right,1.0,g292
2f143453bb71,train,/kaggle/input/datasets/deepapaneru/dr-datasets/archive/train_images/train_images/2f143453bb71.png,0,right,0.9,g293
2f284b6a1940,train,/kaggle/input/datasets/deepapaneru/dr-datasets/archive/train_images/train_images/2f284b6a1940.png,4,left,1.0,g294
2f2e1949ad56,train,/kaggle/input/datasets/deepapaneru/dr-datasets/archive/train_images/train_images/2f2e1949ad56.png,1,right,1.0,g295
2f42e20db938,train,/kaggle/input/datasets/deepapaneru/dr-datasets/archive/train_images/train_images/2f42e20db938.png,3,uncertain,0.02,g296
2f4e81787d9b,train,/kaggle/input/datasets/deepapaneru/dr-datasets/archive/train_images/train_images/2f4e81787d9b.png,1,left,1.0,g297
2f5c9cdfb333,train,/kaggle/input/datasets/deepapaneru/dr-datasets/archive/train_images/train_images/2f5c9cdfb333.png,2,right,0.7,g298
2f7789c1e046,train,/kaggle/input/datasets/deepapaneru/dr-datasets/archive/train_images/train_images/2f7789c1e046.png,4,uncertain,0.01,g299
2f7fbdcc9a4b,train,/kaggle/input/datasets/deepapaneru/dr-datasets/archive/train_images/train_images/2f7fbdcc9a4b.png,0,left,0.97,g300
2f81ee5f2926,train,/kaggle/input/datasets/deepapaneru/dr-datasets/archive/train_images/train_images/2f81ee5f2926.png,0,right,0.92,g301
2f8d14a7d390,train,/kaggle/input/datasets/deepapaneru/dr-datasets/archive/train_images/train_images/2f8d14a7d390.png,0,right,1.0,g302
2f9b66784109,train,/kaggle/input/datasets/deepapaneru/dr-datasets/archive/train_images/train_images/2f9b66784109.png,2,left,0.68,g303
2fb3a8606a77,train,/kaggle/input/datasets/deepapaneru/dr-datasets/archive/train_images/train_images/2fb3a8606a77.png,2,right,1.0,g304
2fde69f20585,train,/kaggle/input/datasets/deepapaneru/dr-datasets/archive/train_images/train_images/2fde69f20585.png,4,uncertain,0.12,g305
2fdfb80ea53c,train,/kaggle/input/datasets/deepapaneru/dr-datasets/archive/train_images/train_images/2fdfb80ea53c.png,0,left,1.0,g306
2fdffb6160a6,train,/kaggle/input/datasets/deepapaneru/dr-datasets/archive/train_images/train_images/2fdffb6160a6.png,2,uncertain,0.29,g307
2fe06bedb2c4,train,/kaggle/input/datasets/deepapaneru/dr-datasets/archive/train_images/train_images/2fe06bedb2c4.png,4,left,0.99,g308
2fefb720869a,train,/kaggle/input/datasets/deepapaneru/dr-datasets/archive/train_images/train_images/2fefb720869a.png,0,left,1.0,g309
300305ce82d2,train,/kaggle/input/datasets/deepapaneru/dr-datasets/archive/train_images/train_images/300305ce82d2.png,2,left,1.0,g310
30263a7d5609,train,/kaggle/input/datasets/deepapaneru/dr-datasets/archive/train_images/train_images/30263a7d5609.png,0,right,1.0,g311
302bcdb635ff,train,/kaggle/input/datasets/deepapaneru/dr-datasets/archive/train_images/train_images/302bcdb635ff.png,2,right,1.0,g312
3044022c6969,train,/kaggle/input/datasets/deepapaneru/dr-datasets/archive/train_images/train_images/3044022c6969.png,1,right,1.0,g313
306c841af3fc,train,/kaggle/input/datasets/deepapaneru/dr-datasets/archive/train_images/train_images/306c841af3fc.png,0,right,0.85,g314
3079490a4b9c,train,/kaggle/input/datasets/deepapaneru/dr-datasets/archive/train_images/train_images/3079490a4b9c.png,0,left,0.83,g315
308f7fce6f0d,train,/kaggle/input/datasets/deepapaneru/dr-datasets/archive/train_images/train_images/308f7fce6f0d.png,2,left,1.0,g316
30941b65348b,train,/kaggle/input/datasets/deepapaneru/dr-datasets/archive/train_images/train_images/30941b65348b.png,1,left,1.0,g317
30cab14951ac,train,/kaggle/input/datasets/deepapaneru/dr-datasets/archive/train_images/train_images/30cab14951ac.png,1,right,1.0,g318
30db694bee42,train,/kaggle/input/datasets/deepapaneru/dr-datasets/archive/train_images/train_images/30db694bee42.png,0,left,1.0,g319
310c27067ac0,train,/kaggle/input/datasets/deepapaneru/dr-datasets/archive/train_images/train_images/310c27067ac0.png,2,right,0.36,g320
312694ea8e6a,train,/kaggle/input/datasets/deepapaneru/dr-datasets/archive/train_images/train_images/312694ea8e6a.png,4,right,1.0,g321
3128eb593012,train,/kaggle/input/datasets/deepapaneru/dr-datasets/archive/train_images/train_images/3128eb593012.png,2,right,1.0,g322
3132556f5352,train,/kaggle/input/datasets/deepapaneru/dr-datasets/archive/train_images/train_images/3132556f5352.png,0,right,1.0,g323
31360e44ac64,train,/kaggle/input/datasets/deepapaneru/dr-datasets/archive/train_images/train_images/31360e44ac64.png,0,right,0.84,g324
31452ad8808c,train,/kaggle/input/datasets/deepapaneru/dr-datasets/archive/train_images/train_images/31452ad8808c.png,2,right,1.0,g325
314862758acf,train,/kaggle/input/datasets/deepapaneru/dr-datasets/archive/train_images/train_images/314862758acf.png,2,right,1.0,g326
315c1a0d87fd,train,/kaggle/input/datasets/deepapaneru/dr-datasets/archive/train_images/train_images/315c1a0d87fd.png,0,left,1.0,g327
31616ff6b53b,train,/kaggle/input/datasets/deepapaneru/dr-datasets/archive/train_images/train_images/31616ff6b53b.png,3,right,0.8,g328
3178559fbf57,train,/kaggle/input/datasets/deepapaneru/dr-datasets/archive/train_images/train_images/3178559fbf57.png,0,right,1.0,g329
318eb706a134,train,/kaggle/input/datasets/deepapaneru/dr-datasets/archive/train_images/train_images/318eb706a134.png,0,right,1.0,g330
31b5d6fb0256,train,/kaggle/input/datasets/deepapaneru/dr-datasets/archive/train_images/train_images/31b5d6fb0256.png,2,right,0.81,g331
31cb39681f6a,train,/kaggle/input/datasets/deepapaneru/dr-datasets/archive/train_images/train_images/31cb39681f6a.png,1,right,1.0,g332
3206171db5be,train,/kaggle/input/datasets/deepapaneru/dr-datasets/archive/train_images/train_images/3206171db5be.png,4,right,1.0,g333
3218a6d8eb2c,train,/kaggle/input/datasets/deepapaneru/dr-datasets/archive/train_images/train_images/3218a6d8eb2c.png,3,left,0.66,g334
3232b34cbe99,train,/kaggle/input/datasets/deepapaneru/dr-datasets/archive/train_images/train_images/3232b34cbe99.png,0,left,1.0,g335
3246f07e65b4,train,/kaggle/input/datasets/deepapaneru/dr-datasets/archive/train_images/train_images/3246f07e65b4.png,2,right,1.0,g336
3254e48c8aa0,train,/kaggle/input/datasets/deepapaneru/dr-datasets/archive/train_images/train_images/3254e48c8aa0.png,0,right,0.81,g337
3286073a976e,train,/kaggle/input/datasets/deepapaneru/dr-datasets/archive/train_images/train_images/3286073a976e.png,0,right,1.0,g338
328d141ed3aa,train,/kaggle/input/datasets/deepapaneru/dr-datasets/archive/train_images/train_images/328d141ed3aa.png,0,left,1.0,g339
32a3eb37ff40,train,/kaggle/input/datasets/deepapaneru/dr-datasets/archive/train_images/train_images/32a3eb37ff40.png,2,right,1.0,g340
32d7d360d891,train,/kaggle/input/datasets/deepapaneru/dr-datasets/archive/train_images/train_images/32d7d360d891.png,0,right,0.94,g341
32ed318235b8,train,/kaggle/input/datasets/deepapaneru/dr-datasets/archive/train_images/train_images/32ed318235b8.png,0,left,0.7,g342
33105f9b3a04,train,/kaggle/input/datasets/deepapaneru/dr-datasets/archive/train_images/train_images/33105f9b3a04.png,1,left,0.42,g343
331121c65e88,train,/kaggle/input/datasets/deepapaneru/dr-datasets/archive/train_images/train_images/331121c65e88.png,0,right,1.0,g47
331b87d1b9d1,train,/kaggle/input/datasets/deepapaneru/dr-datasets/archive/train_images/train_images/331b87d1b9d1.png,2,right,1.0,g345
3323fd59782e,train,/kaggle/input/datasets/deepapaneru/dr-datasets/archive/train_images/train_images/3323fd59782e.png,0,left,0.4,g346
3325b1fe55d2,train,/kaggle/input/datasets/deepapaneru/dr-datasets/archive/train_images/train_images/3325b1fe55d2.png,0,left,0.94,g347
33596a635b53,train,/kaggle/input/datasets/deepapaneru/dr-datasets/archive/train_images/train_images/33596a635b53.png,0,right,1.0,g348
33778d136069,train,/kaggle/input/datasets/deepapaneru/dr-datasets/archive/train_images/train_images/33778d136069.png,3,right,1.0,g349
338326891d84,train,/kaggle/input/datasets/deepapaneru/dr-datasets/archive/train_images/train_images/338326891d84.png,0,right,1.0,g350
33b893e18eb3,train,/kaggle/input/datasets/deepapaneru/dr-datasets/archive/train_images/train_images/33b893e18eb3.png,1,left,1.0,g351
33b91def2035,train,/kaggle/input/datasets/deepapaneru/dr-datasets/archive/train_images/train_images/33b91def2035.png,0,left,1.0,g352
33b978734eab,train,/kaggle/input/datasets/deepapaneru/dr-datasets/archive/train_images/train_images/33b978734eab.png,0,right,1.0,g353
33d72035c27a,train,/kaggle/input/datasets/deepapaneru/dr-datasets/archive/train_images/train_images/33d72035c27a.png,0,left,1.0,g354
33e7bf536fc5,train,/kaggle/input/datasets/deepapaneru/dr-datasets/archive/train_images/train_images/33e7bf536fc5.png,0,left,1.0,g355
33e8e26a75d4,train,/kaggle/input/datasets/deepapaneru/dr-datasets/archive/train_images/train_images/33e8e26a75d4.png,2,left,1.0,g356
33ffddea8c6e,train,/kaggle/input/datasets/deepapaneru/dr-datasets/archive/train_images/train_images/33ffddea8c6e.png,1,right,0.73,g357
3402124408ea,train,/kaggle/input/datasets/deepapaneru/dr-datasets/archive/train_images/train_images/3402124408ea.png,2,right,1.0,g358
3428230bf1bd,train,/kaggle/input/datasets/deepapaneru/dr-datasets/archive/train_images/train_images/3428230bf1bd.png,2,left,1.0,g359
342edf9b889d,train,/kaggle/input/datasets/deepapaneru/dr-datasets/archive/train_images/train_images/342edf9b889d.png,0,right,1.0,g360
3435fd8675a2,train,/kaggle/input/datasets/deepapaneru/dr-datasets/archive/train_images/train_images/3435fd8675a2.png,3,left,0.7,g361
345b1f0abbba,train,/kaggle/input/datasets/deepapaneru/dr-datasets/archive/train_images/train_images/345b1f0abbba.png,0,left,1.0,g362
3461dc601cc2,train,/kaggle/input/datasets/deepapaneru/dr-datasets/archive/train_images/train_images/3461dc601cc2.png,1,right,0.86,g363
34723fae6475,train,/kaggle/input/datasets/deepapaneru/dr-datasets/archive/train_images/train_images/34723fae6475.png,2,left,0.87,g364
348598d01e18,train,/kaggle/input/datasets/deepapaneru/dr-datasets/archive/train_images/train_images/348598d01e18.png,0,left,0.98,g365
3486f7096276,train,/kaggle/input/datasets/deepapaneru/dr-datasets/archive/train_images/train_images/3486f7096276.png,0,right,1.0,g366
349f3c0ac83e,train,/kaggle/input/datasets/deepapaneru/dr-datasets/archive/train_images/train_images/349f3c0ac83e.png,2,right,1.0,g367
34a7dbd3f05c,train,/kaggle/input/datasets/deepapaneru/dr-datasets/archive/train_images/train_images/34a7dbd3f05c.png,0,left,1.0,g368
34acae864963,train,/kaggle/input/datasets/deepapaneru/dr-datasets/archive/train_images/train_images/34acae864963.png,0,right,1.0,g369
351e842842a2,train,/kaggle/input/datasets/deepapaneru/dr-datasets/archive/train_images/train_images/351e842842a2.png,0,right,1.0,g370
352e4a939242,train,/kaggle/input/datasets/deepapaneru/dr-datasets/archive/train_images/train_images/352e4a939242.png,3,right,1.0,g371
35362d43e753,train,/kaggle/input/datasets/deepapaneru/dr-datasets/archive/train_images/train_images/35362d43e753.png,0,right,0.76,g372
354b8911d6ed,train,/kaggle/input/datasets/deepapaneru/dr-datasets/archive/train_images/train_images/354b8911d6ed.png,2,right,1.0,g373
356304d15a5c,train,/kaggle/input/datasets/deepapaneru/dr-datasets/archive/train_images/train_images/356304d15a5c.png,0,right,0.9,g374
35777eb7859d,train,/kaggle/input/datasets/deepapaneru/dr-datasets/archive/train_images/train_images/35777eb7859d.png,0,left,1.0,g375
357f02a779d7,train,/kaggle/input/datasets/deepapaneru/dr-datasets/archive/train_images/train_images/357f02a779d7.png,0,left,1.0,g376
3580a545016d,train,/kaggle/input/datasets/deepapaneru/dr-datasets/archive/train_images/train_images/3580a545016d.png,0,left,0.98,g377
358d2224de73,train,/kaggle/input/datasets/deepapaneru/dr-datasets/archive/train_images/train_images/358d2224de73.png,1,left,1.0,g378
3599029efeb3,train,/kaggle/input/datasets/deepapaneru/dr-datasets/archive/train_images/train_images/3599029efeb3.png,0,right,0.99,g379
359bab5d784b,train,/kaggle/input/datasets/deepapaneru/dr-datasets/archive/train_images/train_images/359bab5d784b.png,0,right,1.0,g380
35aa7f5c2ec0,train,/kaggle/input/datasets/deepapaneru/dr-datasets/archive/train_images/train_images/35aa7f5c2ec0.png,1,left,1.0,g18
35ac70c0d08f,train,/kaggle/input/datasets/deepapaneru/dr-datasets/archive/train_images/train_images/35ac70c0d08f.png,0,right,0.9,g382
35beb47fe159,train,/kaggle/input/datasets/deepapaneru/dr-datasets/archive/train_images/train_images/35beb47fe159.png,0,left,0.78,g383
35cd9832fc0a,train,/kaggle/input/datasets/deepapaneru/dr-datasets/archive/train_images/train_images/35cd9832fc0a.png,0,left,1.0,g384
35d6c4c50072,train,/kaggle/input/datasets/deepapaneru/dr-datasets/archive/train_images/train_images/35d6c4c50072.png,1,left,1.0,g385
35df2bc6ae95,train,/kaggle/input/datasets/deepapaneru/dr-datasets/archive/train_images/train_images/35df2bc6ae95.png,0,left,0.9,g386
3601dac9bed7,train,/kaggle/input/datasets/deepapaneru/dr-datasets/archive/train_images/train_images/3601dac9bed7.png,0,right,1.0,g387
36041171f441,train,/kaggle/input/datasets/deepapaneru/dr-datasets/archive/train_images/train_images/36041171f441.png,1,left,1.0,g388
360832d84ce0,train,/kaggle/input/datasets/deepapaneru/dr-datasets/archive/train_images/train_images/360832d84ce0.png,0,left,1.0,g389
362c4a96cebb,train,/kaggle/input/datasets/deepapaneru/dr-datasets/archive/train_images/train_images/362c4a96cebb.png,2,left,0.64,g390
365f8c01d994,train,/kaggle/input/datasets/deepapaneru/dr-datasets/archive/train_images/train_images/365f8c01d994.png,1,right,0.93,g391
36677b70b1ef,train,/kaggle/input/datasets/deepapaneru/dr-datasets/archive/train_images/train_images/36677b70b1ef.png,1,left,1.0,g392
367c7049929c,train,/kaggle/input/datasets/deepapaneru/dr-datasets/archive/train_images/train_images/367c7049929c.png,2,right,0.83,g393
36865bbc64d6,train,/kaggle/input/datasets/deepapaneru/dr-datasets/archive/train_images/train_images/36865bbc64d6.png,3,left,1.0,g394
369229040a34,train,/kaggle/input/datasets/deepapaneru/dr-datasets/archive/train_images/train_images/369229040a34.png,0,left,1.0,g395
3694e8c8e09a,train,/kaggle/input/datasets/deepapaneru/dr-datasets/archive/train_images/train_images/3694e8c8e09a.png,0,left,1.0,g396
36a1e3c780a0,train,/kaggle/input/datasets/deepapaneru/dr-datasets/archive/train_images/train_images/36a1e3c780a0.png,2,left,0.87,g397
36b5b3c9fb32,train,/kaggle/input/datasets/deepapaneru/dr-datasets/archive/train_images/train_images/36b5b3c9fb32.png,3,right,1.0,g398
36e4b704b905,train,/kaggle/input/datasets/deepapaneru/dr-datasets/archive/train_images/train_images/36e4b704b905.png,0,right,0.98,g399
36ec36c301c1,train,/kaggle/input/datasets/deepapaneru/dr-datasets/archive/train_images/train_images/36ec36c301c1.png,2,uncertain,0.07,g182
370f575adb23,train,/kaggle/input/datasets/deepapaneru/dr-datasets/archive/train_images/train_images/370f575adb23.png,0,right,0.86,g401
3710ff45299c,train,/kaggle/input/datasets/deepapaneru/dr-datasets/archive/train_images/train_images/3710ff45299c.png,0,left,0.91,g402
3730c322d35b,train,/kaggle/input/datasets/deepapaneru/dr-datasets/archive/train_images/train_images/3730c322d35b.png,0,right,1.0,g403
3732de8b416f,train,/kaggle/input/datasets/deepapaneru/dr-datasets/archive/train_images/train_images/3732de8b416f.png,0,right,1.0,g404
374535e0adb8,train,/kaggle/input/datasets/deepapaneru/dr-datasets/archive/train_images/train_images/374535e0adb8.png,4,uncertain,0.12,g405
3748349334f6,train,/kaggle/input/datasets/deepapaneru/dr-datasets/archive/train_images/train_images/3748349334f6.png,2,left,1.0,g406
378963f9df22,train,/kaggle/input/datasets/deepapaneru/dr-datasets/archive/train_images/train_images/378963f9df22.png,4,right,1.0,g407
3796af4d987a,train,/kaggle/input/datasets/deepapaneru/dr-datasets/archive/train_images/train_images/3796af4d987a.png,4,right,1.0,g408
37c4dfe03aba,train,/kaggle/input/datasets/deepapaneru/dr-datasets/archive/train_images/train_images/37c4dfe03aba.png,4,left,1.0,g409
37c523296d42,train,/kaggle/input/datasets/deepapaneru/dr-datasets/archive/train_images/train_images/37c523296d42.png,0,right,0.88,g410
37de05ef12a5,train,/kaggle/input/datasets/deepapaneru/dr-datasets/archive/train_images/train_images/37de05ef12a5.png,2,left,1.0,g411
38055d8b9f08,train,/kaggle/input/datasets/deepapaneru/dr-datasets/archive/train_images/train_images/38055d8b9f08.png,3,left,1.0,g412
3810040096cb,train,/kaggle/input/datasets/deepapaneru/dr-datasets/archive/train_images/train_images/3810040096cb.png,4,right,0.9,g413
3823acc4e464,train,/kaggle/input/datasets/deepapaneru/dr-datasets/archive/train_images/train_images/3823acc4e464.png,0,left,1.0,g414
382752f6694a,train,/kaggle/input/datasets/deepapaneru/dr-datasets/archive/train_images/train_images/382752f6694a.png,1,left,1.0,g415
38373431d996,train,/kaggle/input/datasets/deepapaneru/dr-datasets/archive/train_images/train_images/38373431d996.png,0,right,1.0,g416
383e72af1955,train,/kaggle/input/datasets/deepapaneru/dr-datasets/archive/train_images/train_images/383e72af1955.png,3,right,1.0,g417
384631079d1e,train,/kaggle/input/datasets/deepapaneru/dr-datasets/archive/train_images/train_images/384631079d1e.png,1,left,1.0,g418
38487e1a5b1f,train,/kaggle/input/datasets/deepapaneru/dr-datasets/archive/train_images/train_images/38487e1a5b1f.png,2,uncertain,0.03,g419
384db24ebbd7,train,/kaggle/input/datasets/deepapaneru/dr-datasets/archive/train_images/train_images/384db24ebbd7.png,0,right,0.9,g420
384e6c915722,train,/kaggle/input/datasets/deepapaneru/dr-datasets/archive/train_images/train_images/384e6c915722.png,0,right,1.0,g421
387138ddf43d,train,/kaggle/input/datasets/deepapaneru/dr-datasets/archive/train_images/train_images/387138ddf43d.png,0,right,1.0,g422
388279491b5d,train,/kaggle/input/datasets/deepapaneru/dr-datasets/archive/train_images/train_images/388279491b5d.png,0,right,1.0,g423
388f12e8df0b,train,/kaggle/input/datasets/deepapaneru/dr-datasets/archive/train_images/train_images/388f12e8df0b.png,2,left,0.62,g424
389552047476,train,/kaggle/input/datasets/deepapaneru/dr-datasets/archive/train_images/train_images/389552047476.png,0,left,1.0,g425
38b9bb961847,train,/kaggle/input/datasets/deepapaneru/dr-datasets/archive/train_images/train_images/38b9bb961847.png,1,right,0.8,g2363
38c7153457e2,train,/kaggle/input/datasets/deepapaneru/dr-datasets/archive/train_images/train_images/38c7153457e2.png,0,right,0.86,g427
38e0e28d35d3,train,/kaggle/input/datasets/deepapaneru/dr-datasets/archive/train_images/train_images/38e0e28d35d3.png,1,left,1.0,g428
38e111cac46f,train,/kaggle/input/datasets/deepapaneru/dr-datasets/archive/train_images/train_images/38e111cac46f.png,2,uncertain,0.0,g429
38f1901f214a,train,/kaggle/input/datasets/deepapaneru/dr-datasets/archive/train_images/train_images/38f1901f214a.png,0,right,1.0,g430
38fe9f854046,train,/kaggle/input/datasets/deepapaneru/dr-datasets/archive/train_images/train_images/38fe9f854046.png,2,right,1.0,g56
3908b3cfd620,train,/kaggle/input/datasets/deepapaneru/dr-datasets/archive/train_images/train_images/3908b3cfd620.png,0,right,0.81,g432
39134907127a,train,/kaggle/input/datasets/deepapaneru/dr-datasets/archive/train_images/train_images/39134907127a.png,2,left,1.0,g433
393fa5a023a5,train,/kaggle/input/datasets/deepapaneru/dr-datasets/archive/train_images/train_images/393fa5a023a5.png,0,left,0.94,g434
39923b29988a,train,/kaggle/input/datasets/deepapaneru/dr-datasets/archive/train_images/train_images/39923b29988a.png,2,right,0.94,g435
39aa3cd93c50,train,/kaggle/input/datasets/deepapaneru/dr-datasets/archive/train_images/train_images/39aa3cd93c50.png,3,uncertain,0.07,g436
39b5b05d6cd9,train,/kaggle/input/datasets/deepapaneru/dr-datasets/archive/train_images/train_images/39b5b05d6cd9.png,2,left,0.78,g437
39f8935185e6,train,/kaggle/input/datasets/deepapaneru/dr-datasets/archive/train_images/train_images/39f8935185e6.png,0,right,0.75,g438
39fd8ef3a45c,train,/kaggle/input/datasets/deepapaneru/dr-datasets/archive/train_images/train_images/39fd8ef3a45c.png,0,left,0.41,g439
3a122851e526,train,/kaggle/input/datasets/deepapaneru/dr-datasets/archive/train_images/train_images/3a122851e526.png,2,right,1.0,g440
3a1d3ce00f0c,train,/kaggle/input/datasets/deepapaneru/dr-datasets/archive/train_images/train_images/3a1d3ce00f0c.png,2,left,0.63,g441
3a1ecf5e2839,train,/kaggle/input/datasets/deepapaneru/dr-datasets/archive/train_images/train_images/3a1ecf5e2839.png,4,right,1.0,g442
3a4cfea0a766,train,/kaggle/input/datasets/deepapaneru/dr-datasets/archive/train_images/train_images/3a4cfea0a766.png,0,right,1.0,g443
3a61e690f4bb,train,/kaggle/input/datasets/deepapaneru/dr-datasets/archive/train_images/train_images/3a61e690f4bb.png,2,right,0.79,g444
3a643599f852,train,/kaggle/input/datasets/deepapaneru/dr-datasets/archive/train_images/train_images/3a643599f852.png,0,right,0.79,g445
3a6e9730b298,train,/kaggle/input/datasets/deepapaneru/dr-datasets/archive/train_images/train_images/3a6e9730b298.png,4,right,1.0,g446
3aa2b1ce6700,train,/kaggle/input/datasets/deepapaneru/dr-datasets/archive/train_images/train_images/3aa2b1ce6700.png,2,left,1.0,g447
3abac0961bfd,train,/kaggle/input/datasets/deepapaneru/dr-datasets/archive/train_images/train_images/3abac0961bfd.png,0,left,1.0,g448
3ac3fbfca7d4,train,/kaggle/input/datasets/deepapaneru/dr-datasets/archive/train_images/train_images/3ac3fbfca7d4.png,4,right,1.0,g449
3ac92ac3d65a,train,/kaggle/input/datasets/deepapaneru/dr-datasets/archive/train_images/train_images/3ac92ac3d65a.png,0,right,1.0,g450
3af9aaa880e9,train,/kaggle/input/datasets/deepapaneru/dr-datasets/archive/train_images/train_images/3af9aaa880e9.png,0,left,0.98,g451
3b018e8b7303,train,/kaggle/input/datasets/deepapaneru/dr-datasets/archive/train_images/train_images/3b018e8b7303.png,3,left,1.0,g452
3b0190bbe615,train,/kaggle/input/datasets/deepapaneru/dr-datasets/archive/train_images/train_images/3b0190bbe615.png,0,left,1.0,g1456
3b10191dfd25,train,/kaggle/input/datasets/deepapaneru/dr-datasets/archive/train_images/train_images/3b10191dfd25.png,0,left,1.0,g454
3b185ac445d0,train,/kaggle/input/datasets/deepapaneru/dr-datasets/archive/train_images/train_images/3b185ac445d0.png,4,left,1.0,g455
3b232b394e4f,train,/kaggle/input/datasets/deepapaneru/dr-datasets/archive/train_images/train_images/3b232b394e4f.png,4,right,1.0,g456
3b2b91590590,train,/kaggle/input/datasets/deepapaneru/dr-datasets/archive/train_images/train_images/3b2b91590590.png,0,right,1.0,g457
3b4a5fcbe5e0,train,/kaggle/input/datasets/deepapaneru/dr-datasets/archive/train_images/train_images/3b4a5fcbe5e0.png,4,left,1.0,g458
3b58b02c89ed,train,/kaggle/input/datasets/deepapaneru/dr-datasets/archive/train_images/train_images/3b58b02c89ed.png,2,left,0.88,g459
3b5dffe159b6,train,/kaggle/input/datasets/deepapaneru/dr-datasets/archive/train_images/train_images/3b5dffe159b6.png,0,right,1.0,g460
3b73a3a4a734,train,/kaggle/input/datasets/deepapaneru/dr-datasets/archive/train_images/train_images/3b73a3a4a734.png,1,right,1.0,g461
3b9817a39adf,train,/kaggle/input/datasets/deepapaneru/dr-datasets/archive/train_images/train_images/3b9817a39adf.png,0,right,1.0,g462
3b9c1f42c2f2,train,/kaggle/input/datasets/deepapaneru/dr-datasets/archive/train_images/train_images/3b9c1f42c2f2.png,2,right,0.52,g463
3bf2deaa5ef0,train,/kaggle/input/datasets/deepapaneru/dr-datasets/archive/train_images/train_images/3bf2deaa5ef0.png,0,left,1.0,g464
3bf3085ac167,train,/kaggle/input/datasets/deepapaneru/dr-datasets/archive/train_images/train_images/3bf3085ac167.png,0,left,0.96,g465
3c1efa38d0da,train,/kaggle/input/datasets/deepapaneru/dr-datasets/archive/train_images/train_images/3c1efa38d0da.png,2,left,0.35,g466
3c28fd846b43,train,/kaggle/input/datasets/deepapaneru/dr-datasets/archive/train_images/train_images/3c28fd846b43.png,0,left,0.73,g467
3c311c9109b0,train,/kaggle/input/datasets/deepapaneru/dr-datasets/archive/train_images/train_images/3c311c9109b0.png,2,right,1.0,g468
3c326543fff6,train,/kaggle/input/datasets/deepapaneru/dr-datasets/archive/train_images/train_images/3c326543fff6.png,0,right,0.8,g469
3c42512c81e0,train,/kaggle/input/datasets/deepapaneru/dr-datasets/archive/train_images/train_images/3c42512c81e0.png,0,right,0.63,g470
3c53198519f7,train,/kaggle/input/datasets/deepapaneru/dr-datasets/archive/train_images/train_images/3c53198519f7.png,2,right,1.0,g22
3c726de3ee90,train,/kaggle/input/datasets/deepapaneru/dr-datasets/archive/train_images/train_images/3c726de3ee90.png,1,left,1.0,g472
3c72f580d4ba,train,/kaggle/input/datasets/deepapaneru/dr-datasets/archive/train_images/train_images/3c72f580d4ba.png,1,left,0.98,g473
3c78bfca247b,train,/kaggle/input/datasets/deepapaneru/dr-datasets/archive/train_images/train_images/3c78bfca247b.png,4,left,1.0,g474
3c9529918097,train,/kaggle/input/datasets/deepapaneru/dr-datasets/archive/train_images/train_images/3c9529918097.png,0,right,0.77,g475
3ca12e02dd4e,train,/kaggle/input/datasets/deepapaneru/dr-datasets/archive/train_images/train_images/3ca12e02dd4e.png,0,right,0.83,g476
3ca637fddd56,train,/kaggle/input/datasets/deepapaneru/dr-datasets/archive/train_images/train_images/3ca637fddd56.png,4,left,1.0,g458
3ca8be3b40d6,train,/kaggle/input/datasets/deepapaneru/dr-datasets/archive/train_images/train_images/3ca8be3b40d6.png,0,right,1.0,g478
3cab32dd6ef9,train,/kaggle/input/datasets/deepapaneru/dr-datasets/archive/train_images/train_images/3cab32dd6ef9.png,0,left,1.0,g479
3ccf96c1dd6d,train,/kaggle/input/datasets/deepapaneru/dr-datasets/archive/train_images/train_images/3ccf96c1dd6d.png,4,right,1.0,g480
3cd801ffdbf0,train,/kaggle/input/datasets/deepapaneru/dr-datasets/archive/train_images/train_images/3cd801ffdbf0.png,2,uncertain,0.01,g481
3cd9713c0ecb,train,/kaggle/input/datasets/deepapaneru/dr-datasets/archive/train_images/train_images/3cd9713c0ecb.png,0,left,0.96,g482
3cdda8b3df19,train,/kaggle/input/datasets/deepapaneru/dr-datasets/archive/train_images/train_images/3cdda8b3df19.png,2,left,0.82,g483
3cdef7c591cc,train,/kaggle/input/datasets/deepapaneru/dr-datasets/archive/train_images/train_images/3cdef7c591cc.png,0,right,1.0,g484
3ce2f8a77a32,train,/kaggle/input/datasets/deepapaneru/dr-datasets/archive/train_images/train_images/3ce2f8a77a32.png,0,right,1.0,g485
3d2ecffe0386,train,/kaggle/input/datasets/deepapaneru/dr-datasets/archive/train_images/train_images/3d2ecffe0386.png,0,right,1.0,g486
3d3e288d490e,train,/kaggle/input/datasets/deepapaneru/dr-datasets/archive/train_images/train_images/3d3e288d490e.png,2,right,0.65,g487
3d663a6a50a3,train,/kaggle/input/datasets/deepapaneru/dr-datasets/archive/train_images/train_images/3d663a6a50a3.png,2,right,1.0,g488
3dbc90c7ee7d,train,/kaggle/input/datasets/deepapaneru/dr-datasets/archive/train_images/train_images/3dbc90c7ee7d.png,1,uncertain,0.11,g489
3dbfbc11e105,train,/kaggle/input/datasets/deepapaneru/dr-datasets/archive/train_images/train_images/3dbfbc11e105.png,2,left,1.0,g490
3ddb86eb530e,train,/kaggle/input/datasets/deepapaneru/dr-datasets/archive/train_images/train_images/3ddb86eb530e.png,2,left,1.0,g452
3de8ad4151e1,train,/kaggle/input/datasets/deepapaneru/dr-datasets/archive/train_images/train_images/3de8ad4151e1.png,1,right,1.0,g492
3dec415b188a,train,/kaggle/input/datasets/deepapaneru/dr-datasets/archive/train_images/train_images/3dec415b188a.png,0,right,1.0,g493
3dfc50108072,train,/kaggle/input/datasets/deepapaneru/dr-datasets/archive/train_images/train_images/3dfc50108072.png,2,left,1.0,g494
3e1f8fecb06f,train,/kaggle/input/datasets/deepapaneru/dr-datasets/archive/train_images/train_images/3e1f8fecb06f.png,2,right,0.8,g495
3e3a3955b9c5,train,/kaggle/input/datasets/deepapaneru/dr-datasets/archive/train_images/train_images/3e3a3955b9c5.png,3,right,1.0,g496
3e61703b5ab2,train,/kaggle/input/datasets/deepapaneru/dr-datasets/archive/train_images/train_images/3e61703b5ab2.png,0,right,1.0,g497
3e6bfc4d5c65,train,/kaggle/input/datasets/deepapaneru/dr-datasets/archive/train_images/train_images/3e6bfc4d5c65.png,2,right,1.0,g498
3e86335bc2fd,train,/kaggle/input/datasets/deepapaneru/dr-datasets/archive/train_images/train_images/3e86335bc2fd.png,2,right,0.89,g499
3ee17aa12e46,train,/kaggle/input/datasets/deepapaneru/dr-datasets/archive/train_images/train_images/3ee17aa12e46.png,1,right,1.0,g500
3ee4841936ef,train,/kaggle/input/datasets/deepapaneru/dr-datasets/archive/train_images/train_images/3ee4841936ef.png,4,left,1.0,g501
3f0d3629d69e,train,/kaggle/input/datasets/deepapaneru/dr-datasets/archive/train_images/train_images/3f0d3629d69e.png,0,right,1.0,g502
3f3de2a6b0f5,train,/kaggle/input/datasets/deepapaneru/dr-datasets/archive/train_images/train_images/3f3de2a6b0f5.png,2,right,1.0,g503
3f44d749cd0b,train,/kaggle/input/datasets/deepapaneru/dr-datasets/archive/train_images/train_images/3f44d749cd0b.png,0,right,1.0,g504
3f47f83217b5,train,/kaggle/input/datasets/deepapaneru/dr-datasets/archive/train_images/train_images/3f47f83217b5.png,2,right,1.0,g505
3f49f8d100e9,train,/kaggle/input/datasets/deepapaneru/dr-datasets/archive/train_images/train_images/3f49f8d100e9.png,3,right,1.0,g506
3f5b4c2948e8,train,/kaggle/input/datasets/deepapaneru/dr-datasets/archive/train_images/train_images/3f5b4c2948e8.png,2,left,0.7,g507
3f6bccf21ce8,train,/kaggle/input/datasets/deepapaneru/dr-datasets/archive/train_images/train_images/3f6bccf21ce8.png,0,left,1.0,g508
3f6c627e2ff2,train,/kaggle/input/datasets/deepapaneru/dr-datasets/archive/train_images/train_images/3f6c627e2ff2.png,0,right,0.7,g1304
3f73c91b7e32,train,/kaggle/input/datasets/deepapaneru/dr-datasets/archive/train_images/train_images/3f73c91b7e32.png,1,left,1.0,g510
3f752fcccec0,train,/kaggle/input/datasets/deepapaneru/dr-datasets/archive/train_images/train_images/3f752fcccec0.png,4,right,1.0,g511
3f82631e9080,train,/kaggle/input/datasets/deepapaneru/dr-datasets/archive/train_images/train_images/3f82631e9080.png,0,left,1.0,g512
3f8d5c940ba4,train,/kaggle/input/datasets/deepapaneru/dr-datasets/archive/train_images/train_images/3f8d5c940ba4.png,2,uncertain,0.18,g513
3f98be586fe3,train,/kaggle/input/datasets/deepapaneru/dr-datasets/archive/train_images/train_images/3f98be586fe3.png,0,left,0.91,g1286
3fa4f4d77177,train,/kaggle/input/datasets/deepapaneru/dr-datasets/archive/train_images/train_images/3fa4f4d77177.png,3,right,0.81,g515
3fc219927a97,train,/kaggle/input/datasets/deepapaneru/dr-datasets/archive/train_images/train_images/3fc219927a97.png,2,right,1.0,g516
3fd45879afe6,train,/kaggle/input/datasets/deepapaneru/dr-datasets/archive/train_images/train_images/3fd45879afe6.png,0,right,0.91,g517
3fd7df6099e3,train,/kaggle/input/datasets/deepapaneru/dr-datasets/archive/train_images/train_images/3fd7df6099e3.png,2,right,1.0,g518
3fe282197c1c,train,/kaggle/input/datasets/deepapaneru/dr-datasets/archive/train_images/train_images/3fe282197c1c.png,0,right,1.0,g519
3ffa14d60b24,train,/kaggle/input/datasets/deepapaneru/dr-datasets/archive/train_images/train_images/3ffa14d60b24.png,2,left,0.92,g520
40140a925c43,train,/kaggle/input/datasets/deepapaneru/dr-datasets/archive/train_images/train_images/40140a925c43.png,2,left,1.0,g521
401fdfd0db07,train,/kaggle/input/datasets/deepapaneru/dr-datasets/archive/train_images/train_images/401fdfd0db07.png,0,left,1.0,g522
4029d70e9d8a,train,/kaggle/input/datasets/deepapaneru/dr-datasets/archive/train_images/train_images/4029d70e9d8a.png,1,left,1.0,g523
4036471a1bb7,train,/kaggle/input/datasets/deepapaneru/dr-datasets/archive/train_images/train_images/4036471a1bb7.png,0,right,1.0,g524
404ede327e98,train,/kaggle/input/datasets/deepapaneru/dr-datasets/archive/train_images/train_images/404ede327e98.png,0,left,1.0,g525
405085b53d7b,train,/kaggle/input/datasets/deepapaneru/dr-datasets/archive/train_images/train_images/405085b53d7b.png,0,left,1.0,g526
40527a5e95dd,train,/kaggle/input/datasets/deepapaneru/dr-datasets/archive/train_images/train_images/40527a5e95dd.png,2,right,1.0,g527
405b4f78658f,train,/kaggle/input/datasets/deepapaneru/dr-datasets/archive/train_images/train_images/405b4f78658f.png,3,left,1.0,g528
408ea9d5e082,train,/kaggle/input/datasets/deepapaneru/dr-datasets/archive/train_images/train_images/408ea9d5e082.png,4,left,0.55,g529
40c24aded50c,train,/kaggle/input/datasets/deepapaneru/dr-datasets/archive/train_images/train_images/40c24aded50c.png,0,left,0.99,g530
40dd4e6e4444,train,/kaggle/input/datasets/deepapaneru/dr-datasets/archive/train_images/train_images/40dd4e6e4444.png,0,left,0.79,g531
40e9b5630438,train,/kaggle/input/datasets/deepapaneru/dr-datasets/archive/train_images/train_images/40e9b5630438.png,1,right,1.0,g532
41345cec5957,train,/kaggle/input/datasets/deepapaneru/dr-datasets/archive/train_images/train_images/41345cec5957.png,0,right,1.0,g533
4134b290f5f3,train,/kaggle/input/datasets/deepapaneru/dr-datasets/archive/train_images/train_images/4134b290f5f3.png,0,right,1.0,g534
4145dcb25053,train,/kaggle/input/datasets/deepapaneru/dr-datasets/archive/train_images/train_images/4145dcb25053.png,0,left,1.0,g535
4158c340fa49,train,/kaggle/input/datasets/deepapaneru/dr-datasets/archive/train_images/train_images/4158c340fa49.png,0,left,1.0,g536
415d5c5e785f,train,/kaggle/input/datasets/deepapaneru/dr-datasets/archive/train_images/train_images/415d5c5e785f.png,0,right,1.0,g537
415f2d2bd2a1,train,/kaggle/input/datasets/deepapaneru/dr-datasets/archive/train_images/train_images/415f2d2bd2a1.png,0,right,0.78,g1304
417f408ee8e0,train,/kaggle/input/datasets/deepapaneru/dr-datasets/archive/train_images/train_images/417f408ee8e0.png,2,left,0.52,g539
4189d4e631ec,train,/kaggle/input/datasets/deepapaneru/dr-datasets/archive/train_images/train_images/4189d4e631ec.png,2,uncertain,0.31,g540
419406328dcd,train,/kaggle/input/datasets/deepapaneru/dr-datasets/archive/train_images/train_images/419406328dcd.png,2,right,1.0,g541
41960d5f58c2,train,/kaggle/input/datasets/deepapaneru/dr-datasets/archive/train_images/train_images/41960d5f58c2.png,0,right,1.0,g542
41ab357d103f,train,/kaggle/input/datasets/deepapaneru/dr-datasets/archive/train_images/train_images/41ab357d103f.png,0,right,1.0,g543
4205e9deb058,train,/kaggle/input/datasets/deepapaneru/dr-datasets/archive/train_images/train_images/4205e9deb058.png,0,right,0.69,g544
4210809074c1,train,/kaggle/input/datasets/deepapaneru/dr-datasets/archive/train_images/train_images/4210809074c1.png,0,right,0.9,g545
423abbaa5fad,train,/kaggle/input/datasets/deepapaneru/dr-datasets/archive/train_images/train_images/423abbaa5fad.png,2,right,0.42,g546
4242c0d87f57,train,/kaggle/input/datasets/deepapaneru/dr-datasets/archive/train_images/train_images/4242c0d87f57.png,2,uncertain,0.05,g547
4246ed634f25,train,/kaggle/input/datasets/deepapaneru/dr-datasets/archive/train_images/train_images/4246ed634f25.png,2,right,0.76,g548
4276b82e4489,train,/kaggle/input/datasets/deepapaneru/dr-datasets/archive/train_images/train_images/4276b82e4489.png,0,left,1.0,g549
4289af3afbd2,train,/kaggle/input/datasets/deepapaneru/dr-datasets/archive/train_images/train_images/4289af3afbd2.png,2,right,0.74,g550
4294a14c656a,train,/kaggle/input/datasets/deepapaneru/dr-datasets/archive/train_images/train_images/4294a14c656a.png,3,left,1.0,g551
42985aa2e32f,train,/kaggle/input/datasets/deepapaneru/dr-datasets/archive/train_images/train_images/42985aa2e32f.png,0,right,0.92,g552
42a67337fa8e,train,/kaggle/input/datasets/deepapaneru/dr-datasets/archive/train_images/train_images/42a67337fa8e.png,2,uncertain,0.27,g553
42a850acd2ac,train,/kaggle/input/datasets/deepapaneru/dr-datasets/archive/train_images/train_images/42a850acd2ac.png,2,left,0.71,g554
42af7282349b,train,/kaggle/input/datasets/deepapaneru/dr-datasets/archive/train_images/train_images/42af7282349b.png,0,right,1.0,g555
42b08dca9b2f,train,/kaggle/input/datasets/deepapaneru/dr-datasets/archive/train_images/train_images/42b08dca9b2f.png,2,left,1.0,g556
42b93b574f23,train,/kaggle/input/datasets/deepapaneru/dr-datasets/archive/train_images/train_images/42b93b574f23.png,2,right,0.72,g557
42b9c1977681,train,/kaggle/input/datasets/deepapaneru/dr-datasets/archive/train_images/train_images/42b9c1977681.png,0,right,0.83,g558
42c65af5ab16,train,/kaggle/input/datasets/deepapaneru/dr-datasets/archive/train_images/train_images/42c65af5ab16.png,0,right,1.0,g559
42cc993f23a9,train,/kaggle/input/datasets/deepapaneru/dr-datasets/archive/train_images/train_images/42cc993f23a9.png,3,left,1.0,g560
4318b6adeb97,train,/kaggle/input/datasets/deepapaneru/dr-datasets/archive/train_images/train_images/4318b6adeb97.png,0,left,1.0,g561
4350a1b2f3cb,train,/kaggle/input/datasets/deepapaneru/dr-datasets/archive/train_images/train_images/4350a1b2f3cb.png,0,left,0.98,g1456
435414ccccf7,train,/kaggle/input/datasets/deepapaneru/dr-datasets/archive/train_images/train_images/435414ccccf7.png,0,left,1.0,g563
435d900fa7b2,train,/kaggle/input/datasets/deepapaneru/dr-datasets/archive/train_images/train_images/435d900fa7b2.png,2,uncertain,0.19,g564
4360a112db10,train,/kaggle/input/datasets/deepapaneru/dr-datasets/archive/train_images/train_images/4360a112db10.png,3,right,1.0,g565
436e1793d240,train,/kaggle/input/datasets/deepapaneru/dr-datasets/archive/train_images/train_images/436e1793d240.png,2,left,1.0,g566
436e7a7af761,train,/kaggle/input/datasets/deepapaneru/dr-datasets/archive/train_images/train_images/436e7a7af761.png,0,uncertain,0.32,g567
436fa3fd145a,train,/kaggle/input/datasets/deepapaneru/dr-datasets/archive/train_images/train_images/436fa3fd145a.png,0,right,1.0,g568
437900a99871,train,/kaggle/input/datasets/deepapaneru/dr-datasets/archive/train_images/train_images/437900a99871.png,2,right,1.0,g569
437cbec4a3f8,train,/kaggle/input/datasets/deepapaneru/dr-datasets/archive/train_images/train_images/437cbec4a3f8.png,2,right,1.0,g570
43823561c3f0,train,/kaggle/input/datasets/deepapaneru/dr-datasets/archive/train_images/train_images/43823561c3f0.png,0,right,1.0,g571
4384fa687afa,train,/kaggle/input/datasets/deepapaneru/dr-datasets/archive/train_images/train_images/4384fa687afa.png,2,left,1.0,g572
4393c5bc576a,train,/kaggle/input/datasets/deepapaneru/dr-datasets/archive/train_images/train_images/4393c5bc576a.png,1,left,0.69,g573
43bc7c066dfb,train,/kaggle/input/datasets/deepapaneru/dr-datasets/archive/train_images/train_images/43bc7c066dfb.png,0,left,0.99,g574
43ddd0ab0cc4,train,/kaggle/input/datasets/deepapaneru/dr-datasets/archive/train_images/train_images/43ddd0ab0cc4.png,2,left,1.0,g575
43e9c66eb0f3,train,/kaggle/input/datasets/deepapaneru/dr-datasets/archive/train_images/train_images/43e9c66eb0f3.png,0,left,1.0,g576
43f22d1be8dd,train,/kaggle/input/datasets/deepapaneru/dr-datasets/archive/train_images/train_images/43f22d1be8dd.png,0,right,0.72,g577
43fb6eda9b97,train,/kaggle/input/datasets/deepapaneru/dr-datasets/archive/train_images/train_images/43fb6eda9b97.png,2,right,1.0,g578
4403538fb50f,train,/kaggle/input/datasets/deepapaneru/dr-datasets/archive/train_images/train_images/4403538fb50f.png,0,left,0.64,g579
4409965eb2a4,train,/kaggle/input/datasets/deepapaneru/dr-datasets/archive/train_images/train_images/4409965eb2a4.png,0,right,0.83,g580
441117562359,train,/kaggle/input/datasets/deepapaneru/dr-datasets/archive/train_images/train_images/441117562359.png,2,left,0.86,g581
441848e0f308,train,/kaggle/input/datasets/deepapaneru/dr-datasets/archive/train_images/train_images/441848e0f308.png,0,left,1.0,g582
441affbe99aa,train,/kaggle/input/datasets/deepapaneru/dr-datasets/archive/train_images/train_images/441affbe99aa.png,2,uncertain,0.3,g583
44271f3cb18f,train,/kaggle/input/datasets/deepapaneru/dr-datasets/archive/train_images/train_images/44271f3cb18f.png,0,left,1.0,g584
445a8a6da55c,train,/kaggle/input/datasets/deepapaneru/dr-datasets/archive/train_images/train_images/445a8a6da55c.png,0,left,0.54,g585
4462fba1d2a1,train,/kaggle/input/datasets/deepapaneru/dr-datasets/archive/train_images/train_images/4462fba1d2a1.png,4,left,0.84,g586
4464bb62bf20,train,/kaggle/input/datasets/deepapaneru/dr-datasets/archive/train_images/train_images/4464bb62bf20.png,0,uncertain,0.15,g587
4478b870e549,train,/kaggle/input/datasets/deepapaneru/dr-datasets/archive/train_images/train_images/4478b870e549.png,2,left,1.0,g588
44855f666225,train,/kaggle/input/datasets/deepapaneru/dr-datasets/archive/train_images/train_images/44855f666225.png,2,uncertain,0.06,g589
44878f34e31f,train,/kaggle/input/datasets/deepapaneru/dr-datasets/archive/train_images/train_images/44878f34e31f.png,0,left,0.57,g590
4489d421e5aa,train,/kaggle/input/datasets/deepapaneru/dr-datasets/archive/train_images/train_images/4489d421e5aa.png,2,left,0.6,g591
44976c3b11a6,train,/kaggle/input/datasets/deepapaneru/dr-datasets/archive/train_images/train_images/44976c3b11a6.png,0,right,0.82,g592
44a4d04162cc,train,/kaggle/input/datasets/deepapaneru/dr-datasets/archive/train_images/train_images/44a4d04162cc.png,0,right,1.0,g2021
44a86263117b,train,/kaggle/input/datasets/deepapaneru/dr-datasets/archive/train_images/train_images/44a86263117b.png,0,left,0.86,g594
44c869174e3a,train,/kaggle/input/datasets/deepapaneru/dr-datasets/archive/train_images/train_images/44c869174e3a.png,2,right,0.38,g595
44e0d56e9d42,train,/kaggle/input/datasets/deepapaneru/dr-datasets/archive/train_images/train_images/44e0d56e9d42.png,2,left,1.0,g596
44e951e45dca,train,/kaggle/input/datasets/deepapaneru/dr-datasets/archive/train_images/train_images/44e951e45dca.png,2,left,1.0,g597
44ecf3f4efa5,train,/kaggle/input/datasets/deepapaneru/dr-datasets/archive/train_images/train_images/44ecf3f4efa5.png,4,right,1.0,g598
44f4ae58990e,train,/kaggle/input/datasets/deepapaneru/dr-datasets/archive/train_images/train_images/44f4ae58990e.png,2,right,1.0,g599
44f7f3ef9d50,train,/kaggle/input/datasets/deepapaneru/dr-datasets/archive/train_images/train_images/44f7f3ef9d50.png,0,right,1.0,g600
4528fbbd43a3,train,/kaggle/input/datasets/deepapaneru/dr-datasets/archive/train_images/train_images/4528fbbd43a3.png,0,left,0.65,g601
45369821d6a3,train,/kaggle/input/datasets/deepapaneru/dr-datasets/archive/train_images/train_images/45369821d6a3.png,0,right,0.96,g602
453a1e2754b2,train,/kaggle/input/datasets/deepapaneru/dr-datasets/archive/train_images/train_images/453a1e2754b2.png,2,right,1.0,g603
453d553b0a94,train,/kaggle/input/datasets/deepapaneru/dr-datasets/archive/train_images/train_images/453d553b0a94.png,2,left,0.63,g604
454792eb6e05,train,/kaggle/input/datasets/deepapaneru/dr-datasets/archive/train_images/train_images/454792eb6e05.png,0,left,0.97,g605
454a944eb557,train,/kaggle/input/datasets/deepapaneru/dr-datasets/archive/train_images/train_images/454a944eb557.png,0,left,1.0,g606
4554062fa836,train,/kaggle/input/datasets/deepapaneru/dr-datasets/archive/train_images/train_images/4554062fa836.png,0,right,1.0,g607
45693d027798,train,/kaggle/input/datasets/deepapaneru/dr-datasets/archive/train_images/train_images/45693d027798.png,0,right,0.81,g608
457c7c927e27,train,/kaggle/input/datasets/deepapaneru/dr-datasets/archive/train_images/train_images/457c7c927e27.png,3,right,1.0,g609
45ae04cfde5d,train,/kaggle/input/datasets/deepapaneru/dr-datasets/archive/train_images/train_images/45ae04cfde5d.png,2,left,1.0,g610
45c39ab9e797,train,/kaggle/input/datasets/deepapaneru/dr-datasets/archive/train_images/train_images/45c39ab9e797.png,2,left,1.0,g611
45e4b7eada54,train,/kaggle/input/datasets/deepapaneru/dr-datasets/archive/train_images/train_images/45e4b7eada54.png,1,right,0.92,g612
460893cd86e3,train,/kaggle/input/datasets/deepapaneru/dr-datasets/archive/train_images/train_images/460893cd86e3.png,2,left,0.64,g613
461fa5292fda,train,/kaggle/input/datasets/deepapaneru/dr-datasets/archive/train_images/train_images/461fa5292fda.png,0,left,1.0,g1456
462937ece243,train,/kaggle/input/datasets/deepapaneru/dr-datasets/archive/train_images/train_images/462937ece243.png,0,left,0.93,g615
465c618f7b23,train,/kaggle/input/datasets/deepapaneru/dr-datasets/archive/train_images/train_images/465c618f7b23.png,2,uncertain,0.12,g616
4661006f3ba6,train,/kaggle/input/datasets/deepapaneru/dr-datasets/archive/train_images/train_images/4661006f3ba6.png,1,right,1.0,g617
467b7d9d811c,train,/kaggle/input/datasets/deepapaneru/dr-datasets/archive/train_images/train_images/467b7d9d811c.png,2,uncertain,0.03,g618
4689b739d240,train,/kaggle/input/datasets/deepapaneru/dr-datasets/archive/train_images/train_images/4689b739d240.png,4,uncertain,0.21,g619
46923eea9a4e,train,/kaggle/input/datasets/deepapaneru/dr-datasets/archive/train_images/train_images/46923eea9a4e.png,2,right,1.0,g620
46acc506fa61,train,/kaggle/input/datasets/deepapaneru/dr-datasets/archive/train_images/train_images/46acc506fa61.png,0,right,1.0,g2021
46c1548d730e,train,/kaggle/input/datasets/deepapaneru/dr-datasets/archive/train_images/train_images/46c1548d730e.png,2,right,0.87,g622
46cdc8b685bd,train,/kaggle/input/datasets/deepapaneru/dr-datasets/archive/train_images/train_images/46cdc8b685bd.png,4,right,1.0,g623
46d3316c4857,train,/kaggle/input/datasets/deepapaneru/dr-datasets/archive/train_images/train_images/46d3316c4857.png,4,left,0.84,g624
46f56c38051f,train,/kaggle/input/datasets/deepapaneru/dr-datasets/archive/train_images/train_images/46f56c38051f.png,2,right,1.0,g625
4704dbb59536,train,/kaggle/input/datasets/deepapaneru/dr-datasets/archive/train_images/train_images/4704dbb59536.png,0,left,1.0,g626
4731e708ede3,train,/kaggle/input/datasets/deepapaneru/dr-datasets/archive/train_images/train_images/4731e708ede3.png,0,right,1.0,g627
475300735b7f,train,/kaggle/input/datasets/deepapaneru/dr-datasets/archive/train_images/train_images/475300735b7f.png,0,right,1.0,g2021
47536db39f00,train,/kaggle/input/datasets/deepapaneru/dr-datasets/archive/train_images/train_images/47536db39f00.png,0,right,1.0,g629
475c7ded0f7a,train,/kaggle/input/datasets/deepapaneru/dr-datasets/archive/train_images/train_images/475c7ded0f7a.png,2,left,0.9,g630
478fc46eaa49,train,/kaggle/input/datasets/deepapaneru/dr-datasets/archive/train_images/train_images/478fc46eaa49.png,0,right,0.73,g631
47b756014447,train,/kaggle/input/datasets/deepapaneru/dr-datasets/archive/train_images/train_images/47b756014447.png,2,uncertain,0.08,g632
47d1603a555b,train,/kaggle/input/datasets/deepapaneru/dr-datasets/archive/train_images/train_images/47d1603a555b.png,1,uncertain,0.22,g633
47e51065b819,train,/kaggle/input/datasets/deepapaneru/dr-datasets/archive/train_images/train_images/47e51065b819.png,2,uncertain,0.0,g634
4818672273af,train,/kaggle/input/datasets/deepapaneru/dr-datasets/archive/train_images/train_images/4818672273af.png,2,right,1.0,g635
482088e6be44,train,/kaggle/input/datasets/deepapaneru/dr-datasets/archive/train_images/train_images/482088e6be44.png,0,right,1.0,g636
4826d10030b3,train,/kaggle/input/datasets/deepapaneru/dr-datasets/archive/train_images/train_images/4826d10030b3.png,0,right,1.0,g2021
484dbeb9bf2a,train,/kaggle/input/datasets/deepapaneru/dr-datasets/archive/train_images/train_images/484dbeb9bf2a.png,0,left,1.0,g638
48543037d0b3,train,/kaggle/input/datasets/deepapaneru/dr-datasets/archive/train_images/train_images/48543037d0b3.png,2,left,1.0,g639
4860f7813654,train,/kaggle/input/datasets/deepapaneru/dr-datasets/archive/train_images/train_images/4860f7813654.png,0,right,1.0,g640
486e852a3b4d,train,/kaggle/input/datasets/deepapaneru/dr-datasets/archive/train_images/train_images/486e852a3b4d.png,0,left,1.0,g641
48a45619d1a3,train,/kaggle/input/datasets/deepapaneru/dr-datasets/archive/train_images/train_images/48a45619d1a3.png,0,right,1.0,g642
48afe8c47454,train,/kaggle/input/datasets/deepapaneru/dr-datasets/archive/train_images/train_images/48afe8c47454.png,2,left,1.0,g643
48c49f662f7d,train,/kaggle/input/datasets/deepapaneru/dr-datasets/archive/train_images/train_images/48c49f662f7d.png,2,uncertain,0.09,g644
48c72dec46e5,train,/kaggle/input/datasets/deepapaneru/dr-datasets/archive/train_images/train_images/48c72dec46e5.png,2,left,1.0,g645
48fda42bd5d4,train,/kaggle/input/datasets/deepapaneru/dr-datasets/archive/train_images/train_images/48fda42bd5d4.png,2,right,0.83,g646
4926dea289f8,train,/kaggle/input/datasets/deepapaneru/dr-datasets/archive/train_images/train_images/4926dea289f8.png,0,right,1.0,g2363
4927945ecfed,train,/kaggle/input/datasets/deepapaneru/dr-datasets/archive/train_images/train_images/4927945ecfed.png,0,right,0.78,g648
49386d603494,train,/kaggle/input/datasets/deepapaneru/dr-datasets/archive/train_images/train_images/49386d603494.png,1,right,1.0,g649
493d99f030e2,train,/kaggle/input/datasets/deepapaneru/dr-datasets/archive/train_images/train_images/493d99f030e2.png,0,right,0.77,g650
49419f8d5cb4,train,/kaggle/input/datasets/deepapaneru/dr-datasets/archive/train_images/train_images/49419f8d5cb4.png,2,right,1.0,g651
494fc9c745a3,train,/kaggle/input/datasets/deepapaneru/dr-datasets/archive/train_images/train_images/494fc9c745a3.png,1,left,1.0,g652
495106ae3b68,train,/kaggle/input/datasets/deepapaneru/dr-datasets/archive/train_images/train_images/495106ae3b68.png,0,left,0.73,g653
495255c7492f,train,/kaggle/input/datasets/deepapaneru/dr-datasets/archive/train_images/train_images/495255c7492f.png,1,right,1.0,g654
4958bfcc9f38,train,/kaggle/input/datasets/deepapaneru/dr-datasets/archive/train_images/train_images/4958bfcc9f38.png,0,left,0.57,g655
496155f71d0a,train,/kaggle/input/datasets/deepapaneru/dr-datasets/archive/train_images/train_images/496155f71d0a.png,0,right,1.0,g2021
4982378d72f9,train,/kaggle/input/datasets/deepapaneru/dr-datasets/archive/train_images/train_images/4982378d72f9.png,0,right,1.0,g657
498f143c0374,train,/kaggle/input/datasets/deepapaneru/dr-datasets/archive/train_images/train_images/498f143c0374.png,3,uncertain,0.21,g658
499c8df39222,train,/kaggle/input/datasets/deepapaneru/dr-datasets/archive/train_images/train_images/499c8df39222.png,4,uncertain,0.04,g659
49a4765f8822,train,/kaggle/input/datasets/deepapaneru/dr-datasets/archive/train_images/train_images/49a4765f8822.png,2,right,0.66,g660
49c5e7f6b8d2,train,/kaggle/input/datasets/deepapaneru/dr-datasets/archive/train_images/train_images/49c5e7f6b8d2.png,1,right,1.0,g661
49d69c4c6290,train,/kaggle/input/datasets/deepapaneru/dr-datasets/archive/train_images/train_images/49d69c4c6290.png,2,left,1.0,g662
49e4b95ee2dc,train,/kaggle/input/datasets/deepapaneru/dr-datasets/archive/train_images/train_images/49e4b95ee2dc.png,0,right,1.0,g663
49eb73968c44,train,/kaggle/input/datasets/deepapaneru/dr-datasets/archive/train_images/train_images/49eb73968c44.png,0,left,1.0,g664
4a05f81b3aba,train,/kaggle/input/datasets/deepapaneru/dr-datasets/archive/train_images/train_images/4a05f81b3aba.png,0,left,0.8,g665
4a0890b08532,train,/kaggle/input/datasets/deepapaneru/dr-datasets/archive/train_images/train_images/4a0890b08532.png,2,uncertain,0.08,g666
4a0bba3b7d83,train,/kaggle/input/datasets/deepapaneru/dr-datasets/archive/train_images/train_images/4a0bba3b7d83.png,2,right,1.0,g667
4a1afe4044f4,train,/kaggle/input/datasets/deepapaneru/dr-datasets/archive/train_images/train_images/4a1afe4044f4.png,0,left,1.0,g668
4a213b405ee4,train,/kaggle/input/datasets/deepapaneru/dr-datasets/archive/train_images/train_images/4a213b405ee4.png,1,uncertain,0.14,g669
4a3da369b227,train,/kaggle/input/datasets/deepapaneru/dr-datasets/archive/train_images/train_images/4a3da369b227.png,4,left,0.86,g670
4a44cc840ebe,train,/kaggle/input/datasets/deepapaneru/dr-datasets/archive/train_images/train_images/4a44cc840ebe.png,2,left,0.41,g671
4a4cb731f91a,train,/kaggle/input/datasets/deepapaneru/dr-datasets/archive/train_images/train_images/4a4cb731f91a.png,0,right,1.0,g672
4a558a1cd243,train,/kaggle/input/datasets/deepapaneru/dr-datasets/archive/train_images/train_images/4a558a1cd243.png,2,right,1.0,g673
4a589edaea60,train,/kaggle/input/datasets/deepapaneru/dr-datasets/archive/train_images/train_images/4a589edaea60.png,0,uncertain,0.19,g674
4a5a6efc0bef,train,/kaggle/input/datasets/deepapaneru/dr-datasets/archive/train_images/train_images/4a5a6efc0bef.png,0,right,0.99,g675
4a693dd3921a,train,/kaggle/input/datasets/deepapaneru/dr-datasets/archive/train_images/train_images/4a693dd3921a.png,4,uncertain,0.05,g676
4a7dc013e802,train,/kaggle/input/datasets/deepapaneru/dr-datasets/archive/train_images/train_images/4a7dc013e802.png,4,uncertain,0.2,g677
4a96c28f3f07,train,/kaggle/input/datasets/deepapaneru/dr-datasets/archive/train_images/train_images/4a96c28f3f07.png,0,right,1.0,g678
4aa07d720638,train,/kaggle/input/datasets/deepapaneru/dr-datasets/archive/train_images/train_images/4aa07d720638.png,1,right,0.69,g679
4aa3d771c5e4,train,/kaggle/input/datasets/deepapaneru/dr-datasets/archive/train_images/train_images/4aa3d771c5e4.png,0,right,1.0,g2021
4ab8c0cece7f,train,/kaggle/input/datasets/deepapaneru/dr-datasets/archive/train_images/train_images/4ab8c0cece7f.png,0,right,1.0,g1400
4abca30b676b,train,/kaggle/input/datasets/deepapaneru/dr-datasets/archive/train_images/train_images/4abca30b676b.png,4,uncertain,0.26,g682
4ad6109706e8,train,/kaggle/input/datasets/deepapaneru/dr-datasets/archive/train_images/train_images/4ad6109706e8.png,2,right,0.82,g683
4ad8d3ec8789,train,/kaggle/input/datasets/deepapaneru/dr-datasets/archive/train_images/train_images/4ad8d3ec8789.png,0,right,1.0,g684
4b1001050f1d,train,/kaggle/input/datasets/deepapaneru/dr-datasets/archive/train_images/train_images/4b1001050f1d.png,2,right,0.74,g685
4b237b958555,train,/kaggle/input/datasets/deepapaneru/dr-datasets/archive/train_images/train_images/4b237b958555.png,0,right,0.38,g686
4b422b48d0d4,train,/kaggle/input/datasets/deepapaneru/dr-datasets/archive/train_images/train_images/4b422b48d0d4.png,2,right,1.0,g687
4b5ffea77373,train,/kaggle/input/datasets/deepapaneru/dr-datasets/archive/train_images/train_images/4b5ffea77373.png,2,right,1.0,g688
4b618537d52f,train,/kaggle/input/datasets/deepapaneru/dr-datasets/archive/train_images/train_images/4b618537d52f.png,3,right,0.67,g689
4b6895d0cf8d,train,/kaggle/input/datasets/deepapaneru/dr-datasets/archive/train_images/train_images/4b6895d0cf8d.png,0,right,1.0,g690
4b6cb0bcfd44,train,/kaggle/input/datasets/deepapaneru/dr-datasets/archive/train_images/train_images/4b6cb0bcfd44.png,0,left,1.0,g691
4bcee3cbe232,train,/kaggle/input/datasets/deepapaneru/dr-datasets/archive/train_images/train_images/4bcee3cbe232.png,0,right,0.81,g692
4bd5d0b30198,train,/kaggle/input/datasets/deepapaneru/dr-datasets/archive/train_images/train_images/4bd5d0b30198.png,0,left,0.59,g693
4bd941611343,train,/kaggle/input/datasets/deepapaneru/dr-datasets/archive/train_images/train_images/4bd941611343.png,4,right,1.0,g694
4beeca5cc859,train,/kaggle/input/datasets/deepapaneru/dr-datasets/archive/train_images/train_images/4beeca5cc859.png,0,left,0.33,g695
4c129470cec4,train,/kaggle/input/datasets/deepapaneru/dr-datasets/archive/train_images/train_images/4c129470cec4.png,1,right,1.0,g696
4c17e85686f0,train,/kaggle/input/datasets/deepapaneru/dr-datasets/archive/train_images/train_images/4c17e85686f0.png,0,left,0.41,g697
4c389d033cb0,train,/kaggle/input/datasets/deepapaneru/dr-datasets/archive/train_images/train_images/4c389d033cb0.png,0,right,0.95,g698
4c3c1ed09771,train,/kaggle/input/datasets/deepapaneru/dr-datasets/archive/train_images/train_images/4c3c1ed09771.png,1,right,1.0,g699
4c52922f3bfd,train,/kaggle/input/datasets/deepapaneru/dr-datasets/archive/train_images/train_images/4c52922f3bfd.png,2,uncertain,0.21,g700
4c53cc97ea13,train,/kaggle/input/datasets/deepapaneru/dr-datasets/archive/train_images/train_images/4c53cc97ea13.png,0,right,1.0,g701
4c570172778b,train,/kaggle/input/datasets/deepapaneru/dr-datasets/archive/train_images/train_images/4c570172778b.png,3,right,0.94,g702
4c5ab774a381,train,/kaggle/input/datasets/deepapaneru/dr-datasets/archive/train_images/train_images/4c5ab774a381.png,0,left,0.52,g703
4c60b10a3a6a,train,/kaggle/input/datasets/deepapaneru/dr-datasets/archive/train_images/train_images/4c60b10a3a6a.png,3,left,0.9,g704
4c60f6fcea75,train,/kaggle/input/datasets/deepapaneru/dr-datasets/archive/train_images/train_images/4c60f6fcea75.png,0,left,1.0,g705
4c635a01593d,train,/kaggle/input/datasets/deepapaneru/dr-datasets/archive/train_images/train_images/4c635a01593d.png,0,right,1.0,g706
4c6c5a1bf5ab,train,/kaggle/input/datasets/deepapaneru/dr-datasets/archive/train_images/train_images/4c6c5a1bf5ab.png,0,right,0.39,g707
4c78d9d18da9,train,/kaggle/input/datasets/deepapaneru/dr-datasets/archive/train_images/train_images/4c78d9d18da9.png,2,left,1.0,g708
4c9f0fdaaef7,train,/kaggle/input/datasets/deepapaneru/dr-datasets/archive/train_images/train_images/4c9f0fdaaef7.png,3,left,1.0,g709
4cae247d9909,train,/kaggle/input/datasets/deepapaneru/dr-datasets/archive/train_images/train_images/4cae247d9909.png,1,right,0.91,g2363
4ccee4db09b6,train,/kaggle/input/datasets/deepapaneru/dr-datasets/archive/train_images/train_images/4ccee4db09b6.png,0,left,1.0,g711
4ccfa0b4e96c,train,/kaggle/input/datasets/deepapaneru/dr-datasets/archive/train_images/train_images/4ccfa0b4e96c.png,4,right,1.0,g349
4cddfc22b0ad,train,/kaggle/input/datasets/deepapaneru/dr-datasets/archive/train_images/train_images/4cddfc22b0ad.png,0,left,1.0,g713
4cde86044ad1,train,/kaggle/input/datasets/deepapaneru/dr-datasets/archive/train_images/train_images/4cde86044ad1.png,0,left,0.7,g714
4ce74e5eb51d,train,/kaggle/input/datasets/deepapaneru/dr-datasets/archive/train_images/train_images/4ce74e5eb51d.png,2,left,0.82,g715
4cf4d528c08e,train,/kaggle/input/datasets/deepapaneru/dr-datasets/archive/train_images/train_images/4cf4d528c08e.png,0,left,1.0,g716
4cfd22ae43d4,train,/kaggle/input/datasets/deepapaneru/dr-datasets/archive/train_images/train_images/4cfd22ae43d4.png,0,right,0.9,g717
4d009cebabc9,train,/kaggle/input/datasets/deepapaneru/dr-datasets/archive/train_images/train_images/4d009cebabc9.png,2,right,1.0,g718
4d167ca69ea8,train,/kaggle/input/datasets/deepapaneru/dr-datasets/archive/train_images/train_images/4d167ca69ea8.png,0,right,1.0,g719
4d17559ac1e2,train,/kaggle/input/datasets/deepapaneru/dr-datasets/archive/train_images/train_images/4d17559ac1e2.png,0,left,0.93,g720
4d1cf360b2d7,train,/kaggle/input/datasets/deepapaneru/dr-datasets/archive/train_images/train_images/4d1cf360b2d7.png,2,left,1.0,g721
4d1e7def7624,train,/kaggle/input/datasets/deepapaneru/dr-datasets/archive/train_images/train_images/4d1e7def7624.png,0,right,1.0,g722
4d21ce39c905,train,/kaggle/input/datasets/deepapaneru/dr-datasets/archive/train_images/train_images/4d21ce39c905.png,2,right,1.0,g723
4d3de40ced3a,train,/kaggle/input/datasets/deepapaneru/dr-datasets/archive/train_images/train_images/4d3de40ced3a.png,0,right,1.0,g724
4d47300e3ddb,train,/kaggle/input/datasets/deepapaneru/dr-datasets/archive/train_images/train_images/4d47300e3ddb.png,3,right,0.77,g725
4d7d6928534a,train,/kaggle/input/datasets/deepapaneru/dr-datasets/archive/train_images/train_images/4d7d6928534a.png,1,left,1.0,g726
4d9fc85a8259,train,/kaggle/input/datasets/deepapaneru/dr-datasets/archive/train_images/train_images/4d9fc85a8259.png,3,right,1.0,g727
4da2961e62fe,train,/kaggle/input/datasets/deepapaneru/dr-datasets/archive/train_images/train_images/4da2961e62fe.png,1,right,0.97,g728
4da6e2089d57,train,/kaggle/input/datasets/deepapaneru/dr-datasets/archive/train_images/train_images/4da6e2089d57.png,2,uncertain,0.12,g729
4dbce359d0e1,train,/kaggle/input/datasets/deepapaneru/dr-datasets/archive/train_images/train_images/4dbce359d0e1.png,2,left,1.0,g730
4dc2211a1c31,train,/kaggle/input/datasets/deepapaneru/dr-datasets/archive/train_images/train_images/4dc2211a1c31.png,4,right,1.0,g731
4dd14c380696,train,/kaggle/input/datasets/deepapaneru/dr-datasets/archive/train_images/train_images/4dd14c380696.png,0,left,1.0,g732
4dd4a4bf2421,train,/kaggle/input/datasets/deepapaneru/dr-datasets/archive/train_images/train_images/4dd4a4bf2421.png,0,left,0.62,g733
4dd5d5ccddcf,train,/kaggle/input/datasets/deepapaneru/dr-datasets/archive/train_images/train_images/4dd5d5ccddcf.png,1,uncertain,0.16,g734
4dd71fc7f22b,train,/kaggle/input/datasets/deepapaneru/dr-datasets/archive/train_images/train_images/4dd71fc7f22b.png,4,left,1.0,g735
4dd7b322f342,train,/kaggle/input/datasets/deepapaneru/dr-datasets/archive/train_images/train_images/4dd7b322f342.png,0,right,0.68,g736
4dd9d29eae5d,train,/kaggle/input/datasets/deepapaneru/dr-datasets/archive/train_images/train_images/4dd9d29eae5d.png,1,right,1.0,g737
4df6a81b476e,train,/kaggle/input/datasets/deepapaneru/dr-datasets/archive/train_images/train_images/4df6a81b476e.png,3,right,1.0,g738
4e0656629d02,train,/kaggle/input/datasets/deepapaneru/dr-datasets/archive/train_images/train_images/4e0656629d02.png,1,uncertain,0.13,g739
4e1e252317b5,train,/kaggle/input/datasets/deepapaneru/dr-datasets/archive/train_images/train_images/4e1e252317b5.png,0,right,0.96,g740
4e231670b48c,train,/kaggle/input/datasets/deepapaneru/dr-datasets/archive/train_images/train_images/4e231670b48c.png,0,left,0.46,g741
4e43d05cc2ef,train,/kaggle/input/datasets/deepapaneru/dr-datasets/archive/train_images/train_images/4e43d05cc2ef.png,2,left,0.37,g742
4e4a6224a04e,train,/kaggle/input/datasets/deepapaneru/dr-datasets/archive/train_images/train_images/4e4a6224a04e.png,0,left,1.0,g743
4e54ccfd49b2,train,/kaggle/input/datasets/deepapaneru/dr-datasets/archive/train_images/train_images/4e54ccfd49b2.png,0,right,1.0,g744
4e6071b73120,train,/kaggle/input/datasets/deepapaneru/dr-datasets/archive/train_images/train_images/4e6071b73120.png,1,left,1.0,g745
4e7694eebb91,train,/kaggle/input/datasets/deepapaneru/dr-datasets/archive/train_images/train_images/4e7694eebb91.png,2,uncertain,0.12,g746
4e82c3c8d31f,train,/kaggle/input/datasets/deepapaneru/dr-datasets/archive/train_images/train_images/4e82c3c8d31f.png,1,right,1.0,g747
4e8585a96739,train,/kaggle/input/datasets/deepapaneru/dr-datasets/archive/train_images/train_images/4e8585a96739.png,0,left,1.0,g748
4e85aa647534,train,/kaggle/input/datasets/deepapaneru/dr-datasets/archive/train_images/train_images/4e85aa647534.png,0,right,1.0,g749
4eabad7948cf,train,/kaggle/input/datasets/deepapaneru/dr-datasets/archive/train_images/train_images/4eabad7948cf.png,0,right,1.0,g750
4eaf2f81819d,train,/kaggle/input/datasets/deepapaneru/dr-datasets/archive/train_images/train_images/4eaf2f81819d.png,0,left,0.77,g751
4ec7796df40e,train,/kaggle/input/datasets/deepapaneru/dr-datasets/archive/train_images/train_images/4ec7796df40e.png,0,left,1.0,g752
4ecd1fdd1435,train,/kaggle/input/datasets/deepapaneru/dr-datasets/archive/train_images/train_images/4ecd1fdd1435.png,1,right,1.0,g753
4ed31cc07366,train,/kaggle/input/datasets/deepapaneru/dr-datasets/archive/train_images/train_images/4ed31cc07366.png,2,right,0.84,g754
4ee1ad981a6d,train,/kaggle/input/datasets/deepapaneru/dr-datasets/archive/train_images/train_images/4ee1ad981a6d.png,2,left,1.0,g755
4ef0b485a7da,train,/kaggle/input/datasets/deepapaneru/dr-datasets/archive/train_images/train_images/4ef0b485a7da.png,2,right,1.0,g756
4ef16a53d899,train,/kaggle/input/datasets/deepapaneru/dr-datasets/archive/train_images/train_images/4ef16a53d899.png,0,right,1.0,g568
4ef7144e24ff,train,/kaggle/input/datasets/deepapaneru/dr-datasets/archive/train_images/train_images/4ef7144e24ff.png,1,left,1.0,g758
4f0866b90c27,train,/kaggle/input/datasets/deepapaneru/dr-datasets/archive/train_images/train_images/4f0866b90c27.png,3,left,0.52,g759
4f20f9a9a65b,train,/kaggle/input/datasets/deepapaneru/dr-datasets/archive/train_images/train_images/4f20f9a9a65b.png,2,right,0.98,g760
4f46d7ee61ed,train,/kaggle/input/datasets/deepapaneru/dr-datasets/archive/train_images/train_images/4f46d7ee61ed.png,2,left,1.0,g761
4f5dd7660b17,train,/kaggle/input/datasets/deepapaneru/dr-datasets/archive/train_images/train_images/4f5dd7660b17.png,0,left,1.0,g762
4f60129e9a5b,train,/kaggle/input/datasets/deepapaneru/dr-datasets/archive/train_images/train_images/4f60129e9a5b.png,2,right,1.0,g763
4f6abc40c72d,train,/kaggle/input/datasets/deepapaneru/dr-datasets/archive/train_images/train_images/4f6abc40c72d.png,0,left,1.0,g764
4f7755e74a9e,train,/kaggle/input/datasets/deepapaneru/dr-datasets/archive/train_images/train_images/4f7755e74a9e.png,1,left,0.78,g765
4fa26d065ad3,train,/kaggle/input/datasets/deepapaneru/dr-datasets/archive/train_images/train_images/4fa26d065ad3.png,1,right,0.72,g766
4faf4063db8c,train,/kaggle/input/datasets/deepapaneru/dr-datasets/archive/train_images/train_images/4faf4063db8c.png,0,left,0.81,g767
4fd5ec0dca09,train,/kaggle/input/datasets/deepapaneru/dr-datasets/archive/train_images/train_images/4fd5ec0dca09.png,0,right,1.0,g768
4fecf87184e6,train,/kaggle/input/datasets/deepapaneru/dr-datasets/archive/train_images/train_images/4fecf87184e6.png,3,right,1.0,g769
4fef9ed8a4c5,train,/kaggle/input/datasets/deepapaneru/dr-datasets/archive/train_images/train_images/4fef9ed8a4c5.png,3,left,1.0,g770
4ffa38550c95,train,/kaggle/input/datasets/deepapaneru/dr-datasets/archive/train_images/train_images/4ffa38550c95.png,0,right,1.0,g771
500aad15b7c8,train,/kaggle/input/datasets/deepapaneru/dr-datasets/archive/train_images/train_images/500aad15b7c8.png,0,left,1.0,g772
501c319f7a9f,train,/kaggle/input/datasets/deepapaneru/dr-datasets/archive/train_images/train_images/501c319f7a9f.png,0,right,1.0,g773
504a69096fcb,train,/kaggle/input/datasets/deepapaneru/dr-datasets/archive/train_images/train_images/504a69096fcb.png,0,left,0.94,g774
5056fa7d505f,train,/kaggle/input/datasets/deepapaneru/dr-datasets/archive/train_images/train_images/5056fa7d505f.png,0,right,1.0,g775
5069feccd866,train,/kaggle/input/datasets/deepapaneru/dr-datasets/archive/train_images/train_images/5069feccd866.png,0,left,1.0,g776
5077cdb88aed,train,/kaggle/input/datasets/deepapaneru/dr-datasets/archive/train_images/train_images/5077cdb88aed.png,0,right,0.93,g1694
5078caaf1f57,train,/kaggle/input/datasets/deepapaneru/dr-datasets/archive/train_images/train_images/5078caaf1f57.png,0,right,0.44,g778
50840c36f0b4,train,/kaggle/input/datasets/deepapaneru/dr-datasets/archive/train_images/train_images/50840c36f0b4.png,1,left,0.8,g779
5090917a2676,train,/kaggle/input/datasets/deepapaneru/dr-datasets/archive/train_images/train_images/5090917a2676.png,1,right,1.0,g780
50915e2329a1,train,/kaggle/input/datasets/deepapaneru/dr-datasets/archive/train_images/train_images/50915e2329a1.png,0,right,1.0,g781
50916d67bb51,train,/kaggle/input/datasets/deepapaneru/dr-datasets/archive/train_images/train_images/50916d67bb51.png,0,left,1.0,g782
50a2aef380c8,train,/kaggle/input/datasets/deepapaneru/dr-datasets/archive/train_images/train_images/50a2aef380c8.png,3,right,1.0,g783
50d8249f7bc9,train,/kaggle/input/datasets/deepapaneru/dr-datasets/archive/train_images/train_images/50d8249f7bc9.png,0,right,1.0,g784
50d8a8fb7737,train,/kaggle/input/datasets/deepapaneru/dr-datasets/archive/train_images/train_images/50d8a8fb7737.png,2,uncertain,0.21,g785
50ddd7d976df,train,/kaggle/input/datasets/deepapaneru/dr-datasets/archive/train_images/train_images/50ddd7d976df.png,0,left,0.84,g786
50f5201fd18a,train,/kaggle/input/datasets/deepapaneru/dr-datasets/archive/train_images/train_images/50f5201fd18a.png,0,left,0.77,g787
51030843fde2,train,/kaggle/input/datasets/deepapaneru/dr-datasets/archive/train_images/train_images/51030843fde2.png,2,left,1.0,g788
510aa0a898fa,train,/kaggle/input/datasets/deepapaneru/dr-datasets/archive/train_images/train_images/510aa0a898fa.png,2,right,1.0,g789
51131b48f9d4,train,/kaggle/input/datasets/deepapaneru/dr-datasets/archive/train_images/train_images/51131b48f9d4.png,1,left,0.71,g554
511fd66b2df8,train,/kaggle/input/datasets/deepapaneru/dr-datasets/archive/train_images/train_images/511fd66b2df8.png,0,right,1.0,g791
51269b77d312,train,/kaggle/input/datasets/deepapaneru/dr-datasets/archive/train_images/train_images/51269b77d312.png,3,left,1.0,g792
513b0a4651fa,train,/kaggle/input/datasets/deepapaneru/dr-datasets/archive/train_images/train_images/513b0a4651fa.png,1,right,0.81,g793
51405d042000,train,/kaggle/input/datasets/deepapaneru/dr-datasets/archive/train_images/train_images/51405d042000.png,2,left,1.0,g794
5152bf091152,train,/kaggle/input/datasets/deepapaneru/dr-datasets/archive/train_images/train_images/5152bf091152.png,2,right,1.0,g795
5173d54fc214,train,/kaggle/input/datasets/deepapaneru/dr-datasets/archive/train_images/train_images/5173d54fc214.png,2,right,0.9,g796
5188a8afa879,train,/kaggle/input/datasets/deepapaneru/dr-datasets/archive/train_images/train_images/5188a8afa879.png,2,left,1.0,g797
518e880613de,train,/kaggle/input/datasets/deepapaneru/dr-datasets/archive/train_images/train_images/518e880613de.png,4,left,1.0,g798
519c6e8f78dc,train,/kaggle/input/datasets/deepapaneru/dr-datasets/archive/train_images/train_images/519c6e8f78dc.png,0,left,1.0,g799
51a078d6d43a,train,/kaggle/input/datasets/deepapaneru/dr-datasets/archive/train_images/train_images/51a078d6d43a.png,0,left,1.0,g1456
51a1d162e223,train,/kaggle/input/datasets/deepapaneru/dr-datasets/archive/train_images/train_images/51a1d162e223.png,4,right,1.0,g801
51aa3361294c,train,/kaggle/input/datasets/deepapaneru/dr-datasets/archive/train_images/train_images/51aa3361294c.png,0,left,1.0,g802
51af8a689511,train,/kaggle/input/datasets/deepapaneru/dr-datasets/archive/train_images/train_images/51af8a689511.png,0,left,0.91,g803
51af8c112682,train,/kaggle/input/datasets/deepapaneru/dr-datasets/archive/train_images/train_images/51af8c112682.png,4,right,1.0,g804
51cd8d2057fa,train,/kaggle/input/datasets/deepapaneru/dr-datasets/archive/train_images/train_images/51cd8d2057fa.png,0,right,0.67,g805
51cfeccaf40d,train,/kaggle/input/datasets/deepapaneru/dr-datasets/archive/train_images/train_images/51cfeccaf40d.png,2,right,1.0,g806
51d0034d177d,train,/kaggle/input/datasets/deepapaneru/dr-datasets/archive/train_images/train_images/51d0034d177d.png,2,left,1.0,g807
51d574513bcb,train,/kaggle/input/datasets/deepapaneru/dr-datasets/archive/train_images/train_images/51d574513bcb.png,2,right,1.0,g808
51d780864365,train,/kaggle/input/datasets/deepapaneru/dr-datasets/archive/train_images/train_images/51d780864365.png,2,right,1.0,g809
51da6aebba8f,train,/kaggle/input/datasets/deepapaneru/dr-datasets/archive/train_images/train_images/51da6aebba8f.png,3,uncertain,0.12,g810
51e656e5a541,train,/kaggle/input/datasets/deepapaneru/dr-datasets/archive/train_images/train_images/51e656e5a541.png,0,right,1.0,g811
521b5377a727,train,/kaggle/input/datasets/deepapaneru/dr-datasets/archive/train_images/train_images/521b5377a727.png,0,left,1.0,g812
521d3e264d71,train,/kaggle/input/datasets/deepapaneru/dr-datasets/archive/train_images/train_images/521d3e264d71.png,2,uncertain,0.17,g813
52230bbef30e,train,/kaggle/input/datasets/deepapaneru/dr-datasets/archive/train_images/train_images/52230bbef30e.png,2,left,1.0,g814
523b3f0fc646,train,/kaggle/input/datasets/deepapaneru/dr-datasets/archive/train_images/train_images/523b3f0fc646.png,1,left,1.0,g815
523d0c2cb4d6,train,/kaggle/input/datasets/deepapaneru/dr-datasets/archive/train_images/train_images/523d0c2cb4d6.png,2,right,0.62,g816
523ff163211b,train,/kaggle/input/datasets/deepapaneru/dr-datasets/archive/train_images/train_images/523ff163211b.png,2,right,1.0,g817
524f240e0c90,train,/kaggle/input/datasets/deepapaneru/dr-datasets/archive/train_images/train_images/524f240e0c90.png,2,right,1.0,g818
5257cb536da2,train,/kaggle/input/datasets/deepapaneru/dr-datasets/archive/train_images/train_images/5257cb536da2.png,0,right,1.0,g819
525acfea47e8,train,/kaggle/input/datasets/deepapaneru/dr-datasets/archive/train_images/train_images/525acfea47e8.png,2,right,1.0,g820
525d0dd8dc45,train,/kaggle/input/datasets/deepapaneru/dr-datasets/archive/train_images/train_images/525d0dd8dc45.png,0,right,1.0,g821
5264a54e1830,train,/kaggle/input/datasets/deepapaneru/dr-datasets/archive/train_images/train_images/5264a54e1830.png,0,left,1.0,g822
5265dc9acdf8,train,/kaggle/input/datasets/deepapaneru/dr-datasets/archive/train_images/train_images/5265dc9acdf8.png,2,right,1.0,g823
527bea76116c,train,/kaggle/input/datasets/deepapaneru/dr-datasets/archive/train_images/train_images/527bea76116c.png,2,right,0.54,g824
52886bed8a07,train,/kaggle/input/datasets/deepapaneru/dr-datasets/archive/train_images/train_images/52886bed8a07.png,2,right,0.34,g825
5288f7441f64,train,/kaggle/input/datasets/deepapaneru/dr-datasets/archive/train_images/train_images/5288f7441f64.png,0,right,1.0,g826
5293576816aa,train,/kaggle/input/datasets/deepapaneru/dr-datasets/archive/train_images/train_images/5293576816aa.png,0,left,0.36,g827
529906ff9dfa,train,/kaggle/input/datasets/deepapaneru/dr-datasets/archive/train_images/train_images/529906ff9dfa.png,0,right,1.0,g828
5299a532f0e0,train,/kaggle/input/datasets/deepapaneru/dr-datasets/archive/train_images/train_images/5299a532f0e0.png,0,right,1.0,g2021
52ae917fcea4,train,/kaggle/input/datasets/deepapaneru/dr-datasets/archive/train_images/train_images/52ae917fcea4.png,1,right,0.55,g830
52dbec057cc8,train,/kaggle/input/datasets/deepapaneru/dr-datasets/archive/train_images/train_images/52dbec057cc8.png,2,right,0.46,g831
52ddde91a349,train,/kaggle/input/datasets/deepapaneru/dr-datasets/archive/train_images/train_images/52ddde91a349.png,0,left,0.96,g832
52edbe29d655,train,/kaggle/input/datasets/deepapaneru/dr-datasets/archive/train_images/train_images/52edbe29d655.png,0,left,0.93,g833
530d78467615,train,/kaggle/input/datasets/deepapaneru/dr-datasets/archive/train_images/train_images/530d78467615.png,2,right,1.0,g834
531b39880c32,train,/kaggle/input/datasets/deepapaneru/dr-datasets/archive/train_images/train_images/531b39880c32.png,1,left,1.0,g835
5321ab64f9ea,train,/kaggle/input/datasets/deepapaneru/dr-datasets/archive/train_images/train_images/5321ab64f9ea.png,0,left,0.65,g836
53273d664cd8,train,/kaggle/input/datasets/deepapaneru/dr-datasets/archive/train_images/train_images/53273d664cd8.png,0,left,0.71,g837
5327f88a1919,train,/kaggle/input/datasets/deepapaneru/dr-datasets/archive/train_images/train_images/5327f88a1919.png,2,left,1.0,g838
53327edb9e4d,train,/kaggle/input/datasets/deepapaneru/dr-datasets/archive/train_images/train_images/53327edb9e4d.png,0,left,1.0,g839
5347b4c8e9b3,train,/kaggle/input/datasets/deepapaneru/dr-datasets/archive/train_images/train_images/5347b4c8e9b3.png,1,left,0.82,g840
535682537302,train,/kaggle/input/datasets/deepapaneru/dr-datasets/archive/train_images/train_images/535682537302.png,0,left,0.93,g841
53704c80f0d8,train,/kaggle/input/datasets/deepapaneru/dr-datasets/archive/train_images/train_images/53704c80f0d8.png,1,left,1.0,g842
537e50fdf22e,train,/kaggle/input/datasets/deepapaneru/dr-datasets/archive/train_images/train_images/537e50fdf22e.png,3,left,1.0,g843
537e5c578f40,train,/kaggle/input/datasets/deepapaneru/dr-datasets/archive/train_images/train_images/537e5c578f40.png,0,uncertain,0.3,g844
53c874dbc594,train,/kaggle/input/datasets/deepapaneru/dr-datasets/archive/train_images/train_images/53c874dbc594.png,0,right,0.59,g845
53ddae6a619e,train,/kaggle/input/datasets/deepapaneru/dr-datasets/archive/train_images/train_images/53ddae6a619e.png,0,left,0.84,g846
53f6c1c65c04,train,/kaggle/input/datasets/deepapaneru/dr-datasets/archive/train_images/train_images/53f6c1c65c04.png,1,right,0.97,g847
54038e56131d,train,/kaggle/input/datasets/deepapaneru/dr-datasets/archive/train_images/train_images/54038e56131d.png,0,left,0.57,g848
540e4973829e,train,/kaggle/input/datasets/deepapaneru/dr-datasets/archive/train_images/train_images/540e4973829e.png,0,left,1.0,g849
541db13517e2,train,/kaggle/input/datasets/deepapaneru/dr-datasets/archive/train_images/train_images/541db13517e2.png,2,right,0.86,g850
542964865b1e,train,/kaggle/input/datasets/deepapaneru/dr-datasets/archive/train_images/train_images/542964865b1e.png,0,left,0.83,g851
54334705a34d,train,/kaggle/input/datasets/deepapaneru/dr-datasets/archive/train_images/train_images/54334705a34d.png,0,right,1.0,g852
5445255635f0,train,/kaggle/input/datasets/deepapaneru/dr-datasets/archive/train_images/train_images/5445255635f0.png,0,right,0.98,g853
545df1bbcd61,train,/kaggle/input/datasets/deepapaneru/dr-datasets/archive/train_images/train_images/545df1bbcd61.png,1,right,0.78,g854
547b37da9223,train,/kaggle/input/datasets/deepapaneru/dr-datasets/archive/train_images/train_images/547b37da9223.png,2,left,1.0,g855
5486da4273d7,train,/kaggle/input/datasets/deepapaneru/dr-datasets/archive/train_images/train_images/5486da4273d7.png,2,left,1.0,g856
549381330191,train,/kaggle/input/datasets/deepapaneru/dr-datasets/archive/train_images/train_images/549381330191.png,0,left,1.0,g857
54b322c66d01,train,/kaggle/input/datasets/deepapaneru/dr-datasets/archive/train_images/train_images/54b322c66d01.png,0,right,1.0,g858
54bbe3da103e,train,/kaggle/input/datasets/deepapaneru/dr-datasets/archive/train_images/train_images/54bbe3da103e.png,2,left,1.0,g859
54bdcdecd8f3,train,/kaggle/input/datasets/deepapaneru/dr-datasets/archive/train_images/train_images/54bdcdecd8f3.png,0,uncertain,0.11,g860
54cab3596214,train,/kaggle/input/datasets/deepapaneru/dr-datasets/archive/train_images/train_images/54cab3596214.png,2,left,1.0,g861
54dc6e8107cd,train,/kaggle/input/datasets/deepapaneru/dr-datasets/archive/train_images/train_images/54dc6e8107cd.png,2,right,1.0,g862
54f57cf26126,train,/kaggle/input/datasets/deepapaneru/dr-datasets/archive/train_images/train_images/54f57cf26126.png,0,right,1.0,g863
55034b1dbff2,train,/kaggle/input/datasets/deepapaneru/dr-datasets/archive/train_images/train_images/55034b1dbff2.png,2,left,0.4,g864
55092c0071eb,train,/kaggle/input/datasets/deepapaneru/dr-datasets/archive/train_images/train_images/55092c0071eb.png,2,uncertain,0.17,g865
5511f114e7ee,train,/kaggle/input/datasets/deepapaneru/dr-datasets/archive/train_images/train_images/5511f114e7ee.png,0,left,1.0,g866
5548a7961a3e,train,/kaggle/input/datasets/deepapaneru/dr-datasets/archive/train_images/train_images/5548a7961a3e.png,1,right,1.0,g506
555d0bef3c5b,train,/kaggle/input/datasets/deepapaneru/dr-datasets/archive/train_images/train_images/555d0bef3c5b.png,0,right,0.64,g868
55968f0e63c4,train,/kaggle/input/datasets/deepapaneru/dr-datasets/archive/train_images/train_images/55968f0e63c4.png,0,right,0.65,g869
55eac26bd383,train,/kaggle/input/datasets/deepapaneru/dr-datasets/archive/train_images/train_images/55eac26bd383.png,1,right,1.0,g870
55eb405ec71e,train,/kaggle/input/datasets/deepapaneru/dr-datasets/archive/train_images/train_images/55eb405ec71e.png,4,left,0.98,g871
55f7f018c61c,train,/kaggle/input/datasets/deepapaneru/dr-datasets/archive/train_images/train_images/55f7f018c61c.png,0,left,0.98,g872
55fd453001cc,train,/kaggle/input/datasets/deepapaneru/dr-datasets/archive/train_images/train_images/55fd453001cc.png,2,right,1.0,g873
5633ced07d8e,train,/kaggle/input/datasets/deepapaneru/dr-datasets/archive/train_images/train_images/5633ced07d8e.png,1,right,0.73,g874
565f3404f9b2,train,/kaggle/input/datasets/deepapaneru/dr-datasets/archive/train_images/train_images/565f3404f9b2.png,0,left,1.0,g875
5671eb95512b,train,/kaggle/input/datasets/deepapaneru/dr-datasets/archive/train_images/train_images/5671eb95512b.png,1,left,1.0,g876
568455854a11,train,/kaggle/input/datasets/deepapaneru/dr-datasets/archive/train_images/train_images/568455854a11.png,0,right,1.0,g877
56e56aa08362,train,/kaggle/input/datasets/deepapaneru/dr-datasets/archive/train_images/train_images/56e56aa08362.png,2,left,1.0,g878
5712e2aa73a2,train,/kaggle/input/datasets/deepapaneru/dr-datasets/archive/train_images/train_images/5712e2aa73a2.png,1,right,1.0,g879
571bbdbf585e,train,/kaggle/input/datasets/deepapaneru/dr-datasets/archive/train_images/train_images/571bbdbf585e.png,0,right,0.85,g880
5723d0ec895e,train,/kaggle/input/datasets/deepapaneru/dr-datasets/archive/train_images/train_images/5723d0ec895e.png,2,left,0.5,g881
5728b8aa98ef,train,/kaggle/input/datasets/deepapaneru/dr-datasets/archive/train_images/train_images/5728b8aa98ef.png,0,left,0.48,g882
573ea80a53be,train,/kaggle/input/datasets/deepapaneru/dr-datasets/archive/train_images/train_images/573ea80a53be.png,0,left,1.0,g883
57469423a012,train,/kaggle/input/datasets/deepapaneru/dr-datasets/archive/train_images/train_images/57469423a012.png,2,uncertain,0.07,g884
576e189d23d4,train,/kaggle/input/datasets/deepapaneru/dr-datasets/archive/train_images/train_images/576e189d23d4.png,4,uncertain,0.01,g885
57760be09c03,train,/kaggle/input/datasets/deepapaneru/dr-datasets/archive/train_images/train_images/57760be09c03.png,2,left,1.0,g886
5777ef74c9ec,train,/kaggle/input/datasets/deepapaneru/dr-datasets/archive/train_images/train_images/5777ef74c9ec.png,1,uncertain,0.06,g887
578109578b46,train,/kaggle/input/datasets/deepapaneru/dr-datasets/archive/train_images/train_images/578109578b46.png,1,right,1.0,g888
57a5e4274275,train,/kaggle/input/datasets/deepapaneru/dr-datasets/archive/train_images/train_images/57a5e4274275.png,0,right,1.0,g889
57a5f1015504,train,/kaggle/input/datasets/deepapaneru/dr-datasets/archive/train_images/train_images/57a5f1015504.png,2,right,1.0,g890
57a710de68a4,train,/kaggle/input/datasets/deepapaneru/dr-datasets/archive/train_images/train_images/57a710de68a4.png,0,left,0.94,g891
57ce57a8cfb0,train,/kaggle/input/datasets/deepapaneru/dr-datasets/archive/train_images/train_images/57ce57a8cfb0.png,2,uncertain,0.18,g892
57db4781e7ec,train,/kaggle/input/datasets/deepapaneru/dr-datasets/archive/train_images/train_images/57db4781e7ec.png,0,left,0.99,g893
57f5ad4b5b29,train,/kaggle/input/datasets/deepapaneru/dr-datasets/archive/train_images/train_images/57f5ad4b5b29.png,0,right,0.8,g894
57f933d3d7c7,train,/kaggle/input/datasets/deepapaneru/dr-datasets/archive/train_images/train_images/57f933d3d7c7.png,2,right,1.0,g895
58059e73d2d4,train,/kaggle/input/datasets/deepapaneru/dr-datasets/archive/train_images/train_images/58059e73d2d4.png,0,left,1.0,g896
5814cbd2e9bf,train,/kaggle/input/datasets/deepapaneru/dr-datasets/archive/train_images/train_images/5814cbd2e9bf.png,0,right,0.57,g897
58184d6fd087,train,/kaggle/input/datasets/deepapaneru/dr-datasets/archive/train_images/train_images/58184d6fd087.png,1,uncertain,0.17,g898
582115961a3d,train,/kaggle/input/datasets/deepapaneru/dr-datasets/archive/train_images/train_images/582115961a3d.png,1,left,1.0,g899
582f739b8f62,train,/kaggle/input/datasets/deepapaneru/dr-datasets/archive/train_images/train_images/582f739b8f62.png,2,left,1.0,g900
58529a8638d0,train,/kaggle/input/datasets/deepapaneru/dr-datasets/archive/train_images/train_images/58529a8638d0.png,2,left,1.0,g901
586f5c56081e,train,/kaggle/input/datasets/deepapaneru/dr-datasets/archive/train_images/train_images/586f5c56081e.png,0,right,0.54,g902
587146a55885,train,/kaggle/input/datasets/deepapaneru/dr-datasets/archive/train_images/train_images/587146a55885.png,1,left,1.0,g903
5879285f9d8d,train,/kaggle/input/datasets/deepapaneru/dr-datasets/archive/train_images/train_images/5879285f9d8d.png,1,uncertain,0.12,g904
5889a0c75cac,train,/kaggle/input/datasets/deepapaneru/dr-datasets/archive/train_images/train_images/5889a0c75cac.png,0,right,0.41,g905
58a9e0d7f7af,train,/kaggle/input/datasets/deepapaneru/dr-datasets/archive/train_images/train_images/58a9e0d7f7af.png,0,left,0.78,g906
58af2c054ced,train,/kaggle/input/datasets/deepapaneru/dr-datasets/archive/train_images/train_images/58af2c054ced.png,0,left,0.98,g907
58b866484a05,train,/kaggle/input/datasets/deepapaneru/dr-datasets/archive/train_images/train_images/58b866484a05.png,4,right,1.0,g908
58c12863f33d,train,/kaggle/input/datasets/deepapaneru/dr-datasets/archive/train_images/train_images/58c12863f33d.png,0,right,0.73,g909
58ccba7eec9c,train,/kaggle/input/datasets/deepapaneru/dr-datasets/archive/train_images/train_images/58ccba7eec9c.png,1,left,1.0,g910
58eb3809f456,train,/kaggle/input/datasets/deepapaneru/dr-datasets/archive/train_images/train_images/58eb3809f456.png,0,right,1.0,g911
58f07741ee3b,train,/kaggle/input/datasets/deepapaneru/dr-datasets/archive/train_images/train_images/58f07741ee3b.png,0,left,1.0,g912
5905a9b06a73,train,/kaggle/input/datasets/deepapaneru/dr-datasets/archive/train_images/train_images/5905a9b06a73.png,2,right,1.0,g913
594f69b503ad,train,/kaggle/input/datasets/deepapaneru/dr-datasets/archive/train_images/train_images/594f69b503ad.png,2,left,0.78,g914
595446774178,train,/kaggle/input/datasets/deepapaneru/dr-datasets/archive/train_images/train_images/595446774178.png,1,left,1.0,g388
596f4fdb0004,train,/kaggle/input/datasets/deepapaneru/dr-datasets/archive/train_images/train_images/596f4fdb0004.png,0,left,0.33,g916
598b8f5b3822,train,/kaggle/input/datasets/deepapaneru/dr-datasets/archive/train_images/train_images/598b8f5b3822.png,0,right,1.0,g917
59928f999ae7,train,/kaggle/input/datasets/deepapaneru/dr-datasets/archive/train_images/train_images/59928f999ae7.png,0,left,1.0,g918
599498e9e4bc,train,/kaggle/input/datasets/deepapaneru/dr-datasets/archive/train_images/train_images/599498e9e4bc.png,0,left,1.0,g919
5995321563b7,train,/kaggle/input/datasets/deepapaneru/dr-datasets/archive/train_images/train_images/5995321563b7.png,0,right,0.99,g920
599b89048034,train,/kaggle/input/datasets/deepapaneru/dr-datasets/archive/train_images/train_images/599b89048034.png,2,left,0.53,g921
59bd19c1c5bb,train,/kaggle/input/datasets/deepapaneru/dr-datasets/archive/train_images/train_images/59bd19c1c5bb.png,0,left,0.72,g183
59e5212f7139,train,/kaggle/input/datasets/deepapaneru/dr-datasets/archive/train_images/train_images/59e5212f7139.png,1,right,1.0,g923
59ee65760535,train,/kaggle/input/datasets/deepapaneru/dr-datasets/archive/train_images/train_images/59ee65760535.png,2,left,1.0,g924
59f3f70abddd,train,/kaggle/input/datasets/deepapaneru/dr-datasets/archive/train_images/train_images/59f3f70abddd.png,2,uncertain,0.04,g925
59fee5bc3479,train,/kaggle/input/datasets/deepapaneru/dr-datasets/archive/train_images/train_images/59fee5bc3479.png,4,uncertain,0.27,g926
5a03fe3ed15c,train,/kaggle/input/datasets/deepapaneru/dr-datasets/archive/train_images/train_images/5a03fe3ed15c.png,2,left,1.0,g927
5a091e8cd95c,train,/kaggle/input/datasets/deepapaneru/dr-datasets/archive/train_images/train_images/5a091e8cd95c.png,1,right,1.0,g928
5a0fe0ee4301,train,/kaggle/input/datasets/deepapaneru/dr-datasets/archive/train_images/train_images/5a0fe0ee4301.png,0,left,1.0,g929
5a11d21c2828,train,/kaggle/input/datasets/deepapaneru/dr-datasets/archive/train_images/train_images/5a11d21c2828.png,2,left,1.0,g930
5a179c123fd8,train,/kaggle/input/datasets/deepapaneru/dr-datasets/archive/train_images/train_images/5a179c123fd8.png,0,left,1.0,g931
5a27b9b2a9c1,train,/kaggle/input/datasets/deepapaneru/dr-datasets/archive/train_images/train_images/5a27b9b2a9c1.png,0,right,1.0,g932
5a2c27b95c7c,train,/kaggle/input/datasets/deepapaneru/dr-datasets/archive/train_images/train_images/5a2c27b95c7c.png,2,right,1.0,g933
5a36cea278ae,train,/kaggle/input/datasets/deepapaneru/dr-datasets/archive/train_images/train_images/5a36cea278ae.png,2,right,1.0,g0
5a444c32cd9a,train,/kaggle/input/datasets/deepapaneru/dr-datasets/archive/train_images/train_images/5a444c32cd9a.png,0,left,0.77,g935
5a5d3798c357,train,/kaggle/input/datasets/deepapaneru/dr-datasets/archive/train_images/train_images/5a5d3798c357.png,2,left,1.0,g936
5a93c0f783c4,train,/kaggle/input/datasets/deepapaneru/dr-datasets/archive/train_images/train_images/5a93c0f783c4.png,0,left,0.98,g937
5ac7a414560e,train,/kaggle/input/datasets/deepapaneru/dr-datasets/archive/train_images/train_images/5ac7a414560e.png,0,right,0.64,g938
5ad3dabeb2cd,train,/kaggle/input/datasets/deepapaneru/dr-datasets/archive/train_images/train_images/5ad3dabeb2cd.png,0,right,0.9,g2363
5b068765e846,train,/kaggle/input/datasets/deepapaneru/dr-datasets/archive/train_images/train_images/5b068765e846.png,1,right,0.44,g940
5b0e53f53ef3,train,/kaggle/input/datasets/deepapaneru/dr-datasets/archive/train_images/train_images/5b0e53f53ef3.png,1,left,1.0,g941
5b1c4cefeb24,train,/kaggle/input/datasets/deepapaneru/dr-datasets/archive/train_images/train_images/5b1c4cefeb24.png,0,left,1.0,g942
5b2648ad455e,train,/kaggle/input/datasets/deepapaneru/dr-datasets/archive/train_images/train_images/5b2648ad455e.png,0,left,1.0,g943
5b301a6d1ac7,train,/kaggle/input/datasets/deepapaneru/dr-datasets/archive/train_images/train_images/5b301a6d1ac7.png,2,right,0.5,g944
5b32ece9c627,train,/kaggle/input/datasets/deepapaneru/dr-datasets/archive/train_images/train_images/5b32ece9c627.png,0,right,0.77,g945
5b3d41626ec5,train,/kaggle/input/datasets/deepapaneru/dr-datasets/archive/train_images/train_images/5b3d41626ec5.png,0,right,0.96,g946
5b3e7197ac1c,train,/kaggle/input/datasets/deepapaneru/dr-datasets/archive/train_images/train_images/5b3e7197ac1c.png,3,left,0.71,g947
5b47043942f4,train,/kaggle/input/datasets/deepapaneru/dr-datasets/archive/train_images/train_images/5b47043942f4.png,0,right,1.0,g948
5b5b80a3edee,train,/kaggle/input/datasets/deepapaneru/dr-datasets/archive/train_images/train_images/5b5b80a3edee.png,4,right,1.0,g949
5b644a403e1f,train,/kaggle/input/datasets/deepapaneru/dr-datasets/archive/train_images/train_images/5b644a403e1f.png,2,right,0.71,g950
5b72ff04333d,train,/kaggle/input/datasets/deepapaneru/dr-datasets/archive/train_images/train_images/5b72ff04333d.png,1,left,0.33,g951
5b76117c4bcb,train,/kaggle/input/datasets/deepapaneru/dr-datasets/archive/train_images/train_images/5b76117c4bcb.png,4,left,1.0,g952
5b804948e35f,train,/kaggle/input/datasets/deepapaneru/dr-datasets/archive/train_images/train_images/5b804948e35f.png,1,left,1.0,g1257
5b994ff78547,train,/kaggle/input/datasets/deepapaneru/dr-datasets/archive/train_images/train_images/5b994ff78547.png,0,right,0.73,g954
5ba156a35ff2,train,/kaggle/input/datasets/deepapaneru/dr-datasets/archive/train_images/train_images/5ba156a35ff2.png,0,right,0.72,g955
5baed382f062,train,/kaggle/input/datasets/deepapaneru/dr-datasets/archive/train_images/train_images/5baed382f062.png,0,right,1.0,g956
5bda2ed09e62,train,/kaggle/input/datasets/deepapaneru/dr-datasets/archive/train_images/train_images/5bda2ed09e62.png,4,left,1.0,g957
5bea250d8bf5,train,/kaggle/input/datasets/deepapaneru/dr-datasets/archive/train_images/train_images/5bea250d8bf5.png,0,right,0.72,g958
5bf3357a2823,train,/kaggle/input/datasets/deepapaneru/dr-datasets/archive/train_images/train_images/5bf3357a2823.png,0,right,1.0,g959
5bf6f2958e53,train,/kaggle/input/datasets/deepapaneru/dr-datasets/archive/train_images/train_images/5bf6f2958e53.png,0,right,1.0,g960
5c6194562ed2,train,/kaggle/input/datasets/deepapaneru/dr-datasets/archive/train_images/train_images/5c6194562ed2.png,2,left,1.0,g961
5c7ab966a3ee,train,/kaggle/input/datasets/deepapaneru/dr-datasets/archive/train_images/train_images/5c7ab966a3ee.png,4,right,1.0,g962
5c817060c0ed,train,/kaggle/input/datasets/deepapaneru/dr-datasets/archive/train_images/train_images/5c817060c0ed.png,0,right,0.93,g963
5c8482926a08,train,/kaggle/input/datasets/deepapaneru/dr-datasets/archive/train_images/train_images/5c8482926a08.png,2,right,1.0,g964
5c85d22bd0de,train,/kaggle/input/datasets/deepapaneru/dr-datasets/archive/train_images/train_images/5c85d22bd0de.png,0,left,0.6,g965
5ca73d28f17f,train,/kaggle/input/datasets/deepapaneru/dr-datasets/archive/train_images/train_images/5ca73d28f17f.png,0,right,1.0,g966
5ca779ace6e7,train,/kaggle/input/datasets/deepapaneru/dr-datasets/archive/train_images/train_images/5ca779ace6e7.png,0,right,0.9,g967
5cab3ef4b31c,train,/kaggle/input/datasets/deepapaneru/dr-datasets/archive/train_images/train_images/5cab3ef4b31c.png,1,left,0.6,g968
5cbe88914a72,train,/kaggle/input/datasets/deepapaneru/dr-datasets/archive/train_images/train_images/5cbe88914a72.png,0,right,0.94,g969
5cc6dea19614,train,/kaggle/input/datasets/deepapaneru/dr-datasets/archive/train_images/train_images/5cc6dea19614.png,2,uncertain,0.29,g970
5cde55f745af,train,/kaggle/input/datasets/deepapaneru/dr-datasets/archive/train_images/train_images/5cde55f745af.png,2,left,0.84,g971
5ce5eeaf757a,train,/kaggle/input/datasets/deepapaneru/dr-datasets/archive/train_images/train_images/5ce5eeaf757a.png,0,left,1.0,g972
5cf9127f251a,train,/kaggle/input/datasets/deepapaneru/dr-datasets/archive/train_images/train_images/5cf9127f251a.png,2,left,1.0,g973
5d024177e214,train,/kaggle/input/datasets/deepapaneru/dr-datasets/archive/train_images/train_images/5d024177e214.png,2,left,1.0,g974
5d3c8c1f57da,train,/kaggle/input/datasets/deepapaneru/dr-datasets/archive/train_images/train_images/5d3c8c1f57da.png,0,right,1.0,g975
5d4e5fd34d91,train,/kaggle/input/datasets/deepapaneru/dr-datasets/archive/train_images/train_images/5d4e5fd34d91.png,0,right,0.97,g976
5d5b5da5f939,train,/kaggle/input/datasets/deepapaneru/dr-datasets/archive/train_images/train_images/5d5b5da5f939.png,0,right,0.91,g1304
5d6239c0fd39,train,/kaggle/input/datasets/deepapaneru/dr-datasets/archive/train_images/train_images/5d6239c0fd39.png,0,right,0.79,g1304
5d74f98d62be,train,/kaggle/input/datasets/deepapaneru/dr-datasets/archive/train_images/train_images/5d74f98d62be.png,4,right,1.0,g979
5d9c841eb245,train,/kaggle/input/datasets/deepapaneru/dr-datasets/archive/train_images/train_images/5d9c841eb245.png,0,right,1.0,g980
5db2e3a4594a,train,/kaggle/input/datasets/deepapaneru/dr-datasets/archive/train_images/train_images/5db2e3a4594a.png,0,left,0.56,g981
5db895d3f1fc,train,/kaggle/input/datasets/deepapaneru/dr-datasets/archive/train_images/train_images/5db895d3f1fc.png,0,right,1.0,g982
5dc23e440de3,train,/kaggle/input/datasets/deepapaneru/dr-datasets/archive/train_images/train_images/5dc23e440de3.png,2,uncertain,0.06,g983
5dd2e26fc244,train,/kaggle/input/datasets/deepapaneru/dr-datasets/archive/train_images/train_images/5dd2e26fc244.png,4,uncertain,0.09,g984
5de4615a5161,train,/kaggle/input/datasets/deepapaneru/dr-datasets/archive/train_images/train_images/5de4615a5161.png,0,left,1.0,g985
5e18af29d812,train,/kaggle/input/datasets/deepapaneru/dr-datasets/archive/train_images/train_images/5e18af29d812.png,2,right,1.0,g986
5e505e25cd3e,train,/kaggle/input/datasets/deepapaneru/dr-datasets/archive/train_images/train_images/5e505e25cd3e.png,0,left,1.0,g987
5e5275ddee29,train,/kaggle/input/datasets/deepapaneru/dr-datasets/archive/train_images/train_images/5e5275ddee29.png,0,right,0.83,g988
5e52c9fe676f,train,/kaggle/input/datasets/deepapaneru/dr-datasets/archive/train_images/train_images/5e52c9fe676f.png,2,left,0.78,g989
5e7630f8438e,train,/kaggle/input/datasets/deepapaneru/dr-datasets/archive/train_images/train_images/5e7630f8438e.png,2,right,0.82,g990
5e7cc6ab4ac4,train,/kaggle/input/datasets/deepapaneru/dr-datasets/archive/train_images/train_images/5e7cc6ab4ac4.png,2,right,1.0,g991
5e7db41b3bee,train,/kaggle/input/datasets/deepapaneru/dr-datasets/archive/train_images/train_images/5e7db41b3bee.png,4,left,1.0,g992
5e97cb2b0888,train,/kaggle/input/datasets/deepapaneru/dr-datasets/archive/train_images/train_images/5e97cb2b0888.png,0,left,1.0,g993
5ea9e447bb62,train,/kaggle/input/datasets/deepapaneru/dr-datasets/archive/train_images/train_images/5ea9e447bb62.png,0,left,0.33,g994
5ead17e894ae,train,/kaggle/input/datasets/deepapaneru/dr-datasets/archive/train_images/train_images/5ead17e894ae.png,0,right,0.86,g995
5eb311bcb5f9,train,/kaggle/input/datasets/deepapaneru/dr-datasets/archive/train_images/train_images/5eb311bcb5f9.png,2,left,1.0,g996
5eb8fb1aad41,train,/kaggle/input/datasets/deepapaneru/dr-datasets/archive/train_images/train_images/5eb8fb1aad41.png,0,left,0.41,g997
5ed6dc419e4d,train,/kaggle/input/datasets/deepapaneru/dr-datasets/archive/train_images/train_images/5ed6dc419e4d.png,2,right,0.72,g998
5efa24b03d5e,train,/kaggle/input/datasets/deepapaneru/dr-datasets/archive/train_images/train_images/5efa24b03d5e.png,1,right,0.74,g999
5f13e8a07344,train,/kaggle/input/datasets/deepapaneru/dr-datasets/archive/train_images/train_images/5f13e8a07344.png,3,right,1.0,g1000
5f4a8c074bd5,train,/kaggle/input/datasets/deepapaneru/dr-datasets/archive/train_images/train_images/5f4a8c074bd5.png,0,left,0.86,g1001
5f51192841f7,train,/kaggle/input/datasets/deepapaneru/dr-datasets/archive/train_images/train_images/5f51192841f7.png,0,right,1.0,g1002
5f6db235c04d,train,/kaggle/input/datasets/deepapaneru/dr-datasets/archive/train_images/train_images/5f6db235c04d.png,0,right,1.0,g1003
5f70ad48a525,train,/kaggle/input/datasets/deepapaneru/dr-datasets/archive/train_images/train_images/5f70ad48a525.png,2,left,1.0,g1004
5fcff7280019,train,/kaggle/input/datasets/deepapaneru/dr-datasets/archive/train_images/train_images/5fcff7280019.png,0,right,1.0,g1005
6028a575dc27,train,/kaggle/input/datasets/deepapaneru/dr-datasets/archive/train_images/train_images/6028a575dc27.png,1,left,1.0,g1006
6061f5b7378d,train,/kaggle/input/datasets/deepapaneru/dr-datasets/archive/train_images/train_images/6061f5b7378d.png,3,right,1.0,g1007
606daaf0bfc7,train,/kaggle/input/datasets/deepapaneru/dr-datasets/archive/train_images/train_images/606daaf0bfc7.png,0,right,1.0,g1008
6089fa333013,train,/kaggle/input/datasets/deepapaneru/dr-datasets/archive/train_images/train_images/6089fa333013.png,3,left,1.0,g1009
609be3ca5ddf,train,/kaggle/input/datasets/deepapaneru/dr-datasets/archive/train_images/train_images/609be3ca5ddf.png,0,right,1.0,g1010
60aa4e649abf,train,/kaggle/input/datasets/deepapaneru/dr-datasets/archive/train_images/train_images/60aa4e649abf.png,0,left,1.0,g1011
60e269e3e188,train,/kaggle/input/datasets/deepapaneru/dr-datasets/archive/train_images/train_images/60e269e3e188.png,2,right,0.5,g1012
60edda7b4871,train,/kaggle/input/datasets/deepapaneru/dr-datasets/archive/train_images/train_images/60edda7b4871.png,0,left,1.0,g1013
60eeae3ba23d,train,/kaggle/input/datasets/deepapaneru/dr-datasets/archive/train_images/train_images/60eeae3ba23d.png,2,left,1.0,g1014
60f15dd68d30,train,/kaggle/input/datasets/deepapaneru/dr-datasets/archive/train_images/train_images/60f15dd68d30.png,4,right,1.0,g1015
6107a2e9f60e,train,/kaggle/input/datasets/deepapaneru/dr-datasets/archive/train_images/train_images/6107a2e9f60e.png,0,left,0.4,g1016
6110ecb3bb1c,train,/kaggle/input/datasets/deepapaneru/dr-datasets/archive/train_images/train_images/6110ecb3bb1c.png,0,right,0.86,g1017
612f2df37a1d,train,/kaggle/input/datasets/deepapaneru/dr-datasets/archive/train_images/train_images/612f2df37a1d.png,4,left,1.0,g1018
613028ede6a0,train,/kaggle/input/datasets/deepapaneru/dr-datasets/archive/train_images/train_images/613028ede6a0.png,4,left,1.0,g1019
613bacb35c05,train,/kaggle/input/datasets/deepapaneru/dr-datasets/archive/train_images/train_images/613bacb35c05.png,1,left,1.0,g1020
6155cf375354,train,/kaggle/input/datasets/deepapaneru/dr-datasets/archive/train_images/train_images/6155cf375354.png,0,left,0.72,g1021
6165081b9021,train,/kaggle/input/datasets/deepapaneru/dr-datasets/archive/train_images/train_images/6165081b9021.png,1,right,0.92,g552
6180920bc224,train,/kaggle/input/datasets/deepapaneru/dr-datasets/archive/train_images/train_images/6180920bc224.png,0,left,1.0,g1023
6181aa9f75f4,train,/kaggle/input/datasets/deepapaneru/dr-datasets/archive/train_images/train_images/6181aa9f75f4.png,3,left,1.0,g1024
6194e0fff071,train,/kaggle/input/datasets/deepapaneru/dr-datasets/archive/train_images/train_images/6194e0fff071.png,4,left,1.0,g1025
61a62b1dcc36,train,/kaggle/input/datasets/deepapaneru/dr-datasets/archive/train_images/train_images/61a62b1dcc36.png,0,left,1.0,g1026
61ac9b0dc6b9,train,/kaggle/input/datasets/deepapaneru/dr-datasets/archive/train_images/train_images/61ac9b0dc6b9.png,2,left,1.0,g1027
61bbc11fe503,train,/kaggle/input/datasets/deepapaneru/dr-datasets/archive/train_images/train_images/61bbc11fe503.png,4,right,1.0,g1028
61bbe8db6f3a,train,/kaggle/input/datasets/deepapaneru/dr-datasets/archive/train_images/train_images/61bbe8db6f3a.png,1,left,1.0,g1029
61c2fbd16e38,train,/kaggle/input/datasets/deepapaneru/dr-datasets/archive/train_images/train_images/61c2fbd16e38.png,2,right,1.0,g1030
61c667663f2f,train,/kaggle/input/datasets/deepapaneru/dr-datasets/archive/train_images/train_images/61c667663f2f.png,0,right,1.0,g1031
61d9c88a3a4b,train,/kaggle/input/datasets/deepapaneru/dr-datasets/archive/train_images/train_images/61d9c88a3a4b.png,0,right,1.0,g1032
61da799bf0aa,train,/kaggle/input/datasets/deepapaneru/dr-datasets/archive/train_images/train_images/61da799bf0aa.png,0,right,1.0,g1033
61e301bd3c25,train,/kaggle/input/datasets/deepapaneru/dr-datasets/archive/train_images/train_images/61e301bd3c25.png,4,left,1.0,g1034
61f403fdb434,train,/kaggle/input/datasets/deepapaneru/dr-datasets/archive/train_images/train_images/61f403fdb434.png,4,left,1.0,g1035
62318d514160,train,/kaggle/input/datasets/deepapaneru/dr-datasets/archive/train_images/train_images/62318d514160.png,4,right,0.69,g1036
624fb7317106,train,/kaggle/input/datasets/deepapaneru/dr-datasets/archive/train_images/train_images/624fb7317106.png,2,left,0.97,g1037
6253f23229b1,train,/kaggle/input/datasets/deepapaneru/dr-datasets/archive/train_images/train_images/6253f23229b1.png,3,left,0.78,g1038
628b581aa905,train,/kaggle/input/datasets/deepapaneru/dr-datasets/archive/train_images/train_images/628b581aa905.png,0,right,1.0,g1039
6294b378d09f,train,/kaggle/input/datasets/deepapaneru/dr-datasets/archive/train_images/train_images/6294b378d09f.png,0,right,1.0,g956
6298468d7d75,train,/kaggle/input/datasets/deepapaneru/dr-datasets/archive/train_images/train_images/6298468d7d75.png,1,left,0.96,g1041
62ab144d5cee,train,/kaggle/input/datasets/deepapaneru/dr-datasets/archive/train_images/train_images/62ab144d5cee.png,2,right,1.0,g1042
62b4be2799ca,train,/kaggle/input/datasets/deepapaneru/dr-datasets/archive/train_images/train_images/62b4be2799ca.png,0,right,0.98,g2363
62b826899151,train,/kaggle/input/datasets/deepapaneru/dr-datasets/archive/train_images/train_images/62b826899151.png,0,left,0.81,g1044
62cc7ddb53b6,train,/kaggle/input/datasets/deepapaneru/dr-datasets/archive/train_images/train_images/62cc7ddb53b6.png,2,left,1.0,g1045
62e6f814c8f5,train,/kaggle/input/datasets/deepapaneru/dr-datasets/archive/train_images/train_images/62e6f814c8f5.png,2,left,1.0,g1046
62ecdc90dd42,train,/kaggle/input/datasets/deepapaneru/dr-datasets/archive/train_images/train_images/62ecdc90dd42.png,2,left,0.7,g1047
6324d77cf926,train,/kaggle/input/datasets/deepapaneru/dr-datasets/archive/train_images/train_images/6324d77cf926.png,0,right,0.85,g1048
63363410389a,train,/kaggle/input/datasets/deepapaneru/dr-datasets/archive/train_images/train_images/63363410389a.png,1,left,1.0,g1049
633fe9dbaf39,train,/kaggle/input/datasets/deepapaneru/dr-datasets/archive/train_images/train_images/633fe9dbaf39.png,0,right,1.0,g1050
6363b360aefb,train,/kaggle/input/datasets/deepapaneru/dr-datasets/archive/train_images/train_images/6363b360aefb.png,2,right,1.0,g1051
6377e23928f6,train,/kaggle/input/datasets/deepapaneru/dr-datasets/archive/train_images/train_images/6377e23928f6.png,1,right,1.0,g1052
639915f58a2f,train,/kaggle/input/datasets/deepapaneru/dr-datasets/archive/train_images/train_images/639915f58a2f.png,0,left,1.0,g1053
63a03880939c,train,/kaggle/input/datasets/deepapaneru/dr-datasets/archive/train_images/train_images/63a03880939c.png,1,left,0.78,g1054
63b4d030b016,train,/kaggle/input/datasets/deepapaneru/dr-datasets/archive/train_images/train_images/63b4d030b016.png,4,left,1.0,g1055
63b71347e95d,train,/kaggle/input/datasets/deepapaneru/dr-datasets/archive/train_images/train_images/63b71347e95d.png,0,right,1.0,g2021
63c0eafd6aa9,train,/kaggle/input/datasets/deepapaneru/dr-datasets/archive/train_images/train_images/63c0eafd6aa9.png,0,right,0.86,g1057
63c3c571b8ee,train,/kaggle/input/datasets/deepapaneru/dr-datasets/archive/train_images/train_images/63c3c571b8ee.png,2,right,1.0,g1058
63c7b0265775,train,/kaggle/input/datasets/deepapaneru/dr-datasets/archive/train_images/train_images/63c7b0265775.png,0,left,1.0,g1059
63d217b059b6,train,/kaggle/input/datasets/deepapaneru/dr-datasets/archive/train_images/train_images/63d217b059b6.png,2,left,0.53,g1060
63e041a757eb,train,/kaggle/input/datasets/deepapaneru/dr-datasets/archive/train_images/train_images/63e041a757eb.png,0,uncertain,0.1,g1061
64678182d8a8,train,/kaggle/input/datasets/deepapaneru/dr-datasets/archive/train_images/train_images/64678182d8a8.png,1,left,1.0,g1062
64a13949e879,train,/kaggle/input/datasets/deepapaneru/dr-datasets/archive/train_images/train_images/64a13949e879.png,2,left,0.96,g1063
64ac539f58cb,train,/kaggle/input/datasets/deepapaneru/dr-datasets/archive/train_images/train_images/64ac539f58cb.png,0,uncertain,0.01,g1064
64b9206afb3f,train,/kaggle/input/datasets/deepapaneru/dr-datasets/archive/train_images/train_images/64b9206afb3f.png,0,right,0.83,g1065
64bad93fde3f,train,/kaggle/input/datasets/deepapaneru/dr-datasets/archive/train_images/train_images/64bad93fde3f.png,4,right,1.0,g1066
64c6c6ee0d98,train,/kaggle/input/datasets/deepapaneru/dr-datasets/archive/train_images/train_images/64c6c6ee0d98.png,0,right,1.0,g1067
64eb5a79dfdd,train,/kaggle/input/datasets/deepapaneru/dr-datasets/archive/train_images/train_images/64eb5a79dfdd.png,1,right,1.0,g1068
64fedbf97473,train,/kaggle/input/datasets/deepapaneru/dr-datasets/archive/train_images/train_images/64fedbf97473.png,4,right,0.85,g1069
650104ede84c,train,/kaggle/input/datasets/deepapaneru/dr-datasets/archive/train_images/train_images/650104ede84c.png,0,right,0.9,g1070
6504b703c429,train,/kaggle/input/datasets/deepapaneru/dr-datasets/archive/train_images/train_images/6504b703c429.png,0,right,0.62,g1071
650fbed3fdca,train,/kaggle/input/datasets/deepapaneru/dr-datasets/archive/train_images/train_images/650fbed3fdca.png,2,left,0.96,g1072
6531070bf03c,train,/kaggle/input/datasets/deepapaneru/dr-datasets/archive/train_images/train_images/6531070bf03c.png,2,right,1.0,g1073
653534ded339,train,/kaggle/input/datasets/deepapaneru/dr-datasets/archive/train_images/train_images/653534ded339.png,2,left,0.69,g1074
655cafb4c932,train,/kaggle/input/datasets/deepapaneru/dr-datasets/archive/train_images/train_images/655cafb4c932.png,1,right,1.0,g1075
657859f893d9,train,/kaggle/input/datasets/deepapaneru/dr-datasets/archive/train_images/train_images/657859f893d9.png,2,left,0.84,g1076
658ad9f09f5d,train,/kaggle/input/datasets/deepapaneru/dr-datasets/archive/train_images/train_images/658ad9f09f5d.png,0,right,0.95,g1077
65a3b13ad9a0,train,/kaggle/input/datasets/deepapaneru/dr-datasets/archive/train_images/train_images/65a3b13ad9a0.png,0,right,1.0,g1078
65a7fe9482fe,train,/kaggle/input/datasets/deepapaneru/dr-datasets/archive/train_images/train_images/65a7fe9482fe.png,0,right,1.0,g2021
65c958379680,train,/kaggle/input/datasets/deepapaneru/dr-datasets/archive/train_images/train_images/65c958379680.png,4,right,1.0,g1080
65cf00be6fb4,train,/kaggle/input/datasets/deepapaneru/dr-datasets/archive/train_images/train_images/65cf00be6fb4.png,0,left,1.0,g1081
65dda202653d,train,/kaggle/input/datasets/deepapaneru/dr-datasets/archive/train_images/train_images/65dda202653d.png,0,right,1.0,g1082
65e120143825,train,/kaggle/input/datasets/deepapaneru/dr-datasets/archive/train_images/train_images/65e120143825.png,4,left,1.0,g1083
65e51e18242b,train,/kaggle/input/datasets/deepapaneru/dr-datasets/archive/train_images/train_images/65e51e18242b.png,1,right,1.0,g1084
65e530ee2e79,train,/kaggle/input/datasets/deepapaneru/dr-datasets/archive/train_images/train_images/65e530ee2e79.png,2,right,0.89,g1085
65e6f1bd9875,train,/kaggle/input/datasets/deepapaneru/dr-datasets/archive/train_images/train_images/65e6f1bd9875.png,0,right,1.0,g1086
65f5d2a6eb7e,train,/kaggle/input/datasets/deepapaneru/dr-datasets/archive/train_images/train_images/65f5d2a6eb7e.png,0,left,0.98,g27
65f69234c8a7,train,/kaggle/input/datasets/deepapaneru/dr-datasets/archive/train_images/train_images/65f69234c8a7.png,0,right,0.85,g1088
6630f8675a97,train,/kaggle/input/datasets/deepapaneru/dr-datasets/archive/train_images/train_images/6630f8675a97.png,4,left,1.0,g1089
66366a90d1ef,train,/kaggle/input/datasets/deepapaneru/dr-datasets/archive/train_images/train_images/66366a90d1ef.png,0,right,1.0,g1090
66375b3c64db,train,/kaggle/input/datasets/deepapaneru/dr-datasets/archive/train_images/train_images/66375b3c64db.png,4,left,0.79,g1091
66393d8c60ba,train,/kaggle/input/datasets/deepapaneru/dr-datasets/archive/train_images/train_images/66393d8c60ba.png,0,uncertain,0.25,g1092
663a923d5398,train,/kaggle/input/datasets/deepapaneru/dr-datasets/archive/train_images/train_images/663a923d5398.png,2,right,1.0,g1093
66460ecab347,train,/kaggle/input/datasets/deepapaneru/dr-datasets/archive/train_images/train_images/66460ecab347.png,0,left,1.0,g1094
664b1f9a2087,train,/kaggle/input/datasets/deepapaneru/dr-datasets/archive/train_images/train_images/664b1f9a2087.png,4,right,1.0,g763
6653ad026901,train,/kaggle/input/datasets/deepapaneru/dr-datasets/archive/train_images/train_images/6653ad026901.png,0,left,0.64,g1096
665ce639a331,train,/kaggle/input/datasets/deepapaneru/dr-datasets/archive/train_images/train_images/665ce639a331.png,1,left,1.0,g1097
6666c4f18396,train,/kaggle/input/datasets/deepapaneru/dr-datasets/archive/train_images/train_images/6666c4f18396.png,2,right,1.0,g1098
668a319c2d23,train,/kaggle/input/datasets/deepapaneru/dr-datasets/archive/train_images/train_images/668a319c2d23.png,0,right,1.0,g1099
668e853258cd,train,/kaggle/input/datasets/deepapaneru/dr-datasets/archive/train_images/train_images/668e853258cd.png,2,right,1.0,g1100
66a0bf258013,train,/kaggle/input/datasets/deepapaneru/dr-datasets/archive/train_images/train_images/66a0bf258013.png,4,left,1.0,g1101
66b88a4bc474,train,/kaggle/input/datasets/deepapaneru/dr-datasets/archive/train_images/train_images/66b88a4bc474.png,0,right,1.0,g1102
66bae1ba227f,train,/kaggle/input/datasets/deepapaneru/dr-datasets/archive/train_images/train_images/66bae1ba227f.png,2,left,1.0,g1103
66bfec8d6bcd,train,/kaggle/input/datasets/deepapaneru/dr-datasets/archive/train_images/train_images/66bfec8d6bcd.png,0,right,0.9,g1104
66cd9c28e636,train,/kaggle/input/datasets/deepapaneru/dr-datasets/archive/train_images/train_images/66cd9c28e636.png,1,right,1.0,g1105
66d2ca47aa44,train,/kaggle/input/datasets/deepapaneru/dr-datasets/archive/train_images/train_images/66d2ca47aa44.png,2,right,1.0,g1106
6733544ae7a6,train,/kaggle/input/datasets/deepapaneru/dr-datasets/archive/train_images/train_images/6733544ae7a6.png,2,right,1.0,g1107
6735931000ec,train,/kaggle/input/datasets/deepapaneru/dr-datasets/archive/train_images/train_images/6735931000ec.png,3,right,1.0,g1108
674057ab250c,train,/kaggle/input/datasets/deepapaneru/dr-datasets/archive/train_images/train_images/674057ab250c.png,2,right,1.0,g1109
675de69373f8,train,/kaggle/input/datasets/deepapaneru/dr-datasets/archive/train_images/train_images/675de69373f8.png,0,right,1.0,g1110
6762b2b48ea5,train,/kaggle/input/datasets/deepapaneru/dr-datasets/archive/train_images/train_images/6762b2b48ea5.png,1,left,1.0,g1111
677f087cd697,train,/kaggle/input/datasets/deepapaneru/dr-datasets/archive/train_images/train_images/677f087cd697.png,1,right,1.0,g1112
67844c46bc61,train,/kaggle/input/datasets/deepapaneru/dr-datasets/archive/train_images/train_images/67844c46bc61.png,2,right,1.0,g1113
67c03349bb31,train,/kaggle/input/datasets/deepapaneru/dr-datasets/archive/train_images/train_images/67c03349bb31.png,2,right,1.0,g2021
67d8f94f04e0,train,/kaggle/input/datasets/deepapaneru/dr-datasets/archive/train_images/train_images/67d8f94f04e0.png,0,right,1.0,g1115
67ed8cc78b97,train,/kaggle/input/datasets/deepapaneru/dr-datasets/archive/train_images/train_images/67ed8cc78b97.png,0,left,1.0,g166
67f5d89da548,train,/kaggle/input/datasets/deepapaneru/dr-datasets/archive/train_images/train_images/67f5d89da548.png,1,right,1.0,g1117
6810410187a0,train,/kaggle/input/datasets/deepapaneru/dr-datasets/archive/train_images/train_images/6810410187a0.png,2,left,1.0,g1118
681c3c115684,train,/kaggle/input/datasets/deepapaneru/dr-datasets/archive/train_images/train_images/681c3c115684.png,2,left,1.0,g1119
682312e82ee3,train,/kaggle/input/datasets/deepapaneru/dr-datasets/archive/train_images/train_images/682312e82ee3.png,0,right,0.91,g1120
683023cda6a5,train,/kaggle/input/datasets/deepapaneru/dr-datasets/archive/train_images/train_images/683023cda6a5.png,0,right,1.0,g1121
68332fdcaa70,train,/kaggle/input/datasets/deepapaneru/dr-datasets/archive/train_images/train_images/68332fdcaa70.png,1,left,1.0,g1122
684dd88a0d49,train,/kaggle/input/datasets/deepapaneru/dr-datasets/archive/train_images/train_images/684dd88a0d49.png,0,right,1.0,g1123
6852f4531591,train,/kaggle/input/datasets/deepapaneru/dr-datasets/archive/train_images/train_images/6852f4531591.png,0,right,1.0,g1124
686ed1dbae20,train,/kaggle/input/datasets/deepapaneru/dr-datasets/archive/train_images/train_images/686ed1dbae20.png,2,left,0.66,g1125
687759336b0d,train,/kaggle/input/datasets/deepapaneru/dr-datasets/archive/train_images/train_images/687759336b0d.png,3,left,0.65,g1126
6889bc64ab09,train,/kaggle/input/datasets/deepapaneru/dr-datasets/archive/train_images/train_images/6889bc64ab09.png,2,uncertain,0.15,g1127
68987fb159ab,train,/kaggle/input/datasets/deepapaneru/dr-datasets/archive/train_images/train_images/68987fb159ab.png,0,right,0.87,g2363
68ddb15a74de,train,/kaggle/input/datasets/deepapaneru/dr-datasets/archive/train_images/train_images/68ddb15a74de.png,0,right,0.91,g1129
691eeb59b4cb,train,/kaggle/input/datasets/deepapaneru/dr-datasets/archive/train_images/train_images/691eeb59b4cb.png,0,right,0.9,g1304
692e946b1f85,train,/kaggle/input/datasets/deepapaneru/dr-datasets/archive/train_images/train_images/692e946b1f85.png,0,uncertain,0.23,g1131
69591ebb198d,train,/kaggle/input/datasets/deepapaneru/dr-datasets/archive/train_images/train_images/69591ebb198d.png,2,right,1.0,g1132
6966abf40b8c,train,/kaggle/input/datasets/deepapaneru/dr-datasets/archive/train_images/train_images/6966abf40b8c.png,0,right,0.54,g1133
697538183db5,train,/kaggle/input/datasets/deepapaneru/dr-datasets/archive/train_images/train_images/697538183db5.png,3,left,1.0,g1134
6987804eb464,train,/kaggle/input/datasets/deepapaneru/dr-datasets/archive/train_images/train_images/6987804eb464.png,2,right,0.96,g1135
698d6e422a80,train,/kaggle/input/datasets/deepapaneru/dr-datasets/archive/train_images/train_images/698d6e422a80.png,2,right,1.0,g1136
69b3a00927fc,train,/kaggle/input/datasets/deepapaneru/dr-datasets/archive/train_images/train_images/69b3a00927fc.png,0,right,0.88,g1137
69c4cbb630de,train,/kaggle/input/datasets/deepapaneru/dr-datasets/archive/train_images/train_images/69c4cbb630de.png,0,uncertain,0.19,g1138
69df7ade0575,train,/kaggle/input/datasets/deepapaneru/dr-datasets/archive/train_images/train_images/69df7ade0575.png,2,uncertain,0.09,g1139
69f43381317b,train,/kaggle/input/datasets/deepapaneru/dr-datasets/archive/train_images/train_images/69f43381317b.png,0,right,0.92,g1140
69fff98cb32a,train,/kaggle/input/datasets/deepapaneru/dr-datasets/archive/train_images/train_images/69fff98cb32a.png,4,left,1.0,g1141
6a244e855d0e,train,/kaggle/input/datasets/deepapaneru/dr-datasets/archive/train_images/train_images/6a244e855d0e.png,3,right,0.96,g1142
6a2642131e4a,train,/kaggle/input/datasets/deepapaneru/dr-datasets/archive/train_images/train_images/6a2642131e4a.png,0,left,0.93,g1143
6a2c3f4ef329,train,/kaggle/input/datasets/deepapaneru/dr-datasets/archive/train_images/train_images/6a2c3f4ef329.png,0,right,1.0,g1144
6a57a3db3eff,train,/kaggle/input/datasets/deepapaneru/dr-datasets/archive/train_images/train_images/6a57a3db3eff.png,0,left,0.88,g1145
6a905a7202d2,train,/kaggle/input/datasets/deepapaneru/dr-datasets/archive/train_images/train_images/6a905a7202d2.png,0,right,0.75,g1146
6a91eb157f47,train,/kaggle/input/datasets/deepapaneru/dr-datasets/archive/train_images/train_images/6a91eb157f47.png,2,uncertain,0.13,g1147
6af071b0ac6e,train,/kaggle/input/datasets/deepapaneru/dr-datasets/archive/train_images/train_images/6af071b0ac6e.png,0,right,1.0,g1148
6b00cb764237,train,/kaggle/input/datasets/deepapaneru/dr-datasets/archive/train_images/train_images/6b00cb764237.png,1,left,1.0,g1062
6b07971c3bf6,train,/kaggle/input/datasets/deepapaneru/dr-datasets/archive/train_images/train_images/6b07971c3bf6.png,1,left,0.89,g1150
6b128e648646,train,/kaggle/input/datasets/deepapaneru/dr-datasets/archive/train_images/train_images/6b128e648646.png,3,left,1.0,g1151
6b30767595d8,train,/kaggle/input/datasets/deepapaneru/dr-datasets/archive/train_images/train_images/6b30767595d8.png,0,left,1.0,g1152
6b3860e8f64f,train,/kaggle/input/datasets/deepapaneru/dr-datasets/archive/train_images/train_images/6b3860e8f64f.png,0,right,0.83,g1153
6b664ed2a938,train,/kaggle/input/datasets/deepapaneru/dr-datasets/archive/train_images/train_images/6b664ed2a938.png,0,right,1.0,g1154
6b66b0e86f7e,train,/kaggle/input/datasets/deepapaneru/dr-datasets/archive/train_images/train_images/6b66b0e86f7e.png,0,left,1.0,g1155
6b7cf869622a,train,/kaggle/input/datasets/deepapaneru/dr-datasets/archive/train_images/train_images/6b7cf869622a.png,2,right,1.0,g1156
6b869f37cdf3,train,/kaggle/input/datasets/deepapaneru/dr-datasets/archive/train_images/train_images/6b869f37cdf3.png,2,right,0.88,g1157
6b91e99c9408,train,/kaggle/input/datasets/deepapaneru/dr-datasets/archive/train_images/train_images/6b91e99c9408.png,0,left,1.0,g1158
6ba5ed791444,train,/kaggle/input/datasets/deepapaneru/dr-datasets/archive/train_images/train_images/6ba5ed791444.png,2,uncertain,0.14,g1159
6baafa56895c,train,/kaggle/input/datasets/deepapaneru/dr-datasets/archive/train_images/train_images/6baafa56895c.png,3,right,1.0,g1160
6bb30ec3231a,train,/kaggle/input/datasets/deepapaneru/dr-datasets/archive/train_images/train_images/6bb30ec3231a.png,0,right,0.64,g1161
6bcce181be65,train,/kaggle/input/datasets/deepapaneru/dr-datasets/archive/train_images/train_images/6bcce181be65.png,0,right,1.0,g1162
6bf26b777e3a,train,/kaggle/input/datasets/deepapaneru/dr-datasets/archive/train_images/train_images/6bf26b777e3a.png,0,uncertain,0.3,g1163
6bf2a81a5d91,train,/kaggle/input/datasets/deepapaneru/dr-datasets/archive/train_images/train_images/6bf2a81a5d91.png,0,right,1.0,g1164
6c00dd8bf708,train,/kaggle/input/datasets/deepapaneru/dr-datasets/archive/train_images/train_images/6c00dd8bf708.png,0,left,1.0,g1165
6c250a30593b,train,/kaggle/input/datasets/deepapaneru/dr-datasets/archive/train_images/train_images/6c250a30593b.png,4,left,1.0,g1166
6c2555a9cae4,train,/kaggle/input/datasets/deepapaneru/dr-datasets/archive/train_images/train_images/6c2555a9cae4.png,2,right,1.0,g1167
6c30dd481717,train,/kaggle/input/datasets/deepapaneru/dr-datasets/archive/train_images/train_images/6c30dd481717.png,0,left,1.0,g1168
6c315ad3d07f,train,/kaggle/input/datasets/deepapaneru/dr-datasets/archive/train_images/train_images/6c315ad3d07f.png,2,right,0.35,g1169
6c3589d7ed8d,train,/kaggle/input/datasets/deepapaneru/dr-datasets/archive/train_images/train_images/6c3589d7ed8d.png,0,left,0.54,g1170
6c3745a222da,train,/kaggle/input/datasets/deepapaneru/dr-datasets/archive/train_images/train_images/6c3745a222da.png,4,left,0.36,g1171
6c4ec95dd8ba,train,/kaggle/input/datasets/deepapaneru/dr-datasets/archive/train_images/train_images/6c4ec95dd8ba.png,0,left,0.74,g1172
6c6505a0c637,train,/kaggle/input/datasets/deepapaneru/dr-datasets/archive/train_images/train_images/6c6505a0c637.png,0,right,1.0,g1173
6c6efb6b1358,train,/kaggle/input/datasets/deepapaneru/dr-datasets/archive/train_images/train_images/6c6efb6b1358.png,1,right,0.7,g1174
6c9c902a97de,train,/kaggle/input/datasets/deepapaneru/dr-datasets/archive/train_images/train_images/6c9c902a97de.png,0,right,0.49,g1175
6cb96a6fb029,train,/kaggle/input/datasets/deepapaneru/dr-datasets/archive/train_images/train_images/6cb96a6fb029.png,0,right,1.0,g1176
6cb98da77e3e,train,/kaggle/input/datasets/deepapaneru/dr-datasets/archive/train_images/train_images/6cb98da77e3e.png,2,uncertain,0.09,g644
6cbc3dad809c,train,/kaggle/input/datasets/deepapaneru/dr-datasets/archive/train_images/train_images/6cbc3dad809c.png,2,left,0.82,g1178
6ccfdb031184,train,/kaggle/input/datasets/deepapaneru/dr-datasets/archive/train_images/train_images/6ccfdb031184.png,0,uncertain,0.22,g1179
6cd606dc52e9,train,/kaggle/input/datasets/deepapaneru/dr-datasets/archive/train_images/train_images/6cd606dc52e9.png,4,left,1.0,g1180
6cdd0f985270,train,/kaggle/input/datasets/deepapaneru/dr-datasets/archive/train_images/train_images/6cdd0f985270.png,1,right,1.0,g1181
6cee2e148520,train,/kaggle/input/datasets/deepapaneru/dr-datasets/archive/train_images/train_images/6cee2e148520.png,0,left,1.0,g1182
6cfb7b44ef6f,train,/kaggle/input/datasets/deepapaneru/dr-datasets/archive/train_images/train_images/6cfb7b44ef6f.png,4,left,1.0,g1183
6cffc6c6851a,train,/kaggle/input/datasets/deepapaneru/dr-datasets/archive/train_images/train_images/6cffc6c6851a.png,0,right,1.0,g1184
6d0c0531083f,train,/kaggle/input/datasets/deepapaneru/dr-datasets/archive/train_images/train_images/6d0c0531083f.png,3,left,1.0,g1185
6d10709053ae,train,/kaggle/input/datasets/deepapaneru/dr-datasets/archive/train_images/train_images/6d10709053ae.png,0,right,1.0,g1186
6d259b5b4c76,train,/kaggle/input/datasets/deepapaneru/dr-datasets/archive/train_images/train_images/6d259b5b4c76.png,4,right,0.54,g1187
6d292ca4c9ad,train,/kaggle/input/datasets/deepapaneru/dr-datasets/archive/train_images/train_images/6d292ca4c9ad.png,1,right,1.0,g1188
6d3d1fe6c32a,train,/kaggle/input/datasets/deepapaneru/dr-datasets/archive/train_images/train_images/6d3d1fe6c32a.png,2,left,0.53,g1189
6d454444f17c,train,/kaggle/input/datasets/deepapaneru/dr-datasets/archive/train_images/train_images/6d454444f17c.png,2,left,1.0,g1190
6d4f6c9a8406,train,/kaggle/input/datasets/deepapaneru/dr-datasets/archive/train_images/train_images/6d4f6c9a8406.png,0,left,1.0,g1191
6d5a8362dd1e,train,/kaggle/input/datasets/deepapaneru/dr-datasets/archive/train_images/train_images/6d5a8362dd1e.png,0,right,1.0,g1192
6d6be4cfc73f,train,/kaggle/input/datasets/deepapaneru/dr-datasets/archive/train_images/train_images/6d6be4cfc73f.png,0,right,0.51,g1193
6d6fcf49e515,train,/kaggle/input/datasets/deepapaneru/dr-datasets/archive/train_images/train_images/6d6fcf49e515.png,0,left,0.93,g1194
6d7d26025122,train,/kaggle/input/datasets/deepapaneru/dr-datasets/archive/train_images/train_images/6d7d26025122.png,4,left,1.0,g1195
6d9effbcde78,train,/kaggle/input/datasets/deepapaneru/dr-datasets/archive/train_images/train_images/6d9effbcde78.png,0,right,1.0,g1196
6daef3e5ca22,train,/kaggle/input/datasets/deepapaneru/dr-datasets/archive/train_images/train_images/6daef3e5ca22.png,4,right,0.79,g1197
6dc0281f11e3,train,/kaggle/input/datasets/deepapaneru/dr-datasets/archive/train_images/train_images/6dc0281f11e3.png,0,left,0.91,g1198
6dc07f968794,train,/kaggle/input/datasets/deepapaneru/dr-datasets/archive/train_images/train_images/6dc07f968794.png,0,left,0.83,g1199
6dcde47060f9,train,/kaggle/input/datasets/deepapaneru/dr-datasets/archive/train_images/train_images/6dcde47060f9.png,2,left,1.0,g1200
6de39b94f634,train,/kaggle/input/datasets/deepapaneru/dr-datasets/archive/train_images/train_images/6de39b94f634.png,0,right,1.0,g1201
6df8b7b6e837,train,/kaggle/input/datasets/deepapaneru/dr-datasets/archive/train_images/train_images/6df8b7b6e837.png,0,right,1.0,g1202
6dfd80748e72,train,/kaggle/input/datasets/deepapaneru/dr-datasets/archive/train_images/train_images/6dfd80748e72.png,2,left,1.0,g1203
6e018411ba4a,train,/kaggle/input/datasets/deepapaneru/dr-datasets/archive/train_images/train_images/6e018411ba4a.png,0,right,0.93,g1204
6e092b306fe1,train,/kaggle/input/datasets/deepapaneru/dr-datasets/archive/train_images/train_images/6e092b306fe1.png,2,left,0.98,g1205
6e092caa065f,train,/kaggle/input/datasets/deepapaneru/dr-datasets/archive/train_images/train_images/6e092caa065f.png,0,left,0.94,g1206
6e0f78e188ff,train,/kaggle/input/datasets/deepapaneru/dr-datasets/archive/train_images/train_images/6e0f78e188ff.png,0,right,1.0,g1207
6e1db8711879,train,/kaggle/input/datasets/deepapaneru/dr-datasets/archive/train_images/train_images/6e1db8711879.png,0,right,0.94,g1208
6e3526053de0,train,/kaggle/input/datasets/deepapaneru/dr-datasets/archive/train_images/train_images/6e3526053de0.png,0,right,1.0,g1209
6e44f6d04fc9,train,/kaggle/input/datasets/deepapaneru/dr-datasets/archive/train_images/train_images/6e44f6d04fc9.png,0,left,0.81,g1210
6e68e742f5bc,train,/kaggle/input/datasets/deepapaneru/dr-datasets/archive/train_images/train_images/6e68e742f5bc.png,2,right,1.0,g1211
6e73acb2cf60,train,/kaggle/input/datasets/deepapaneru/dr-datasets/archive/train_images/train_images/6e73acb2cf60.png,4,right,1.0,g1212
6e861bc3bd7b,train,/kaggle/input/datasets/deepapaneru/dr-datasets/archive/train_images/train_images/6e861bc3bd7b.png,0,left,1.0,g1213
6e92b1c5ac8e,train,/kaggle/input/datasets/deepapaneru/dr-datasets/archive/train_images/train_images/6e92b1c5ac8e.png,3,left,1.0,g1214
6ea07d19b4ce,train,/kaggle/input/datasets/deepapaneru/dr-datasets/archive/train_images/train_images/6ea07d19b4ce.png,1,right,0.78,g1215
6efa36d59ada,train,/kaggle/input/datasets/deepapaneru/dr-datasets/archive/train_images/train_images/6efa36d59ada.png,3,right,0.35,g1216
6f0463c1ff18,train,/kaggle/input/datasets/deepapaneru/dr-datasets/archive/train_images/train_images/6f0463c1ff18.png,2,left,0.88,g1217
6f0e5848d9ce,train,/kaggle/input/datasets/deepapaneru/dr-datasets/archive/train_images/train_images/6f0e5848d9ce.png,0,left,0.93,g1218
6f3b62e5b7f5,train,/kaggle/input/datasets/deepapaneru/dr-datasets/archive/train_images/train_images/6f3b62e5b7f5.png,0,right,0.37,g1219
6f460f9968c7,train,/kaggle/input/datasets/deepapaneru/dr-datasets/archive/train_images/train_images/6f460f9968c7.png,0,right,0.8,g1220
6f4719c6bb4b,train,/kaggle/input/datasets/deepapaneru/dr-datasets/archive/train_images/train_images/6f4719c6bb4b.png,4,right,1.0,g1221
6f4e0538d1e4,train,/kaggle/input/datasets/deepapaneru/dr-datasets/archive/train_images/train_images/6f4e0538d1e4.png,2,right,1.0,g1222
6f689fced922,train,/kaggle/input/datasets/deepapaneru/dr-datasets/archive/train_images/train_images/6f689fced922.png,0,right,0.72,g1223
6f923b60934b,train,/kaggle/input/datasets/deepapaneru/dr-datasets/archive/train_images/train_images/6f923b60934b.png,4,left,1.0,g1224
6fb656d506b2,train,/kaggle/input/datasets/deepapaneru/dr-datasets/archive/train_images/train_images/6fb656d506b2.png,3,left,0.98,g1225
6fbaaf8eb67a,train,/kaggle/input/datasets/deepapaneru/dr-datasets/archive/train_images/train_images/6fbaaf8eb67a.png,0,left,1.0,g1226
6fe4751a3b42,train,/kaggle/input/datasets/deepapaneru/dr-datasets/archive/train_images/train_images/6fe4751a3b42.png,0,right,0.88,g1227
6fe67482bfae,train,/kaggle/input/datasets/deepapaneru/dr-datasets/archive/train_images/train_images/6fe67482bfae.png,4,uncertain,0.14,g1228
6fe67fd7f5d1,train,/kaggle/input/datasets/deepapaneru/dr-datasets/archive/train_images/train_images/6fe67fd7f5d1.png,0,left,0.88,g1229
7005be54cab1,train,/kaggle/input/datasets/deepapaneru/dr-datasets/archive/train_images/train_images/7005be54cab1.png,1,left,1.0,g501
702de9dcde32,train,/kaggle/input/datasets/deepapaneru/dr-datasets/archive/train_images/train_images/702de9dcde32.png,4,left,1.0,g1231
705f508d1e42,train,/kaggle/input/datasets/deepapaneru/dr-datasets/archive/train_images/train_images/705f508d1e42.png,0,right,0.86,g1232
709784f7fcc2,train,/kaggle/input/datasets/deepapaneru/dr-datasets/archive/train_images/train_images/709784f7fcc2.png,2,right,1.0,g1233
70d0392397de,train,/kaggle/input/datasets/deepapaneru/dr-datasets/archive/train_images/train_images/70d0392397de.png,0,uncertain,0.13,g1234
70d657f8f503,train,/kaggle/input/datasets/deepapaneru/dr-datasets/archive/train_images/train_images/70d657f8f503.png,4,left,1.0,g1235
70ed3ec68b94,train,/kaggle/input/datasets/deepapaneru/dr-datasets/archive/train_images/train_images/70ed3ec68b94.png,2,right,1.0,g1236
70f5caf5f305,train,/kaggle/input/datasets/deepapaneru/dr-datasets/archive/train_images/train_images/70f5caf5f305.png,2,right,0.77,g1237
7102f29e052e,train,/kaggle/input/datasets/deepapaneru/dr-datasets/archive/train_images/train_images/7102f29e052e.png,2,left,0.61,g1238
710b05a96e0f,train,/kaggle/input/datasets/deepapaneru/dr-datasets/archive/train_images/train_images/710b05a96e0f.png,4,left,1.0,g1239
7116128c65ab,train,/kaggle/input/datasets/deepapaneru/dr-datasets/archive/train_images/train_images/7116128c65ab.png,1,left,0.96,g1240
711d1480d2e3,train,/kaggle/input/datasets/deepapaneru/dr-datasets/archive/train_images/train_images/711d1480d2e3.png,2,right,1.0,g1241
7131bf4c9e6f,train,/kaggle/input/datasets/deepapaneru/dr-datasets/archive/train_images/train_images/7131bf4c9e6f.png,0,left,1.0,g1242
7179f85bfd6f,train,/kaggle/input/datasets/deepapaneru/dr-datasets/archive/train_images/train_images/7179f85bfd6f.png,0,right,0.99,g2363
71a39c660432,train,/kaggle/input/datasets/deepapaneru/dr-datasets/archive/train_images/train_images/71a39c660432.png,3,right,1.0,g2423
71c1a3cdbe47,train,/kaggle/input/datasets/deepapaneru/dr-datasets/archive/train_images/train_images/71c1a3cdbe47.png,1,right,1.0,g1245
71c22da3d6c6,train,/kaggle/input/datasets/deepapaneru/dr-datasets/archive/train_images/train_images/71c22da3d6c6.png,0,right,1.0,g1246
71e4130bf5c8,train,/kaggle/input/datasets/deepapaneru/dr-datasets/archive/train_images/train_images/71e4130bf5c8.png,2,left,0.9,g1247
71e43b4f8ba6,train,/kaggle/input/datasets/deepapaneru/dr-datasets/archive/train_images/train_images/71e43b4f8ba6.png,0,left,0.88,g1248
71f6a6e4620a,train,/kaggle/input/datasets/deepapaneru/dr-datasets/archive/train_images/train_images/71f6a6e4620a.png,1,right,1.0,g1249
720b5f62ce80,train,/kaggle/input/datasets/deepapaneru/dr-datasets/archive/train_images/train_images/720b5f62ce80.png,0,left,1.0,g1026
721214151233,train,/kaggle/input/datasets/deepapaneru/dr-datasets/archive/train_images/train_images/721214151233.png,0,right,0.54,g1251
7214fc7cbe03,train,/kaggle/input/datasets/deepapaneru/dr-datasets/archive/train_images/train_images/7214fc7cbe03.png,0,left,1.0,g1252
7247a2c97f71,train,/kaggle/input/datasets/deepapaneru/dr-datasets/archive/train_images/train_images/7247a2c97f71.png,2,right,0.66,g1253
72595230840c,train,/kaggle/input/datasets/deepapaneru/dr-datasets/archive/train_images/train_images/72595230840c.png,3,uncertain,0.01,g1254
72606afaf3da,train,/kaggle/input/datasets/deepapaneru/dr-datasets/archive/train_images/train_images/72606afaf3da.png,0,right,1.0,g1255
7269a1d84a57,train,/kaggle/input/datasets/deepapaneru/dr-datasets/archive/train_images/train_images/7269a1d84a57.png,0,right,1.0,g1256
726dff37edc0,train,/kaggle/input/datasets/deepapaneru/dr-datasets/archive/train_images/train_images/726dff37edc0.png,0,left,1.0,g1257
7270367410a1,train,/kaggle/input/datasets/deepapaneru/dr-datasets/archive/train_images/train_images/7270367410a1.png,4,right,1.0,g1258
72a867980067,train,/kaggle/input/datasets/deepapaneru/dr-datasets/archive/train_images/train_images/72a867980067.png,0,left,1.0,g1259
72c31aa48e2c,train,/kaggle/input/datasets/deepapaneru/dr-datasets/archive/train_images/train_images/72c31aa48e2c.png,0,left,0.57,g1260
72d98188648f,train,/kaggle/input/datasets/deepapaneru/dr-datasets/archive/train_images/train_images/72d98188648f.png,4,left,1.0,g1261
731b19a460ad,train,/kaggle/input/datasets/deepapaneru/dr-datasets/archive/train_images/train_images/731b19a460ad.png,2,right,0.94,g1262
7335a2d43ada,train,/kaggle/input/datasets/deepapaneru/dr-datasets/archive/train_images/train_images/7335a2d43ada.png,1,left,1.0,g1263
7347bd23ba80,train,/kaggle/input/datasets/deepapaneru/dr-datasets/archive/train_images/train_images/7347bd23ba80.png,0,right,0.91,g1264
7347f5133a6a,train,/kaggle/input/datasets/deepapaneru/dr-datasets/archive/train_images/train_images/7347f5133a6a.png,1,uncertain,0.18,g1265
7350c50667c5,train,/kaggle/input/datasets/deepapaneru/dr-datasets/archive/train_images/train_images/7350c50667c5.png,2,uncertain,0.14,g1266
7356dd08b0ae,train,/kaggle/input/datasets/deepapaneru/dr-datasets/archive/train_images/train_images/7356dd08b0ae.png,2,right,1.0,g1267
735836b1ffa6,train,/kaggle/input/datasets/deepapaneru/dr-datasets/archive/train_images/train_images/735836b1ffa6.png,0,right,1.0,g1268
737ef6226677,train,/kaggle/input/datasets/deepapaneru/dr-datasets/archive/train_images/train_images/737ef6226677.png,0,right,0.68,g1269
73881f55a3ec,train,/kaggle/input/datasets/deepapaneru/dr-datasets/archive/train_images/train_images/73881f55a3ec.png,1,right,1.0,g1270
73a07e2ea23e,train,/kaggle/input/datasets/deepapaneru/dr-datasets/archive/train_images/train_images/73a07e2ea23e.png,0,left,1.0,g1271
73ba798fee25,train,/kaggle/input/datasets/deepapaneru/dr-datasets/archive/train_images/train_images/73ba798fee25.png,0,right,0.96,g2363
73d40ce06a67,train,/kaggle/input/datasets/deepapaneru/dr-datasets/archive/train_images/train_images/73d40ce06a67.png,0,uncertain,0.3,g1273
73e83a07a16d,train,/kaggle/input/datasets/deepapaneru/dr-datasets/archive/train_images/train_images/73e83a07a16d.png,2,right,1.0,g1274
73ef3c3dcbe4,train,/kaggle/input/datasets/deepapaneru/dr-datasets/archive/train_images/train_images/73ef3c3dcbe4.png,0,right,1.0,g1275
74211a2b6dcf,train,/kaggle/input/datasets/deepapaneru/dr-datasets/archive/train_images/train_images/74211a2b6dcf.png,0,left,0.8,g1276
7427dedafccf,train,/kaggle/input/datasets/deepapaneru/dr-datasets/archive/train_images/train_images/7427dedafccf.png,1,right,0.64,g1277
7435e9a3e36e,train,/kaggle/input/datasets/deepapaneru/dr-datasets/archive/train_images/train_images/7435e9a3e36e.png,0,right,0.7,g1278
74418f620068,train,/kaggle/input/datasets/deepapaneru/dr-datasets/archive/train_images/train_images/74418f620068.png,2,left,1.0,g2589
7455e2b5fc57,train,/kaggle/input/datasets/deepapaneru/dr-datasets/archive/train_images/train_images/7455e2b5fc57.png,2,uncertain,0.29,g1280
74898f372d2b,train,/kaggle/input/datasets/deepapaneru/dr-datasets/archive/train_images/train_images/74898f372d2b.png,0,right,1.0,g1281
74eee788edee,train,/kaggle/input/datasets/deepapaneru/dr-datasets/archive/train_images/train_images/74eee788edee.png,3,left,0.44,g1282
750e0168399d,train,/kaggle/input/datasets/deepapaneru/dr-datasets/archive/train_images/train_images/750e0168399d.png,0,right,1.0,g1283
75238d945315,train,/kaggle/input/datasets/deepapaneru/dr-datasets/archive/train_images/train_images/75238d945315.png,0,right,0.85,g1284
7525ebb3434d,train,/kaggle/input/datasets/deepapaneru/dr-datasets/archive/train_images/train_images/7525ebb3434d.png,3,uncertain,0.01,g481
7526c59c36d3,train,/kaggle/input/datasets/deepapaneru/dr-datasets/archive/train_images/train_images/7526c59c36d3.png,0,left,1.0,g1286
7526cf435753,train,/kaggle/input/datasets/deepapaneru/dr-datasets/archive/train_images/train_images/7526cf435753.png,0,right,0.82,g1287
75369248dba0,train,/kaggle/input/datasets/deepapaneru/dr-datasets/archive/train_images/train_images/75369248dba0.png,0,left,0.96,g1288
753b14c27c83,train,/kaggle/input/datasets/deepapaneru/dr-datasets/archive/train_images/train_images/753b14c27c83.png,4,right,1.0,g1289
7550966ef777,train,/kaggle/input/datasets/deepapaneru/dr-datasets/archive/train_images/train_images/7550966ef777.png,2,left,1.0,g1290
7569ac24762e,train,/kaggle/input/datasets/deepapaneru/dr-datasets/archive/train_images/train_images/7569ac24762e.png,0,left,1.0,g1291
756b0d6488bb,train,/kaggle/input/datasets/deepapaneru/dr-datasets/archive/train_images/train_images/756b0d6488bb.png,1,left,0.87,g1292
757572337fd0,train,/kaggle/input/datasets/deepapaneru/dr-datasets/archive/train_images/train_images/757572337fd0.png,2,right,1.0,g1293
757e39293591,train,/kaggle/input/datasets/deepapaneru/dr-datasets/archive/train_images/train_images/757e39293591.png,0,left,1.0,g1294
75a071608ea6,train,/kaggle/input/datasets/deepapaneru/dr-datasets/archive/train_images/train_images/75a071608ea6.png,0,right,0.8,g1295
75a4343b12f9,train,/kaggle/input/datasets/deepapaneru/dr-datasets/archive/train_images/train_images/75a4343b12f9.png,0,left,0.43,g1296
75a7bc945b7d,train,/kaggle/input/datasets/deepapaneru/dr-datasets/archive/train_images/train_images/75a7bc945b7d.png,2,uncertain,0.12,g1297
75c180e04f65,train,/kaggle/input/datasets/deepapaneru/dr-datasets/archive/train_images/train_images/75c180e04f65.png,0,left,1.0,g1298
75ed83dbccce,train,/kaggle/input/datasets/deepapaneru/dr-datasets/archive/train_images/train_images/75ed83dbccce.png,0,right,0.9,g1299
76095c338728,train,/kaggle/input/datasets/deepapaneru/dr-datasets/archive/train_images/train_images/76095c338728.png,0,right,0.94,g2363
760b6f4c6d82,train,/kaggle/input/datasets/deepapaneru/dr-datasets/archive/train_images/train_images/760b6f4c6d82.png,2,left,0.92,g1301
762d6e5d5068,train,/kaggle/input/datasets/deepapaneru/dr-datasets/archive/train_images/train_images/762d6e5d5068.png,3,left,1.0,g1302
7635921c5efb,train,/kaggle/input/datasets/deepapaneru/dr-datasets/archive/train_images/train_images/7635921c5efb.png,0,right,1.0,g1303
763ad1236efe,train,/kaggle/input/datasets/deepapaneru/dr-datasets/archive/train_images/train_images/763ad1236efe.png,0,right,0.86,g1304
76516f828d88,train,/kaggle/input/datasets/deepapaneru/dr-datasets/archive/train_images/train_images/76516f828d88.png,0,left,0.6,g1305
7663aba8d762,train,/kaggle/input/datasets/deepapaneru/dr-datasets/archive/train_images/train_images/7663aba8d762.png,2,left,1.0,g1306
767d777ee889,train,/kaggle/input/datasets/deepapaneru/dr-datasets/archive/train_images/train_images/767d777ee889.png,0,left,0.82,g1307
76b950c6ed5e,train,/kaggle/input/datasets/deepapaneru/dr-datasets/archive/train_images/train_images/76b950c6ed5e.png,0,left,0.48,g1308
76bc31e0d3be,train,/kaggle/input/datasets/deepapaneru/dr-datasets/archive/train_images/train_images/76bc31e0d3be.png,0,left,1.0,g1309
76be29bb30b2,train,/kaggle/input/datasets/deepapaneru/dr-datasets/archive/train_images/train_images/76be29bb30b2.png,1,right,1.0,g1310
76c0c7e1b6cb,train,/kaggle/input/datasets/deepapaneru/dr-datasets/archive/train_images/train_images/76c0c7e1b6cb.png,2,right,1.0,g1311
76cab26493f1,train,/kaggle/input/datasets/deepapaneru/dr-datasets/archive/train_images/train_images/76cab26493f1.png,0,right,1.0,g975
76cb010f7aa0,train,/kaggle/input/datasets/deepapaneru/dr-datasets/archive/train_images/train_images/76cb010f7aa0.png,0,right,1.0,g1313
76cfe8967f7d,train,/kaggle/input/datasets/deepapaneru/dr-datasets/archive/train_images/train_images/76cfe8967f7d.png,2,left,0.78,g1038
76df141d966b,train,/kaggle/input/datasets/deepapaneru/dr-datasets/archive/train_images/train_images/76df141d966b.png,0,left,1.0,g1026
76e589911303,train,/kaggle/input/datasets/deepapaneru/dr-datasets/archive/train_images/train_images/76e589911303.png,1,left,1.0,g1316
76e5b50f95a7,train,/kaggle/input/datasets/deepapaneru/dr-datasets/archive/train_images/train_images/76e5b50f95a7.png,0,left,0.72,g1317
76e6a9238570,train,/kaggle/input/datasets/deepapaneru/dr-datasets/archive/train_images/train_images/76e6a9238570.png,2,left,1.0,g1318
76f3473df8a6,train,/kaggle/input/datasets/deepapaneru/dr-datasets/archive/train_images/train_images/76f3473df8a6.png,0,left,1.0,g1319
76fe19ff64fb,train,/kaggle/input/datasets/deepapaneru/dr-datasets/archive/train_images/train_images/76fe19ff64fb.png,2,right,1.0,g1320
772af553b8b7,train,/kaggle/input/datasets/deepapaneru/dr-datasets/archive/train_images/train_images/772af553b8b7.png,3,right,1.0,g1015
7743f4e04a6d,train,/kaggle/input/datasets/deepapaneru/dr-datasets/archive/train_images/train_images/7743f4e04a6d.png,2,left,1.0,g1322
77543f66a84a,train,/kaggle/input/datasets/deepapaneru/dr-datasets/archive/train_images/train_images/77543f66a84a.png,2,left,1.0,g1323
77a1f1398fdb,train,/kaggle/input/datasets/deepapaneru/dr-datasets/archive/train_images/train_images/77a1f1398fdb.png,0,right,1.0,g1324
77a9538b8362,train,/kaggle/input/datasets/deepapaneru/dr-datasets/archive/train_images/train_images/77a9538b8362.png,1,right,1.0,g532
77ab222bf85c,train,/kaggle/input/datasets/deepapaneru/dr-datasets/archive/train_images/train_images/77ab222bf85c.png,0,left,1.0,g1326
77acc2cafee1,train,/kaggle/input/datasets/deepapaneru/dr-datasets/archive/train_images/train_images/77acc2cafee1.png,0,left,0.51,g1327
77b7b71ebcc3,train,/kaggle/input/datasets/deepapaneru/dr-datasets/archive/train_images/train_images/77b7b71ebcc3.png,0,right,0.75,g1328
77baa08a1345,train,/kaggle/input/datasets/deepapaneru/dr-datasets/archive/train_images/train_images/77baa08a1345.png,2,left,1.0,g1329
77e15f213b04,train,/kaggle/input/datasets/deepapaneru/dr-datasets/archive/train_images/train_images/77e15f213b04.png,0,left,0.82,g1330
77e7c7a160c8,train,/kaggle/input/datasets/deepapaneru/dr-datasets/archive/train_images/train_images/77e7c7a160c8.png,2,right,0.83,g1331
77f69c7ff324,train,/kaggle/input/datasets/deepapaneru/dr-datasets/archive/train_images/train_images/77f69c7ff324.png,2,right,1.0,g1332
780be525036d,train,/kaggle/input/datasets/deepapaneru/dr-datasets/archive/train_images/train_images/780be525036d.png,0,right,1.0,g1333
780f9c237c56,train,/kaggle/input/datasets/deepapaneru/dr-datasets/archive/train_images/train_images/780f9c237c56.png,0,right,0.86,g1334
780f9daaa24b,train,/kaggle/input/datasets/deepapaneru/dr-datasets/archive/train_images/train_images/780f9daaa24b.png,0,right,0.93,g2363
7828dd083cdc,train,/kaggle/input/datasets/deepapaneru/dr-datasets/archive/train_images/train_images/7828dd083cdc.png,0,right,1.0,g1336
7831ce1d895e,train,/kaggle/input/datasets/deepapaneru/dr-datasets/archive/train_images/train_images/7831ce1d895e.png,0,right,1.0,g1337
784d6d302f98,train,/kaggle/input/datasets/deepapaneru/dr-datasets/archive/train_images/train_images/784d6d302f98.png,0,right,0.83,g1338
785777558f05,train,/kaggle/input/datasets/deepapaneru/dr-datasets/archive/train_images/train_images/785777558f05.png,4,right,1.0,g1339
7877be80901c,train,/kaggle/input/datasets/deepapaneru/dr-datasets/archive/train_images/train_images/7877be80901c.png,2,left,0.5,g1340
788ddb0b70b7,train,/kaggle/input/datasets/deepapaneru/dr-datasets/archive/train_images/train_images/788ddb0b70b7.png,3,left,0.88,g1341
78937523f7a8,train,/kaggle/input/datasets/deepapaneru/dr-datasets/archive/train_images/train_images/78937523f7a8.png,0,left,1.0,g1342
789434d095d1,train,/kaggle/input/datasets/deepapaneru/dr-datasets/archive/train_images/train_images/789434d095d1.png,4,left,1.0,g1343
789c60cba801,train,/kaggle/input/datasets/deepapaneru/dr-datasets/archive/train_images/train_images/789c60cba801.png,0,left,1.0,g1344
789f0ec1eab8,train,/kaggle/input/datasets/deepapaneru/dr-datasets/archive/train_images/train_images/789f0ec1eab8.png,0,left,0.7,g1345
78a577c3e0bf,train,/kaggle/input/datasets/deepapaneru/dr-datasets/archive/train_images/train_images/78a577c3e0bf.png,2,right,1.0,g1346
78b3f819dcc5,train,/kaggle/input/datasets/deepapaneru/dr-datasets/archive/train_images/train_images/78b3f819dcc5.png,4,right,1.0,g1347
78bcdffb8785,train,/kaggle/input/datasets/deepapaneru/dr-datasets/archive/train_images/train_images/78bcdffb8785.png,1,right,0.96,g1348
78d53c82a23e,train,/kaggle/input/datasets/deepapaneru/dr-datasets/archive/train_images/train_images/78d53c82a23e.png,2,left,1.0,g1349
79059d0592c4,train,/kaggle/input/datasets/deepapaneru/dr-datasets/archive/train_images/train_images/79059d0592c4.png,2,right,0.94,g1350
79540be95177,train,/kaggle/input/datasets/deepapaneru/dr-datasets/archive/train_images/train_images/79540be95177.png,2,left,0.52,g1351
799214e8b07c,train,/kaggle/input/datasets/deepapaneru/dr-datasets/archive/train_images/train_images/799214e8b07c.png,0,left,1.0,g1352
799cb4c816ae,train,/kaggle/input/datasets/deepapaneru/dr-datasets/archive/train_images/train_images/799cb4c816ae.png,2,right,1.0,g1353
79ade634c633,train,/kaggle/input/datasets/deepapaneru/dr-datasets/archive/train_images/train_images/79ade634c633.png,0,right,1.0,g1354
79be2ff796bf,train,/kaggle/input/datasets/deepapaneru/dr-datasets/archive/train_images/train_images/79be2ff796bf.png,2,right,0.94,g1355
79cbae28d8b2,train,/kaggle/input/datasets/deepapaneru/dr-datasets/archive/train_images/train_images/79cbae28d8b2.png,0,left,0.77,g1356
79ce83c07588,train,/kaggle/input/datasets/deepapaneru/dr-datasets/archive/train_images/train_images/79ce83c07588.png,1,right,1.0,g1245
79d44db3da2d,train,/kaggle/input/datasets/deepapaneru/dr-datasets/archive/train_images/train_images/79d44db3da2d.png,4,left,0.54,g1358
7a06ea127e02,train,/kaggle/input/datasets/deepapaneru/dr-datasets/archive/train_images/train_images/7a06ea127e02.png,0,left,0.98,g1359
7a0cff4c24b2,train,/kaggle/input/datasets/deepapaneru/dr-datasets/archive/train_images/train_images/7a0cff4c24b2.png,2,left,1.0,g1360
7a12f49e29df,train,/kaggle/input/datasets/deepapaneru/dr-datasets/archive/train_images/train_images/7a12f49e29df.png,0,right,1.0,g1361
7a238a1d3cf3,train,/kaggle/input/datasets/deepapaneru/dr-datasets/archive/train_images/train_images/7a238a1d3cf3.png,4,left,1.0,g1362
7a39c91416e2,train,/kaggle/input/datasets/deepapaneru/dr-datasets/archive/train_images/train_images/7a39c91416e2.png,0,right,0.65,g1363
7a3ea1779b13,train,/kaggle/input/datasets/deepapaneru/dr-datasets/archive/train_images/train_images/7a3ea1779b13.png,1,right,1.0,g1364
7a42443ed106,train,/kaggle/input/datasets/deepapaneru/dr-datasets/archive/train_images/train_images/7a42443ed106.png,0,right,0.85,g1365
7a46cfa69bae,train,/kaggle/input/datasets/deepapaneru/dr-datasets/archive/train_images/train_images/7a46cfa69bae.png,0,right,0.99,g1366
7a6495a39d87,train,/kaggle/input/datasets/deepapaneru/dr-datasets/archive/train_images/train_images/7a6495a39d87.png,0,right,1.0,g1367
7a6e384a0846,train,/kaggle/input/datasets/deepapaneru/dr-datasets/archive/train_images/train_images/7a6e384a0846.png,3,right,1.0,g370
7a77c3eb468c,train,/kaggle/input/datasets/deepapaneru/dr-datasets/archive/train_images/train_images/7a77c3eb468c.png,0,right,0.86,g1369
7a9f45fdf29b,train,/kaggle/input/datasets/deepapaneru/dr-datasets/archive/train_images/train_images/7a9f45fdf29b.png,0,left,0.9,g1370
7aabd768abff,train,/kaggle/input/datasets/deepapaneru/dr-datasets/archive/train_images/train_images/7aabd768abff.png,0,right,0.37,g1371
7ad0c4975890,train,/kaggle/input/datasets/deepapaneru/dr-datasets/archive/train_images/train_images/7ad0c4975890.png,0,right,1.0,g1372
7adfb8fc0621,train,/kaggle/input/datasets/deepapaneru/dr-datasets/archive/train_images/train_images/7adfb8fc0621.png,0,left,0.98,g1373
7ae69d22075a,train,/kaggle/input/datasets/deepapaneru/dr-datasets/archive/train_images/train_images/7ae69d22075a.png,1,left,1.0,g1374
7af4d8704032,train,/kaggle/input/datasets/deepapaneru/dr-datasets/archive/train_images/train_images/7af4d8704032.png,0,left,0.91,g1375
7b20210d9120,train,/kaggle/input/datasets/deepapaneru/dr-datasets/archive/train_images/train_images/7b20210d9120.png,1,right,1.0,g1376
7b211d8bd249,train,/kaggle/input/datasets/deepapaneru/dr-datasets/archive/train_images/train_images/7b211d8bd249.png,4,left,1.0,g1377
7b29e3783919,train,/kaggle/input/datasets/deepapaneru/dr-datasets/archive/train_images/train_images/7b29e3783919.png,3,left,0.45,g1378
7b49041cbf17,train,/kaggle/input/datasets/deepapaneru/dr-datasets/archive/train_images/train_images/7b49041cbf17.png,3,left,0.9,g1379
7b691d9ced34,train,/kaggle/input/datasets/deepapaneru/dr-datasets/archive/train_images/train_images/7b691d9ced34.png,0,right,1.0,g1380
7b87b0015282,train,/kaggle/input/datasets/deepapaneru/dr-datasets/archive/train_images/train_images/7b87b0015282.png,0,right,0.93,g1381
7b8c78b41c0d,train,/kaggle/input/datasets/deepapaneru/dr-datasets/archive/train_images/train_images/7b8c78b41c0d.png,2,left,1.0,g1382
7b9d519cbd66,train,/kaggle/input/datasets/deepapaneru/dr-datasets/archive/train_images/train_images/7b9d519cbd66.png,0,right,1.0,g1383
7ba6b23c4b46,train,/kaggle/input/datasets/deepapaneru/dr-datasets/archive/train_images/train_images/7ba6b23c4b46.png,0,right,1.0,g1384
7bc00e58d419,train,/kaggle/input/datasets/deepapaneru/dr-datasets/archive/train_images/train_images/7bc00e58d419.png,0,left,0.96,g1385
7bc2e0fa3f72,train,/kaggle/input/datasets/deepapaneru/dr-datasets/archive/train_images/train_images/7bc2e0fa3f72.png,2,uncertain,0.07,g1386
7bc4dd99eee5,train,/kaggle/input/datasets/deepapaneru/dr-datasets/archive/train_images/train_images/7bc4dd99eee5.png,4,right,1.0,g1387
7bda86d95c5b,train,/kaggle/input/datasets/deepapaneru/dr-datasets/archive/train_images/train_images/7bda86d95c5b.png,2,right,1.0,g1388
7be1b9aa78aa,train,/kaggle/input/datasets/deepapaneru/dr-datasets/archive/train_images/train_images/7be1b9aa78aa.png,0,right,0.52,g1389
7bf981d9c7fe,train,/kaggle/input/datasets/deepapaneru/dr-datasets/archive/train_images/train_images/7bf981d9c7fe.png,1,left,1.0,g392
7c2e852171c0,train,/kaggle/input/datasets/deepapaneru/dr-datasets/archive/train_images/train_images/7c2e852171c0.png,0,left,1.0,g1391
7c2f820a6425,train,/kaggle/input/datasets/deepapaneru/dr-datasets/archive/train_images/train_images/7c2f820a6425.png,2,left,1.0,g1392
7c3747c0b2c3,train,/kaggle/input/datasets/deepapaneru/dr-datasets/archive/train_images/train_images/7c3747c0b2c3.png,0,right,1.0,g1393
7c52fe73e748,train,/kaggle/input/datasets/deepapaneru/dr-datasets/archive/train_images/train_images/7c52fe73e748.png,2,uncertain,0.03,g1394
7c629b491d1a,train,/kaggle/input/datasets/deepapaneru/dr-datasets/archive/train_images/train_images/7c629b491d1a.png,4,right,1.0,g1395
7c6594b50690,train,/kaggle/input/datasets/deepapaneru/dr-datasets/archive/train_images/train_images/7c6594b50690.png,0,left,1.0,g1396
7c90ab025331,train,/kaggle/input/datasets/deepapaneru/dr-datasets/archive/train_images/train_images/7c90ab025331.png,4,right,1.0,g1397
7cc4b7aabe04,train,/kaggle/input/datasets/deepapaneru/dr-datasets/archive/train_images/train_images/7cc4b7aabe04.png,4,left,1.0,g1398
7ccb267fd394,train,/kaggle/input/datasets/deepapaneru/dr-datasets/archive/train_images/train_images/7ccb267fd394.png,1,left,1.0,g1399
7ccf9d25dc48,train,/kaggle/input/datasets/deepapaneru/dr-datasets/archive/train_images/train_images/7ccf9d25dc48.png,0,right,1.0,g1400
7ce671f952be,train,/kaggle/input/datasets/deepapaneru/dr-datasets/archive/train_images/train_images/7ce671f952be.png,0,right,0.85,g401
7d0a871c45db,train,/kaggle/input/datasets/deepapaneru/dr-datasets/archive/train_images/train_images/7d0a871c45db.png,0,right,1.0,g1400
7d11dbc1e738,train,/kaggle/input/datasets/deepapaneru/dr-datasets/archive/train_images/train_images/7d11dbc1e738.png,0,left,1.0,g1403
7d1b40fdbd86,train,/kaggle/input/datasets/deepapaneru/dr-datasets/archive/train_images/train_images/7d1b40fdbd86.png,2,right,0.88,g1404
7d1da90d3ca9,train,/kaggle/input/datasets/deepapaneru/dr-datasets/archive/train_images/train_images/7d1da90d3ca9.png,2,right,1.0,g1405
7d261f986bef,train,/kaggle/input/datasets/deepapaneru/dr-datasets/archive/train_images/train_images/7d261f986bef.png,2,left,0.7,g1406
7d37a2939f12,train,/kaggle/input/datasets/deepapaneru/dr-datasets/archive/train_images/train_images/7d37a2939f12.png,2,right,1.0,g1407
7d3835e4e63a,train,/kaggle/input/datasets/deepapaneru/dr-datasets/archive/train_images/train_images/7d3835e4e63a.png,3,right,1.0,g1408
7d48f8cdfb69,train,/kaggle/input/datasets/deepapaneru/dr-datasets/archive/train_images/train_images/7d48f8cdfb69.png,0,left,1.0,g1409
7d626a7ffe76,train,/kaggle/input/datasets/deepapaneru/dr-datasets/archive/train_images/train_images/7d626a7ffe76.png,4,right,1.0,g1410
7d8f67cadc29,train,/kaggle/input/datasets/deepapaneru/dr-datasets/archive/train_images/train_images/7d8f67cadc29.png,2,right,1.0,g1411
7d94a000c2d0,train,/kaggle/input/datasets/deepapaneru/dr-datasets/archive/train_images/train_images/7d94a000c2d0.png,0,right,0.98,g1412
7da558d92100,train,/kaggle/input/datasets/deepapaneru/dr-datasets/archive/train_images/train_images/7da558d92100.png,0,right,1.0,g1413
7ddcfcea7369,train,/kaggle/input/datasets/deepapaneru/dr-datasets/archive/train_images/train_images/7ddcfcea7369.png,0,right,1.0,g1414
7dee6bf8b9c1,train,/kaggle/input/datasets/deepapaneru/dr-datasets/archive/train_images/train_images/7dee6bf8b9c1.png,2,left,1.0,g1415
7e0598cc88a0,train,/kaggle/input/datasets/deepapaneru/dr-datasets/archive/train_images/train_images/7e0598cc88a0.png,4,right,0.94,g1416
7e160c8b611e,train,/kaggle/input/datasets/deepapaneru/dr-datasets/archive/train_images/train_images/7e160c8b611e.png,3,uncertain,0.08,g1417
7e4019ac7f5a,train,/kaggle/input/datasets/deepapaneru/dr-datasets/archive/train_images/train_images/7e4019ac7f5a.png,4,left,0.68,g1418
7e5a76c4e103,train,/kaggle/input/datasets/deepapaneru/dr-datasets/archive/train_images/train_images/7e5a76c4e103.png,0,right,1.0,g1419
7e6e90a93aa5,train,/kaggle/input/datasets/deepapaneru/dr-datasets/archive/train_images/train_images/7e6e90a93aa5.png,2,right,1.0,g229
7e70344b0c25,train,/kaggle/input/datasets/deepapaneru/dr-datasets/archive/train_images/train_images/7e70344b0c25.png,0,right,1.0,g1421
7e77b61e1639,train,/kaggle/input/datasets/deepapaneru/dr-datasets/archive/train_images/train_images/7e77b61e1639.png,0,left,0.7,g1422
7e9081e95bf6,train,/kaggle/input/datasets/deepapaneru/dr-datasets/archive/train_images/train_images/7e9081e95bf6.png,0,right,0.8,g1423
7e9458de5707,train,/kaggle/input/datasets/deepapaneru/dr-datasets/archive/train_images/train_images/7e9458de5707.png,2,right,1.0,g1424
7e980424868e,train,/kaggle/input/datasets/deepapaneru/dr-datasets/archive/train_images/train_images/7e980424868e.png,0,left,1.0,g97
7ea756985353,train,/kaggle/input/datasets/deepapaneru/dr-datasets/archive/train_images/train_images/7ea756985353.png,1,uncertain,0.03,g1426
7ec0e61a7e29,train,/kaggle/input/datasets/deepapaneru/dr-datasets/archive/train_images/train_images/7ec0e61a7e29.png,0,right,1.0,g284
7ec1ffe8220b,train,/kaggle/input/datasets/deepapaneru/dr-datasets/archive/train_images/train_images/7ec1ffe8220b.png,2,left,1.0,g1428
7ed4128b2a4e,train,/kaggle/input/datasets/deepapaneru/dr-datasets/archive/train_images/train_images/7ed4128b2a4e.png,0,left,1.0,g1429
7ee6de71c140,train,/kaggle/input/datasets/deepapaneru/dr-datasets/archive/train_images/train_images/7ee6de71c140.png,0,left,1.0,g1430
7eeb191ad06b,train,/kaggle/input/datasets/deepapaneru/dr-datasets/archive/train_images/train_images/7eeb191ad06b.png,0,right,0.81,g1431
7eee3d1f1268,train,/kaggle/input/datasets/deepapaneru/dr-datasets/archive/train_images/train_images/7eee3d1f1268.png,0,right,1.0,g1432
7ef5ff774a48,train,/kaggle/input/datasets/deepapaneru/dr-datasets/archive/train_images/train_images/7ef5ff774a48.png,1,right,1.0,g1433
7efc91af4ae6,train,/kaggle/input/datasets/deepapaneru/dr-datasets/archive/train_images/train_images/7efc91af4ae6.png,4,right,1.0,g1434
7f0ffeb0a333,train,/kaggle/input/datasets/deepapaneru/dr-datasets/archive/train_images/train_images/7f0ffeb0a333.png,0,right,1.0,g1435
7f1f3269f546,train,/kaggle/input/datasets/deepapaneru/dr-datasets/archive/train_images/train_images/7f1f3269f546.png,0,right,1.0,g1436
7f2123bc89a3,train,/kaggle/input/datasets/deepapaneru/dr-datasets/archive/train_images/train_images/7f2123bc89a3.png,0,left,1.0,g1437
7f2cce721e19,train,/kaggle/input/datasets/deepapaneru/dr-datasets/archive/train_images/train_images/7f2cce721e19.png,0,left,0.93,g1438
7f39c36469b5,train,/kaggle/input/datasets/deepapaneru/dr-datasets/archive/train_images/train_images/7f39c36469b5.png,0,right,1.0,g1439
7f43becd3e83,train,/kaggle/input/datasets/deepapaneru/dr-datasets/archive/train_images/train_images/7f43becd3e83.png,0,left,0.39,g1440
7f60f2a083d3,train,/kaggle/input/datasets/deepapaneru/dr-datasets/archive/train_images/train_images/7f60f2a083d3.png,1,right,0.82,g1441
7f6690fa390a,train,/kaggle/input/datasets/deepapaneru/dr-datasets/archive/train_images/train_images/7f6690fa390a.png,0,right,1.0,g2173
7f6ce40f306b,train,/kaggle/input/datasets/deepapaneru/dr-datasets/archive/train_images/train_images/7f6ce40f306b.png,2,uncertain,0.07,g1443
7f84284598f5,train,/kaggle/input/datasets/deepapaneru/dr-datasets/archive/train_images/train_images/7f84284598f5.png,2,left,1.0,g1444
7fc3a8bb40de,train,/kaggle/input/datasets/deepapaneru/dr-datasets/archive/train_images/train_images/7fc3a8bb40de.png,0,right,0.77,g1445
7fdb177b8f7d,train,/kaggle/input/datasets/deepapaneru/dr-datasets/archive/train_images/train_images/7fdb177b8f7d.png,0,left,0.49,g1446
7fe7309d0b4f,train,/kaggle/input/datasets/deepapaneru/dr-datasets/archive/train_images/train_images/7fe7309d0b4f.png,0,left,0.7,g1447
8000a6b97a84,train,/kaggle/input/datasets/deepapaneru/dr-datasets/archive/train_images/train_images/8000a6b97a84.png,2,left,1.0,g1448
8010c931321f,train,/kaggle/input/datasets/deepapaneru/dr-datasets/archive/train_images/train_images/8010c931321f.png,0,left,0.46,g1449
803120c5d287,train,/kaggle/input/datasets/deepapaneru/dr-datasets/archive/train_images/train_images/803120c5d287.png,2,right,0.88,g1450
807135cbc438,train,/kaggle/input/datasets/deepapaneru/dr-datasets/archive/train_images/train_images/807135cbc438.png,2,left,1.0,g1451
80964d8e0863,train,/kaggle/input/datasets/deepapaneru/dr-datasets/archive/train_images/train_images/80964d8e0863.png,4,uncertain,0.19,g1452
80a02014b418,train,/kaggle/input/datasets/deepapaneru/dr-datasets/archive/train_images/train_images/80a02014b418.png,1,left,1.0,g1453
80b5697f2a5e,train,/kaggle/input/datasets/deepapaneru/dr-datasets/archive/train_images/train_images/80b5697f2a5e.png,0,right,0.72,g1454
80b5a9519aec,train,/kaggle/input/datasets/deepapaneru/dr-datasets/archive/train_images/train_images/80b5a9519aec.png,2,uncertain,0.03,g1455
80c67efc8101,train,/kaggle/input/datasets/deepapaneru/dr-datasets/archive/train_images/train_images/80c67efc8101.png,0,left,1.0,g1456
80ca40196225,train,/kaggle/input/datasets/deepapaneru/dr-datasets/archive/train_images/train_images/80ca40196225.png,3,right,1.0,g1457
80d24897669f,train,/kaggle/input/datasets/deepapaneru/dr-datasets/archive/train_images/train_images/80d24897669f.png,1,left,1.0,g1458
80dbeb0fdc75,train,/kaggle/input/datasets/deepapaneru/dr-datasets/archive/train_images/train_images/80dbeb0fdc75.png,0,left,1.0,g1459
80e6e425f966,train,/kaggle/input/datasets/deepapaneru/dr-datasets/archive/train_images/train_images/80e6e425f966.png,0,left,1.0,g1460
80e7cc0a0649,train,/kaggle/input/datasets/deepapaneru/dr-datasets/archive/train_images/train_images/80e7cc0a0649.png,3,left,0.84,g1461
80ed04a84a16,train,/kaggle/input/datasets/deepapaneru/dr-datasets/archive/train_images/train_images/80ed04a84a16.png,0,left,1.0,g1462
80f6b30ece8c,train,/kaggle/input/datasets/deepapaneru/dr-datasets/archive/train_images/train_images/80f6b30ece8c.png,0,right,1.0,g1463
80feb1f7ca5e,train,/kaggle/input/datasets/deepapaneru/dr-datasets/archive/train_images/train_images/80feb1f7ca5e.png,2,right,1.0,g1464
810d3779abd9,train,/kaggle/input/datasets/deepapaneru/dr-datasets/archive/train_images/train_images/810d3779abd9.png,3,right,1.0,g1465
810ed108f5b7,train,/kaggle/input/datasets/deepapaneru/dr-datasets/archive/train_images/train_images/810ed108f5b7.png,0,left,1.0,g1466
8114d6a160df,train,/kaggle/input/datasets/deepapaneru/dr-datasets/archive/train_images/train_images/8114d6a160df.png,1,left,1.0,g1467
812d5adafaf2,train,/kaggle/input/datasets/deepapaneru/dr-datasets/archive/train_images/train_images/812d5adafaf2.png,2,left,1.0,g1468
81371b0c01ad,train,/kaggle/input/datasets/deepapaneru/dr-datasets/archive/train_images/train_images/81371b0c01ad.png,0,right,1.0,g1469
81704925f759,train,/kaggle/input/datasets/deepapaneru/dr-datasets/archive/train_images/train_images/81704925f759.png,0,left,1.0,g1470
8185ce1cdcef,train,/kaggle/input/datasets/deepapaneru/dr-datasets/archive/train_images/train_images/8185ce1cdcef.png,0,right,0.94,g1471
81914ceb4e74,train,/kaggle/input/datasets/deepapaneru/dr-datasets/archive/train_images/train_images/81914ceb4e74.png,0,right,1.0,g2021
8191ae701985,train,/kaggle/input/datasets/deepapaneru/dr-datasets/archive/train_images/train_images/8191ae701985.png,0,right,1.0,g1473
81b0a2651c45,train,/kaggle/input/datasets/deepapaneru/dr-datasets/archive/train_images/train_images/81b0a2651c45.png,2,left,1.0,g1474
81bc03e2ff2b,train,/kaggle/input/datasets/deepapaneru/dr-datasets/archive/train_images/train_images/81bc03e2ff2b.png,2,left,1.0,g1475
81d79d53ed7b,train,/kaggle/input/datasets/deepapaneru/dr-datasets/archive/train_images/train_images/81d79d53ed7b.png,0,right,1.0,g1476
8201cab8322d,train,/kaggle/input/datasets/deepapaneru/dr-datasets/archive/train_images/train_images/8201cab8322d.png,3,uncertain,0.13,g1477
82088c6734e6,train,/kaggle/input/datasets/deepapaneru/dr-datasets/archive/train_images/train_images/82088c6734e6.png,0,right,0.75,g1478
821789e9053f,train,/kaggle/input/datasets/deepapaneru/dr-datasets/archive/train_images/train_images/821789e9053f.png,1,left,1.0,g251
8241e43408a8,train,/kaggle/input/datasets/deepapaneru/dr-datasets/archive/train_images/train_images/8241e43408a8.png,0,right,1.0,g1480
8273fdb4405e,train,/kaggle/input/datasets/deepapaneru/dr-datasets/archive/train_images/train_images/8273fdb4405e.png,1,left,1.0,g1481
82910bba4753,train,/kaggle/input/datasets/deepapaneru/dr-datasets/archive/train_images/train_images/82910bba4753.png,2,left,0.96,g1482
82ac8463fadd,train,/kaggle/input/datasets/deepapaneru/dr-datasets/archive/train_images/train_images/82ac8463fadd.png,1,right,0.7,g1483
82bb8a01935f,train,/kaggle/input/datasets/deepapaneru/dr-datasets/archive/train_images/train_images/82bb8a01935f.png,4,left,0.78,g1484
82d364726a58,train,/kaggle/input/datasets/deepapaneru/dr-datasets/archive/train_images/train_images/82d364726a58.png,0,right,0.95,g1485
82deb07a6618,train,/kaggle/input/datasets/deepapaneru/dr-datasets/archive/train_images/train_images/82deb07a6618.png,2,left,1.0,g1486
82e5bc01f8a4,train,/kaggle/input/datasets/deepapaneru/dr-datasets/archive/train_images/train_images/82e5bc01f8a4.png,0,left,0.72,g1487
82f2784ead76,train,/kaggle/input/datasets/deepapaneru/dr-datasets/archive/train_images/train_images/82f2784ead76.png,2,right,0.38,g1488
83038ca49b6d,train,/kaggle/input/datasets/deepapaneru/dr-datasets/archive/train_images/train_images/83038ca49b6d.png,0,left,0.67,g1489
830e297965a1,train,/kaggle/input/datasets/deepapaneru/dr-datasets/archive/train_images/train_images/830e297965a1.png,0,right,1.0,g698
8329e80c10ac,train,/kaggle/input/datasets/deepapaneru/dr-datasets/archive/train_images/train_images/8329e80c10ac.png,0,left,0.51,g1491
8344c783da65,train,/kaggle/input/datasets/deepapaneru/dr-datasets/archive/train_images/train_images/8344c783da65.png,0,left,1.0,g1492
83517eaeccb9,train,/kaggle/input/datasets/deepapaneru/dr-datasets/archive/train_images/train_images/83517eaeccb9.png,0,left,0.49,g1493
835b9f6e12ba,train,/kaggle/input/datasets/deepapaneru/dr-datasets/archive/train_images/train_images/835b9f6e12ba.png,0,left,1.0,g1456
837acf120946,train,/kaggle/input/datasets/deepapaneru/dr-datasets/archive/train_images/train_images/837acf120946.png,0,left,1.0,g1495
838b3e4d0bb4,train,/kaggle/input/datasets/deepapaneru/dr-datasets/archive/train_images/train_images/838b3e4d0bb4.png,0,left,0.99,g1496
838c87c63422,train,/kaggle/input/datasets/deepapaneru/dr-datasets/archive/train_images/train_images/838c87c63422.png,4,right,1.0,g1497
83a63c4a3e4a,train,/kaggle/input/datasets/deepapaneru/dr-datasets/archive/train_images/train_images/83a63c4a3e4a.png,0,left,0.54,g1498
83b61051737f,train,/kaggle/input/datasets/deepapaneru/dr-datasets/archive/train_images/train_images/83b61051737f.png,2,right,1.0,g1499
83d6e40c869f,train,/kaggle/input/datasets/deepapaneru/dr-datasets/archive/train_images/train_images/83d6e40c869f.png,2,right,0.72,g1500
83d81ba5959c,train,/kaggle/input/datasets/deepapaneru/dr-datasets/archive/train_images/train_images/83d81ba5959c.png,0,right,1.0,g1501
83df53d58f28,train,/kaggle/input/datasets/deepapaneru/dr-datasets/archive/train_images/train_images/83df53d58f28.png,0,right,0.86,g1502
83e529e95b0e,train,/kaggle/input/datasets/deepapaneru/dr-datasets/archive/train_images/train_images/83e529e95b0e.png,1,left,1.0,g762
83fda7c0500b,train,/kaggle/input/datasets/deepapaneru/dr-datasets/archive/train_images/train_images/83fda7c0500b.png,0,right,1.0,g1504
840527bc6628,train,/kaggle/input/datasets/deepapaneru/dr-datasets/archive/train_images/train_images/840527bc6628.png,2,right,0.7,g1505
840a06a9c690,train,/kaggle/input/datasets/deepapaneru/dr-datasets/archive/train_images/train_images/840a06a9c690.png,0,left,0.98,g1456
8421107255ae,train,/kaggle/input/datasets/deepapaneru/dr-datasets/archive/train_images/train_images/8421107255ae.png,2,right,0.82,g1507
842d697884f6,train,/kaggle/input/datasets/deepapaneru/dr-datasets/archive/train_images/train_images/842d697884f6.png,2,right,0.85,g1508
8433a032b96c,train,/kaggle/input/datasets/deepapaneru/dr-datasets/archive/train_images/train_images/8433a032b96c.png,0,left,1.0,g1509
8446826853d0,train,/kaggle/input/datasets/deepapaneru/dr-datasets/archive/train_images/train_images/8446826853d0.png,2,right,1.0,g1510
8448af27ba07,train,/kaggle/input/datasets/deepapaneru/dr-datasets/archive/train_images/train_images/8448af27ba07.png,0,right,0.91,g1511
847b04287c9c,train,/kaggle/input/datasets/deepapaneru/dr-datasets/archive/train_images/train_images/847b04287c9c.png,0,right,0.96,g1512
848e66b9e199,train,/kaggle/input/datasets/deepapaneru/dr-datasets/archive/train_images/train_images/848e66b9e199.png,0,left,1.0,g1513
849a91e9ab28,train,/kaggle/input/datasets/deepapaneru/dr-datasets/archive/train_images/train_images/849a91e9ab28.png,1,uncertain,0.1,g1514
84a72e15b23c,train,/kaggle/input/datasets/deepapaneru/dr-datasets/archive/train_images/train_images/84a72e15b23c.png,1,right,1.0,g1515
84b472c49cfa,train,/kaggle/input/datasets/deepapaneru/dr-datasets/archive/train_images/train_images/84b472c49cfa.png,0,right,0.6,g1516
84b4da14bc23,train,/kaggle/input/datasets/deepapaneru/dr-datasets/archive/train_images/train_images/84b4da14bc23.png,0,left,0.81,g2505
84b79243e430,train,/kaggle/input/datasets/deepapaneru/dr-datasets/archive/train_images/train_images/84b79243e430.png,0,right,0.91,g2363
84b88e8d3bca,train,/kaggle/input/datasets/deepapaneru/dr-datasets/archive/train_images/train_images/84b88e8d3bca.png,0,left,1.0,g1519
84c663f39632,train,/kaggle/input/datasets/deepapaneru/dr-datasets/archive/train_images/train_images/84c663f39632.png,4,right,0.42,g1520
84e8c62165b5,train,/kaggle/input/datasets/deepapaneru/dr-datasets/archive/train_images/train_images/84e8c62165b5.png,2,right,0.84,g1521
851e40a21f81,train,/kaggle/input/datasets/deepapaneru/dr-datasets/archive/train_images/train_images/851e40a21f81.png,0,left,0.9,g1522
8543a801dce0,train,/kaggle/input/datasets/deepapaneru/dr-datasets/archive/train_images/train_images/8543a801dce0.png,2,right,0.78,g1523
855f0a5442b6,train,/kaggle/input/datasets/deepapaneru/dr-datasets/archive/train_images/train_images/855f0a5442b6.png,2,left,1.0,g1524
8564b7aa3c1a,train,/kaggle/input/datasets/deepapaneru/dr-datasets/archive/train_images/train_images/8564b7aa3c1a.png,0,left,0.65,g1525
857002ed4e49,train,/kaggle/input/datasets/deepapaneru/dr-datasets/archive/train_images/train_images/857002ed4e49.png,2,right,0.7,g1505
857230f64a2e,train,/kaggle/input/datasets/deepapaneru/dr-datasets/archive/train_images/train_images/857230f64a2e.png,4,right,1.0,g1527
8596a24a14bd,train,/kaggle/input/datasets/deepapaneru/dr-datasets/archive/train_images/train_images/8596a24a14bd.png,4,left,1.0,g1528
85cbb84ac8e0,train,/kaggle/input/datasets/deepapaneru/dr-datasets/archive/train_images/train_images/85cbb84ac8e0.png,4,left,0.97,g1529
85cc6d636898,train,/kaggle/input/datasets/deepapaneru/dr-datasets/archive/train_images/train_images/85cc6d636898.png,2,left,1.0,g1530
85f99e7e4052,train,/kaggle/input/datasets/deepapaneru/dr-datasets/archive/train_images/train_images/85f99e7e4052.png,0,left,0.43,g1531
85fce24084da,train,/kaggle/input/datasets/deepapaneru/dr-datasets/archive/train_images/train_images/85fce24084da.png,2,left,1.0,g1532
86410aa13b3e,train,/kaggle/input/datasets/deepapaneru/dr-datasets/archive/train_images/train_images/86410aa13b3e.png,0,left,0.96,g1533
8650d32f4a9e,train,/kaggle/input/datasets/deepapaneru/dr-datasets/archive/train_images/train_images/8650d32f4a9e.png,0,right,1.0,g1534
8660e1864665,train,/kaggle/input/datasets/deepapaneru/dr-datasets/archive/train_images/train_images/8660e1864665.png,0,right,1.0,g1535
86722fcd802c,train,/kaggle/input/datasets/deepapaneru/dr-datasets/archive/train_images/train_images/86722fcd802c.png,2,left,1.0,g1536
8676427e4625,train,/kaggle/input/datasets/deepapaneru/dr-datasets/archive/train_images/train_images/8676427e4625.png,1,right,0.96,g1537
8688f3d0fcaf,train,/kaggle/input/datasets/deepapaneru/dr-datasets/archive/train_images/train_images/8688f3d0fcaf.png,3,left,0.86,g1538
8693ab1fd2be,train,/kaggle/input/datasets/deepapaneru/dr-datasets/archive/train_images/train_images/8693ab1fd2be.png,0,left,1.0,g1257
869bbd3170cc,train,/kaggle/input/datasets/deepapaneru/dr-datasets/archive/train_images/train_images/869bbd3170cc.png,2,right,0.96,g1540
86b3a7929bec,train,/kaggle/input/datasets/deepapaneru/dr-datasets/archive/train_images/train_images/86b3a7929bec.png,2,right,0.89,g5
86baef833ae0,train,/kaggle/input/datasets/deepapaneru/dr-datasets/archive/train_images/train_images/86baef833ae0.png,2,left,1.0,g1360
86d58f850a0c,train,/kaggle/input/datasets/deepapaneru/dr-datasets/archive/train_images/train_images/86d58f850a0c.png,0,uncertain,0.23,g1543
86d6808f0609,train,/kaggle/input/datasets/deepapaneru/dr-datasets/archive/train_images/train_images/86d6808f0609.png,3,left,1.0,g1544
86e7f98f73f1,train,/kaggle/input/datasets/deepapaneru/dr-datasets/archive/train_images/train_images/86e7f98f73f1.png,2,right,1.0,g1545
86fbac86ed3e,train,/kaggle/input/datasets/deepapaneru/dr-datasets/archive/train_images/train_images/86fbac86ed3e.png,2,right,1.0,g1546
870f433e8f37,train,/kaggle/input/datasets/deepapaneru/dr-datasets/archive/train_images/train_images/870f433e8f37.png,0,right,0.35,g1547
870fbe6eaa68,train,/kaggle/input/datasets/deepapaneru/dr-datasets/archive/train_images/train_images/870fbe6eaa68.png,0,left,0.69,g1548
8714d17bb6da,train,/kaggle/input/datasets/deepapaneru/dr-datasets/archive/train_images/train_images/8714d17bb6da.png,1,left,0.92,g1549
87295c5fa1cc,train,/kaggle/input/datasets/deepapaneru/dr-datasets/archive/train_images/train_images/87295c5fa1cc.png,0,right,1.0,g1550
873dcc0b468f,train,/kaggle/input/datasets/deepapaneru/dr-datasets/archive/train_images/train_images/873dcc0b468f.png,4,right,1.0,g1551
873fe0404d6e,train,/kaggle/input/datasets/deepapaneru/dr-datasets/archive/train_images/train_images/873fe0404d6e.png,2,right,0.76,g1552
874f8c1929f6,train,/kaggle/input/datasets/deepapaneru/dr-datasets/archive/train_images/train_images/874f8c1929f6.png,0,left,0.98,g833
875a2fc5fe23,train,/kaggle/input/datasets/deepapaneru/dr-datasets/archive/train_images/train_images/875a2fc5fe23.png,4,uncertain,0.25,g1554
875d2ffcbf47,train,/kaggle/input/datasets/deepapaneru/dr-datasets/archive/train_images/train_images/875d2ffcbf47.png,0,left,0.6,g1555
876deb29f000,train,/kaggle/input/datasets/deepapaneru/dr-datasets/archive/train_images/train_images/876deb29f000.png,0,right,0.79,g1556
876e1dd12d38,train,/kaggle/input/datasets/deepapaneru/dr-datasets/archive/train_images/train_images/876e1dd12d38.png,2,right,1.0,g1557
87774aafe068,train,/kaggle/input/datasets/deepapaneru/dr-datasets/archive/train_images/train_images/87774aafe068.png,4,right,1.0,g1558
8785b71238d8,train,/kaggle/input/datasets/deepapaneru/dr-datasets/archive/train_images/train_images/8785b71238d8.png,4,right,1.0,g1559
878a3a097436,train,/kaggle/input/datasets/deepapaneru/dr-datasets/archive/train_images/train_images/878a3a097436.png,2,right,1.0,g1464
878e356c8fc9,train,/kaggle/input/datasets/deepapaneru/dr-datasets/archive/train_images/train_images/878e356c8fc9.png,0,right,0.9,g1561
879744b9dc65,train,/kaggle/input/datasets/deepapaneru/dr-datasets/archive/train_images/train_images/879744b9dc65.png,2,uncertain,0.3,g1562
87a9f4d20f07,train,/kaggle/input/datasets/deepapaneru/dr-datasets/archive/train_images/train_images/87a9f4d20f07.png,0,right,0.98,g1563
87b1938994b5,train,/kaggle/input/datasets/deepapaneru/dr-datasets/archive/train_images/train_images/87b1938994b5.png,2,right,1.0,g1564
87b671c6d4c5,train,/kaggle/input/datasets/deepapaneru/dr-datasets/archive/train_images/train_images/87b671c6d4c5.png,0,left,0.85,g1565
87d46b1cc4e9,train,/kaggle/input/datasets/deepapaneru/dr-datasets/archive/train_images/train_images/87d46b1cc4e9.png,0,left,0.99,g1566
880edb2cdb69,train,/kaggle/input/datasets/deepapaneru/dr-datasets/archive/train_images/train_images/880edb2cdb69.png,0,right,0.51,g1567
881ec6186e68,train,/kaggle/input/datasets/deepapaneru/dr-datasets/archive/train_images/train_images/881ec6186e68.png,0,right,0.93,g1568
882a71de424e,train,/kaggle/input/datasets/deepapaneru/dr-datasets/archive/train_images/train_images/882a71de424e.png,2,right,0.72,g1569
883c6a184f16,train,/kaggle/input/datasets/deepapaneru/dr-datasets/archive/train_images/train_images/883c6a184f16.png,0,right,1.0,g2021
883ddb650967,train,/kaggle/input/datasets/deepapaneru/dr-datasets/archive/train_images/train_images/883ddb650967.png,0,left,0.98,g1571
8846b09384a4,train,/kaggle/input/datasets/deepapaneru/dr-datasets/archive/train_images/train_images/8846b09384a4.png,0,right,1.0,g1572
885fa5fc5da8,train,/kaggle/input/datasets/deepapaneru/dr-datasets/archive/train_images/train_images/885fa5fc5da8.png,0,right,0.96,g1573
8860c7b11530,train,/kaggle/input/datasets/deepapaneru/dr-datasets/archive/train_images/train_images/8860c7b11530.png,2,right,1.0,g1574
8871e6a26596,train,/kaggle/input/datasets/deepapaneru/dr-datasets/archive/train_images/train_images/8871e6a26596.png,2,right,1.0,g1575
887c26fc0e1f,train,/kaggle/input/datasets/deepapaneru/dr-datasets/archive/train_images/train_images/887c26fc0e1f.png,4,left,1.0,g1576
88e4399d207c,train,/kaggle/input/datasets/deepapaneru/dr-datasets/archive/train_images/train_images/88e4399d207c.png,0,right,0.93,g2363
88e5051f65bd,train,/kaggle/input/datasets/deepapaneru/dr-datasets/archive/train_images/train_images/88e5051f65bd.png,0,right,1.0,g1578
8906c9ed54a2,train,/kaggle/input/datasets/deepapaneru/dr-datasets/archive/train_images/train_images/8906c9ed54a2.png,0,left,1.0,g1579
891329021e12,train,/kaggle/input/datasets/deepapaneru/dr-datasets/archive/train_images/train_images/891329021e12.png,0,right,0.83,g1580
891392c9683c,train,/kaggle/input/datasets/deepapaneru/dr-datasets/archive/train_images/train_images/891392c9683c.png,2,right,1.0,g1581
894a37fc3738,train,/kaggle/input/datasets/deepapaneru/dr-datasets/archive/train_images/train_images/894a37fc3738.png,0,left,1.0,g1582
8958a4d17b7e,train,/kaggle/input/datasets/deepapaneru/dr-datasets/archive/train_images/train_images/8958a4d17b7e.png,3,left,1.0,g1583
895fe2bfc5b6,train,/kaggle/input/datasets/deepapaneru/dr-datasets/archive/train_images/train_images/895fe2bfc5b6.png,0,left,0.8,g1584
896ad584a841,train,/kaggle/input/datasets/deepapaneru/dr-datasets/archive/train_images/train_images/896ad584a841.png,0,left,0.64,g1585
898f0bc8acfa,train,/kaggle/input/datasets/deepapaneru/dr-datasets/archive/train_images/train_images/898f0bc8acfa.png,0,left,1.0,g1586
89b044cbaf85,train,/kaggle/input/datasets/deepapaneru/dr-datasets/archive/train_images/train_images/89b044cbaf85.png,2,right,0.57,g1587
89b725411cee,train,/kaggle/input/datasets/deepapaneru/dr-datasets/archive/train_images/train_images/89b725411cee.png,2,right,0.96,g1588
89d2a7403a06,train,/kaggle/input/datasets/deepapaneru/dr-datasets/archive/train_images/train_images/89d2a7403a06.png,2,left,1.0,g1589
89d9c071a56f,train,/kaggle/input/datasets/deepapaneru/dr-datasets/archive/train_images/train_images/89d9c071a56f.png,1,right,1.0,g1590
89ed6a0dd53f,train,/kaggle/input/datasets/deepapaneru/dr-datasets/archive/train_images/train_images/89ed6a0dd53f.png,1,left,1.0,g1591
89ee1fa16f90,train,/kaggle/input/datasets/deepapaneru/dr-datasets/archive/train_images/train_images/89ee1fa16f90.png,2,left,1.0,g1592
89fc080f7e83,train,/kaggle/input/datasets/deepapaneru/dr-datasets/archive/train_images/train_images/89fc080f7e83.png,2,left,0.82,g1593
8a01daa423f7,train,/kaggle/input/datasets/deepapaneru/dr-datasets/archive/train_images/train_images/8a01daa423f7.png,1,right,0.96,g1594
8a234d68b27e,train,/kaggle/input/datasets/deepapaneru/dr-datasets/archive/train_images/train_images/8a234d68b27e.png,3,right,1.0,g1595
8a25a080f28f,train,/kaggle/input/datasets/deepapaneru/dr-datasets/archive/train_images/train_images/8a25a080f28f.png,1,left,1.0,g1596
8a3eb86ae4bd,train,/kaggle/input/datasets/deepapaneru/dr-datasets/archive/train_images/train_images/8a3eb86ae4bd.png,0,left,1.0,g1597
8a482c024fc2,train,/kaggle/input/datasets/deepapaneru/dr-datasets/archive/train_images/train_images/8a482c024fc2.png,0,right,0.93,g1598
8a67f1efa315,train,/kaggle/input/datasets/deepapaneru/dr-datasets/archive/train_images/train_images/8a67f1efa315.png,2,right,0.87,g1599
8a759f94613a,train,/kaggle/input/datasets/deepapaneru/dr-datasets/archive/train_images/train_images/8a759f94613a.png,2,left,1.0,g268
8a7765e785fb,train,/kaggle/input/datasets/deepapaneru/dr-datasets/archive/train_images/train_images/8a7765e785fb.png,0,right,0.97,g1601
8a81f62320d6,train,/kaggle/input/datasets/deepapaneru/dr-datasets/archive/train_images/train_images/8a81f62320d6.png,0,left,0.96,g1602
8a87dd2a784e,train,/kaggle/input/datasets/deepapaneru/dr-datasets/archive/train_images/train_images/8a87dd2a784e.png,0,right,1.0,g1603
8a8a251770cd,train,/kaggle/input/datasets/deepapaneru/dr-datasets/archive/train_images/train_images/8a8a251770cd.png,0,right,0.57,g1604
8a9bef2fbd4e,train,/kaggle/input/datasets/deepapaneru/dr-datasets/archive/train_images/train_images/8a9bef2fbd4e.png,3,right,1.0,g1605
8aa3c4681542,train,/kaggle/input/datasets/deepapaneru/dr-datasets/archive/train_images/train_images/8aa3c4681542.png,0,left,0.96,g1606
8aab201c0691,train,/kaggle/input/datasets/deepapaneru/dr-datasets/archive/train_images/train_images/8aab201c0691.png,2,left,1.0,g1607
8ab3faa3701f,train,/kaggle/input/datasets/deepapaneru/dr-datasets/archive/train_images/train_images/8ab3faa3701f.png,0,left,1.0,g1608
8ab8d9b3ce3f,train,/kaggle/input/datasets/deepapaneru/dr-datasets/archive/train_images/train_images/8ab8d9b3ce3f.png,2,right,1.0,g1609
8ac0c44bbf24,train,/kaggle/input/datasets/deepapaneru/dr-datasets/archive/train_images/train_images/8ac0c44bbf24.png,4,left,0.78,g1610
8acdf12f412a,train,/kaggle/input/datasets/deepapaneru/dr-datasets/archive/train_images/train_images/8acdf12f412a.png,0,left,1.0,g1818
8acffaf1f4b9,train,/kaggle/input/datasets/deepapaneru/dr-datasets/archive/train_images/train_images/8acffaf1f4b9.png,2,left,1.0,g1612
8ae049175db6,train,/kaggle/input/datasets/deepapaneru/dr-datasets/archive/train_images/train_images/8ae049175db6.png,4,right,0.54,g1613
8af50c9d0a86,train,/kaggle/input/datasets/deepapaneru/dr-datasets/archive/train_images/train_images/8af50c9d0a86.png,0,uncertain,0.29,g1614
8af6a4e5396f,train,/kaggle/input/datasets/deepapaneru/dr-datasets/archive/train_images/train_images/8af6a4e5396f.png,4,left,0.32,g1615
8b079e79035f,train,/kaggle/input/datasets/deepapaneru/dr-datasets/archive/train_images/train_images/8b079e79035f.png,0,right,0.88,g1616
8b26d3cd61e8,train,/kaggle/input/datasets/deepapaneru/dr-datasets/archive/train_images/train_images/8b26d3cd61e8.png,2,right,1.0,g1617
8b568d47a1fd,train,/kaggle/input/datasets/deepapaneru/dr-datasets/archive/train_images/train_images/8b568d47a1fd.png,0,left,1.0,g875
8b58f9a338e8,train,/kaggle/input/datasets/deepapaneru/dr-datasets/archive/train_images/train_images/8b58f9a338e8.png,0,uncertain,0.29,g1619
8b76c3c5cb3e,train,/kaggle/input/datasets/deepapaneru/dr-datasets/archive/train_images/train_images/8b76c3c5cb3e.png,3,left,0.87,g1620
8b8fe3fc8950,train,/kaggle/input/datasets/deepapaneru/dr-datasets/archive/train_images/train_images/8b8fe3fc8950.png,0,left,0.86,g1621
8bad12d70368,train,/kaggle/input/datasets/deepapaneru/dr-datasets/archive/train_images/train_images/8bad12d70368.png,4,uncertain,0.05,g1622
8bbd7835e9aa,train,/kaggle/input/datasets/deepapaneru/dr-datasets/archive/train_images/train_images/8bbd7835e9aa.png,1,left,1.0,g1623
8bc6716c2238,train,/kaggle/input/datasets/deepapaneru/dr-datasets/archive/train_images/train_images/8bc6716c2238.png,1,right,1.0,g1624
8bdb891661a8,train,/kaggle/input/datasets/deepapaneru/dr-datasets/archive/train_images/train_images/8bdb891661a8.png,2,right,1.0,g1625
8be6629a6039,train,/kaggle/input/datasets/deepapaneru/dr-datasets/archive/train_images/train_images/8be6629a6039.png,0,right,1.0,g1626
8bed09514c3b,train,/kaggle/input/datasets/deepapaneru/dr-datasets/archive/train_images/train_images/8bed09514c3b.png,4,left,1.0,g1627
8bf05909e1e1,train,/kaggle/input/datasets/deepapaneru/dr-datasets/archive/train_images/train_images/8bf05909e1e1.png,0,uncertain,0.17,g1628
8bf2d925dc0c,train,/kaggle/input/datasets/deepapaneru/dr-datasets/archive/train_images/train_images/8bf2d925dc0c.png,0,right,0.98,g1563
8c0d05233238,train,/kaggle/input/datasets/deepapaneru/dr-datasets/archive/train_images/train_images/8c0d05233238.png,3,right,1.0,g1630
8c29a76fa08c,train,/kaggle/input/datasets/deepapaneru/dr-datasets/archive/train_images/train_images/8c29a76fa08c.png,0,left,0.79,g1631
8c2f0f04e1ed,train,/kaggle/input/datasets/deepapaneru/dr-datasets/archive/train_images/train_images/8c2f0f04e1ed.png,1,left,1.0,g1632
8c4ceddeb1c6,train,/kaggle/input/datasets/deepapaneru/dr-datasets/archive/train_images/train_images/8c4ceddeb1c6.png,0,left,1.0,g1633
8c7c26c52a6c,train,/kaggle/input/datasets/deepapaneru/dr-datasets/archive/train_images/train_images/8c7c26c52a6c.png,4,right,0.53,g1634
8c84e96d9b01,train,/kaggle/input/datasets/deepapaneru/dr-datasets/archive/train_images/train_images/8c84e96d9b01.png,0,right,0.86,g1635
8c87bd748996,train,/kaggle/input/datasets/deepapaneru/dr-datasets/archive/train_images/train_images/8c87bd748996.png,2,left,0.78,g1636
8cb6b0efaaac,train,/kaggle/input/datasets/deepapaneru/dr-datasets/archive/train_images/train_images/8cb6b0efaaac.png,2,left,0.71,g554
8cb6b5b2f19c,train,/kaggle/input/datasets/deepapaneru/dr-datasets/archive/train_images/train_images/8cb6b5b2f19c.png,2,right,1.0,g2423
8ceff4c4c860,train,/kaggle/input/datasets/deepapaneru/dr-datasets/archive/train_images/train_images/8ceff4c4c860.png,0,left,0.99,g1639
8d13c46e7d75,train,/kaggle/input/datasets/deepapaneru/dr-datasets/archive/train_images/train_images/8d13c46e7d75.png,0,right,0.62,g1251
8d3d67661620,train,/kaggle/input/datasets/deepapaneru/dr-datasets/archive/train_images/train_images/8d3d67661620.png,2,left,0.39,g1641
8d4d14a4ab07,train,/kaggle/input/datasets/deepapaneru/dr-datasets/archive/train_images/train_images/8d4d14a4ab07.png,0,left,0.77,g1642
8d4ff745a409,train,/kaggle/input/datasets/deepapaneru/dr-datasets/archive/train_images/train_images/8d4ff745a409.png,0,right,1.0,g1643
8d62ba9cb22a,train,/kaggle/input/datasets/deepapaneru/dr-datasets/archive/train_images/train_images/8d62ba9cb22a.png,2,right,0.95,g1644
8d7bb0649a02,train,/kaggle/input/datasets/deepapaneru/dr-datasets/archive/train_images/train_images/8d7bb0649a02.png,2,left,1.0,g1290
8d8aca52c07b,train,/kaggle/input/datasets/deepapaneru/dr-datasets/archive/train_images/train_images/8d8aca52c07b.png,4,left,1.0,g1646
8d9516ea3587,train,/kaggle/input/datasets/deepapaneru/dr-datasets/archive/train_images/train_images/8d9516ea3587.png,0,left,0.99,g1647
8dafa62f9322,train,/kaggle/input/datasets/deepapaneru/dr-datasets/archive/train_images/train_images/8dafa62f9322.png,0,right,1.0,g1648
8db2ce991101,train,/kaggle/input/datasets/deepapaneru/dr-datasets/archive/train_images/train_images/8db2ce991101.png,4,uncertain,0.26,g1649
8dba09a4e5ed,train,/kaggle/input/datasets/deepapaneru/dr-datasets/archive/train_images/train_images/8dba09a4e5ed.png,2,left,1.0,g1650
8dc22e65c06f,train,/kaggle/input/datasets/deepapaneru/dr-datasets/archive/train_images/train_images/8dc22e65c06f.png,1,left,1.0,g1651
8dfa629ca74e,train,/kaggle/input/datasets/deepapaneru/dr-datasets/archive/train_images/train_images/8dfa629ca74e.png,2,left,1.0,g1652
8dfff47b06b7,train,/kaggle/input/datasets/deepapaneru/dr-datasets/archive/train_images/train_images/8dfff47b06b7.png,2,left,1.0,g1653
8e20b8fac7c3,train,/kaggle/input/datasets/deepapaneru/dr-datasets/archive/train_images/train_images/8e20b8fac7c3.png,2,left,0.88,g1654
8e2a3978c244,train,/kaggle/input/datasets/deepapaneru/dr-datasets/archive/train_images/train_images/8e2a3978c244.png,0,left,0.44,g1655
8e3b79e1f1f7,train,/kaggle/input/datasets/deepapaneru/dr-datasets/archive/train_images/train_images/8e3b79e1f1f7.png,2,left,1.0,g1656
8e4a354e3da2,train,/kaggle/input/datasets/deepapaneru/dr-datasets/archive/train_images/train_images/8e4a354e3da2.png,0,left,1.0,g1657
8e63fc4ab532,train,/kaggle/input/datasets/deepapaneru/dr-datasets/archive/train_images/train_images/8e63fc4ab532.png,2,left,1.0,g1658
8e67f2d7e0ee,train,/kaggle/input/datasets/deepapaneru/dr-datasets/archive/train_images/train_images/8e67f2d7e0ee.png,0,right,0.81,g2363
8e6df9eedcd8,train,/kaggle/input/datasets/deepapaneru/dr-datasets/archive/train_images/train_images/8e6df9eedcd8.png,0,right,1.0,g1660
8e76054f0831,train,/kaggle/input/datasets/deepapaneru/dr-datasets/archive/train_images/train_images/8e76054f0831.png,0,right,0.99,g1661
8e7981855125,train,/kaggle/input/datasets/deepapaneru/dr-datasets/archive/train_images/train_images/8e7981855125.png,0,left,1.0,g1662
8ead17dfb6a6,train,/kaggle/input/datasets/deepapaneru/dr-datasets/archive/train_images/train_images/8ead17dfb6a6.png,0,right,0.62,g1663
8ead8f37423c,train,/kaggle/input/datasets/deepapaneru/dr-datasets/archive/train_images/train_images/8ead8f37423c.png,0,right,0.91,g1664
8eb3337a54e9,train,/kaggle/input/datasets/deepapaneru/dr-datasets/archive/train_images/train_images/8eb3337a54e9.png,2,left,1.0,g1665
8ed586c43023,train,/kaggle/input/datasets/deepapaneru/dr-datasets/archive/train_images/train_images/8ed586c43023.png,0,right,0.69,g1666
8ee50c26fc13,train,/kaggle/input/datasets/deepapaneru/dr-datasets/archive/train_images/train_images/8ee50c26fc13.png,0,right,1.0,g1667
8eeac97f02f0,train,/kaggle/input/datasets/deepapaneru/dr-datasets/archive/train_images/train_images/8eeac97f02f0.png,4,left,1.0,g1668
8ef2eb8c51c4,train,/kaggle/input/datasets/deepapaneru/dr-datasets/archive/train_images/train_images/8ef2eb8c51c4.png,1,right,1.0,g1510
8f06ca4642bd,train,/kaggle/input/datasets/deepapaneru/dr-datasets/archive/train_images/train_images/8f06ca4642bd.png,0,right,1.0,g1670
8f10e41a2f02,train,/kaggle/input/datasets/deepapaneru/dr-datasets/archive/train_images/train_images/8f10e41a2f02.png,0,left,0.91,g1671
8f14bca04b47,train,/kaggle/input/datasets/deepapaneru/dr-datasets/archive/train_images/train_images/8f14bca04b47.png,0,left,0.87,g1672
8f1e7433a95d,train,/kaggle/input/datasets/deepapaneru/dr-datasets/archive/train_images/train_images/8f1e7433a95d.png,2,right,1.0,g1673
8f2996b8d855,train,/kaggle/input/datasets/deepapaneru/dr-datasets/archive/train_images/train_images/8f2996b8d855.png,1,right,1.0,g1674
8f318a978844,train,/kaggle/input/datasets/deepapaneru/dr-datasets/archive/train_images/train_images/8f318a978844.png,4,right,0.62,g1675
8f9819752ca0,train,/kaggle/input/datasets/deepapaneru/dr-datasets/archive/train_images/train_images/8f9819752ca0.png,0,left,0.49,g1676
8fbb2ca39911,train,/kaggle/input/datasets/deepapaneru/dr-datasets/archive/train_images/train_images/8fbb2ca39911.png,0,left,0.94,g1677
8fc09fecd22f,train,/kaggle/input/datasets/deepapaneru/dr-datasets/archive/train_images/train_images/8fc09fecd22f.png,1,left,1.0,g1678
8fd7ad26e691,train,/kaggle/input/datasets/deepapaneru/dr-datasets/archive/train_images/train_images/8fd7ad26e691.png,4,left,1.0,g1679
8ff2733f6aef,train,/kaggle/input/datasets/deepapaneru/dr-datasets/archive/train_images/train_images/8ff2733f6aef.png,2,right,1.0,g1680
8ff863f8874f,train,/kaggle/input/datasets/deepapaneru/dr-datasets/archive/train_images/train_images/8ff863f8874f.png,1,left,0.98,g1681
8ffa608170d3,train,/kaggle/input/datasets/deepapaneru/dr-datasets/archive/train_images/train_images/8ffa608170d3.png,0,left,1.0,g1682
901a3552fe26,train,/kaggle/input/datasets/deepapaneru/dr-datasets/archive/train_images/train_images/901a3552fe26.png,0,right,0.75,g1683
902dc5a91a3f,train,/kaggle/input/datasets/deepapaneru/dr-datasets/archive/train_images/train_images/902dc5a91a3f.png,0,right,0.73,g1684
9033f1493da1,train,/kaggle/input/datasets/deepapaneru/dr-datasets/archive/train_images/train_images/9033f1493da1.png,2,left,0.9,g797
9039cbfcbb2f,train,/kaggle/input/datasets/deepapaneru/dr-datasets/archive/train_images/train_images/9039cbfcbb2f.png,0,left,1.0,g1686
9041eb43456e,train,/kaggle/input/datasets/deepapaneru/dr-datasets/archive/train_images/train_images/9041eb43456e.png,2,left,1.0,g1687
904b03ad5594,train,/kaggle/input/datasets/deepapaneru/dr-datasets/archive/train_images/train_images/904b03ad5594.png,0,right,1.0,g1688
905cc86bf100,train,/kaggle/input/datasets/deepapaneru/dr-datasets/archive/train_images/train_images/905cc86bf100.png,4,left,1.0,g1689
906d02fb822d,train,/kaggle/input/datasets/deepapaneru/dr-datasets/archive/train_images/train_images/906d02fb822d.png,0,left,1.0,g1690
907aaff827e5,train,/kaggle/input/datasets/deepapaneru/dr-datasets/archive/train_images/train_images/907aaff827e5.png,2,left,1.0,g1691
9095d43fb132,train,/kaggle/input/datasets/deepapaneru/dr-datasets/archive/train_images/train_images/9095d43fb132.png,0,left,0.96,g1692
90960ddf4d14,train,/kaggle/input/datasets/deepapaneru/dr-datasets/archive/train_images/train_images/90960ddf4d14.png,0,left,1.0,g1693
90a786abe58e,train,/kaggle/input/datasets/deepapaneru/dr-datasets/archive/train_images/train_images/90a786abe58e.png,0,right,0.94,g1694
90a9a41eec6d,train,/kaggle/input/datasets/deepapaneru/dr-datasets/archive/train_images/train_images/90a9a41eec6d.png,0,right,1.0,g1695
90b8bf342032,train,/kaggle/input/datasets/deepapaneru/dr-datasets/archive/train_images/train_images/90b8bf342032.png,3,uncertain,0.2,g1696
90bde2ff8953,train,/kaggle/input/datasets/deepapaneru/dr-datasets/archive/train_images/train_images/90bde2ff8953.png,0,right,1.0,g1697
90c982cc2d96,train,/kaggle/input/datasets/deepapaneru/dr-datasets/archive/train_images/train_images/90c982cc2d96.png,1,right,1.0,g1698
910bfd38e2f5,train,/kaggle/input/datasets/deepapaneru/dr-datasets/archive/train_images/train_images/910bfd38e2f5.png,3,left,0.49,g1699
9122b31414d3,train,/kaggle/input/datasets/deepapaneru/dr-datasets/archive/train_images/train_images/9122b31414d3.png,0,left,0.84,g1700
912fbe06407e,train,/kaggle/input/datasets/deepapaneru/dr-datasets/archive/train_images/train_images/912fbe06407e.png,0,right,0.51,g1304
913490237ad4,train,/kaggle/input/datasets/deepapaneru/dr-datasets/archive/train_images/train_images/913490237ad4.png,3,left,0.95,g1702
913b1890ed1e,train,/kaggle/input/datasets/deepapaneru/dr-datasets/archive/train_images/train_images/913b1890ed1e.png,2,right,0.76,g1703
916915f01e17,train,/kaggle/input/datasets/deepapaneru/dr-datasets/archive/train_images/train_images/916915f01e17.png,0,left,0.57,g1704
916ec976ff30,train,/kaggle/input/datasets/deepapaneru/dr-datasets/archive/train_images/train_images/916ec976ff30.png,3,left,1.0,g1705
917f76f360b6,train,/kaggle/input/datasets/deepapaneru/dr-datasets/archive/train_images/train_images/917f76f360b6.png,2,right,1.0,g1706
91a88d3b0358,train,/kaggle/input/datasets/deepapaneru/dr-datasets/archive/train_images/train_images/91a88d3b0358.png,2,left,1.0,g1707
91b6ebaa3678,train,/kaggle/input/datasets/deepapaneru/dr-datasets/archive/train_images/train_images/91b6ebaa3678.png,3,uncertain,0.08,g1417
91b7a4179ecf,train,/kaggle/input/datasets/deepapaneru/dr-datasets/archive/train_images/train_images/91b7a4179ecf.png,0,right,1.0,g1709
91cbe1c775ef,train,/kaggle/input/datasets/deepapaneru/dr-datasets/archive/train_images/train_images/91cbe1c775ef.png,2,left,0.7,g1406
91cf56d3d1af,train,/kaggle/input/datasets/deepapaneru/dr-datasets/archive/train_images/train_images/91cf56d3d1af.png,3,left,0.94,g1711
91e2c2890c9f,train,/kaggle/input/datasets/deepapaneru/dr-datasets/archive/train_images/train_images/91e2c2890c9f.png,2,right,1.0,g1712
91e82fe4e434,train,/kaggle/input/datasets/deepapaneru/dr-datasets/archive/train_images/train_images/91e82fe4e434.png,0,left,0.98,g1713
91e8af9ceee9,train,/kaggle/input/datasets/deepapaneru/dr-datasets/archive/train_images/train_images/91e8af9ceee9.png,2,left,1.0,g1714
91f3c4c1e72b,train,/kaggle/input/datasets/deepapaneru/dr-datasets/archive/train_images/train_images/91f3c4c1e72b.png,0,right,1.0,g1715
921433215353,train,/kaggle/input/datasets/deepapaneru/dr-datasets/archive/train_images/train_images/921433215353.png,2,left,1.0,g715
922586d86cd8,train,/kaggle/input/datasets/deepapaneru/dr-datasets/archive/train_images/train_images/922586d86cd8.png,0,left,0.36,g1717
9232dc06cfdc,train,/kaggle/input/datasets/deepapaneru/dr-datasets/archive/train_images/train_images/9232dc06cfdc.png,0,right,1.0,g1718
92587e494d51,train,/kaggle/input/datasets/deepapaneru/dr-datasets/archive/train_images/train_images/92587e494d51.png,0,right,0.44,g1719
9274e75dc4d5,train,/kaggle/input/datasets/deepapaneru/dr-datasets/archive/train_images/train_images/9274e75dc4d5.png,0,right,0.85,g1720
9287e57326d0,train,/kaggle/input/datasets/deepapaneru/dr-datasets/archive/train_images/train_images/9287e57326d0.png,0,left,1.0,g1721
92889b863ae6,train,/kaggle/input/datasets/deepapaneru/dr-datasets/archive/train_images/train_images/92889b863ae6.png,0,right,1.0,g1722
929cd3867815,train,/kaggle/input/datasets/deepapaneru/dr-datasets/archive/train_images/train_images/929cd3867815.png,2,right,1.0,g1723
92b0d27fc0ec,train,/kaggle/input/datasets/deepapaneru/dr-datasets/archive/train_images/train_images/92b0d27fc0ec.png,2,right,0.94,g1724
92d8a7c8e718,train,/kaggle/input/datasets/deepapaneru/dr-datasets/archive/train_images/train_images/92d8a7c8e718.png,2,right,0.93,g1725
92d9e9f08709,train,/kaggle/input/datasets/deepapaneru/dr-datasets/archive/train_images/train_images/92d9e9f08709.png,1,right,1.0,g1726
92e3d608fd3c,train,/kaggle/input/datasets/deepapaneru/dr-datasets/archive/train_images/train_images/92e3d608fd3c.png,0,left,0.48,g1727
92f313287a29,train,/kaggle/input/datasets/deepapaneru/dr-datasets/archive/train_images/train_images/92f313287a29.png,2,right,1.0,g1728
92fcf50b3562,train,/kaggle/input/datasets/deepapaneru/dr-datasets/archive/train_images/train_images/92fcf50b3562.png,0,left,1.0,g1729
930fee99213a,train,/kaggle/input/datasets/deepapaneru/dr-datasets/archive/train_images/train_images/930fee99213a.png,0,right,0.94,g1730
932181b93b2f,train,/kaggle/input/datasets/deepapaneru/dr-datasets/archive/train_images/train_images/932181b93b2f.png,2,right,0.53,g1731
934104859e68,train,/kaggle/input/datasets/deepapaneru/dr-datasets/archive/train_images/train_images/934104859e68.png,0,uncertain,0.27,g1732
93421787f520,train,/kaggle/input/datasets/deepapaneru/dr-datasets/archive/train_images/train_images/93421787f520.png,0,left,0.51,g1733
936299166bea,train,/kaggle/input/datasets/deepapaneru/dr-datasets/archive/train_images/train_images/936299166bea.png,0,right,1.0,g1734
937bc1b924b1,train,/kaggle/input/datasets/deepapaneru/dr-datasets/archive/train_images/train_images/937bc1b924b1.png,0,right,0.8,g1735
93802d1e3c41,train,/kaggle/input/datasets/deepapaneru/dr-datasets/archive/train_images/train_images/93802d1e3c41.png,0,right,0.36,g1736
93a1b984de84,train,/kaggle/input/datasets/deepapaneru/dr-datasets/archive/train_images/train_images/93a1b984de84.png,0,left,0.77,g1737
93be637084a2,train,/kaggle/input/datasets/deepapaneru/dr-datasets/archive/train_images/train_images/93be637084a2.png,1,left,1.0,g1738
93d6d20a5ee3,train,/kaggle/input/datasets/deepapaneru/dr-datasets/archive/train_images/train_images/93d6d20a5ee3.png,0,left,0.9,g1739
94076a9fb9b5,train,/kaggle/input/datasets/deepapaneru/dr-datasets/archive/train_images/train_images/94076a9fb9b5.png,0,right,0.73,g1740
94111ed3d276,train,/kaggle/input/datasets/deepapaneru/dr-datasets/archive/train_images/train_images/94111ed3d276.png,1,left,1.0,g1741
94145d1f42cf,train,/kaggle/input/datasets/deepapaneru/dr-datasets/archive/train_images/train_images/94145d1f42cf.png,0,left,1.0,g1742
941d874c8afb,train,/kaggle/input/datasets/deepapaneru/dr-datasets/archive/train_images/train_images/941d874c8afb.png,0,right,0.94,g1694
942f544c4e15,train,/kaggle/input/datasets/deepapaneru/dr-datasets/archive/train_images/train_images/942f544c4e15.png,0,left,1.0,g1744
94372043d55b,train,/kaggle/input/datasets/deepapaneru/dr-datasets/archive/train_images/train_images/94372043d55b.png,1,right,1.0,g1745
944a233fbf8e,train,/kaggle/input/datasets/deepapaneru/dr-datasets/archive/train_images/train_images/944a233fbf8e.png,1,right,1.0,g1746
946545473380,train,/kaggle/input/datasets/deepapaneru/dr-datasets/archive/train_images/train_images/946545473380.png,0,right,0.93,g2363
949710bead24,train,/kaggle/input/datasets/deepapaneru/dr-datasets/archive/train_images/train_images/949710bead24.png,0,right,0.77,g1748
94a67ec0714f,train,/kaggle/input/datasets/deepapaneru/dr-datasets/archive/train_images/train_images/94a67ec0714f.png,2,right,1.0,g1749
94b1d8ad35ec,train,/kaggle/input/datasets/deepapaneru/dr-datasets/archive/train_images/train_images/94b1d8ad35ec.png,1,left,1.0,g726
94b9ccc73bb9,train,/kaggle/input/datasets/deepapaneru/dr-datasets/archive/train_images/train_images/94b9ccc73bb9.png,0,right,1.0,g1751
94dcb491143f,train,/kaggle/input/datasets/deepapaneru/dr-datasets/archive/train_images/train_images/94dcb491143f.png,2,left,1.0,g1752
94ef1d14597f,train,/kaggle/input/datasets/deepapaneru/dr-datasets/archive/train_images/train_images/94ef1d14597f.png,4,left,1.0,g1753
94f9ecf4b8d2,train,/kaggle/input/datasets/deepapaneru/dr-datasets/archive/train_images/train_images/94f9ecf4b8d2.png,0,left,0.86,g1754
9519a590985d,train,/kaggle/input/datasets/deepapaneru/dr-datasets/archive/train_images/train_images/9519a590985d.png,0,left,0.91,g1755
956765d5f46d,train,/kaggle/input/datasets/deepapaneru/dr-datasets/archive/train_images/train_images/956765d5f46d.png,0,left,0.74,g1756
9568eb7e9c08,train,/kaggle/input/datasets/deepapaneru/dr-datasets/archive/train_images/train_images/9568eb7e9c08.png,2,right,1.0,g1757
958c1fa044ba,train,/kaggle/input/datasets/deepapaneru/dr-datasets/archive/train_images/train_images/958c1fa044ba.png,0,left,0.86,g1758
959bb2d01091,train,/kaggle/input/datasets/deepapaneru/dr-datasets/archive/train_images/train_images/959bb2d01091.png,0,left,1.0,g1759
959dc602febc,train,/kaggle/input/datasets/deepapaneru/dr-datasets/archive/train_images/train_images/959dc602febc.png,2,right,1.0,g1760
95a4cc805c7b,train,/kaggle/input/datasets/deepapaneru/dr-datasets/archive/train_images/train_images/95a4cc805c7b.png,1,right,1.0,g1761
95e732e043a1,train,/kaggle/input/datasets/deepapaneru/dr-datasets/archive/train_images/train_images/95e732e043a1.png,4,uncertain,0.05,g1762
962c0fc85e13,train,/kaggle/input/datasets/deepapaneru/dr-datasets/archive/train_images/train_images/962c0fc85e13.png,0,right,1.0,g1763
962cf85e4f6d,train,/kaggle/input/datasets/deepapaneru/dr-datasets/archive/train_images/train_images/962cf85e4f6d.png,2,right,0.37,g1764
966c07831334,train,/kaggle/input/datasets/deepapaneru/dr-datasets/archive/train_images/train_images/966c07831334.png,0,right,0.49,g1765
96793edb1003,train,/kaggle/input/datasets/deepapaneru/dr-datasets/archive/train_images/train_images/96793edb1003.png,0,right,1.0,g1766
9688c6ef5dc5,train,/kaggle/input/datasets/deepapaneru/dr-datasets/archive/train_images/train_images/9688c6ef5dc5.png,0,left,0.86,g1767
969f92a390db,train,/kaggle/input/datasets/deepapaneru/dr-datasets/archive/train_images/train_images/969f92a390db.png,0,left,0.99,g1768
96a9706b8534,train,/kaggle/input/datasets/deepapaneru/dr-datasets/archive/train_images/train_images/96a9706b8534.png,1,uncertain,0.01,g1769
96b5474ae604,train,/kaggle/input/datasets/deepapaneru/dr-datasets/archive/train_images/train_images/96b5474ae604.png,0,left,1.0,g1770
96c3e3db68bc,train,/kaggle/input/datasets/deepapaneru/dr-datasets/archive/train_images/train_images/96c3e3db68bc.png,2,left,1.0,g1771
96c699221180,train,/kaggle/input/datasets/deepapaneru/dr-datasets/archive/train_images/train_images/96c699221180.png,0,uncertain,0.1,g1772
96ce10a1dbd7,train,/kaggle/input/datasets/deepapaneru/dr-datasets/archive/train_images/train_images/96ce10a1dbd7.png,0,right,0.88,g1773
96d48b073f18,train,/kaggle/input/datasets/deepapaneru/dr-datasets/archive/train_images/train_images/96d48b073f18.png,2,left,1.0,g1774
96ea316ed0ab,train,/kaggle/input/datasets/deepapaneru/dr-datasets/archive/train_images/train_images/96ea316ed0ab.png,0,right,1.0,g1775
971bb98ab935,train,/kaggle/input/datasets/deepapaneru/dr-datasets/archive/train_images/train_images/971bb98ab935.png,0,left,0.9,g1776
973b0facfa9b,train,/kaggle/input/datasets/deepapaneru/dr-datasets/archive/train_images/train_images/973b0facfa9b.png,0,left,1.0,g1456
974c7d7b9c64,train,/kaggle/input/datasets/deepapaneru/dr-datasets/archive/train_images/train_images/974c7d7b9c64.png,0,right,0.78,g1778
975252e325e3,train,/kaggle/input/datasets/deepapaneru/dr-datasets/archive/train_images/train_images/975252e325e3.png,2,left,1.0,g1779
976082127e2a,train,/kaggle/input/datasets/deepapaneru/dr-datasets/archive/train_images/train_images/976082127e2a.png,0,left,1.0,g1780
977e1ca77653,train,/kaggle/input/datasets/deepapaneru/dr-datasets/archive/train_images/train_images/977e1ca77653.png,1,left,1.0,g1781
9782c0489eca,train,/kaggle/input/datasets/deepapaneru/dr-datasets/archive/train_images/train_images/9782c0489eca.png,1,left,1.0,g1782
9785805af1b8,train,/kaggle/input/datasets/deepapaneru/dr-datasets/archive/train_images/train_images/9785805af1b8.png,2,left,1.0,g1783
97a235367f9d,train,/kaggle/input/datasets/deepapaneru/dr-datasets/archive/train_images/train_images/97a235367f9d.png,0,left,1.0,g1784
97a5ad7548b7,train,/kaggle/input/datasets/deepapaneru/dr-datasets/archive/train_images/train_images/97a5ad7548b7.png,2,right,1.0,g1785
97bf61736b86,train,/kaggle/input/datasets/deepapaneru/dr-datasets/archive/train_images/train_images/97bf61736b86.png,2,left,1.0,g1786
97c6cb55866d,train,/kaggle/input/datasets/deepapaneru/dr-datasets/archive/train_images/train_images/97c6cb55866d.png,0,right,1.0,g1787
97d02a9b94f7,train,/kaggle/input/datasets/deepapaneru/dr-datasets/archive/train_images/train_images/97d02a9b94f7.png,0,left,1.0,g1788
97da093947e8,train,/kaggle/input/datasets/deepapaneru/dr-datasets/archive/train_images/train_images/97da093947e8.png,4,left,1.0,g1789
97f290d31813,train,/kaggle/input/datasets/deepapaneru/dr-datasets/archive/train_images/train_images/97f290d31813.png,0,right,1.0,g1790
97fdee242fea,train,/kaggle/input/datasets/deepapaneru/dr-datasets/archive/train_images/train_images/97fdee242fea.png,0,left,0.96,g1791
98104c8c67eb,train,/kaggle/input/datasets/deepapaneru/dr-datasets/archive/train_images/train_images/98104c8c67eb.png,2,uncertain,0.12,g1297
98277aeb96a7,train,/kaggle/input/datasets/deepapaneru/dr-datasets/archive/train_images/train_images/98277aeb96a7.png,0,right,1.0,g1793
9837048b85dc,train,/kaggle/input/datasets/deepapaneru/dr-datasets/archive/train_images/train_images/9837048b85dc.png,2,uncertain,0.01,g1794
983c98354e9c,train,/kaggle/input/datasets/deepapaneru/dr-datasets/archive/train_images/train_images/983c98354e9c.png,0,right,0.65,g1795
98441214557f,train,/kaggle/input/datasets/deepapaneru/dr-datasets/archive/train_images/train_images/98441214557f.png,0,left,1.0,g1796
9858cc2ae073,train,/kaggle/input/datasets/deepapaneru/dr-datasets/archive/train_images/train_images/9858cc2ae073.png,0,right,1.0,g1797
9859e2a6cc24,train,/kaggle/input/datasets/deepapaneru/dr-datasets/archive/train_images/train_images/9859e2a6cc24.png,4,left,1.0,g1798
9870ce41cac4,train,/kaggle/input/datasets/deepapaneru/dr-datasets/archive/train_images/train_images/9870ce41cac4.png,0,right,1.0,g1799
9878db94d9f3,train,/kaggle/input/datasets/deepapaneru/dr-datasets/archive/train_images/train_images/9878db94d9f3.png,3,right,0.53,g1800
98d41bce73a8,train,/kaggle/input/datasets/deepapaneru/dr-datasets/archive/train_images/train_images/98d41bce73a8.png,0,right,1.0,g1801
98e44127872f,train,/kaggle/input/datasets/deepapaneru/dr-datasets/archive/train_images/train_images/98e44127872f.png,0,left,1.0,g1802
98e8adcf085c,train,/kaggle/input/datasets/deepapaneru/dr-datasets/archive/train_images/train_images/98e8adcf085c.png,2,left,1.0,g1803
98f48850ebce,train,/kaggle/input/datasets/deepapaneru/dr-datasets/archive/train_images/train_images/98f48850ebce.png,2,uncertain,0.17,g1804
98f7136d2e7a,train,/kaggle/input/datasets/deepapaneru/dr-datasets/archive/train_images/train_images/98f7136d2e7a.png,2,left,1.0,g1805
98fbe56dcc2c,train,/kaggle/input/datasets/deepapaneru/dr-datasets/archive/train_images/train_images/98fbe56dcc2c.png,1,left,0.96,g1806
9904939ab83d,train,/kaggle/input/datasets/deepapaneru/dr-datasets/archive/train_images/train_images/9904939ab83d.png,2,left,1.0,g1807
9910c827e2fe,train,/kaggle/input/datasets/deepapaneru/dr-datasets/archive/train_images/train_images/9910c827e2fe.png,0,left,1.0,g1808
99132193eaa0,train,/kaggle/input/datasets/deepapaneru/dr-datasets/archive/train_images/train_images/99132193eaa0.png,1,left,1.0,g1809
991a0b7a8c87,train,/kaggle/input/datasets/deepapaneru/dr-datasets/archive/train_images/train_images/991a0b7a8c87.png,0,right,1.0,g1810
99240ee00485,train,/kaggle/input/datasets/deepapaneru/dr-datasets/archive/train_images/train_images/99240ee00485.png,0,left,1.0,g1811
992599744a23,train,/kaggle/input/datasets/deepapaneru/dr-datasets/archive/train_images/train_images/992599744a23.png,0,right,1.0,g1812
992b9a07b25f,train,/kaggle/input/datasets/deepapaneru/dr-datasets/archive/train_images/train_images/992b9a07b25f.png,0,right,1.0,g1813
996f57c86ba5,train,/kaggle/input/datasets/deepapaneru/dr-datasets/archive/train_images/train_images/996f57c86ba5.png,3,right,1.0,g1814
996f9bba4ef0,train,/kaggle/input/datasets/deepapaneru/dr-datasets/archive/train_images/train_images/996f9bba4ef0.png,0,right,0.64,g1815
9985375d709f,train,/kaggle/input/datasets/deepapaneru/dr-datasets/archive/train_images/train_images/9985375d709f.png,0,left,1.0,g1456
999115d9386b,train,/kaggle/input/datasets/deepapaneru/dr-datasets/archive/train_images/train_images/999115d9386b.png,2,right,1.0,g1817
999ad827ed35,train,/kaggle/input/datasets/deepapaneru/dr-datasets/archive/train_images/train_images/999ad827ed35.png,0,left,1.0,g1818
99c626e58464,train,/kaggle/input/datasets/deepapaneru/dr-datasets/archive/train_images/train_images/99c626e58464.png,0,right,1.0,g911
99c6a123ed6a,train,/kaggle/input/datasets/deepapaneru/dr-datasets/archive/train_images/train_images/99c6a123ed6a.png,0,right,0.81,g1820
99e8bf998285,train,/kaggle/input/datasets/deepapaneru/dr-datasets/archive/train_images/train_images/99e8bf998285.png,2,left,0.82,g1821
99ecdb41d5e7,train,/kaggle/input/datasets/deepapaneru/dr-datasets/archive/train_images/train_images/99ecdb41d5e7.png,1,uncertain,0.07,g1822
9a1029536d78,train,/kaggle/input/datasets/deepapaneru/dr-datasets/archive/train_images/train_images/9a1029536d78.png,0,right,0.83,g1823
9a159d4674cd,train,/kaggle/input/datasets/deepapaneru/dr-datasets/archive/train_images/train_images/9a159d4674cd.png,0,left,1.0,g1824
9a28d4e8aef0,train,/kaggle/input/datasets/deepapaneru/dr-datasets/archive/train_images/train_images/9a28d4e8aef0.png,2,left,1.0,g1825
9a3109657ac1,train,/kaggle/input/datasets/deepapaneru/dr-datasets/archive/train_images/train_images/9a3109657ac1.png,1,right,0.9,g1826
9a326446c431,train,/kaggle/input/datasets/deepapaneru/dr-datasets/archive/train_images/train_images/9a326446c431.png,0,right,1.0,g1827
9a3c03a5ad0f,train,/kaggle/input/datasets/deepapaneru/dr-datasets/archive/train_images/train_images/9a3c03a5ad0f.png,2,right,1.0,g1828
9a496b1e20f9,train,/kaggle/input/datasets/deepapaneru/dr-datasets/archive/train_images/train_images/9a496b1e20f9.png,4,right,1.0,g1829
9a4f370d341b,train,/kaggle/input/datasets/deepapaneru/dr-datasets/archive/train_images/train_images/9a4f370d341b.png,2,left,1.0,g1830
9a56cfb980ec,train,/kaggle/input/datasets/deepapaneru/dr-datasets/archive/train_images/train_images/9a56cfb980ec.png,0,left,0.99,g1831
9a78c6a7b1c2,train,/kaggle/input/datasets/deepapaneru/dr-datasets/archive/train_images/train_images/9a78c6a7b1c2.png,2,left,1.0,g1832
9a7bd084395e,train,/kaggle/input/datasets/deepapaneru/dr-datasets/archive/train_images/train_images/9a7bd084395e.png,2,right,1.0,g1833
9a94e0316ee3,train,/kaggle/input/datasets/deepapaneru/dr-datasets/archive/train_images/train_images/9a94e0316ee3.png,3,right,1.0,g250
9a9b21215c55,train,/kaggle/input/datasets/deepapaneru/dr-datasets/archive/train_images/train_images/9a9b21215c55.png,2,right,1.0,g1835
9ab18a4a957f,train,/kaggle/input/datasets/deepapaneru/dr-datasets/archive/train_images/train_images/9ab18a4a957f.png,0,right,1.0,g1836
9ac2e3e9fca5,train,/kaggle/input/datasets/deepapaneru/dr-datasets/archive/train_images/train_images/9ac2e3e9fca5.png,0,right,1.0,g1837
9ac41b9a809e,train,/kaggle/input/datasets/deepapaneru/dr-datasets/archive/train_images/train_images/9ac41b9a809e.png,0,right,0.81,g1838
9ad92f1c1542,train,/kaggle/input/datasets/deepapaneru/dr-datasets/archive/train_images/train_images/9ad92f1c1542.png,2,uncertain,0.15,g1839
9ae54843c69a,train,/kaggle/input/datasets/deepapaneru/dr-datasets/archive/train_images/train_images/9ae54843c69a.png,0,left,1.0,g1840
9b093fe95d6b,train,/kaggle/input/datasets/deepapaneru/dr-datasets/archive/train_images/train_images/9b093fe95d6b.png,3,right,1.0,g1841
9b0eb9f41da4,train,/kaggle/input/datasets/deepapaneru/dr-datasets/archive/train_images/train_images/9b0eb9f41da4.png,2,uncertain,0.26,g1842
9b32e8ef0ca0,train,/kaggle/input/datasets/deepapaneru/dr-datasets/archive/train_images/train_images/9b32e8ef0ca0.png,2,right,1.0,g1843
9b418ce42c13,train,/kaggle/input/datasets/deepapaneru/dr-datasets/archive/train_images/train_images/9b418ce42c13.png,2,uncertain,0.07,g1844
9b4fc15df3c8,train,/kaggle/input/datasets/deepapaneru/dr-datasets/archive/train_images/train_images/9b4fc15df3c8.png,0,right,0.92,g1845
9b57e43b44e7,train,/kaggle/input/datasets/deepapaneru/dr-datasets/archive/train_images/train_images/9b57e43b44e7.png,0,left,1.0,g1846
9b70f84400af,train,/kaggle/input/datasets/deepapaneru/dr-datasets/archive/train_images/train_images/9b70f84400af.png,0,right,1.0,g2363
9b7b6e4db1d5,train,/kaggle/input/datasets/deepapaneru/dr-datasets/archive/train_images/train_images/9b7b6e4db1d5.png,2,right,1.0,g1848
9b95d6203406,train,/kaggle/input/datasets/deepapaneru/dr-datasets/archive/train_images/train_images/9b95d6203406.png,2,left,1.0,g1849
9ba469af2980,train,/kaggle/input/datasets/deepapaneru/dr-datasets/archive/train_images/train_images/9ba469af2980.png,0,right,1.0,g1850
9bafbbd152d2,train,/kaggle/input/datasets/deepapaneru/dr-datasets/archive/train_images/train_images/9bafbbd152d2.png,3,right,1.0,g1851
9bbb6c455913,train,/kaggle/input/datasets/deepapaneru/dr-datasets/archive/train_images/train_images/9bbb6c455913.png,0,left,1.0,g1852
9bd008aab548,train,/kaggle/input/datasets/deepapaneru/dr-datasets/archive/train_images/train_images/9bd008aab548.png,0,right,0.99,g1853
9be0683649ff,train,/kaggle/input/datasets/deepapaneru/dr-datasets/archive/train_images/train_images/9be0683649ff.png,0,right,1.0,g1854
9be71d6d7e59,train,/kaggle/input/datasets/deepapaneru/dr-datasets/archive/train_images/train_images/9be71d6d7e59.png,0,right,0.75,g1855
9bf060db8376,train,/kaggle/input/datasets/deepapaneru/dr-datasets/archive/train_images/train_images/9bf060db8376.png,3,right,1.0,g769
9c088d2d1559,train,/kaggle/input/datasets/deepapaneru/dr-datasets/archive/train_images/train_images/9c088d2d1559.png,2,right,0.78,g1857
9c14ce27cbfc,train,/kaggle/input/datasets/deepapaneru/dr-datasets/archive/train_images/train_images/9c14ce27cbfc.png,0,right,1.0,g1858
9c514d2d5b3f,train,/kaggle/input/datasets/deepapaneru/dr-datasets/archive/train_images/train_images/9c514d2d5b3f.png,0,left,1.0,g1053
9c52b87d01f1,train,/kaggle/input/datasets/deepapaneru/dr-datasets/archive/train_images/train_images/9c52b87d01f1.png,3,left,1.0,g1214
9c5dd3612f0c,train,/kaggle/input/datasets/deepapaneru/dr-datasets/archive/train_images/train_images/9c5dd3612f0c.png,2,uncertain,0.03,g1861
9c6512166557,train,/kaggle/input/datasets/deepapaneru/dr-datasets/archive/train_images/train_images/9c6512166557.png,0,left,1.0,g1862
9c72ed6befa0,train,/kaggle/input/datasets/deepapaneru/dr-datasets/archive/train_images/train_images/9c72ed6befa0.png,4,right,1.0,g1863
9c893e16c055,train,/kaggle/input/datasets/deepapaneru/dr-datasets/archive/train_images/train_images/9c893e16c055.png,0,left,0.9,g1864
9cc6b1f9bcbd,train,/kaggle/input/datasets/deepapaneru/dr-datasets/archive/train_images/train_images/9cc6b1f9bcbd.png,4,left,0.91,g1865
9ce46d400cd6,train,/kaggle/input/datasets/deepapaneru/dr-datasets/archive/train_images/train_images/9ce46d400cd6.png,0,right,1.0,g1866
9cedf5c7016b,train,/kaggle/input/datasets/deepapaneru/dr-datasets/archive/train_images/train_images/9cedf5c7016b.png,2,left,0.99,g1867
9cf7c1349673,train,/kaggle/input/datasets/deepapaneru/dr-datasets/archive/train_images/train_images/9cf7c1349673.png,0,right,0.9,g1694
9d1feed37610,train,/kaggle/input/datasets/deepapaneru/dr-datasets/archive/train_images/train_images/9d1feed37610.png,0,left,0.38,g1869
9d62478042b6,train,/kaggle/input/datasets/deepapaneru/dr-datasets/archive/train_images/train_images/9d62478042b6.png,0,left,1.0,g1870
9d74428188bb,train,/kaggle/input/datasets/deepapaneru/dr-datasets/archive/train_images/train_images/9d74428188bb.png,2,right,1.0,g1871
9d75de31f1b8,train,/kaggle/input/datasets/deepapaneru/dr-datasets/archive/train_images/train_images/9d75de31f1b8.png,0,left,1.0,g1872
9d98a0b585f2,train,/kaggle/input/datasets/deepapaneru/dr-datasets/archive/train_images/train_images/9d98a0b585f2.png,2,left,0.72,g1873
9d9bfefa809c,train,/kaggle/input/datasets/deepapaneru/dr-datasets/archive/train_images/train_images/9d9bfefa809c.png,2,right,0.5,g1874
9da74370835a,train,/kaggle/input/datasets/deepapaneru/dr-datasets/archive/train_images/train_images/9da74370835a.png,2,right,1.0,g1875
9dab2e6ba44b,train,/kaggle/input/datasets/deepapaneru/dr-datasets/archive/train_images/train_images/9dab2e6ba44b.png,2,right,1.0,g1876
9de9421f17e3,train,/kaggle/input/datasets/deepapaneru/dr-datasets/archive/train_images/train_images/9de9421f17e3.png,0,left,1.0,g1877
9df31421cdd2,train,/kaggle/input/datasets/deepapaneru/dr-datasets/archive/train_images/train_images/9df31421cdd2.png,2,right,1.0,g1878
9e2058917304,train,/kaggle/input/datasets/deepapaneru/dr-datasets/archive/train_images/train_images/9e2058917304.png,0,right,0.85,g1879
9e2a8135f471,train,/kaggle/input/datasets/deepapaneru/dr-datasets/archive/train_images/train_images/9e2a8135f471.png,0,right,0.67,g1880
9e2ba2b979f1,train,/kaggle/input/datasets/deepapaneru/dr-datasets/archive/train_images/train_images/9e2ba2b979f1.png,0,right,1.0,g1881
9e3510963315,train,/kaggle/input/datasets/deepapaneru/dr-datasets/archive/train_images/train_images/9e3510963315.png,4,left,1.0,g1882
9e5737f771c3,train,/kaggle/input/datasets/deepapaneru/dr-datasets/archive/train_images/train_images/9e5737f771c3.png,0,left,1.0,g1883
9e5ec293267c,train,/kaggle/input/datasets/deepapaneru/dr-datasets/archive/train_images/train_images/9e5ec293267c.png,2,uncertain,0.08,g1884
9e7a63b2fc6a,train,/kaggle/input/datasets/deepapaneru/dr-datasets/archive/train_images/train_images/9e7a63b2fc6a.png,0,left,1.0,g1885
9e99ae6ee7af,train,/kaggle/input/datasets/deepapaneru/dr-datasets/archive/train_images/train_images/9e99ae6ee7af.png,0,right,1.0,g1886
9eaac43744f5,train,/kaggle/input/datasets/deepapaneru/dr-datasets/archive/train_images/train_images/9eaac43744f5.png,2,right,1.0,g449
9eaf735cf01f,train,/kaggle/input/datasets/deepapaneru/dr-datasets/archive/train_images/train_images/9eaf735cf01f.png,1,right,1.0,g1888
9ed666e982cd,train,/kaggle/input/datasets/deepapaneru/dr-datasets/archive/train_images/train_images/9ed666e982cd.png,1,right,0.83,g1889
9ed6c2b25767,train,/kaggle/input/datasets/deepapaneru/dr-datasets/archive/train_images/train_images/9ed6c2b25767.png,0,right,0.83,g1890
9f1b14dfa14c,train,/kaggle/input/datasets/deepapaneru/dr-datasets/archive/train_images/train_images/9f1b14dfa14c.png,0,left,1.0,g563
9f1efb799b7b,train,/kaggle/input/datasets/deepapaneru/dr-datasets/archive/train_images/train_images/9f1efb799b7b.png,2,left,1.0,g1892
9f285b3e57ed,train,/kaggle/input/datasets/deepapaneru/dr-datasets/archive/train_images/train_images/9f285b3e57ed.png,0,right,1.0,g2021
9f37c98b8187,train,/kaggle/input/datasets/deepapaneru/dr-datasets/archive/train_images/train_images/9f37c98b8187.png,3,uncertain,0.29,g1894
9f4132bd6ed6,train,/kaggle/input/datasets/deepapaneru/dr-datasets/archive/train_images/train_images/9f4132bd6ed6.png,2,right,1.0,g1848
9f436886e056,train,/kaggle/input/datasets/deepapaneru/dr-datasets/archive/train_images/train_images/9f436886e056.png,2,right,0.78,g1896
9f5a8665cf2e,train,/kaggle/input/datasets/deepapaneru/dr-datasets/archive/train_images/train_images/9f5a8665cf2e.png,2,right,1.0,g1897
9f8112c710be,train,/kaggle/input/datasets/deepapaneru/dr-datasets/archive/train_images/train_images/9f8112c710be.png,0,left,0.69,g1898
9f935fb38440,train,/kaggle/input/datasets/deepapaneru/dr-datasets/archive/train_images/train_images/9f935fb38440.png,0,right,1.0,g1899
9fa02dfb5553,train,/kaggle/input/datasets/deepapaneru/dr-datasets/archive/train_images/train_images/9fa02dfb5553.png,0,right,0.81,g988
9faad91b6578,train,/kaggle/input/datasets/deepapaneru/dr-datasets/archive/train_images/train_images/9faad91b6578.png,2,left,0.85,g1901
9fab29e69a6b,train,/kaggle/input/datasets/deepapaneru/dr-datasets/archive/train_images/train_images/9fab29e69a6b.png,4,right,1.0,g1902
9fefe2b44795,train,/kaggle/input/datasets/deepapaneru/dr-datasets/archive/train_images/train_images/9fefe2b44795.png,3,left,0.64,g1903
a00b4cb250a7,train,/kaggle/input/datasets/deepapaneru/dr-datasets/archive/train_images/train_images/a00b4cb250a7.png,1,right,1.0,g1904
a01024054596,train,/kaggle/input/datasets/deepapaneru/dr-datasets/archive/train_images/train_images/a01024054596.png,1,right,1.0,g1905
a015ce4f51ad,train,/kaggle/input/datasets/deepapaneru/dr-datasets/archive/train_images/train_images/a015ce4f51ad.png,2,left,1.0,g1906
a01c590c444f,train,/kaggle/input/datasets/deepapaneru/dr-datasets/archive/train_images/train_images/a01c590c444f.png,2,left,1.0,g1907
a0267206d51e,train,/kaggle/input/datasets/deepapaneru/dr-datasets/archive/train_images/train_images/a0267206d51e.png,2,right,1.0,g1908
a02dfd67a925,train,/kaggle/input/datasets/deepapaneru/dr-datasets/archive/train_images/train_images/a02dfd67a925.png,0,right,1.0,g1909
a0445785e2f7,train,/kaggle/input/datasets/deepapaneru/dr-datasets/archive/train_images/train_images/a0445785e2f7.png,0,right,0.57,g1910
a04fb36db784,train,/kaggle/input/datasets/deepapaneru/dr-datasets/archive/train_images/train_images/a04fb36db784.png,2,left,1.0,g1911
a06a63d866b2,train,/kaggle/input/datasets/deepapaneru/dr-datasets/archive/train_images/train_images/a06a63d866b2.png,0,left,0.72,g1912
a06b353e7bed,train,/kaggle/input/datasets/deepapaneru/dr-datasets/archive/train_images/train_images/a06b353e7bed.png,0,left,1.0,g1913
a06e41bd2634,train,/kaggle/input/datasets/deepapaneru/dr-datasets/archive/train_images/train_images/a06e41bd2634.png,2,right,1.0,g1914
a06e5ac695ce,train,/kaggle/input/datasets/deepapaneru/dr-datasets/archive/train_images/train_images/a06e5ac695ce.png,0,left,1.0,g1915
a07d571bf7ba,train,/kaggle/input/datasets/deepapaneru/dr-datasets/archive/train_images/train_images/a07d571bf7ba.png,0,right,0.48,g1916
a07d9a5045cb,train,/kaggle/input/datasets/deepapaneru/dr-datasets/archive/train_images/train_images/a07d9a5045cb.png,0,right,0.49,g1917
a07efb1ecfc0,train,/kaggle/input/datasets/deepapaneru/dr-datasets/archive/train_images/train_images/a07efb1ecfc0.png,0,left,1.0,g1918
a08a0133754a,train,/kaggle/input/datasets/deepapaneru/dr-datasets/archive/train_images/train_images/a08a0133754a.png,0,right,0.72,g1919
a0a0cd8af5a6,train,/kaggle/input/datasets/deepapaneru/dr-datasets/archive/train_images/train_images/a0a0cd8af5a6.png,2,right,1.0,g1920
a0adbe677508,train,/kaggle/input/datasets/deepapaneru/dr-datasets/archive/train_images/train_images/a0adbe677508.png,0,right,0.94,g1921
a0b7ad98df57,train,/kaggle/input/datasets/deepapaneru/dr-datasets/archive/train_images/train_images/a0b7ad98df57.png,0,left,0.73,g1922
a0cd7bffdaa0,train,/kaggle/input/datasets/deepapaneru/dr-datasets/archive/train_images/train_images/a0cd7bffdaa0.png,4,right,1.0,g1923
a0d04a19cf40,train,/kaggle/input/datasets/deepapaneru/dr-datasets/archive/train_images/train_images/a0d04a19cf40.png,2,right,0.92,g1924
a0e635689259,train,/kaggle/input/datasets/deepapaneru/dr-datasets/archive/train_images/train_images/a0e635689259.png,0,right,1.0,g1115
a0fd94e2ad76,train,/kaggle/input/datasets/deepapaneru/dr-datasets/archive/train_images/train_images/a0fd94e2ad76.png,0,left,1.0,g1926
a11bf2edd470,train,/kaggle/input/datasets/deepapaneru/dr-datasets/archive/train_images/train_images/a11bf2edd470.png,4,left,1.0,g1927
a11c62cb3f86,train,/kaggle/input/datasets/deepapaneru/dr-datasets/archive/train_images/train_images/a11c62cb3f86.png,0,left,1.0,g1928
a125377fb985,train,/kaggle/input/datasets/deepapaneru/dr-datasets/archive/train_images/train_images/a125377fb985.png,2,left,1.0,g1929
a12ca80bb8c7,train,/kaggle/input/datasets/deepapaneru/dr-datasets/archive/train_images/train_images/a12ca80bb8c7.png,0,right,1.0,g1930
a14bbd9a583e,train,/kaggle/input/datasets/deepapaneru/dr-datasets/archive/train_images/train_images/a14bbd9a583e.png,3,left,0.59,g1931
a14fcf84bfe1,train,/kaggle/input/datasets/deepapaneru/dr-datasets/archive/train_images/train_images/a14fcf84bfe1.png,3,right,0.7,g1932
a150ff5dfe07,train,/kaggle/input/datasets/deepapaneru/dr-datasets/archive/train_images/train_images/a150ff5dfe07.png,2,left,1.0,g1933
a15470303941,train,/kaggle/input/datasets/deepapaneru/dr-datasets/archive/train_images/train_images/a15470303941.png,2,left,1.0,g1934
a15590a7d774,train,/kaggle/input/datasets/deepapaneru/dr-datasets/archive/train_images/train_images/a15590a7d774.png,2,left,1.0,g1935
a15652b22ab8,train,/kaggle/input/datasets/deepapaneru/dr-datasets/archive/train_images/train_images/a15652b22ab8.png,2,right,1.0,g1843
a1822dd8d05d,train,/kaggle/input/datasets/deepapaneru/dr-datasets/archive/train_images/train_images/a1822dd8d05d.png,0,right,1.0,g1937
a182b5b191de,train,/kaggle/input/datasets/deepapaneru/dr-datasets/archive/train_images/train_images/a182b5b191de.png,4,right,1.0,g1938
a1872f9c0cba,train,/kaggle/input/datasets/deepapaneru/dr-datasets/archive/train_images/train_images/a1872f9c0cba.png,0,right,1.0,g1939
a188c60b93fb,train,/kaggle/input/datasets/deepapaneru/dr-datasets/archive/train_images/train_images/a188c60b93fb.png,0,left,1.0,g1940
a19507501b40,train,/kaggle/input/datasets/deepapaneru/dr-datasets/archive/train_images/train_images/a19507501b40.png,2,left,0.63,g441
a19ecd0a706e,train,/kaggle/input/datasets/deepapaneru/dr-datasets/archive/train_images/train_images/a19ecd0a706e.png,1,right,0.58,g1942
a1b12fdce6c3,train,/kaggle/input/datasets/deepapaneru/dr-datasets/archive/train_images/train_images/a1b12fdce6c3.png,2,left,1.0,g992
a1b28bcbce00,train,/kaggle/input/datasets/deepapaneru/dr-datasets/archive/train_images/train_images/a1b28bcbce00.png,0,left,1.0,g1944
a1e236fbc863,train,/kaggle/input/datasets/deepapaneru/dr-datasets/archive/train_images/train_images/a1e236fbc863.png,0,left,1.0,g1242
a1eb88562239,train,/kaggle/input/datasets/deepapaneru/dr-datasets/archive/train_images/train_images/a1eb88562239.png,0,left,0.85,g1946
a1edf0e66592,train,/kaggle/input/datasets/deepapaneru/dr-datasets/archive/train_images/train_images/a1edf0e66592.png,0,right,0.83,g1947
a1faeb4d5f10,train,/kaggle/input/datasets/deepapaneru/dr-datasets/archive/train_images/train_images/a1faeb4d5f10.png,0,left,0.81,g1948
a2163f0c2af5,train,/kaggle/input/datasets/deepapaneru/dr-datasets/archive/train_images/train_images/a2163f0c2af5.png,0,right,0.77,g1949
a21b37719f9b,train,/kaggle/input/datasets/deepapaneru/dr-datasets/archive/train_images/train_images/a21b37719f9b.png,2,left,1.0,g1950
a247961a5cd9,train,/kaggle/input/datasets/deepapaneru/dr-datasets/archive/train_images/train_images/a247961a5cd9.png,0,right,0.73,g1951
a2696f444ecb,train,/kaggle/input/datasets/deepapaneru/dr-datasets/archive/train_images/train_images/a2696f444ecb.png,1,right,1.0,g1952
a26f50218b84,train,/kaggle/input/datasets/deepapaneru/dr-datasets/archive/train_images/train_images/a26f50218b84.png,0,uncertain,0.19,g1953
a2811f512c1c,train,/kaggle/input/datasets/deepapaneru/dr-datasets/archive/train_images/train_images/a2811f512c1c.png,0,right,0.81,g1954
a28bfb772f50,train,/kaggle/input/datasets/deepapaneru/dr-datasets/archive/train_images/train_images/a28bfb772f50.png,1,right,0.94,g1955
a2ad3da4c7d6,train,/kaggle/input/datasets/deepapaneru/dr-datasets/archive/train_images/train_images/a2ad3da4c7d6.png,2,right,1.0,g1956
a2b97d98f130,train,/kaggle/input/datasets/deepapaneru/dr-datasets/archive/train_images/train_images/a2b97d98f130.png,0,left,1.0,g362
a2b995b81692,train,/kaggle/input/datasets/deepapaneru/dr-datasets/archive/train_images/train_images/a2b995b81692.png,0,right,0.83,g1264
a2d349f567a6,train,/kaggle/input/datasets/deepapaneru/dr-datasets/archive/train_images/train_images/a2d349f567a6.png,2,left,0.91,g1959
a2ddabee14e9,train,/kaggle/input/datasets/deepapaneru/dr-datasets/archive/train_images/train_images/a2ddabee14e9.png,4,left,1.0,g1960
a2dff8dbc9f8,train,/kaggle/input/datasets/deepapaneru/dr-datasets/archive/train_images/train_images/a2dff8dbc9f8.png,0,left,1.0,g1961
a30a143a53a3,train,/kaggle/input/datasets/deepapaneru/dr-datasets/archive/train_images/train_images/a30a143a53a3.png,0,right,1.0,g1962
a3132c8828e4,train,/kaggle/input/datasets/deepapaneru/dr-datasets/archive/train_images/train_images/a3132c8828e4.png,0,left,1.0,g1963
a32886cb31ab,train,/kaggle/input/datasets/deepapaneru/dr-datasets/archive/train_images/train_images/a32886cb31ab.png,1,left,1.0,g1964
a32b5ce3d48a,train,/kaggle/input/datasets/deepapaneru/dr-datasets/archive/train_images/train_images/a32b5ce3d48a.png,4,right,1.0,g1965
a3475dc3ac80,train,/kaggle/input/datasets/deepapaneru/dr-datasets/archive/train_images/train_images/a3475dc3ac80.png,2,right,1.0,g1966
a34fc5376669,train,/kaggle/input/datasets/deepapaneru/dr-datasets/archive/train_images/train_images/a34fc5376669.png,0,right,1.0,g1967
a3706ce27869,train,/kaggle/input/datasets/deepapaneru/dr-datasets/archive/train_images/train_images/a3706ce27869.png,2,right,0.6,g1968
a3802934bad7,train,/kaggle/input/datasets/deepapaneru/dr-datasets/archive/train_images/train_images/a3802934bad7.png,2,uncertain,0.07,g1969
a384e688e228,train,/kaggle/input/datasets/deepapaneru/dr-datasets/archive/train_images/train_images/a384e688e228.png,0,left,1.0,g1970
a386ec9aabde,train,/kaggle/input/datasets/deepapaneru/dr-datasets/archive/train_images/train_images/a386ec9aabde.png,2,right,0.96,g1971
a3957df90a78,train,/kaggle/input/datasets/deepapaneru/dr-datasets/archive/train_images/train_images/a3957df90a78.png,2,left,1.0,g1972
a3ad6c2db6f1,train,/kaggle/input/datasets/deepapaneru/dr-datasets/archive/train_images/train_images/a3ad6c2db6f1.png,1,left,1.0,g1973
a3b2e93d058b,train,/kaggle/input/datasets/deepapaneru/dr-datasets/archive/train_images/train_images/a3b2e93d058b.png,2,right,1.0,g518
a3bd2e034614,train,/kaggle/input/datasets/deepapaneru/dr-datasets/archive/train_images/train_images/a3bd2e034614.png,0,left,1.0,g1975
a3d2a0c4cd17,train,/kaggle/input/datasets/deepapaneru/dr-datasets/archive/train_images/train_images/a3d2a0c4cd17.png,1,left,0.56,g1976
a3fcf42ff56d,train,/kaggle/input/datasets/deepapaneru/dr-datasets/archive/train_images/train_images/a3fcf42ff56d.png,4,right,1.0,g1977
a4012932e18d,train,/kaggle/input/datasets/deepapaneru/dr-datasets/archive/train_images/train_images/a4012932e18d.png,0,left,1.0,g1690
a419fcb2dfb5,train,/kaggle/input/datasets/deepapaneru/dr-datasets/archive/train_images/train_images/a419fcb2dfb5.png,0,right,1.0,g1979
a4359815f152,train,/kaggle/input/datasets/deepapaneru/dr-datasets/archive/train_images/train_images/a4359815f152.png,2,right,0.71,g1980
a44345b27804,train,/kaggle/input/datasets/deepapaneru/dr-datasets/archive/train_images/train_images/a44345b27804.png,0,left,0.57,g1981
a443c4fd489c,train,/kaggle/input/datasets/deepapaneru/dr-datasets/archive/train_images/train_images/a443c4fd489c.png,1,right,1.0,g1982
a45c30da0c72,train,/kaggle/input/datasets/deepapaneru/dr-datasets/archive/train_images/train_images/a45c30da0c72.png,0,left,1.0,g1983
a45d77edf8d9,train,/kaggle/input/datasets/deepapaneru/dr-datasets/archive/train_images/train_images/a45d77edf8d9.png,2,left,1.0,g1984
a47432cd41e7,train,/kaggle/input/datasets/deepapaneru/dr-datasets/archive/train_images/train_images/a47432cd41e7.png,1,left,1.0,g65
a476fd984005,train,/kaggle/input/datasets/deepapaneru/dr-datasets/archive/train_images/train_images/a476fd984005.png,2,left,1.0,g1986
a47878630dc2,train,/kaggle/input/datasets/deepapaneru/dr-datasets/archive/train_images/train_images/a47878630dc2.png,2,right,1.0,g1987
a484bdf85b4c,train,/kaggle/input/datasets/deepapaneru/dr-datasets/archive/train_images/train_images/a484bdf85b4c.png,0,left,0.98,g1988
a49b0b4484ea,train,/kaggle/input/datasets/deepapaneru/dr-datasets/archive/train_images/train_images/a49b0b4484ea.png,2,left,0.87,g1989
a4b8de38eac1,train,/kaggle/input/datasets/deepapaneru/dr-datasets/archive/train_images/train_images/a4b8de38eac1.png,3,left,0.95,g1990
a4d41c495666,train,/kaggle/input/datasets/deepapaneru/dr-datasets/archive/train_images/train_images/a4d41c495666.png,2,left,1.0,g1991
a4d4b69f7404,train,/kaggle/input/datasets/deepapaneru/dr-datasets/archive/train_images/train_images/a4d4b69f7404.png,3,left,1.0,g1992
a4ee03ecff60,train,/kaggle/input/datasets/deepapaneru/dr-datasets/archive/train_images/train_images/a4ee03ecff60.png,0,left,1.0,g1993
a505981d1cab,train,/kaggle/input/datasets/deepapaneru/dr-datasets/archive/train_images/train_images/a505981d1cab.png,2,left,0.86,g1994
a528be013a04,train,/kaggle/input/datasets/deepapaneru/dr-datasets/archive/train_images/train_images/a528be013a04.png,0,left,1.0,g1995
a53d6d2472a6,train,/kaggle/input/datasets/deepapaneru/dr-datasets/archive/train_images/train_images/a53d6d2472a6.png,0,left,1.0,g1456
a56230242a95,train,/kaggle/input/datasets/deepapaneru/dr-datasets/archive/train_images/train_images/a56230242a95.png,2,left,1.0,g23
a56729de89e9,train,/kaggle/input/datasets/deepapaneru/dr-datasets/archive/train_images/train_images/a56729de89e9.png,2,right,1.0,g1998
a5a2a7003d60,train,/kaggle/input/datasets/deepapaneru/dr-datasets/archive/train_images/train_images/a5a2a7003d60.png,1,right,1.0,g1999
a5bb85afc6e8,train,/kaggle/input/datasets/deepapaneru/dr-datasets/archive/train_images/train_images/a5bb85afc6e8.png,0,right,0.67,g2000
a5c9a8c726b2,train,/kaggle/input/datasets/deepapaneru/dr-datasets/archive/train_images/train_images/a5c9a8c726b2.png,4,left,0.99,g2001
a61723fc38c2,train,/kaggle/input/datasets/deepapaneru/dr-datasets/archive/train_images/train_images/a61723fc38c2.png,0,right,0.99,g2363
a627eb8c08c5,train,/kaggle/input/datasets/deepapaneru/dr-datasets/archive/train_images/train_images/a627eb8c08c5.png,0,left,1.0,g2003
a62e995f167c,train,/kaggle/input/datasets/deepapaneru/dr-datasets/archive/train_images/train_images/a62e995f167c.png,0,left,1.0,g2004
a62ea0043aa7,train,/kaggle/input/datasets/deepapaneru/dr-datasets/archive/train_images/train_images/a62ea0043aa7.png,2,left,1.0,g2005
a6356a3c5d11,train,/kaggle/input/datasets/deepapaneru/dr-datasets/archive/train_images/train_images/a6356a3c5d11.png,0,left,0.74,g2006
a64273801bde,train,/kaggle/input/datasets/deepapaneru/dr-datasets/archive/train_images/train_images/a64273801bde.png,2,right,0.59,g2007
a646c084928c,train,/kaggle/input/datasets/deepapaneru/dr-datasets/archive/train_images/train_images/a646c084928c.png,0,right,0.81,g2008
a654b25124c3,train,/kaggle/input/datasets/deepapaneru/dr-datasets/archive/train_images/train_images/a654b25124c3.png,0,left,0.35,g2009
a664d2055886,train,/kaggle/input/datasets/deepapaneru/dr-datasets/archive/train_images/train_images/a664d2055886.png,2,uncertain,0.21,g2010
a66c3165876f,train,/kaggle/input/datasets/deepapaneru/dr-datasets/archive/train_images/train_images/a66c3165876f.png,2,left,1.0,g2011
a673193cd5a9,train,/kaggle/input/datasets/deepapaneru/dr-datasets/archive/train_images/train_images/a673193cd5a9.png,0,right,0.88,g2012
a6731dd737af,train,/kaggle/input/datasets/deepapaneru/dr-datasets/archive/train_images/train_images/a6731dd737af.png,0,left,0.93,g2013
a688f20f8895,train,/kaggle/input/datasets/deepapaneru/dr-datasets/archive/train_images/train_images/a688f20f8895.png,2,left,1.0,g2014
a6b6d27c1b32,train,/kaggle/input/datasets/deepapaneru/dr-datasets/archive/train_images/train_images/a6b6d27c1b32.png,0,left,1.0,g2015
a6c9e96a10d7,train,/kaggle/input/datasets/deepapaneru/dr-datasets/archive/train_images/train_images/a6c9e96a10d7.png,2,left,1.0,g2016
a6d45de20e4d,train,/kaggle/input/datasets/deepapaneru/dr-datasets/archive/train_images/train_images/a6d45de20e4d.png,4,right,0.8,g2017
a70d0f12a641,train,/kaggle/input/datasets/deepapaneru/dr-datasets/archive/train_images/train_images/a70d0f12a641.png,0,right,0.94,g2018
a721efb1e049,train,/kaggle/input/datasets/deepapaneru/dr-datasets/archive/train_images/train_images/a721efb1e049.png,2,right,1.0,g2019
a73c3d516c59,train,/kaggle/input/datasets/deepapaneru/dr-datasets/archive/train_images/train_images/a73c3d516c59.png,0,right,1.0,g2020
a73d012c4c38,train,/kaggle/input/datasets/deepapaneru/dr-datasets/archive/train_images/train_images/a73d012c4c38.png,0,right,1.0,g2021
a75bab2463d4,train,/kaggle/input/datasets/deepapaneru/dr-datasets/archive/train_images/train_images/a75bab2463d4.png,1,right,0.62,g2022
a76132e79688,train,/kaggle/input/datasets/deepapaneru/dr-datasets/archive/train_images/train_images/a76132e79688.png,0,right,1.0,g1400
a763661f98a5,train,/kaggle/input/datasets/deepapaneru/dr-datasets/archive/train_images/train_images/a763661f98a5.png,3,right,0.42,g2024
a7673ac44509,train,/kaggle/input/datasets/deepapaneru/dr-datasets/archive/train_images/train_images/a7673ac44509.png,0,left,0.99,g2025
a76b69e443ce,train,/kaggle/input/datasets/deepapaneru/dr-datasets/archive/train_images/train_images/a76b69e443ce.png,4,left,1.0,g2026
a77dbec966d4,train,/kaggle/input/datasets/deepapaneru/dr-datasets/archive/train_images/train_images/a77dbec966d4.png,1,left,1.0,g2027
a77eb914b383,train,/kaggle/input/datasets/deepapaneru/dr-datasets/archive/train_images/train_images/a77eb914b383.png,0,uncertain,0.02,g2028
a790a3b36390,train,/kaggle/input/datasets/deepapaneru/dr-datasets/archive/train_images/train_images/a790a3b36390.png,2,right,1.0,g2029
a7b03e58a6e1,train,/kaggle/input/datasets/deepapaneru/dr-datasets/archive/train_images/train_images/a7b03e58a6e1.png,0,left,1.0,g2030
a7b0d0c51731,train,/kaggle/input/datasets/deepapaneru/dr-datasets/archive/train_images/train_images/a7b0d0c51731.png,2,uncertain,0.05,g32
a7b7dc8788b9,train,/kaggle/input/datasets/deepapaneru/dr-datasets/archive/train_images/train_images/a7b7dc8788b9.png,2,left,1.0,g2032
a7c10ca6c117,train,/kaggle/input/datasets/deepapaneru/dr-datasets/archive/train_images/train_images/a7c10ca6c117.png,0,right,0.77,g2033
a7ec056502e7,train,/kaggle/input/datasets/deepapaneru/dr-datasets/archive/train_images/train_images/a7ec056502e7.png,1,right,1.0,g2034
a804cef3e51f,train,/kaggle/input/datasets/deepapaneru/dr-datasets/archive/train_images/train_images/a804cef3e51f.png,2,left,1.0,g2035
a80dab8eddf4,train,/kaggle/input/datasets/deepapaneru/dr-datasets/archive/train_images/train_images/a80dab8eddf4.png,3,left,1.0,g2036
a81b06f50612,train,/kaggle/input/datasets/deepapaneru/dr-datasets/archive/train_images/train_images/a81b06f50612.png,4,left,0.56,g2037
a821b6ecef33,train,/kaggle/input/datasets/deepapaneru/dr-datasets/archive/train_images/train_images/a821b6ecef33.png,0,left,1.0,g2038
a8263d248523,train,/kaggle/input/datasets/deepapaneru/dr-datasets/archive/train_images/train_images/a8263d248523.png,0,right,1.0,g2039
a82a12ad3fb1,train,/kaggle/input/datasets/deepapaneru/dr-datasets/archive/train_images/train_images/a82a12ad3fb1.png,0,left,1.0,g2040
a8582e346df0,train,/kaggle/input/datasets/deepapaneru/dr-datasets/archive/train_images/train_images/a8582e346df0.png,1,right,1.0,g1364
a85cda5f725d,train,/kaggle/input/datasets/deepapaneru/dr-datasets/archive/train_images/train_images/a85cda5f725d.png,0,right,0.88,g24
a86128b601a7,train,/kaggle/input/datasets/deepapaneru/dr-datasets/archive/train_images/train_images/a86128b601a7.png,0,right,0.98,g2363
a8652b2de23f,train,/kaggle/input/datasets/deepapaneru/dr-datasets/archive/train_images/train_images/a8652b2de23f.png,2,right,1.0,g2044
a86c6283fd78,train,/kaggle/input/datasets/deepapaneru/dr-datasets/archive/train_images/train_images/a86c6283fd78.png,2,right,1.0,g2045
a879c3569552,train,/kaggle/input/datasets/deepapaneru/dr-datasets/archive/train_images/train_images/a879c3569552.png,2,right,1.0,g2046
a87f53bc984a,train,/kaggle/input/datasets/deepapaneru/dr-datasets/archive/train_images/train_images/a87f53bc984a.png,2,left,1.0,g2047
a88365134c3c,train,/kaggle/input/datasets/deepapaneru/dr-datasets/archive/train_images/train_images/a88365134c3c.png,0,right,0.81,g2048
a8854768549f,train,/kaggle/input/datasets/deepapaneru/dr-datasets/archive/train_images/train_images/a8854768549f.png,0,right,1.0,g2049
a88f68b0b114,train,/kaggle/input/datasets/deepapaneru/dr-datasets/archive/train_images/train_images/a88f68b0b114.png,2,left,1.0,g2050
a8a6588c8eb7,train,/kaggle/input/datasets/deepapaneru/dr-datasets/archive/train_images/train_images/a8a6588c8eb7.png,0,uncertain,0.29,g2051
a8aed92940fb,train,/kaggle/input/datasets/deepapaneru/dr-datasets/archive/train_images/train_images/a8aed92940fb.png,0,right,0.9,g2052
a8b3c0961d42,train,/kaggle/input/datasets/deepapaneru/dr-datasets/archive/train_images/train_images/a8b3c0961d42.png,0,left,1.0,g1257
a8b637abd96b,train,/kaggle/input/datasets/deepapaneru/dr-datasets/archive/train_images/train_images/a8b637abd96b.png,0,right,1.0,g2054
a8c54e2a4b79,train,/kaggle/input/datasets/deepapaneru/dr-datasets/archive/train_images/train_images/a8c54e2a4b79.png,1,left,1.0,g2055
a8c950a99107,train,/kaggle/input/datasets/deepapaneru/dr-datasets/archive/train_images/train_images/a8c950a99107.png,1,left,1.0,g2056
a8c9fcdbc0be,train,/kaggle/input/datasets/deepapaneru/dr-datasets/archive/train_images/train_images/a8c9fcdbc0be.png,0,left,1.0,g2057
a8dea22ef903,train,/kaggle/input/datasets/deepapaneru/dr-datasets/archive/train_images/train_images/a8dea22ef903.png,0,right,0.77,g945
a8e08e7fe016,train,/kaggle/input/datasets/deepapaneru/dr-datasets/archive/train_images/train_images/a8e08e7fe016.png,2,uncertain,0.04,g2059
a8e88d4891c4,train,/kaggle/input/datasets/deepapaneru/dr-datasets/archive/train_images/train_images/a8e88d4891c4.png,3,uncertain,0.01,g299
a8eb35b3bcd2,train,/kaggle/input/datasets/deepapaneru/dr-datasets/archive/train_images/train_images/a8eb35b3bcd2.png,2,right,1.0,g2061
a93f1ea3ff4a,train,/kaggle/input/datasets/deepapaneru/dr-datasets/archive/train_images/train_images/a93f1ea3ff4a.png,2,left,1.0,g2062
a94da3d3b5c0,train,/kaggle/input/datasets/deepapaneru/dr-datasets/archive/train_images/train_images/a94da3d3b5c0.png,0,right,1.0,g2063
a95858e052d6,train,/kaggle/input/datasets/deepapaneru/dr-datasets/archive/train_images/train_images/a95858e052d6.png,1,left,1.0,g715
a95d9d61ddd4,train,/kaggle/input/datasets/deepapaneru/dr-datasets/archive/train_images/train_images/a95d9d61ddd4.png,0,right,1.0,g2065
a963ac561580,train,/kaggle/input/datasets/deepapaneru/dr-datasets/archive/train_images/train_images/a963ac561580.png,0,left,0.73,g2066
a96ff96bbae5,train,/kaggle/input/datasets/deepapaneru/dr-datasets/archive/train_images/train_images/a96ff96bbae5.png,0,right,0.91,g2067
a987aa7aac37,train,/kaggle/input/datasets/deepapaneru/dr-datasets/archive/train_images/train_images/a987aa7aac37.png,0,right,0.78,g2068
a9a28c37c8c4,train,/kaggle/input/datasets/deepapaneru/dr-datasets/archive/train_images/train_images/a9a28c37c8c4.png,2,left,0.99,g2069
a9a3225cf4b5,train,/kaggle/input/datasets/deepapaneru/dr-datasets/archive/train_images/train_images/a9a3225cf4b5.png,0,left,1.0,g2070
a9b3177f01c0,train,/kaggle/input/datasets/deepapaneru/dr-datasets/archive/train_images/train_images/a9b3177f01c0.png,0,right,1.0,g1670
a9bc2f892cb3,train,/kaggle/input/datasets/deepapaneru/dr-datasets/archive/train_images/train_images/a9bc2f892cb3.png,0,right,0.88,g2072
a9c7b83caf81,train,/kaggle/input/datasets/deepapaneru/dr-datasets/archive/train_images/train_images/a9c7b83caf81.png,2,right,1.0,g2073
a9d0c900b6a9,train,/kaggle/input/datasets/deepapaneru/dr-datasets/archive/train_images/train_images/a9d0c900b6a9.png,2,uncertain,0.13,g2074
a9dc80cba9a4,train,/kaggle/input/datasets/deepapaneru/dr-datasets/archive/train_images/train_images/a9dc80cba9a4.png,0,right,1.0,g2075
a9e3d186cd1b,train,/kaggle/input/datasets/deepapaneru/dr-datasets/archive/train_images/train_images/a9e3d186cd1b.png,0,right,1.0,g2076
a9e984b57556,train,/kaggle/input/datasets/deepapaneru/dr-datasets/archive/train_images/train_images/a9e984b57556.png,3,left,1.0,g996
aa0afc41ed19,train,/kaggle/input/datasets/deepapaneru/dr-datasets/archive/train_images/train_images/aa0afc41ed19.png,2,right,1.0,g2078
aa10a4b2e709,train,/kaggle/input/datasets/deepapaneru/dr-datasets/archive/train_images/train_images/aa10a4b2e709.png,0,right,0.75,g2079
aa31bc6b8f4d,train,/kaggle/input/datasets/deepapaneru/dr-datasets/archive/train_images/train_images/aa31bc6b8f4d.png,2,right,1.0,g2080
aa4407aab872,train,/kaggle/input/datasets/deepapaneru/dr-datasets/archive/train_images/train_images/aa4407aab872.png,0,left,0.57,g2081
aa5ce75edcf5,train,/kaggle/input/datasets/deepapaneru/dr-datasets/archive/train_images/train_images/aa5ce75edcf5.png,2,left,1.0,g2082
aa60813e1a8d,train,/kaggle/input/datasets/deepapaneru/dr-datasets/archive/train_images/train_images/aa60813e1a8d.png,0,right,1.0,g2083
aa6242f9e08c,train,/kaggle/input/datasets/deepapaneru/dr-datasets/archive/train_images/train_images/aa6242f9e08c.png,0,right,0.49,g2084
aa6673241154,train,/kaggle/input/datasets/deepapaneru/dr-datasets/archive/train_images/train_images/aa6673241154.png,4,right,0.63,g2085
aa841de1ee82,train,/kaggle/input/datasets/deepapaneru/dr-datasets/archive/train_images/train_images/aa841de1ee82.png,2,left,1.0,g2086
aa8a1e814811,train,/kaggle/input/datasets/deepapaneru/dr-datasets/archive/train_images/train_images/aa8a1e814811.png,0,left,0.93,g2087
aa94cc4bfd84,train,/kaggle/input/datasets/deepapaneru/dr-datasets/archive/train_images/train_images/aa94cc4bfd84.png,0,left,0.8,g2088
aa9b8f05f4bf,train,/kaggle/input/datasets/deepapaneru/dr-datasets/archive/train_images/train_images/aa9b8f05f4bf.png,2,right,1.0,g2089
aa9cfe639ef1,train,/kaggle/input/datasets/deepapaneru/dr-datasets/archive/train_images/train_images/aa9cfe639ef1.png,2,right,1.0,g2090
aaaadb174012,train,/kaggle/input/datasets/deepapaneru/dr-datasets/archive/train_images/train_images/aaaadb174012.png,0,right,0.75,g2091
aabd867043cf,train,/kaggle/input/datasets/deepapaneru/dr-datasets/archive/train_images/train_images/aabd867043cf.png,0,left,1.0,g2092
aad0c0ee9268,train,/kaggle/input/datasets/deepapaneru/dr-datasets/archive/train_images/train_images/aad0c0ee9268.png,2,right,0.67,g2093
aae8f9f3ef8c,train,/kaggle/input/datasets/deepapaneru/dr-datasets/archive/train_images/train_images/aae8f9f3ef8c.png,3,right,0.96,g2094
aafb0c944f14,train,/kaggle/input/datasets/deepapaneru/dr-datasets/archive/train_images/train_images/aafb0c944f14.png,0,left,1.0,g2095
aafe980edd0c,train,/kaggle/input/datasets/deepapaneru/dr-datasets/archive/train_images/train_images/aafe980edd0c.png,0,left,0.99,g479
ab03d50bba2f,train,/kaggle/input/datasets/deepapaneru/dr-datasets/archive/train_images/train_images/ab03d50bba2f.png,0,left,1.0,g2097
ab1c20a94f3f,train,/kaggle/input/datasets/deepapaneru/dr-datasets/archive/train_images/train_images/ab1c20a94f3f.png,4,left,0.63,g2098
ab32db41c409,train,/kaggle/input/datasets/deepapaneru/dr-datasets/archive/train_images/train_images/ab32db41c409.png,0,left,1.0,g2099
ab3c505b624f,train,/kaggle/input/datasets/deepapaneru/dr-datasets/archive/train_images/train_images/ab3c505b624f.png,0,left,1.0,g2100
ab50123abadb,train,/kaggle/input/datasets/deepapaneru/dr-datasets/archive/train_images/train_images/ab50123abadb.png,2,uncertain,0.19,g1452
ab653b8554c0,train,/kaggle/input/datasets/deepapaneru/dr-datasets/archive/train_images/train_images/ab653b8554c0.png,0,right,1.0,g2102
ab686895533e,train,/kaggle/input/datasets/deepapaneru/dr-datasets/archive/train_images/train_images/ab686895533e.png,0,left,1.0,g2103
ab724603ee93,train,/kaggle/input/datasets/deepapaneru/dr-datasets/archive/train_images/train_images/ab724603ee93.png,0,left,0.64,g2104
ab78a66dee6a,train,/kaggle/input/datasets/deepapaneru/dr-datasets/archive/train_images/train_images/ab78a66dee6a.png,0,left,0.68,g2105
ab7991df166b,train,/kaggle/input/datasets/deepapaneru/dr-datasets/archive/train_images/train_images/ab7991df166b.png,0,uncertain,0.14,g2106
ab88081e5654,train,/kaggle/input/datasets/deepapaneru/dr-datasets/archive/train_images/train_images/ab88081e5654.png,0,left,1.0,g2107
aba3063c5413,train,/kaggle/input/datasets/deepapaneru/dr-datasets/archive/train_images/train_images/aba3063c5413.png,3,left,1.0,g2108
ababe19ed448,train,/kaggle/input/datasets/deepapaneru/dr-datasets/archive/train_images/train_images/ababe19ed448.png,1,right,0.89,g2109
abbb8791785e,train,/kaggle/input/datasets/deepapaneru/dr-datasets/archive/train_images/train_images/abbb8791785e.png,0,right,0.78,g2110
abdb365cacbc,train,/kaggle/input/datasets/deepapaneru/dr-datasets/archive/train_images/train_images/abdb365cacbc.png,1,right,1.0,g2111
abe940882578,train,/kaggle/input/datasets/deepapaneru/dr-datasets/archive/train_images/train_images/abe940882578.png,0,left,1.0,g2112
abf09c44d5f4,train,/kaggle/input/datasets/deepapaneru/dr-datasets/archive/train_images/train_images/abf09c44d5f4.png,2,left,0.72,g715
abf0f56c6f12,train,/kaggle/input/datasets/deepapaneru/dr-datasets/archive/train_images/train_images/abf0f56c6f12.png,2,left,1.0,g2114
ac0a48ccbf70,train,/kaggle/input/datasets/deepapaneru/dr-datasets/archive/train_images/train_images/ac0a48ccbf70.png,0,left,1.0,g1257
ac1667fac512,train,/kaggle/input/datasets/deepapaneru/dr-datasets/archive/train_images/train_images/ac1667fac512.png,0,left,0.73,g935
ac17cc18a994,train,/kaggle/input/datasets/deepapaneru/dr-datasets/archive/train_images/train_images/ac17cc18a994.png,0,left,0.93,g2117
ac2c814949f9,train,/kaggle/input/datasets/deepapaneru/dr-datasets/archive/train_images/train_images/ac2c814949f9.png,2,uncertain,0.06,g2118
ac5b5dddf91b,train,/kaggle/input/datasets/deepapaneru/dr-datasets/archive/train_images/train_images/ac5b5dddf91b.png,2,uncertain,0.21,g2119
ac720570dd0f,train,/kaggle/input/datasets/deepapaneru/dr-datasets/archive/train_images/train_images/ac720570dd0f.png,2,right,1.0,g2120
ac81fc200162,train,/kaggle/input/datasets/deepapaneru/dr-datasets/archive/train_images/train_images/ac81fc200162.png,0,right,1.0,g2121
aca88f566228,train,/kaggle/input/datasets/deepapaneru/dr-datasets/archive/train_images/train_images/aca88f566228.png,2,right,0.51,g2122
acc9f29538c4,train,/kaggle/input/datasets/deepapaneru/dr-datasets/archive/train_images/train_images/acc9f29538c4.png,2,right,1.0,g2123
ace2281f00c4,train,/kaggle/input/datasets/deepapaneru/dr-datasets/archive/train_images/train_images/ace2281f00c4.png,0,right,1.0,g2124
ace287a5c991,train,/kaggle/input/datasets/deepapaneru/dr-datasets/archive/train_images/train_images/ace287a5c991.png,0,right,0.77,g2125
acf976efd7ce,train,/kaggle/input/datasets/deepapaneru/dr-datasets/archive/train_images/train_images/acf976efd7ce.png,0,right,1.0,g2021
ad029ba7fa8b,train,/kaggle/input/datasets/deepapaneru/dr-datasets/archive/train_images/train_images/ad029ba7fa8b.png,0,right,1.0,g2127
ad12cde115ab,train,/kaggle/input/datasets/deepapaneru/dr-datasets/archive/train_images/train_images/ad12cde115ab.png,0,right,1.0,g2128
ad1aa75d5630,train,/kaggle/input/datasets/deepapaneru/dr-datasets/archive/train_images/train_images/ad1aa75d5630.png,0,left,0.8,g2129
ad1f7445b1a8,train,/kaggle/input/datasets/deepapaneru/dr-datasets/archive/train_images/train_images/ad1f7445b1a8.png,1,right,0.72,g2130
ad20080452de,train,/kaggle/input/datasets/deepapaneru/dr-datasets/archive/train_images/train_images/ad20080452de.png,0,right,0.96,g2131
ad2f0b9d059c,train,/kaggle/input/datasets/deepapaneru/dr-datasets/archive/train_images/train_images/ad2f0b9d059c.png,3,left,1.0,g2132
ad312ca98202,train,/kaggle/input/datasets/deepapaneru/dr-datasets/archive/train_images/train_images/ad312ca98202.png,0,left,0.6,g2133
ad3fc5076852,train,/kaggle/input/datasets/deepapaneru/dr-datasets/archive/train_images/train_images/ad3fc5076852.png,1,right,1.0,g2134
ad570b850a4f,train,/kaggle/input/datasets/deepapaneru/dr-datasets/archive/train_images/train_images/ad570b850a4f.png,2,left,0.35,g2135
ad6b07d5c338,train,/kaggle/input/datasets/deepapaneru/dr-datasets/archive/train_images/train_images/ad6b07d5c338.png,0,right,1.0,g2136
ad93d88c87ea,train,/kaggle/input/datasets/deepapaneru/dr-datasets/archive/train_images/train_images/ad93d88c87ea.png,0,left,0.95,g2137
ad944bd56bb6,train,/kaggle/input/datasets/deepapaneru/dr-datasets/archive/train_images/train_images/ad944bd56bb6.png,0,right,1.0,g2138
adb56cecafaf,train,/kaggle/input/datasets/deepapaneru/dr-datasets/archive/train_images/train_images/adb56cecafaf.png,3,right,0.73,g2139
add1d681d712,train,/kaggle/input/datasets/deepapaneru/dr-datasets/archive/train_images/train_images/add1d681d712.png,2,left,1.0,g2140
addf66a50f42,train,/kaggle/input/datasets/deepapaneru/dr-datasets/archive/train_images/train_images/addf66a50f42.png,0,right,0.65,g2141
ae1344610ebe,train,/kaggle/input/datasets/deepapaneru/dr-datasets/archive/train_images/train_images/ae1344610ebe.png,2,left,1.0,g2142
ae20112e7a1e,train,/kaggle/input/datasets/deepapaneru/dr-datasets/archive/train_images/train_images/ae20112e7a1e.png,0,left,1.0,g2143
ae2c3f6312ef,train,/kaggle/input/datasets/deepapaneru/dr-datasets/archive/train_images/train_images/ae2c3f6312ef.png,0,left,1.0,g2144
ae2e888905ba,train,/kaggle/input/datasets/deepapaneru/dr-datasets/archive/train_images/train_images/ae2e888905ba.png,0,right,1.0,g2145
ae49cc60f251,train,/kaggle/input/datasets/deepapaneru/dr-datasets/archive/train_images/train_images/ae49cc60f251.png,0,left,0.4,g2146
ae57c8630249,train,/kaggle/input/datasets/deepapaneru/dr-datasets/archive/train_images/train_images/ae57c8630249.png,0,right,0.88,g2147
ae58ccb5905e,train,/kaggle/input/datasets/deepapaneru/dr-datasets/archive/train_images/train_images/ae58ccb5905e.png,0,left,0.83,g2148
ae5d31979f19,train,/kaggle/input/datasets/deepapaneru/dr-datasets/archive/train_images/train_images/ae5d31979f19.png,0,right,1.0,g2149
ae61e19fb766,train,/kaggle/input/datasets/deepapaneru/dr-datasets/archive/train_images/train_images/ae61e19fb766.png,0,left,1.0,g2150
ae8424cdb029,train,/kaggle/input/datasets/deepapaneru/dr-datasets/archive/train_images/train_images/ae8424cdb029.png,2,right,0.68,g2151
ae8472f8d310,train,/kaggle/input/datasets/deepapaneru/dr-datasets/archive/train_images/train_images/ae8472f8d310.png,1,right,1.0,g2152
ae94ce412de9,train,/kaggle/input/datasets/deepapaneru/dr-datasets/archive/train_images/train_images/ae94ce412de9.png,0,right,1.0,g2153
ae975c43bd8b,train,/kaggle/input/datasets/deepapaneru/dr-datasets/archive/train_images/train_images/ae975c43bd8b.png,0,right,0.54,g2154
aea59ebec445,train,/kaggle/input/datasets/deepapaneru/dr-datasets/archive/train_images/train_images/aea59ebec445.png,3,uncertain,0.08,g2155
aeab0a63bcaf,train,/kaggle/input/datasets/deepapaneru/dr-datasets/archive/train_images/train_images/aeab0a63bcaf.png,0,left,1.0,g2156
aeb6f4fd2eed,train,/kaggle/input/datasets/deepapaneru/dr-datasets/archive/train_images/train_images/aeb6f4fd2eed.png,0,right,1.0,g2157
aebe87a423c8,train,/kaggle/input/datasets/deepapaneru/dr-datasets/archive/train_images/train_images/aebe87a423c8.png,0,right,1.0,g2158
aec51513cf45,train,/kaggle/input/datasets/deepapaneru/dr-datasets/archive/train_images/train_images/aec51513cf45.png,0,left,1.0,g2159
aeccef0bdc26,train,/kaggle/input/datasets/deepapaneru/dr-datasets/archive/train_images/train_images/aeccef0bdc26.png,0,left,0.64,g2160
aed4e743c230,train,/kaggle/input/datasets/deepapaneru/dr-datasets/archive/train_images/train_images/aed4e743c230.png,2,left,1.0,g2161
aeed1f251ceb,train,/kaggle/input/datasets/deepapaneru/dr-datasets/archive/train_images/train_images/aeed1f251ceb.png,4,uncertain,0.26,g2162
aef9016557ca,train,/kaggle/input/datasets/deepapaneru/dr-datasets/archive/train_images/train_images/aef9016557ca.png,2,right,1.0,g2163
af133a85ea0c,train,/kaggle/input/datasets/deepapaneru/dr-datasets/archive/train_images/train_images/af133a85ea0c.png,1,right,0.88,g2164
af345c68e836,train,/kaggle/input/datasets/deepapaneru/dr-datasets/archive/train_images/train_images/af345c68e836.png,0,right,1.0,g2165
af3b0115aad1,train,/kaggle/input/datasets/deepapaneru/dr-datasets/archive/train_images/train_images/af3b0115aad1.png,3,left,1.0,g2166
af5a0bc4e1fa,train,/kaggle/input/datasets/deepapaneru/dr-datasets/archive/train_images/train_images/af5a0bc4e1fa.png,0,uncertain,0.1,g2167
af6166d57f13,train,/kaggle/input/datasets/deepapaneru/dr-datasets/archive/train_images/train_images/af6166d57f13.png,0,left,1.0,g2168
af6a1508cd95,train,/kaggle/input/datasets/deepapaneru/dr-datasets/archive/train_images/train_images/af6a1508cd95.png,0,left,0.88,g2169
af7a36454670,train,/kaggle/input/datasets/deepapaneru/dr-datasets/archive/train_images/train_images/af7a36454670.png,0,right,0.81,g2170
af828dab3ffc,train,/kaggle/input/datasets/deepapaneru/dr-datasets/archive/train_images/train_images/af828dab3ffc.png,2,left,0.8,g2171
af831c158744,train,/kaggle/input/datasets/deepapaneru/dr-datasets/archive/train_images/train_images/af831c158744.png,2,left,1.0,g2172
af87d48ffe01,train,/kaggle/input/datasets/deepapaneru/dr-datasets/archive/train_images/train_images/af87d48ffe01.png,0,right,1.0,g2173
af8aa32beee4,train,/kaggle/input/datasets/deepapaneru/dr-datasets/archive/train_images/train_images/af8aa32beee4.png,2,left,0.56,g2174
afc345cc9145,train,/kaggle/input/datasets/deepapaneru/dr-datasets/archive/train_images/train_images/afc345cc9145.png,0,left,1.0,g2175
afc744fad65e,train,/kaggle/input/datasets/deepapaneru/dr-datasets/archive/train_images/train_images/afc744fad65e.png,0,left,1.0,g2176
b019a49787c1,train,/kaggle/input/datasets/deepapaneru/dr-datasets/archive/train_images/train_images/b019a49787c1.png,3,left,1.0,g2177
b033ab4fb723,train,/kaggle/input/datasets/deepapaneru/dr-datasets/archive/train_images/train_images/b033ab4fb723.png,2,left,1.0,g2178
b05922e7abd3,train,/kaggle/input/datasets/deepapaneru/dr-datasets/archive/train_images/train_images/b05922e7abd3.png,0,right,0.99,g2179
b0619ca93a5f,train,/kaggle/input/datasets/deepapaneru/dr-datasets/archive/train_images/train_images/b0619ca93a5f.png,0,left,1.0,g2180
b06dabab4f09,train,/kaggle/input/datasets/deepapaneru/dr-datasets/archive/train_images/train_images/b06dabab4f09.png,2,uncertain,0.06,g2181
b07bc463b718,train,/kaggle/input/datasets/deepapaneru/dr-datasets/archive/train_images/train_images/b07bc463b718.png,1,left,0.92,g2182
b085caa513a8,train,/kaggle/input/datasets/deepapaneru/dr-datasets/archive/train_images/train_images/b085caa513a8.png,0,right,0.86,g2183
b086c7cd3868,train,/kaggle/input/datasets/deepapaneru/dr-datasets/archive/train_images/train_images/b086c7cd3868.png,0,right,0.8,g2184
b09101adb478,train,/kaggle/input/datasets/deepapaneru/dr-datasets/archive/train_images/train_images/b09101adb478.png,0,right,0.48,g2185
b0acd3593310,train,/kaggle/input/datasets/deepapaneru/dr-datasets/archive/train_images/train_images/b0acd3593310.png,0,left,0.99,g2186
b0b3b16fc305,train,/kaggle/input/datasets/deepapaneru/dr-datasets/archive/train_images/train_images/b0b3b16fc305.png,0,left,0.9,g2187
b0c9a492e068,train,/kaggle/input/datasets/deepapaneru/dr-datasets/archive/train_images/train_images/b0c9a492e068.png,0,left,1.0,g2188
b0cc9f8d06e4,train,/kaggle/input/datasets/deepapaneru/dr-datasets/archive/train_images/train_images/b0cc9f8d06e4.png,2,right,0.93,g2189
b0d35981708b,train,/kaggle/input/datasets/deepapaneru/dr-datasets/archive/train_images/train_images/b0d35981708b.png,2,uncertain,0.1,g2423
b0d6417bad3e,train,/kaggle/input/datasets/deepapaneru/dr-datasets/archive/train_images/train_images/b0d6417bad3e.png,2,right,1.0,g2191
b0eeae01b8ab,train,/kaggle/input/datasets/deepapaneru/dr-datasets/archive/train_images/train_images/b0eeae01b8ab.png,2,right,1.0,g2192
b0f0fa677d5f,train,/kaggle/input/datasets/deepapaneru/dr-datasets/archive/train_images/train_images/b0f0fa677d5f.png,0,left,0.96,g833
b0f8613305a3,train,/kaggle/input/datasets/deepapaneru/dr-datasets/archive/train_images/train_images/b0f8613305a3.png,0,right,1.0,g2194
b10fca20c885,train,/kaggle/input/datasets/deepapaneru/dr-datasets/archive/train_images/train_images/b10fca20c885.png,0,left,1.0,g97
b1197f2cc9b3,train,/kaggle/input/datasets/deepapaneru/dr-datasets/archive/train_images/train_images/b1197f2cc9b3.png,1,right,1.0,g2196
b11dcdcbc8c8,train,/kaggle/input/datasets/deepapaneru/dr-datasets/archive/train_images/train_images/b11dcdcbc8c8.png,0,left,0.8,g2197
b13d72ceea26,train,/kaggle/input/datasets/deepapaneru/dr-datasets/archive/train_images/train_images/b13d72ceea26.png,2,uncertain,0.11,g2198
b16dd4483ca5,train,/kaggle/input/datasets/deepapaneru/dr-datasets/archive/train_images/train_images/b16dd4483ca5.png,0,right,1.0,g2199
b17f0b81dab3,train,/kaggle/input/datasets/deepapaneru/dr-datasets/archive/train_images/train_images/b17f0b81dab3.png,1,right,1.0,g2200
b187b3c93afb,train,/kaggle/input/datasets/deepapaneru/dr-datasets/archive/train_images/train_images/b187b3c93afb.png,2,left,1.0,g1882
b191ba0a2b12,train,/kaggle/input/datasets/deepapaneru/dr-datasets/archive/train_images/train_images/b191ba0a2b12.png,3,right,0.37,g2202
b1b3e7d0a5f3,train,/kaggle/input/datasets/deepapaneru/dr-datasets/archive/train_images/train_images/b1b3e7d0a5f3.png,4,right,1.0,g2203
b1c6f0997e27,train,/kaggle/input/datasets/deepapaneru/dr-datasets/archive/train_images/train_images/b1c6f0997e27.png,0,right,0.81,g2204
b1f4122fd36a,train,/kaggle/input/datasets/deepapaneru/dr-datasets/archive/train_images/train_images/b1f4122fd36a.png,2,uncertain,0.04,g2205
b200c23b299b,train,/kaggle/input/datasets/deepapaneru/dr-datasets/archive/train_images/train_images/b200c23b299b.png,0,uncertain,0.26,g2206
b21abe5d9722,train,/kaggle/input/datasets/deepapaneru/dr-datasets/archive/train_images/train_images/b21abe5d9722.png,0,right,1.0,g2207
b22354b5f94b,train,/kaggle/input/datasets/deepapaneru/dr-datasets/archive/train_images/train_images/b22354b5f94b.png,1,left,1.0,g2208
b22cc1bf0b8a,train,/kaggle/input/datasets/deepapaneru/dr-datasets/archive/train_images/train_images/b22cc1bf0b8a.png,0,right,0.94,g2209
b2748ac28fc1,train,/kaggle/input/datasets/deepapaneru/dr-datasets/archive/train_images/train_images/b2748ac28fc1.png,2,left,0.9,g2210
b294927b14b0,train,/kaggle/input/datasets/deepapaneru/dr-datasets/archive/train_images/train_images/b294927b14b0.png,0,left,0.86,g2211
b2aaa81cc8f0,train,/kaggle/input/datasets/deepapaneru/dr-datasets/archive/train_images/train_images/b2aaa81cc8f0.png,2,left,1.0,g2212
b2b79b37d314,train,/kaggle/input/datasets/deepapaneru/dr-datasets/archive/train_images/train_images/b2b79b37d314.png,0,left,0.67,g2081
b2b7ccd34cbd,train,/kaggle/input/datasets/deepapaneru/dr-datasets/archive/train_images/train_images/b2b7ccd34cbd.png,0,right,0.98,g2214
b2ffa3e18559,train,/kaggle/input/datasets/deepapaneru/dr-datasets/archive/train_images/train_images/b2ffa3e18559.png,3,right,0.71,g2215
b310bd564329,train,/kaggle/input/datasets/deepapaneru/dr-datasets/archive/train_images/train_images/b310bd564329.png,3,right,1.0,g2216
b351ae99413a,train,/kaggle/input/datasets/deepapaneru/dr-datasets/archive/train_images/train_images/b351ae99413a.png,0,right,0.75,g2217
b35cad8fe2d7,train,/kaggle/input/datasets/deepapaneru/dr-datasets/archive/train_images/train_images/b35cad8fe2d7.png,0,left,1.0,g2218
b376def52ccc,train,/kaggle/input/datasets/deepapaneru/dr-datasets/archive/train_images/train_images/b376def52ccc.png,2,uncertain,0.03,g419
b37aae3c8fe1,train,/kaggle/input/datasets/deepapaneru/dr-datasets/archive/train_images/train_images/b37aae3c8fe1.png,4,uncertain,0.21,g2220
b3819a805dca,train,/kaggle/input/datasets/deepapaneru/dr-datasets/archive/train_images/train_images/b3819a805dca.png,4,left,1.0,g2221
b3a994760537,train,/kaggle/input/datasets/deepapaneru/dr-datasets/archive/train_images/train_images/b3a994760537.png,0,left,1.0,g2222
b3c0c3330278,train,/kaggle/input/datasets/deepapaneru/dr-datasets/archive/train_images/train_images/b3c0c3330278.png,2,right,1.0,g2223
b3d12069e1c5,train,/kaggle/input/datasets/deepapaneru/dr-datasets/archive/train_images/train_images/b3d12069e1c5.png,2,right,1.0,g2224
b3d135bd3bb5,train,/kaggle/input/datasets/deepapaneru/dr-datasets/archive/train_images/train_images/b3d135bd3bb5.png,3,right,0.71,g2225
b3f31c371e59,train,/kaggle/input/datasets/deepapaneru/dr-datasets/archive/train_images/train_images/b3f31c371e59.png,0,right,0.9,g2226
b402b18d99a5,train,/kaggle/input/datasets/deepapaneru/dr-datasets/archive/train_images/train_images/b402b18d99a5.png,2,left,1.0,g2227
b402daa0864c,train,/kaggle/input/datasets/deepapaneru/dr-datasets/archive/train_images/train_images/b402daa0864c.png,2,left,0.84,g2228
b43440c6ebe4,train,/kaggle/input/datasets/deepapaneru/dr-datasets/archive/train_images/train_images/b43440c6ebe4.png,0,left,0.88,g2229
b460ca9fa26f,train,/kaggle/input/datasets/deepapaneru/dr-datasets/archive/train_images/train_images/b460ca9fa26f.png,0,left,0.99,g473
b468ebf5cb11,train,/kaggle/input/datasets/deepapaneru/dr-datasets/archive/train_images/train_images/b468ebf5cb11.png,2,left,1.0,g2231
b46b09a45f39,train,/kaggle/input/datasets/deepapaneru/dr-datasets/archive/train_images/train_images/b46b09a45f39.png,0,right,0.38,g2232
b498b84d383f,train,/kaggle/input/datasets/deepapaneru/dr-datasets/archive/train_images/train_images/b498b84d383f.png,2,right,0.81,g2233
b49b2fac2514,train,/kaggle/input/datasets/deepapaneru/dr-datasets/archive/train_images/train_images/b49b2fac2514.png,4,left,1.0,g2234
b4b04d81acbb,train,/kaggle/input/datasets/deepapaneru/dr-datasets/archive/train_images/train_images/b4b04d81acbb.png,0,right,0.91,g2235
b4e15102cd7a,train,/kaggle/input/datasets/deepapaneru/dr-datasets/archive/train_images/train_images/b4e15102cd7a.png,0,left,1.0,g2236
b4f41b5bf0ef,train,/kaggle/input/datasets/deepapaneru/dr-datasets/archive/train_images/train_images/b4f41b5bf0ef.png,1,right,1.0,g2237
b50b30aa6e6c,train,/kaggle/input/datasets/deepapaneru/dr-datasets/archive/train_images/train_images/b50b30aa6e6c.png,1,uncertain,0.24,g2238
b5204c0decc7,train,/kaggle/input/datasets/deepapaneru/dr-datasets/archive/train_images/train_images/b5204c0decc7.png,0,right,0.73,g2239
b532dedd928c,train,/kaggle/input/datasets/deepapaneru/dr-datasets/archive/train_images/train_images/b532dedd928c.png,0,right,1.0,g2240
b549af91bd30,train,/kaggle/input/datasets/deepapaneru/dr-datasets/archive/train_images/train_images/b549af91bd30.png,0,left,1.0,g2241
b553e7909535,train,/kaggle/input/datasets/deepapaneru/dr-datasets/archive/train_images/train_images/b553e7909535.png,0,right,1.0,g2242
b55d2ddb3e75,train,/kaggle/input/datasets/deepapaneru/dr-datasets/archive/train_images/train_images/b55d2ddb3e75.png,4,left,0.4,g2243
b56340f472d2,train,/kaggle/input/datasets/deepapaneru/dr-datasets/archive/train_images/train_images/b56340f472d2.png,1,right,1.0,g2244
b574d229ec4c,train,/kaggle/input/datasets/deepapaneru/dr-datasets/archive/train_images/train_images/b574d229ec4c.png,2,left,1.0,g2245
b576c5269ad1,train,/kaggle/input/datasets/deepapaneru/dr-datasets/archive/train_images/train_images/b576c5269ad1.png,1,right,1.0,g2246
b5834ee64541,train,/kaggle/input/datasets/deepapaneru/dr-datasets/archive/train_images/train_images/b5834ee64541.png,3,left,0.6,g2247
b598bc9753c2,train,/kaggle/input/datasets/deepapaneru/dr-datasets/archive/train_images/train_images/b598bc9753c2.png,0,right,0.93,g2248
b5a3ca5c0a80,train,/kaggle/input/datasets/deepapaneru/dr-datasets/archive/train_images/train_images/b5a3ca5c0a80.png,0,right,0.73,g2249
b5b913358b32,train,/kaggle/input/datasets/deepapaneru/dr-datasets/archive/train_images/train_images/b5b913358b32.png,0,right,0.85,g2250
b5bf7b84fc66,train,/kaggle/input/datasets/deepapaneru/dr-datasets/archive/train_images/train_images/b5bf7b84fc66.png,0,right,0.83,g2251
b5c80d0ed0ff,train,/kaggle/input/datasets/deepapaneru/dr-datasets/archive/train_images/train_images/b5c80d0ed0ff.png,2,left,1.0,g2252
b5e6ae31493c,train,/kaggle/input/datasets/deepapaneru/dr-datasets/archive/train_images/train_images/b5e6ae31493c.png,0,left,1.0,g2253
b60dbf9f0744,train,/kaggle/input/datasets/deepapaneru/dr-datasets/archive/train_images/train_images/b60dbf9f0744.png,2,right,0.87,g2254
b6304c545f95,train,/kaggle/input/datasets/deepapaneru/dr-datasets/archive/train_images/train_images/b6304c545f95.png,2,left,0.61,g2255
b640e3bdff75,train,/kaggle/input/datasets/deepapaneru/dr-datasets/archive/train_images/train_images/b640e3bdff75.png,1,left,1.0,g2256
b64e1eef3d63,train,/kaggle/input/datasets/deepapaneru/dr-datasets/archive/train_images/train_images/b64e1eef3d63.png,0,right,1.0,g2257
b65ff67743b2,train,/kaggle/input/datasets/deepapaneru/dr-datasets/archive/train_images/train_images/b65ff67743b2.png,2,left,1.0,g2258
b665041e1633,train,/kaggle/input/datasets/deepapaneru/dr-datasets/archive/train_images/train_images/b665041e1633.png,2,left,1.0,g2259
b66f23ffa730,train,/kaggle/input/datasets/deepapaneru/dr-datasets/archive/train_images/train_images/b66f23ffa730.png,0,left,1.0,g907
b67ae80f7eba,train,/kaggle/input/datasets/deepapaneru/dr-datasets/archive/train_images/train_images/b67ae80f7eba.png,0,right,1.0,g2261
b69c224edd6e,train,/kaggle/input/datasets/deepapaneru/dr-datasets/archive/train_images/train_images/b69c224edd6e.png,0,uncertain,0.09,g2262
b6a0e348a01e,train,/kaggle/input/datasets/deepapaneru/dr-datasets/archive/train_images/train_images/b6a0e348a01e.png,1,right,1.0,g2263
b6bf847fbcb2,train,/kaggle/input/datasets/deepapaneru/dr-datasets/archive/train_images/train_images/b6bf847fbcb2.png,0,right,0.94,g2264
b6bfe9db60e5,train,/kaggle/input/datasets/deepapaneru/dr-datasets/archive/train_images/train_images/b6bfe9db60e5.png,3,left,0.98,g2265
b6d9974443ce,train,/kaggle/input/datasets/deepapaneru/dr-datasets/archive/train_images/train_images/b6d9974443ce.png,0,right,1.0,g2266
b6fd109b1bc9,train,/kaggle/input/datasets/deepapaneru/dr-datasets/archive/train_images/train_images/b6fd109b1bc9.png,0,uncertain,0.2,g2267
b70cb31b9abb,train,/kaggle/input/datasets/deepapaneru/dr-datasets/archive/train_images/train_images/b70cb31b9abb.png,4,right,1.0,g2268
b70e7c26f51e,train,/kaggle/input/datasets/deepapaneru/dr-datasets/archive/train_images/train_images/b70e7c26f51e.png,0,left,0.88,g2269
b71428739d4e,train,/kaggle/input/datasets/deepapaneru/dr-datasets/archive/train_images/train_images/b71428739d4e.png,1,left,1.0,g479
b7278b4f2448,train,/kaggle/input/datasets/deepapaneru/dr-datasets/archive/train_images/train_images/b7278b4f2448.png,1,right,0.9,g2271
b72a86d61959,train,/kaggle/input/datasets/deepapaneru/dr-datasets/archive/train_images/train_images/b72a86d61959.png,0,left,0.72,g2272
b72f59b85f7c,train,/kaggle/input/datasets/deepapaneru/dr-datasets/archive/train_images/train_images/b72f59b85f7c.png,0,right,1.0,g2273
b73d0bcd3d33,train,/kaggle/input/datasets/deepapaneru/dr-datasets/archive/train_images/train_images/b73d0bcd3d33.png,0,right,1.0,g2274
b746a6681ba9,train,/kaggle/input/datasets/deepapaneru/dr-datasets/archive/train_images/train_images/b746a6681ba9.png,2,left,0.54,g2275
b74de20d73de,train,/kaggle/input/datasets/deepapaneru/dr-datasets/archive/train_images/train_images/b74de20d73de.png,0,right,1.0,g2276
b759cbef90c5,train,/kaggle/input/datasets/deepapaneru/dr-datasets/archive/train_images/train_images/b759cbef90c5.png,0,left,0.98,g2277
b762c29cf2f3,train,/kaggle/input/datasets/deepapaneru/dr-datasets/archive/train_images/train_images/b762c29cf2f3.png,2,right,1.0,g2278
b77b88926843,train,/kaggle/input/datasets/deepapaneru/dr-datasets/archive/train_images/train_images/b77b88926843.png,0,right,0.7,g2279
b77b8a1f09f1,train,/kaggle/input/datasets/deepapaneru/dr-datasets/archive/train_images/train_images/b77b8a1f09f1.png,4,left,0.44,g2280
b7983cb3f270,train,/kaggle/input/datasets/deepapaneru/dr-datasets/archive/train_images/train_images/b7983cb3f270.png,0,left,1.0,g2281
b7a1bb106051,train,/kaggle/input/datasets/deepapaneru/dr-datasets/archive/train_images/train_images/b7a1bb106051.png,0,left,1.0,g2282
b7aca95b97b9,train,/kaggle/input/datasets/deepapaneru/dr-datasets/archive/train_images/train_images/b7aca95b97b9.png,0,right,1.0,g2283
b7bd4a6627b6,train,/kaggle/input/datasets/deepapaneru/dr-datasets/archive/train_images/train_images/b7bd4a6627b6.png,0,left,0.41,g2284
b7ce561a7328,train,/kaggle/input/datasets/deepapaneru/dr-datasets/archive/train_images/train_images/b7ce561a7328.png,0,right,0.91,g2363
b7e0f95353f2,train,/kaggle/input/datasets/deepapaneru/dr-datasets/archive/train_images/train_images/b7e0f95353f2.png,3,right,0.34,g2423
b7f0bc7d399e,train,/kaggle/input/datasets/deepapaneru/dr-datasets/archive/train_images/train_images/b7f0bc7d399e.png,0,right,1.0,g2287
b8297a2291f5,train,/kaggle/input/datasets/deepapaneru/dr-datasets/archive/train_images/train_images/b8297a2291f5.png,0,right,1.0,g2288
b82d5f1f1145,train,/kaggle/input/datasets/deepapaneru/dr-datasets/archive/train_images/train_images/b82d5f1f1145.png,2,right,1.0,g2289
b82dfa63a75f,train,/kaggle/input/datasets/deepapaneru/dr-datasets/archive/train_images/train_images/b82dfa63a75f.png,0,right,1.0,g2290
b835b6e31a59,train,/kaggle/input/datasets/deepapaneru/dr-datasets/archive/train_images/train_images/b835b6e31a59.png,0,right,0.77,g2291
b83a6eca125f,train,/kaggle/input/datasets/deepapaneru/dr-datasets/archive/train_images/train_images/b83a6eca125f.png,2,left,0.86,g2292
b842b43cb7fb,train,/kaggle/input/datasets/deepapaneru/dr-datasets/archive/train_images/train_images/b842b43cb7fb.png,0,left,1.0,g2293
b86fb2d5be1a,train,/kaggle/input/datasets/deepapaneru/dr-datasets/archive/train_images/train_images/b86fb2d5be1a.png,0,right,0.96,g2294
b87f9c59748b,train,/kaggle/input/datasets/deepapaneru/dr-datasets/archive/train_images/train_images/b87f9c59748b.png,4,right,1.0,g2295
b89938407ee6,train,/kaggle/input/datasets/deepapaneru/dr-datasets/archive/train_images/train_images/b89938407ee6.png,2,right,1.0,g2296
b8ac328009e0,train,/kaggle/input/datasets/deepapaneru/dr-datasets/archive/train_images/train_images/b8ac328009e0.png,2,uncertain,0.01,g2297
b8dab47a260e,train,/kaggle/input/datasets/deepapaneru/dr-datasets/archive/train_images/train_images/b8dab47a260e.png,0,right,0.96,g2363
b8e20c076b03,train,/kaggle/input/datasets/deepapaneru/dr-datasets/archive/train_images/train_images/b8e20c076b03.png,0,right,1.0,g2299
b8e9a8f4617d,train,/kaggle/input/datasets/deepapaneru/dr-datasets/archive/train_images/train_images/b8e9a8f4617d.png,0,right,0.62,g2300
b8ebedd382de,train,/kaggle/input/datasets/deepapaneru/dr-datasets/archive/train_images/train_images/b8ebedd382de.png,1,left,1.0,g65
b8f1b30877db,train,/kaggle/input/datasets/deepapaneru/dr-datasets/archive/train_images/train_images/b8f1b30877db.png,2,left,1.0,g2302
b8fb9f55cd6d,train,/kaggle/input/datasets/deepapaneru/dr-datasets/archive/train_images/train_images/b8fb9f55cd6d.png,2,left,0.88,g2303
b90bc89ce8d8,train,/kaggle/input/datasets/deepapaneru/dr-datasets/archive/train_images/train_images/b90bc89ce8d8.png,4,right,1.0,g2304
b9127e38d9b9,train,/kaggle/input/datasets/deepapaneru/dr-datasets/archive/train_images/train_images/b9127e38d9b9.png,2,right,1.0,g2305
b91ef82e723a,train,/kaggle/input/datasets/deepapaneru/dr-datasets/archive/train_images/train_images/b91ef82e723a.png,2,left,0.82,g285
b927a9238434,train,/kaggle/input/datasets/deepapaneru/dr-datasets/archive/train_images/train_images/b927a9238434.png,2,uncertain,0.12,g2307
b92eacd1392a,train,/kaggle/input/datasets/deepapaneru/dr-datasets/archive/train_images/train_images/b92eacd1392a.png,0,right,0.96,g2308
b94c58d063bf,train,/kaggle/input/datasets/deepapaneru/dr-datasets/archive/train_images/train_images/b94c58d063bf.png,1,right,1.0,g2309
b9519abce0c1,train,/kaggle/input/datasets/deepapaneru/dr-datasets/archive/train_images/train_images/b9519abce0c1.png,0,left,1.0,g2310
b95d4dd8e5e2,train,/kaggle/input/datasets/deepapaneru/dr-datasets/archive/train_images/train_images/b95d4dd8e5e2.png,2,right,1.0,g2311
b960142a8de7,train,/kaggle/input/datasets/deepapaneru/dr-datasets/archive/train_images/train_images/b960142a8de7.png,3,right,1.0,g2312
b963a11638f2,train,/kaggle/input/datasets/deepapaneru/dr-datasets/archive/train_images/train_images/b963a11638f2.png,0,right,1.0,g2313
b96b518596b3,train,/kaggle/input/datasets/deepapaneru/dr-datasets/archive/train_images/train_images/b96b518596b3.png,4,right,0.44,g2314
b98f77098b9d,train,/kaggle/input/datasets/deepapaneru/dr-datasets/archive/train_images/train_images/b98f77098b9d.png,2,right,1.0,g2315
b99794a0beed,train,/kaggle/input/datasets/deepapaneru/dr-datasets/archive/train_images/train_images/b99794a0beed.png,2,right,1.0,g2316
b99afe7137fb,train,/kaggle/input/datasets/deepapaneru/dr-datasets/archive/train_images/train_images/b99afe7137fb.png,4,left,1.0,g2317
b99c825b93c5,train,/kaggle/input/datasets/deepapaneru/dr-datasets/archive/train_images/train_images/b99c825b93c5.png,2,right,1.0,g2318
b9b6ee2b9453,train,/kaggle/input/datasets/deepapaneru/dr-datasets/archive/train_images/train_images/b9b6ee2b9453.png,2,uncertain,0.09,g2319
b9b99dad668d,train,/kaggle/input/datasets/deepapaneru/dr-datasets/archive/train_images/train_images/b9b99dad668d.png,1,left,1.0,g2320
b9bc81fcb075,train,/kaggle/input/datasets/deepapaneru/dr-datasets/archive/train_images/train_images/b9bc81fcb075.png,0,left,0.91,g2321
b9c7c5182075,train,/kaggle/input/datasets/deepapaneru/dr-datasets/archive/train_images/train_images/b9c7c5182075.png,0,right,1.0,g2322
b9d0b83d70c3,train,/kaggle/input/datasets/deepapaneru/dr-datasets/archive/train_images/train_images/b9d0b83d70c3.png,0,right,1.0,g2323
b9fe7da14a32,train,/kaggle/input/datasets/deepapaneru/dr-datasets/archive/train_images/train_images/b9fe7da14a32.png,0,left,0.77,g2324
ba0107fb1bfd,train,/kaggle/input/datasets/deepapaneru/dr-datasets/archive/train_images/train_images/ba0107fb1bfd.png,0,left,0.4,g2325
ba08cee68c71,train,/kaggle/input/datasets/deepapaneru/dr-datasets/archive/train_images/train_images/ba08cee68c71.png,4,left,1.0,g2326
ba25f947f4ec,train,/kaggle/input/datasets/deepapaneru/dr-datasets/archive/train_images/train_images/ba25f947f4ec.png,2,left,1.0,g2327
ba2624883599,train,/kaggle/input/datasets/deepapaneru/dr-datasets/archive/train_images/train_images/ba2624883599.png,2,left,0.56,g2328
ba2ea9182090,train,/kaggle/input/datasets/deepapaneru/dr-datasets/archive/train_images/train_images/ba2ea9182090.png,0,left,0.59,g2329
ba4d2c4b3039,train,/kaggle/input/datasets/deepapaneru/dr-datasets/archive/train_images/train_images/ba4d2c4b3039.png,4,left,1.0,g2330
ba4e62c11cc0,train,/kaggle/input/datasets/deepapaneru/dr-datasets/archive/train_images/train_images/ba4e62c11cc0.png,0,right,0.94,g2331
ba735b286d62,train,/kaggle/input/datasets/deepapaneru/dr-datasets/archive/train_images/train_images/ba735b286d62.png,4,left,1.0,g2332
baaca2f7e1f0,train,/kaggle/input/datasets/deepapaneru/dr-datasets/archive/train_images/train_images/baaca2f7e1f0.png,0,left,0.98,g2333
bab776139279,train,/kaggle/input/datasets/deepapaneru/dr-datasets/archive/train_images/train_images/bab776139279.png,0,left,0.48,g2334
bac1744955c2,train,/kaggle/input/datasets/deepapaneru/dr-datasets/archive/train_images/train_images/bac1744955c2.png,0,right,0.86,g2335
bacfa2b8e706,train,/kaggle/input/datasets/deepapaneru/dr-datasets/archive/train_images/train_images/bacfa2b8e706.png,0,right,0.86,g2336
bacfb1029f6b,train,/kaggle/input/datasets/deepapaneru/dr-datasets/archive/train_images/train_images/bacfb1029f6b.png,1,left,0.64,g2337
badb5ff8d3c7,train,/kaggle/input/datasets/deepapaneru/dr-datasets/archive/train_images/train_images/badb5ff8d3c7.png,0,uncertain,0.04,g217
bb08949dd70a,train,/kaggle/input/datasets/deepapaneru/dr-datasets/archive/train_images/train_images/bb08949dd70a.png,0,right,1.0,g2339
bb11db08584a,train,/kaggle/input/datasets/deepapaneru/dr-datasets/archive/train_images/train_images/bb11db08584a.png,1,left,0.83,g2340
bb2f89488ecd,train,/kaggle/input/datasets/deepapaneru/dr-datasets/archive/train_images/train_images/bb2f89488ecd.png,0,left,0.78,g2341
bb45257258cc,train,/kaggle/input/datasets/deepapaneru/dr-datasets/archive/train_images/train_images/bb45257258cc.png,1,right,1.0,g2342
bb5083fae98f,train,/kaggle/input/datasets/deepapaneru/dr-datasets/archive/train_images/train_images/bb5083fae98f.png,3,left,1.0,g294
bb733062f494,train,/kaggle/input/datasets/deepapaneru/dr-datasets/archive/train_images/train_images/bb733062f494.png,2,left,1.0,g2344
bb752b179751,train,/kaggle/input/datasets/deepapaneru/dr-datasets/archive/train_images/train_images/bb752b179751.png,0,left,0.98,g833
bb783d8e496f,train,/kaggle/input/datasets/deepapaneru/dr-datasets/archive/train_images/train_images/bb783d8e496f.png,1,left,1.0,g2346
bb7e0a2544cd,train,/kaggle/input/datasets/deepapaneru/dr-datasets/archive/train_images/train_images/bb7e0a2544cd.png,3,uncertain,0.13,g2347
bb85097857fa,train,/kaggle/input/datasets/deepapaneru/dr-datasets/archive/train_images/train_images/bb85097857fa.png,0,right,1.0,g2348
bb9a3d835a94,train,/kaggle/input/datasets/deepapaneru/dr-datasets/archive/train_images/train_images/bb9a3d835a94.png,1,right,1.0,g2349
bba38f2294a3,train,/kaggle/input/datasets/deepapaneru/dr-datasets/archive/train_images/train_images/bba38f2294a3.png,4,uncertain,0.15,g2350
bc23f74e14dd,train,/kaggle/input/datasets/deepapaneru/dr-datasets/archive/train_images/train_images/bc23f74e14dd.png,2,left,1.0,g2351
bc34ed91c9bc,train,/kaggle/input/datasets/deepapaneru/dr-datasets/archive/train_images/train_images/bc34ed91c9bc.png,4,right,0.64,g2352
bc34f52c37c7,train,/kaggle/input/datasets/deepapaneru/dr-datasets/archive/train_images/train_images/bc34f52c37c7.png,0,left,1.0,g2353
bc73ce76ec43,train,/kaggle/input/datasets/deepapaneru/dr-datasets/archive/train_images/train_images/bc73ce76ec43.png,1,right,0.54,g2354
bc7bf19b84e3,train,/kaggle/input/datasets/deepapaneru/dr-datasets/archive/train_images/train_images/bc7bf19b84e3.png,0,left,1.0,g2355
bc8c6a778cde,train,/kaggle/input/datasets/deepapaneru/dr-datasets/archive/train_images/train_images/bc8c6a778cde.png,0,left,1.0,g2356
bc92a61a1f9c,train,/kaggle/input/datasets/deepapaneru/dr-datasets/archive/train_images/train_images/bc92a61a1f9c.png,0,right,0.91,g2357
bca2bdc15fc5,train,/kaggle/input/datasets/deepapaneru/dr-datasets/archive/train_images/train_images/bca2bdc15fc5.png,2,left,0.43,g2358
bcb0498ed2c1,train,/kaggle/input/datasets/deepapaneru/dr-datasets/archive/train_images/train_images/bcb0498ed2c1.png,0,uncertain,0.09,g2359
bcc762618e7d,train,/kaggle/input/datasets/deepapaneru/dr-datasets/archive/train_images/train_images/bcc762618e7d.png,2,right,1.0,g2360
bcd503c726ba,train,/kaggle/input/datasets/deepapaneru/dr-datasets/archive/train_images/train_images/bcd503c726ba.png,4,right,1.0,g2361
bcdc8db5423b,train,/kaggle/input/datasets/deepapaneru/dr-datasets/archive/train_images/train_images/bcdc8db5423b.png,2,right,1.0,g2362
bd06028eb7dd,train,/kaggle/input/datasets/deepapaneru/dr-datasets/archive/train_images/train_images/bd06028eb7dd.png,0,right,0.83,g2363
bd269a1f0e4d,train,/kaggle/input/datasets/deepapaneru/dr-datasets/archive/train_images/train_images/bd269a1f0e4d.png,1,left,1.0,g2364
bd34a0639575,train,/kaggle/input/datasets/deepapaneru/dr-datasets/archive/train_images/train_images/bd34a0639575.png,0,right,0.96,g2363
bd375ba756b1,train,/kaggle/input/datasets/deepapaneru/dr-datasets/archive/train_images/train_images/bd375ba756b1.png,0,left,1.0,g2366
bd500a73beae,train,/kaggle/input/datasets/deepapaneru/dr-datasets/archive/train_images/train_images/bd500a73beae.png,0,left,1.0,g2367
bd5013540a13,train,/kaggle/input/datasets/deepapaneru/dr-datasets/archive/train_images/train_images/bd5013540a13.png,4,right,0.99,g121
bd9904495ccd,train,/kaggle/input/datasets/deepapaneru/dr-datasets/archive/train_images/train_images/bd9904495ccd.png,4,right,0.48,g2423
bda7ff3b1562,train,/kaggle/input/datasets/deepapaneru/dr-datasets/archive/train_images/train_images/bda7ff3b1562.png,2,right,1.0,g2370
bda8c973b09d,train,/kaggle/input/datasets/deepapaneru/dr-datasets/archive/train_images/train_images/bda8c973b09d.png,2,right,1.0,g2371
bda91b76095b,train,/kaggle/input/datasets/deepapaneru/dr-datasets/archive/train_images/train_images/bda91b76095b.png,0,left,1.0,g2372
bdb98063fe84,train,/kaggle/input/datasets/deepapaneru/dr-datasets/archive/train_images/train_images/bdb98063fe84.png,2,right,1.0,g2373
bdc6c60e9133,train,/kaggle/input/datasets/deepapaneru/dr-datasets/archive/train_images/train_images/bdc6c60e9133.png,0,left,0.97,g2374
bde1063a5dd7,train,/kaggle/input/datasets/deepapaneru/dr-datasets/archive/train_images/train_images/bde1063a5dd7.png,0,right,0.62,g2375
bdf47b9f10c4,train,/kaggle/input/datasets/deepapaneru/dr-datasets/archive/train_images/train_images/bdf47b9f10c4.png,0,right,0.99,g2376
bdff5d8bddf8,train,/kaggle/input/datasets/deepapaneru/dr-datasets/archive/train_images/train_images/bdff5d8bddf8.png,4,right,1.0,g2377
be161517d3ac,train,/kaggle/input/datasets/deepapaneru/dr-datasets/archive/train_images/train_images/be161517d3ac.png,2,uncertain,0.07,g1844
be197b663520,train,/kaggle/input/datasets/deepapaneru/dr-datasets/archive/train_images/train_images/be197b663520.png,0,right,0.35,g2379
be21d8b60e2a,train,/kaggle/input/datasets/deepapaneru/dr-datasets/archive/train_images/train_images/be21d8b60e2a.png,2,uncertain,0.25,g2380
be3a7d9e981e,train,/kaggle/input/datasets/deepapaneru/dr-datasets/archive/train_images/train_images/be3a7d9e981e.png,0,left,1.0,g2381
be521870a0ea,train,/kaggle/input/datasets/deepapaneru/dr-datasets/archive/train_images/train_images/be521870a0ea.png,0,left,1.0,g2382
be68322c7223,train,/kaggle/input/datasets/deepapaneru/dr-datasets/archive/train_images/train_images/be68322c7223.png,2,uncertain,0.08,g2383
be6cbf6e5b10,train,/kaggle/input/datasets/deepapaneru/dr-datasets/archive/train_images/train_images/be6cbf6e5b10.png,0,left,0.92,g2384
be7bc89f5fec,train,/kaggle/input/datasets/deepapaneru/dr-datasets/archive/train_images/train_images/be7bc89f5fec.png,2,left,1.0,g2385
be7f791a7877,train,/kaggle/input/datasets/deepapaneru/dr-datasets/archive/train_images/train_images/be7f791a7877.png,0,left,1.0,g2386
be8697eb2078,train,/kaggle/input/datasets/deepapaneru/dr-datasets/archive/train_images/train_images/be8697eb2078.png,0,uncertain,0.18,g2387
beb00fa6e7c9,train,/kaggle/input/datasets/deepapaneru/dr-datasets/archive/train_images/train_images/beb00fa6e7c9.png,0,left,0.9,g2388
beb2ad14fd2d,train,/kaggle/input/datasets/deepapaneru/dr-datasets/archive/train_images/train_images/beb2ad14fd2d.png,0,uncertain,0.18,g2389
bebb3f167654,train,/kaggle/input/datasets/deepapaneru/dr-datasets/archive/train_images/train_images/bebb3f167654.png,1,right,1.0,g2390
bebfbd907cac,train,/kaggle/input/datasets/deepapaneru/dr-datasets/archive/train_images/train_images/bebfbd907cac.png,0,right,0.73,g2391
bec0acd539b2,train,/kaggle/input/datasets/deepapaneru/dr-datasets/archive/train_images/train_images/bec0acd539b2.png,3,right,1.0,g2392
bed8296c8dfe,train,/kaggle/input/datasets/deepapaneru/dr-datasets/archive/train_images/train_images/bed8296c8dfe.png,0,left,0.69,g2393
beeca5f14618,train,/kaggle/input/datasets/deepapaneru/dr-datasets/archive/train_images/train_images/beeca5f14618.png,0,right,1.0,g2394
bf18ff30a8f6,train,/kaggle/input/datasets/deepapaneru/dr-datasets/archive/train_images/train_images/bf18ff30a8f6.png,1,right,0.92,g2395
bf1b7e21e774,train,/kaggle/input/datasets/deepapaneru/dr-datasets/archive/train_images/train_images/bf1b7e21e774.png,2,left,1.0,g2396
bf6cbccacf39,train,/kaggle/input/datasets/deepapaneru/dr-datasets/archive/train_images/train_images/bf6cbccacf39.png,0,right,1.0,g2397
bf7047dc683c,train,/kaggle/input/datasets/deepapaneru/dr-datasets/archive/train_images/train_images/bf7047dc683c.png,2,left,1.0,g2398
bf7221a016b5,train,/kaggle/input/datasets/deepapaneru/dr-datasets/archive/train_images/train_images/bf7221a016b5.png,0,left,1.0,g2399
bf7b4eae7ad0,train,/kaggle/input/datasets/deepapaneru/dr-datasets/archive/train_images/train_images/bf7b4eae7ad0.png,0,right,1.0,g2021
bf8092e4001d,train,/kaggle/input/datasets/deepapaneru/dr-datasets/archive/train_images/train_images/bf8092e4001d.png,3,right,1.0,g2401
bf811911acf9,train,/kaggle/input/datasets/deepapaneru/dr-datasets/archive/train_images/train_images/bf811911acf9.png,0,left,0.51,g2402
bf87aedf2489,train,/kaggle/input/datasets/deepapaneru/dr-datasets/archive/train_images/train_images/bf87aedf2489.png,0,left,0.51,g2403
bf9cba745efc,train,/kaggle/input/datasets/deepapaneru/dr-datasets/archive/train_images/train_images/bf9cba745efc.png,2,right,0.93,g2404
bfa30ebf63a8,train,/kaggle/input/datasets/deepapaneru/dr-datasets/archive/train_images/train_images/bfa30ebf63a8.png,0,right,0.86,g2405
bfaa0080ab61,train,/kaggle/input/datasets/deepapaneru/dr-datasets/archive/train_images/train_images/bfaa0080ab61.png,2,left,1.0,g2406
bfb578c0e8d8,train,/kaggle/input/datasets/deepapaneru/dr-datasets/archive/train_images/train_images/bfb578c0e8d8.png,0,right,1.0,g370
bfd5c0e55420,train,/kaggle/input/datasets/deepapaneru/dr-datasets/archive/train_images/train_images/bfd5c0e55420.png,2,right,1.0,g2408
bfda2fd0533a,train,/kaggle/input/datasets/deepapaneru/dr-datasets/archive/train_images/train_images/bfda2fd0533a.png,2,left,0.98,g2409
bfdee9be1f1d,train,/kaggle/input/datasets/deepapaneru/dr-datasets/archive/train_images/train_images/bfdee9be1f1d.png,4,left,0.99,g2410
bfe467b7e997,train,/kaggle/input/datasets/deepapaneru/dr-datasets/archive/train_images/train_images/bfe467b7e997.png,2,left,1.0,g2411
bfefa7344e7d,train,/kaggle/input/datasets/deepapaneru/dr-datasets/archive/train_images/train_images/bfefa7344e7d.png,4,left,0.86,g1538
bff51afc76d4,train,/kaggle/input/datasets/deepapaneru/dr-datasets/archive/train_images/train_images/bff51afc76d4.png,0,right,1.0,g2413
bffca6eeb2bf,train,/kaggle/input/datasets/deepapaneru/dr-datasets/archive/train_images/train_images/bffca6eeb2bf.png,0,right,1.0,g2414
c013e869acce,train,/kaggle/input/datasets/deepapaneru/dr-datasets/archive/train_images/train_images/c013e869acce.png,0,left,0.85,g2415
c01eae4b4939,train,/kaggle/input/datasets/deepapaneru/dr-datasets/archive/train_images/train_images/c01eae4b4939.png,4,right,0.56,g2416
c0202976c670,train,/kaggle/input/datasets/deepapaneru/dr-datasets/archive/train_images/train_images/c0202976c670.png,2,right,1.0,g2417
c027e5482e8c,train,/kaggle/input/datasets/deepapaneru/dr-datasets/archive/train_images/train_images/c027e5482e8c.png,1,right,1.0,g1364
c05b7b4c22fe,train,/kaggle/input/datasets/deepapaneru/dr-datasets/archive/train_images/train_images/c05b7b4c22fe.png,2,right,0.51,g2122
c06024f05a16,train,/kaggle/input/datasets/deepapaneru/dr-datasets/archive/train_images/train_images/c06024f05a16.png,0,left,0.77,g2420
c096131ad065,train,/kaggle/input/datasets/deepapaneru/dr-datasets/archive/train_images/train_images/c096131ad065.png,0,left,0.83,g2421
c0968d41eb93,train,/kaggle/input/datasets/deepapaneru/dr-datasets/archive/train_images/train_images/c0968d41eb93.png,1,left,1.0,g2422
c0a0828e01b4,train,/kaggle/input/datasets/deepapaneru/dr-datasets/archive/train_images/train_images/c0a0828e01b4.png,3,right,1.0,g2423
c0a117de7d0a,train,/kaggle/input/datasets/deepapaneru/dr-datasets/archive/train_images/train_images/c0a117de7d0a.png,0,right,0.92,g2424
c0e15e8e2b46,train,/kaggle/input/datasets/deepapaneru/dr-datasets/archive/train_images/train_images/c0e15e8e2b46.png,1,right,1.0,g2425
c0e509786f7f,train,/kaggle/input/datasets/deepapaneru/dr-datasets/archive/train_images/train_images/c0e509786f7f.png,4,uncertain,0.26,g2162
c0f15fe3b4b7,train,/kaggle/input/datasets/deepapaneru/dr-datasets/archive/train_images/train_images/c0f15fe3b4b7.png,1,left,0.96,g2427
c102db7634d8,train,/kaggle/input/datasets/deepapaneru/dr-datasets/archive/train_images/train_images/c102db7634d8.png,1,right,0.42,g2428
c12e9ca420a5,train,/kaggle/input/datasets/deepapaneru/dr-datasets/archive/train_images/train_images/c12e9ca420a5.png,0,left,1.0,g2429
c1437a7a52c9,train,/kaggle/input/datasets/deepapaneru/dr-datasets/archive/train_images/train_images/c1437a7a52c9.png,0,right,1.0,g2430
c1799a6f5c65,train,/kaggle/input/datasets/deepapaneru/dr-datasets/archive/train_images/train_images/c1799a6f5c65.png,4,left,1.0,g2431
c1819db0aece,train,/kaggle/input/datasets/deepapaneru/dr-datasets/archive/train_images/train_images/c1819db0aece.png,0,right,0.86,g854
c1896142a20a,train,/kaggle/input/datasets/deepapaneru/dr-datasets/archive/train_images/train_images/c1896142a20a.png,4,left,1.0,g2433
c18a006f7f1d,train,/kaggle/input/datasets/deepapaneru/dr-datasets/archive/train_images/train_images/c18a006f7f1d.png,0,right,0.85,g2434
c1c8550508e0,train,/kaggle/input/datasets/deepapaneru/dr-datasets/archive/train_images/train_images/c1c8550508e0.png,2,right,1.0,g834
c1e6fa1ad314,train,/kaggle/input/datasets/deepapaneru/dr-datasets/archive/train_images/train_images/c1e6fa1ad314.png,1,right,1.0,g2436
c1ebe785503a,train,/kaggle/input/datasets/deepapaneru/dr-datasets/archive/train_images/train_images/c1ebe785503a.png,1,left,1.0,g2437
c21eb81de9fc,train,/kaggle/input/datasets/deepapaneru/dr-datasets/archive/train_images/train_images/c21eb81de9fc.png,0,right,0.95,g2438
c23ff6dcf15e,train,/kaggle/input/datasets/deepapaneru/dr-datasets/archive/train_images/train_images/c23ff6dcf15e.png,0,right,1.0,g2439
c24bcf7a1bc4,train,/kaggle/input/datasets/deepapaneru/dr-datasets/archive/train_images/train_images/c24bcf7a1bc4.png,0,right,1.0,g2021
c252da9b41d8,train,/kaggle/input/datasets/deepapaneru/dr-datasets/archive/train_images/train_images/c252da9b41d8.png,2,left,0.66,g2441
c25e02b39c01,train,/kaggle/input/datasets/deepapaneru/dr-datasets/archive/train_images/train_images/c25e02b39c01.png,0,left,0.56,g2442
c261b1aaa828,train,/kaggle/input/datasets/deepapaneru/dr-datasets/archive/train_images/train_images/c261b1aaa828.png,2,left,1.0,g2443
c26f98f58350,train,/kaggle/input/datasets/deepapaneru/dr-datasets/archive/train_images/train_images/c26f98f58350.png,0,right,1.0,g2444
c280730cc211,train,/kaggle/input/datasets/deepapaneru/dr-datasets/archive/train_images/train_images/c280730cc211.png,2,right,1.0,g2445
c2a58b2cfd0b,train,/kaggle/input/datasets/deepapaneru/dr-datasets/archive/train_images/train_images/c2a58b2cfd0b.png,0,left,0.8,g2446
c2d2b4f536da,train,/kaggle/input/datasets/deepapaneru/dr-datasets/archive/train_images/train_images/c2d2b4f536da.png,2,right,1.0,g69
c2f3281cf528,train,/kaggle/input/datasets/deepapaneru/dr-datasets/archive/train_images/train_images/c2f3281cf528.png,0,right,1.0,g2448
c31651ea04c6,train,/kaggle/input/datasets/deepapaneru/dr-datasets/archive/train_images/train_images/c31651ea04c6.png,3,left,1.0,g2449
c334f8688b77,train,/kaggle/input/datasets/deepapaneru/dr-datasets/archive/train_images/train_images/c334f8688b77.png,0,right,0.83,g2450
c365c598ad4e,train,/kaggle/input/datasets/deepapaneru/dr-datasets/archive/train_images/train_images/c365c598ad4e.png,0,right,0.93,g2451
c373b73a80c8,train,/kaggle/input/datasets/deepapaneru/dr-datasets/archive/train_images/train_images/c373b73a80c8.png,0,left,1.0,g2452
c3789c1dab96,train,/kaggle/input/datasets/deepapaneru/dr-datasets/archive/train_images/train_images/c3789c1dab96.png,0,left,1.0,g2453
c38dec54a9f7,train,/kaggle/input/datasets/deepapaneru/dr-datasets/archive/train_images/train_images/c38dec54a9f7.png,0,left,0.85,g2454
c3a82acb7d7a,train,/kaggle/input/datasets/deepapaneru/dr-datasets/archive/train_images/train_images/c3a82acb7d7a.png,3,right,0.66,g2455
c3aa424eff9a,train,/kaggle/input/datasets/deepapaneru/dr-datasets/archive/train_images/train_images/c3aa424eff9a.png,0,left,1.0,g2456
c3acf47700ea,train,/kaggle/input/datasets/deepapaneru/dr-datasets/archive/train_images/train_images/c3acf47700ea.png,2,uncertain,0.06,g2457
c3b15bf9b4bc,train,/kaggle/input/datasets/deepapaneru/dr-datasets/archive/train_images/train_images/c3b15bf9b4bc.png,0,right,1.0,g2458
c3c8fdda50c0,train,/kaggle/input/datasets/deepapaneru/dr-datasets/archive/train_images/train_images/c3c8fdda50c0.png,0,left,1.0,g2459
c3cd0200df79,train,/kaggle/input/datasets/deepapaneru/dr-datasets/archive/train_images/train_images/c3cd0200df79.png,3,left,0.54,g2460
c3d12a23f451,train,/kaggle/input/datasets/deepapaneru/dr-datasets/archive/train_images/train_images/c3d12a23f451.png,4,right,1.0,g2461
c3e02d4a1798,train,/kaggle/input/datasets/deepapaneru/dr-datasets/archive/train_images/train_images/c3e02d4a1798.png,2,left,0.74,g2462
c406325360b1,train,/kaggle/input/datasets/deepapaneru/dr-datasets/archive/train_images/train_images/c406325360b1.png,2,right,0.85,g2463
c40976189f22,train,/kaggle/input/datasets/deepapaneru/dr-datasets/archive/train_images/train_images/c40976189f22.png,1,right,0.96,g1588
c446985355f1,train,/kaggle/input/datasets/deepapaneru/dr-datasets/archive/train_images/train_images/c446985355f1.png,0,left,0.86,g2465
c48ae5da188e,train,/kaggle/input/datasets/deepapaneru/dr-datasets/archive/train_images/train_images/c48ae5da188e.png,2,right,1.0,g2466
c4a8f2fcf6e8,train,/kaggle/input/datasets/deepapaneru/dr-datasets/archive/train_images/train_images/c4a8f2fcf6e8.png,1,left,1.0,g2467
c4aef0d88d1b,train,/kaggle/input/datasets/deepapaneru/dr-datasets/archive/train_images/train_images/c4aef0d88d1b.png,0,right,1.0,g2468
c4e8b1ec8893,train,/kaggle/input/datasets/deepapaneru/dr-datasets/archive/train_images/train_images/c4e8b1ec8893.png,2,left,0.69,g2469
c52bb7343387,train,/kaggle/input/datasets/deepapaneru/dr-datasets/archive/train_images/train_images/c52bb7343387.png,2,left,0.98,g2470
c5431b81cbc9,train,/kaggle/input/datasets/deepapaneru/dr-datasets/archive/train_images/train_images/c5431b81cbc9.png,2,left,0.55,g2471
c546670d9684,train,/kaggle/input/datasets/deepapaneru/dr-datasets/archive/train_images/train_images/c546670d9684.png,0,right,1.0,g318
c561bcd519e9,train,/kaggle/input/datasets/deepapaneru/dr-datasets/archive/train_images/train_images/c561bcd519e9.png,2,left,1.0,g2473
c56293f53191,train,/kaggle/input/datasets/deepapaneru/dr-datasets/archive/train_images/train_images/c56293f53191.png,0,right,0.59,g2474
c568e5245ea5,train,/kaggle/input/datasets/deepapaneru/dr-datasets/archive/train_images/train_images/c568e5245ea5.png,2,right,0.85,g2475
c56e65f74187,train,/kaggle/input/datasets/deepapaneru/dr-datasets/archive/train_images/train_images/c56e65f74187.png,1,left,1.0,g2476
c57c164bca05,train,/kaggle/input/datasets/deepapaneru/dr-datasets/archive/train_images/train_images/c57c164bca05.png,0,right,1.0,g2477
c58971bcebb2,train,/kaggle/input/datasets/deepapaneru/dr-datasets/archive/train_images/train_images/c58971bcebb2.png,0,right,1.0,g2478
c58e5c0c5b33,train,/kaggle/input/datasets/deepapaneru/dr-datasets/archive/train_images/train_images/c58e5c0c5b33.png,0,left,0.9,g2479
c597ef460944,train,/kaggle/input/datasets/deepapaneru/dr-datasets/archive/train_images/train_images/c597ef460944.png,0,right,1.0,g2480
c5a0e84e955d,train,/kaggle/input/datasets/deepapaneru/dr-datasets/archive/train_images/train_images/c5a0e84e955d.png,0,right,1.0,g2481
c5a6f432a1ec,train,/kaggle/input/datasets/deepapaneru/dr-datasets/archive/train_images/train_images/c5a6f432a1ec.png,0,left,1.0,g2482
c5a9ebef1517,train,/kaggle/input/datasets/deepapaneru/dr-datasets/archive/train_images/train_images/c5a9ebef1517.png,3,right,0.95,g2483
c5ad60521f8c,train,/kaggle/input/datasets/deepapaneru/dr-datasets/archive/train_images/train_images/c5ad60521f8c.png,2,right,1.0,g2484
c5b58cc992af,train,/kaggle/input/datasets/deepapaneru/dr-datasets/archive/train_images/train_images/c5b58cc992af.png,0,right,1.0,g2485
c5ba9e455d5e,train,/kaggle/input/datasets/deepapaneru/dr-datasets/archive/train_images/train_images/c5ba9e455d5e.png,3,right,1.0,g2486
c5bec7f1e5f3,train,/kaggle/input/datasets/deepapaneru/dr-datasets/archive/train_images/train_images/c5bec7f1e5f3.png,0,left,0.7,g2487
c5e238aa18be,train,/kaggle/input/datasets/deepapaneru/dr-datasets/archive/train_images/train_images/c5e238aa18be.png,4,right,1.0,g2488
c613db1cab27,train,/kaggle/input/datasets/deepapaneru/dr-datasets/archive/train_images/train_images/c613db1cab27.png,2,right,1.0,g2423
c6229222bf22,train,/kaggle/input/datasets/deepapaneru/dr-datasets/archive/train_images/train_images/c6229222bf22.png,0,right,0.6,g2490
c62585bd68fb,train,/kaggle/input/datasets/deepapaneru/dr-datasets/archive/train_images/train_images/c62585bd68fb.png,4,left,0.7,g361
c62cef02efa2,train,/kaggle/input/datasets/deepapaneru/dr-datasets/archive/train_images/train_images/c62cef02efa2.png,0,left,1.0,g2492
c639d837f5e4,train,/kaggle/input/datasets/deepapaneru/dr-datasets/archive/train_images/train_images/c639d837f5e4.png,0,left,1.0,g2493
c64c0966b4cf,train,/kaggle/input/datasets/deepapaneru/dr-datasets/archive/train_images/train_images/c64c0966b4cf.png,0,left,0.44,g2494
c67117c6ab3b,train,/kaggle/input/datasets/deepapaneru/dr-datasets/archive/train_images/train_images/c67117c6ab3b.png,3,right,0.38,g2495
c68dfa021d62,train,/kaggle/input/datasets/deepapaneru/dr-datasets/archive/train_images/train_images/c68dfa021d62.png,2,left,0.82,g715
c6916bc42016,train,/kaggle/input/datasets/deepapaneru/dr-datasets/archive/train_images/train_images/c6916bc42016.png,0,right,0.52,g2497
c6a145742708,train,/kaggle/input/datasets/deepapaneru/dr-datasets/archive/train_images/train_images/c6a145742708.png,4,right,0.64,g2498
c6a2975228af,train,/kaggle/input/datasets/deepapaneru/dr-datasets/archive/train_images/train_images/c6a2975228af.png,2,left,0.66,g2499
c6a8f8f998a2,train,/kaggle/input/datasets/deepapaneru/dr-datasets/archive/train_images/train_images/c6a8f8f998a2.png,0,right,1.0,g2021
c6c2bad91f23,train,/kaggle/input/datasets/deepapaneru/dr-datasets/archive/train_images/train_images/c6c2bad91f23.png,2,left,1.0,g2501
c6d4e4a3bd4c,train,/kaggle/input/datasets/deepapaneru/dr-datasets/archive/train_images/train_images/c6d4e4a3bd4c.png,0,right,0.98,g2502
c6e1e9fbf39b,train,/kaggle/input/datasets/deepapaneru/dr-datasets/archive/train_images/train_images/c6e1e9fbf39b.png,2,left,0.33,g2503
c6f5b5b5be41,train,/kaggle/input/datasets/deepapaneru/dr-datasets/archive/train_images/train_images/c6f5b5b5be41.png,0,uncertain,0.27,g2504
c704bd669f36,train,/kaggle/input/datasets/deepapaneru/dr-datasets/archive/train_images/train_images/c704bd669f36.png,0,left,0.91,g2505
c70d09370109,train,/kaggle/input/datasets/deepapaneru/dr-datasets/archive/train_images/train_images/c70d09370109.png,2,left,0.69,g2506
c739ff9580d3,train,/kaggle/input/datasets/deepapaneru/dr-datasets/archive/train_images/train_images/c739ff9580d3.png,1,left,0.96,g2507
c73c5f6ef664,train,/kaggle/input/datasets/deepapaneru/dr-datasets/archive/train_images/train_images/c73c5f6ef664.png,2,left,1.0,g2508
c755a0c4edcc,train,/kaggle/input/datasets/deepapaneru/dr-datasets/archive/train_images/train_images/c755a0c4edcc.png,0,left,0.8,g2509
c76664770c07,train,/kaggle/input/datasets/deepapaneru/dr-datasets/archive/train_images/train_images/c76664770c07.png,3,right,1.0,g2510
c7b622ec8104,train,/kaggle/input/datasets/deepapaneru/dr-datasets/archive/train_images/train_images/c7b622ec8104.png,1,left,0.91,g2511
c7c0470bcf87,train,/kaggle/input/datasets/deepapaneru/dr-datasets/archive/train_images/train_images/c7c0470bcf87.png,2,right,0.73,g2512
c7c3d363bc86,train,/kaggle/input/datasets/deepapaneru/dr-datasets/archive/train_images/train_images/c7c3d363bc86.png,0,left,1.0,g2513
c7d0deb71576,train,/kaggle/input/datasets/deepapaneru/dr-datasets/archive/train_images/train_images/c7d0deb71576.png,0,left,0.98,g2514
c7e827fc7f41,train,/kaggle/input/datasets/deepapaneru/dr-datasets/archive/train_images/train_images/c7e827fc7f41.png,2,right,1.0,g2515
c80b0f27541a,train,/kaggle/input/datasets/deepapaneru/dr-datasets/archive/train_images/train_images/c80b0f27541a.png,0,right,1.0,g2516
c80f79579fed,train,/kaggle/input/datasets/deepapaneru/dr-datasets/archive/train_images/train_images/c80f79579fed.png,2,left,1.0,g2517
c81c6911f5e0,train,/kaggle/input/datasets/deepapaneru/dr-datasets/archive/train_images/train_images/c81c6911f5e0.png,0,left,1.0,g2518
c85b79d70079,train,/kaggle/input/datasets/deepapaneru/dr-datasets/archive/train_images/train_images/c85b79d70079.png,0,right,1.0,g2519
c87493ed320c,train,/kaggle/input/datasets/deepapaneru/dr-datasets/archive/train_images/train_images/c87493ed320c.png,2,uncertain,0.05,g2520
c8823cdaf7fa,train,/kaggle/input/datasets/deepapaneru/dr-datasets/archive/train_images/train_images/c8823cdaf7fa.png,2,left,1.0,g2521
c8905b8d5cf1,train,/kaggle/input/datasets/deepapaneru/dr-datasets/archive/train_images/train_images/c8905b8d5cf1.png,2,left,0.58,g2522
c8a3eb9a5b52,train,/kaggle/input/datasets/deepapaneru/dr-datasets/archive/train_images/train_images/c8a3eb9a5b52.png,2,right,1.0,g2523
c8d2d32f7f29,train,/kaggle/input/datasets/deepapaneru/dr-datasets/archive/train_images/train_images/c8d2d32f7f29.png,4,left,1.0,g2524
c8fc0df22999,train,/kaggle/input/datasets/deepapaneru/dr-datasets/archive/train_images/train_images/c8fc0df22999.png,1,left,1.0,g2525
c90c6b94cf40,train,/kaggle/input/datasets/deepapaneru/dr-datasets/archive/train_images/train_images/c90c6b94cf40.png,0,left,1.0,g2526
c947bb6cf9f6,train,/kaggle/input/datasets/deepapaneru/dr-datasets/archive/train_images/train_images/c947bb6cf9f6.png,0,left,1.0,g2527
c9485c38fdd5,train,/kaggle/input/datasets/deepapaneru/dr-datasets/archive/train_images/train_images/c9485c38fdd5.png,1,right,1.0,g2528
c94f37085d0f,train,/kaggle/input/datasets/deepapaneru/dr-datasets/archive/train_images/train_images/c94f37085d0f.png,0,right,0.73,g2529
c96f743915b5,train,/kaggle/input/datasets/deepapaneru/dr-datasets/archive/train_images/train_images/c96f743915b5.png,1,uncertain,0.31,g2530
c97472ef2c66,train,/kaggle/input/datasets/deepapaneru/dr-datasets/archive/train_images/train_images/c97472ef2c66.png,0,left,1.0,g2531
c98f623d08d1,train,/kaggle/input/datasets/deepapaneru/dr-datasets/archive/train_images/train_images/c98f623d08d1.png,0,left,1.0,g251
c9c563864ab1,train,/kaggle/input/datasets/deepapaneru/dr-datasets/archive/train_images/train_images/c9c563864ab1.png,0,left,1.0,g2533
c9d42d7534e0,train,/kaggle/input/datasets/deepapaneru/dr-datasets/archive/train_images/train_images/c9d42d7534e0.png,2,left,1.0,g2534
c9e697117f3f,train,/kaggle/input/datasets/deepapaneru/dr-datasets/archive/train_images/train_images/c9e697117f3f.png,0,right,0.8,g2363
c9ea9d5eab65,train,/kaggle/input/datasets/deepapaneru/dr-datasets/archive/train_images/train_images/c9ea9d5eab65.png,3,left,0.65,g2536
c9f0dc2c8b43,train,/kaggle/input/datasets/deepapaneru/dr-datasets/archive/train_images/train_images/c9f0dc2c8b43.png,2,uncertain,0.03,g1861
ca05f7e7801b,train,/kaggle/input/datasets/deepapaneru/dr-datasets/archive/train_images/train_images/ca05f7e7801b.png,0,left,0.46,g2538
ca0f1a17c8e5,train,/kaggle/input/datasets/deepapaneru/dr-datasets/archive/train_images/train_images/ca0f1a17c8e5.png,2,uncertain,0.01,g2539
ca1036496659,train,/kaggle/input/datasets/deepapaneru/dr-datasets/archive/train_images/train_images/ca1036496659.png,1,left,0.57,g2540
ca25745942b0,train,/kaggle/input/datasets/deepapaneru/dr-datasets/archive/train_images/train_images/ca25745942b0.png,1,left,1.0,g2541
ca2b54b95ade,train,/kaggle/input/datasets/deepapaneru/dr-datasets/archive/train_images/train_images/ca2b54b95ade.png,0,left,1.0,g2542
ca30a97e9d13,train,/kaggle/input/datasets/deepapaneru/dr-datasets/archive/train_images/train_images/ca30a97e9d13.png,1,left,0.84,g2543
ca360bec5851,train,/kaggle/input/datasets/deepapaneru/dr-datasets/archive/train_images/train_images/ca360bec5851.png,2,left,0.88,g2544
ca63fe4f4b52,train,/kaggle/input/datasets/deepapaneru/dr-datasets/archive/train_images/train_images/ca63fe4f4b52.png,1,right,1.0,g2545
ca6842bfcbc9,train,/kaggle/input/datasets/deepapaneru/dr-datasets/archive/train_images/train_images/ca6842bfcbc9.png,1,right,1.0,g1364
ca7140ecf389,train,/kaggle/input/datasets/deepapaneru/dr-datasets/archive/train_images/train_images/ca7140ecf389.png,1,left,0.42,g2547
ca7570c5925c,train,/kaggle/input/datasets/deepapaneru/dr-datasets/archive/train_images/train_images/ca7570c5925c.png,2,left,1.0,g2548
ca7f5caddf96,train,/kaggle/input/datasets/deepapaneru/dr-datasets/archive/train_images/train_images/ca7f5caddf96.png,2,left,0.68,g2549
ca891d37a43c,train,/kaggle/input/datasets/deepapaneru/dr-datasets/archive/train_images/train_images/ca891d37a43c.png,2,right,1.0,g2550
ca9c912ebad7,train,/kaggle/input/datasets/deepapaneru/dr-datasets/archive/train_images/train_images/ca9c912ebad7.png,2,left,1.0,g2551
cab3dfa7962d,train,/kaggle/input/datasets/deepapaneru/dr-datasets/archive/train_images/train_images/cab3dfa7962d.png,1,left,1.0,g2552
cac40227d3b2,train,/kaggle/input/datasets/deepapaneru/dr-datasets/archive/train_images/train_images/cac40227d3b2.png,2,right,1.0,g2553
cac80797770f,train,/kaggle/input/datasets/deepapaneru/dr-datasets/archive/train_images/train_images/cac80797770f.png,2,right,1.0,g2554
cad5b1a82e60,train,/kaggle/input/datasets/deepapaneru/dr-datasets/archive/train_images/train_images/cad5b1a82e60.png,0,right,1.0,g2555
cadde4030858,train,/kaggle/input/datasets/deepapaneru/dr-datasets/archive/train_images/train_images/cadde4030858.png,0,right,1.0,g2556
cae33655ca00,train,/kaggle/input/datasets/deepapaneru/dr-datasets/archive/train_images/train_images/cae33655ca00.png,0,left,0.48,g2557
cae51154e1ce,train,/kaggle/input/datasets/deepapaneru/dr-datasets/archive/train_images/train_images/cae51154e1ce.png,1,right,1.0,g2558
caec68f11c86,train,/kaggle/input/datasets/deepapaneru/dr-datasets/archive/train_images/train_images/caec68f11c86.png,2,left,0.81,g2559
cb02bb47fdc5,train,/kaggle/input/datasets/deepapaneru/dr-datasets/archive/train_images/train_images/cb02bb47fdc5.png,0,right,1.0,g2560
cb0cc98d7e35,train,/kaggle/input/datasets/deepapaneru/dr-datasets/archive/train_images/train_images/cb0cc98d7e35.png,0,left,1.0,g2561
cb2201c226d6,train,/kaggle/input/datasets/deepapaneru/dr-datasets/archive/train_images/train_images/cb2201c226d6.png,0,left,1.0,g2562
cb28adab4e8a,train,/kaggle/input/datasets/deepapaneru/dr-datasets/archive/train_images/train_images/cb28adab4e8a.png,0,left,1.0,g2563
cb2f3c5d71a7,train,/kaggle/input/datasets/deepapaneru/dr-datasets/archive/train_images/train_images/cb2f3c5d71a7.png,1,right,0.94,g2564
cb39761f0712,train,/kaggle/input/datasets/deepapaneru/dr-datasets/archive/train_images/train_images/cb39761f0712.png,0,left,0.36,g2565
cb547e723a16,train,/kaggle/input/datasets/deepapaneru/dr-datasets/archive/train_images/train_images/cb547e723a16.png,4,right,1.0,g2566
cb602182cde3,train,/kaggle/input/datasets/deepapaneru/dr-datasets/archive/train_images/train_images/cb602182cde3.png,2,right,1.0,g2567
cb68fce07789,train,/kaggle/input/datasets/deepapaneru/dr-datasets/archive/train_images/train_images/cb68fce07789.png,0,right,0.78,g2568
cb75210abebe,train,/kaggle/input/datasets/deepapaneru/dr-datasets/archive/train_images/train_images/cb75210abebe.png,2,right,1.0,g2569
cbc23af521f3,train,/kaggle/input/datasets/deepapaneru/dr-datasets/archive/train_images/train_images/cbc23af521f3.png,0,left,1.0,g2570
cbc2e57447c2,train,/kaggle/input/datasets/deepapaneru/dr-datasets/archive/train_images/train_images/cbc2e57447c2.png,2,right,1.0,g2571
cbd0870aa933,train,/kaggle/input/datasets/deepapaneru/dr-datasets/archive/train_images/train_images/cbd0870aa933.png,4,uncertain,0.1,g2572
cbe633765ea7,train,/kaggle/input/datasets/deepapaneru/dr-datasets/archive/train_images/train_images/cbe633765ea7.png,0,left,1.0,g2573
cbf0394039f8,train,/kaggle/input/datasets/deepapaneru/dr-datasets/archive/train_images/train_images/cbf0394039f8.png,2,right,0.47,g2574
cc12453ea915,train,/kaggle/input/datasets/deepapaneru/dr-datasets/archive/train_images/train_images/cc12453ea915.png,1,right,1.0,g1084
cc1eebed9276,train,/kaggle/input/datasets/deepapaneru/dr-datasets/archive/train_images/train_images/cc1eebed9276.png,2,right,1.0,g2576
cc3d2e961768,train,/kaggle/input/datasets/deepapaneru/dr-datasets/archive/train_images/train_images/cc3d2e961768.png,4,right,0.72,g2577
cc671a73e1cb,train,/kaggle/input/datasets/deepapaneru/dr-datasets/archive/train_images/train_images/cc671a73e1cb.png,0,right,0.96,g2578
cc839823755b,train,/kaggle/input/datasets/deepapaneru/dr-datasets/archive/train_images/train_images/cc839823755b.png,2,right,1.0,g2579
cc9270f06b65,train,/kaggle/input/datasets/deepapaneru/dr-datasets/archive/train_images/train_images/cc9270f06b65.png,1,left,0.79,g2580
cc964bf04dbc,train,/kaggle/input/datasets/deepapaneru/dr-datasets/archive/train_images/train_images/cc964bf04dbc.png,0,left,0.78,g2581
cca626a0e19a,train,/kaggle/input/datasets/deepapaneru/dr-datasets/archive/train_images/train_images/cca626a0e19a.png,2,left,1.0,g2582
ccd34029493d,train,/kaggle/input/datasets/deepapaneru/dr-datasets/archive/train_images/train_images/ccd34029493d.png,2,right,1.0,g2583
ccd6dcb2f568,train,/kaggle/input/datasets/deepapaneru/dr-datasets/archive/train_images/train_images/ccd6dcb2f568.png,0,right,0.99,g2584
ccea49708830,train,/kaggle/input/datasets/deepapaneru/dr-datasets/archive/train_images/train_images/ccea49708830.png,0,left,0.47,g2585
cd01672507c9,train,/kaggle/input/datasets/deepapaneru/dr-datasets/archive/train_images/train_images/cd01672507c9.png,0,right,1.0,g2586
cd01f4f83336,train,/kaggle/input/datasets/deepapaneru/dr-datasets/archive/train_images/train_images/cd01f4f83336.png,0,right,1.0,g2587
cd1c98ec48b1,train,/kaggle/input/datasets/deepapaneru/dr-datasets/archive/train_images/train_images/cd1c98ec48b1.png,0,left,0.94,g2588
cd29c88c9e36,train,/kaggle/input/datasets/deepapaneru/dr-datasets/archive/train_images/train_images/cd29c88c9e36.png,2,uncertain,0.3,g2589
cd314653a4d8,train,/kaggle/input/datasets/deepapaneru/dr-datasets/archive/train_images/train_images/cd314653a4d8.png,0,right,1.0,g2590
cd3fd04d72f5,train,/kaggle/input/datasets/deepapaneru/dr-datasets/archive/train_images/train_images/cd3fd04d72f5.png,2,right,1.0,g975
cd45bfa07d41,train,/kaggle/input/datasets/deepapaneru/dr-datasets/archive/train_images/train_images/cd45bfa07d41.png,1,left,1.0,g2592
cd48cfab4e44,train,/kaggle/input/datasets/deepapaneru/dr-datasets/archive/train_images/train_images/cd48cfab4e44.png,0,right,1.0,g2593
cd4e7f9fa1a9,train,/kaggle/input/datasets/deepapaneru/dr-datasets/archive/train_images/train_images/cd4e7f9fa1a9.png,2,left,1.0,g1892
cd54d022e37d,train,/kaggle/input/datasets/deepapaneru/dr-datasets/archive/train_images/train_images/cd54d022e37d.png,4,left,0.96,g2595
cd563556cb57,train,/kaggle/input/datasets/deepapaneru/dr-datasets/archive/train_images/train_images/cd563556cb57.png,0,uncertain,0.08,g2596
cd5714db652d,train,/kaggle/input/datasets/deepapaneru/dr-datasets/archive/train_images/train_images/cd5714db652d.png,1,right,1.0,g2597
cd66754e1b3b,train,/kaggle/input/datasets/deepapaneru/dr-datasets/archive/train_images/train_images/cd66754e1b3b.png,0,left,1.0,g2598
cd8da43e3069,train,/kaggle/input/datasets/deepapaneru/dr-datasets/archive/train_images/train_images/cd8da43e3069.png,0,left,0.91,g2599
cd93a472e5cd,train,/kaggle/input/datasets/deepapaneru/dr-datasets/archive/train_images/train_images/cd93a472e5cd.png,4,right,0.77,g2600
cd941e5bc659,train,/kaggle/input/datasets/deepapaneru/dr-datasets/archive/train_images/train_images/cd941e5bc659.png,0,right,0.86,g1304
cd972e5639e0,train,/kaggle/input/datasets/deepapaneru/dr-datasets/archive/train_images/train_images/cd972e5639e0.png,4,right,1.0,g2602
cd9e2190c73f,train,/kaggle/input/datasets/deepapaneru/dr-datasets/archive/train_images/train_images/cd9e2190c73f.png,2,right,1.0,g2603
ce207b69ff37,train,/kaggle/input/datasets/deepapaneru/dr-datasets/archive/train_images/train_images/ce207b69ff37.png,3,left,0.96,g2604
ce6f33a81ad5,train,/kaggle/input/datasets/deepapaneru/dr-datasets/archive/train_images/train_images/ce6f33a81ad5.png,0,right,0.86,g1773
ce754234d760,train,/kaggle/input/datasets/deepapaneru/dr-datasets/archive/train_images/train_images/ce754234d760.png,0,left,1.0,g2606
ce887b196c23,train,/kaggle/input/datasets/deepapaneru/dr-datasets/archive/train_images/train_images/ce887b196c23.png,2,left,1.0,g2607
ce8d2efd9d4f,train,/kaggle/input/datasets/deepapaneru/dr-datasets/archive/train_images/train_images/ce8d2efd9d4f.png,0,left,0.77,g2608
ceaa5803d780,train,/kaggle/input/datasets/deepapaneru/dr-datasets/archive/train_images/train_images/ceaa5803d780.png,2,uncertain,0.13,g2609
ceb32a193eff,train,/kaggle/input/datasets/deepapaneru/dr-datasets/archive/train_images/train_images/ceb32a193eff.png,0,uncertain,0.07,g2610
ceb601fe8dba,train,/kaggle/input/datasets/deepapaneru/dr-datasets/archive/train_images/train_images/ceb601fe8dba.png,2,right,1.0,g2611
cec299c2a2d5,train,/kaggle/input/datasets/deepapaneru/dr-datasets/archive/train_images/train_images/cec299c2a2d5.png,0,uncertain,0.02,g2612
cf0575534cec,train,/kaggle/input/datasets/deepapaneru/dr-datasets/archive/train_images/train_images/cf0575534cec.png,1,right,0.68,g2613
cf0824f53dd9,train,/kaggle/input/datasets/deepapaneru/dr-datasets/archive/train_images/train_images/cf0824f53dd9.png,2,right,1.0,g2614
cf1b9d26d38d,train,/kaggle/input/datasets/deepapaneru/dr-datasets/archive/train_images/train_images/cf1b9d26d38d.png,4,left,0.98,g2615
cf603a9ef2d5,train,/kaggle/input/datasets/deepapaneru/dr-datasets/archive/train_images/train_images/cf603a9ef2d5.png,1,left,1.0,g2616
cf6551521a35,train,/kaggle/input/datasets/deepapaneru/dr-datasets/archive/train_images/train_images/cf6551521a35.png,0,uncertain,0.22,g2617
cf8ae5501bd6,train,/kaggle/input/datasets/deepapaneru/dr-datasets/archive/train_images/train_images/cf8ae5501bd6.png,0,left,0.77,g2618
cf8f1bc7a215,train,/kaggle/input/datasets/deepapaneru/dr-datasets/archive/train_images/train_images/cf8f1bc7a215.png,0,uncertain,0.11,g2619
cfb17a7cc8d4,train,/kaggle/input/datasets/deepapaneru/dr-datasets/archive/train_images/train_images/cfb17a7cc8d4.png,0,left,1.0,g2620
cfd1bd0fcbb4,train,/kaggle/input/datasets/deepapaneru/dr-datasets/archive/train_images/train_images/cfd1bd0fcbb4.png,1,right,1.0,g2621
cfdbaef73a8b,train,/kaggle/input/datasets/deepapaneru/dr-datasets/archive/train_images/train_images/cfdbaef73a8b.png,0,left,1.0,g2622
cfed7c1172ec,train,/kaggle/input/datasets/deepapaneru/dr-datasets/archive/train_images/train_images/cfed7c1172ec.png,0,right,0.75,g2623
cff262ed8f4c,train,/kaggle/input/datasets/deepapaneru/dr-datasets/archive/train_images/train_images/cff262ed8f4c.png,0,right,1.0,g2624
cffc50047828,train,/kaggle/input/datasets/deepapaneru/dr-datasets/archive/train_images/train_images/cffc50047828.png,0,right,1.0,g2625
d0079cc188e9,train,/kaggle/input/datasets/deepapaneru/dr-datasets/archive/train_images/train_images/d0079cc188e9.png,3,left,1.0,g490
d02b79fc3200,train,/kaggle/input/datasets/deepapaneru/dr-datasets/archive/train_images/train_images/d02b79fc3200.png,0,right,0.81,g2627
d035c2bd9104,train,/kaggle/input/datasets/deepapaneru/dr-datasets/archive/train_images/train_images/d035c2bd9104.png,3,right,0.77,g2600
d06ccd0cf4b8,train,/kaggle/input/datasets/deepapaneru/dr-datasets/archive/train_images/train_images/d06ccd0cf4b8.png,1,right,1.0,g2629
d0926ed2c8e5,train,/kaggle/input/datasets/deepapaneru/dr-datasets/archive/train_images/train_images/d0926ed2c8e5.png,0,left,0.88,g2630
d0b132d2c7ec,train,/kaggle/input/datasets/deepapaneru/dr-datasets/archive/train_images/train_images/d0b132d2c7ec.png,4,right,1.0,g2631
d0d59ed675b5,train,/kaggle/input/datasets/deepapaneru/dr-datasets/archive/train_images/train_images/d0d59ed675b5.png,1,right,1.0,g2632
d0ffa0425ef1,train,/kaggle/input/datasets/deepapaneru/dr-datasets/archive/train_images/train_images/d0ffa0425ef1.png,3,right,0.62,g2633
d10d315f123f,train,/kaggle/input/datasets/deepapaneru/dr-datasets/archive/train_images/train_images/d10d315f123f.png,2,right,1.0,g2634
d10ef306996b,train,/kaggle/input/datasets/deepapaneru/dr-datasets/archive/train_images/train_images/d10ef306996b.png,4,left,1.0,g2635
d141728fa392,train,/kaggle/input/datasets/deepapaneru/dr-datasets/archive/train_images/train_images/d141728fa392.png,2,right,1.0,g2636
d144144a2f3f,train,/kaggle/input/datasets/deepapaneru/dr-datasets/archive/train_images/train_images/d144144a2f3f.png,2,uncertain,0.06,g2181
d15ca3469b87,train,/kaggle/input/datasets/deepapaneru/dr-datasets/archive/train_images/train_images/d15ca3469b87.png,2,left,1.0,g2638
d160ebef4117,train,/kaggle/input/datasets/deepapaneru/dr-datasets/archive/train_images/train_images/d160ebef4117.png,0,right,0.96,g2639
d16398c971e9,train,/kaggle/input/datasets/deepapaneru/dr-datasets/archive/train_images/train_images/d16398c971e9.png,3,left,0.62,g2640
d16e39b9d6f0,train,/kaggle/input/datasets/deepapaneru/dr-datasets/archive/train_images/train_images/d16e39b9d6f0.png,0,left,1.0,g2641
d16e59a2b33a,train,/kaggle/input/datasets/deepapaneru/dr-datasets/archive/train_images/train_images/d16e59a2b33a.png,0,right,0.9,g2363
d18aea8238a0,train,/kaggle/input/datasets/deepapaneru/dr-datasets/archive/train_images/train_images/d18aea8238a0.png,2,right,1.0,g2643
d18b1d8ac4de,train,/kaggle/input/datasets/deepapaneru/dr-datasets/archive/train_images/train_images/d18b1d8ac4de.png,2,right,0.98,g2644
d18e5b68f6d2,train,/kaggle/input/datasets/deepapaneru/dr-datasets/archive/train_images/train_images/d18e5b68f6d2.png,2,right,1.0,g2645
d18f6431ebce,train,/kaggle/input/datasets/deepapaneru/dr-datasets/archive/train_images/train_images/d18f6431ebce.png,0,left,0.88,g2646
d1a24527a15d,train,/kaggle/input/datasets/deepapaneru/dr-datasets/archive/train_images/train_images/d1a24527a15d.png,4,right,1.0,g2647
d1a60c3b9fe5,train,/kaggle/input/datasets/deepapaneru/dr-datasets/archive/train_images/train_images/d1a60c3b9fe5.png,0,left,0.88,g2648
d1afdb8cf70d,train,/kaggle/input/datasets/deepapaneru/dr-datasets/archive/train_images/train_images/d1afdb8cf70d.png,0,right,0.78,g2649
d1b279cc02ae,train,/kaggle/input/datasets/deepapaneru/dr-datasets/archive/train_images/train_images/d1b279cc02ae.png,0,right,0.83,g2650
d1ca85af57c9,train,/kaggle/input/datasets/deepapaneru/dr-datasets/archive/train_images/train_images/d1ca85af57c9.png,0,right,0.81,g2651
d1cad012a254,train,/kaggle/input/datasets/deepapaneru/dr-datasets/archive/train_images/train_images/d1cad012a254.png,1,left,1.0,g1678
d1cf31577a59,train,/kaggle/input/datasets/deepapaneru/dr-datasets/archive/train_images/train_images/d1cf31577a59.png,0,right,1.0,g2653
d1f1ea894da1,train,/kaggle/input/datasets/deepapaneru/dr-datasets/archive/train_images/train_images/d1f1ea894da1.png,2,right,1.0,g2654
d1f7ea924a01,train,/kaggle/input/datasets/deepapaneru/dr-datasets/archive/train_images/train_images/d1f7ea924a01.png,0,right,0.87,g2655
d1fa0f744620,train,/kaggle/input/datasets/deepapaneru/dr-datasets/archive/train_images/train_images/d1fa0f744620.png,0,left,0.62,g2656
d1fb4efb117c,train,/kaggle/input/datasets/deepapaneru/dr-datasets/archive/train_images/train_images/d1fb4efb117c.png,2,left,1.0,g2657
d25b8a8ad3c4,train,/kaggle/input/datasets/deepapaneru/dr-datasets/archive/train_images/train_images/d25b8a8ad3c4.png,2,uncertain,0.24,g2658
d264396d8d1a,train,/kaggle/input/datasets/deepapaneru/dr-datasets/archive/train_images/train_images/d264396d8d1a.png,2,left,1.0,g2659
d26bb2ed6e71,train,/kaggle/input/datasets/deepapaneru/dr-datasets/archive/train_images/train_images/d26bb2ed6e71.png,0,right,1.0,g2660
d26bc6e1230d,train,/kaggle/input/datasets/deepapaneru/dr-datasets/archive/train_images/train_images/d26bc6e1230d.png,0,right,1.0,g2661
d271d3a2b552,train,/kaggle/input/datasets/deepapaneru/dr-datasets/archive/train_images/train_images/d271d3a2b552.png,4,right,0.42,g2662
d27ac9e54901,train,/kaggle/input/datasets/deepapaneru/dr-datasets/archive/train_images/train_images/d27ac9e54901.png,0,left,0.72,g2663
d28bd830c171,train,/kaggle/input/datasets/deepapaneru/dr-datasets/archive/train_images/train_images/d28bd830c171.png,2,left,1.0,g2664
d2901144070c,train,/kaggle/input/datasets/deepapaneru/dr-datasets/archive/train_images/train_images/d2901144070c.png,4,right,0.46,g2665
d29096bd94aa,train,/kaggle/input/datasets/deepapaneru/dr-datasets/archive/train_images/train_images/d29096bd94aa.png,2,left,1.0,g2666
d29b37d110f3,train,/kaggle/input/datasets/deepapaneru/dr-datasets/archive/train_images/train_images/d29b37d110f3.png,0,left,1.0,g2667
d2afca74cbc3,train,/kaggle/input/datasets/deepapaneru/dr-datasets/archive/train_images/train_images/d2afca74cbc3.png,0,right,1.0,g2668
d2c2f02bb313,train,/kaggle/input/datasets/deepapaneru/dr-datasets/archive/train_images/train_images/d2c2f02bb313.png,4,left,0.71,g2669
d2c5fb82fe5f,train,/kaggle/input/datasets/deepapaneru/dr-datasets/archive/train_images/train_images/d2c5fb82fe5f.png,0,left,1.0,g2670
d2c6b99ef62c,train,/kaggle/input/datasets/deepapaneru/dr-datasets/archive/train_images/train_images/d2c6b99ef62c.png,2,left,1.0,g2671
d2cd47ed2c1d,train,/kaggle/input/datasets/deepapaneru/dr-datasets/archive/train_images/train_images/d2cd47ed2c1d.png,0,left,1.0,g2672
d2d523e9f669,train,/kaggle/input/datasets/deepapaneru/dr-datasets/archive/train_images/train_images/d2d523e9f669.png,0,left,1.0,g2673
d2dc86021c67,train,/kaggle/input/datasets/deepapaneru/dr-datasets/archive/train_images/train_images/d2dc86021c67.png,0,left,1.0,g2674
d2fb715b0c41,train,/kaggle/input/datasets/deepapaneru/dr-datasets/archive/train_images/train_images/d2fb715b0c41.png,0,right,0.6,g2675
d2ffe9287dc7,train,/kaggle/input/datasets/deepapaneru/dr-datasets/archive/train_images/train_images/d2ffe9287dc7.png,3,right,1.0,g2223
d30d079e6f9a,train,/kaggle/input/datasets/deepapaneru/dr-datasets/archive/train_images/train_images/d30d079e6f9a.png,0,right,0.83,g2677
d332d7b8a26e,train,/kaggle/input/datasets/deepapaneru/dr-datasets/archive/train_images/train_images/d332d7b8a26e.png,0,left,1.0,g2678
d364423ec6f9,train,/kaggle/input/datasets/deepapaneru/dr-datasets/archive/train_images/train_images/d364423ec6f9.png,2,left,0.82,g2679
d38cf0f4a9af,train,/kaggle/input/datasets/deepapaneru/dr-datasets/archive/train_images/train_images/d38cf0f4a9af.png,0,left,0.43,g2680
d39752cb6e57,train,/kaggle/input/datasets/deepapaneru/dr-datasets/archive/train_images/train_images/d39752cb6e57.png,0,right,0.77,g2681
d3be5346684b,train,/kaggle/input/datasets/deepapaneru/dr-datasets/archive/train_images/train_images/d3be5346684b.png,2,right,1.0,g2682
d3d578fe433f,train,/kaggle/input/datasets/deepapaneru/dr-datasets/archive/train_images/train_images/d3d578fe433f.png,2,right,1.0,g2683
d3de0d313d61,train,/kaggle/input/datasets/deepapaneru/dr-datasets/archive/train_images/train_images/d3de0d313d61.png,1,right,0.77,g2684
d3dfd0a2dee6,train,/kaggle/input/datasets/deepapaneru/dr-datasets/archive/train_images/train_images/d3dfd0a2dee6.png,0,right,1.0,g2685
d3e56584a481,train,/kaggle/input/datasets/deepapaneru/dr-datasets/archive/train_images/train_images/d3e56584a481.png,0,right,1.0,g2686
d3e884109b45,train,/kaggle/input/datasets/deepapaneru/dr-datasets/archive/train_images/train_images/d3e884109b45.png,3,left,1.0,g2687
d41b33fcb94f,train,/kaggle/input/datasets/deepapaneru/dr-datasets/archive/train_images/train_images/d41b33fcb94f.png,2,left,1.0,g2688
d436c06f0490,train,/kaggle/input/datasets/deepapaneru/dr-datasets/archive/train_images/train_images/d436c06f0490.png,0,right,0.43,g2689
d4583e9525dc,train,/kaggle/input/datasets/deepapaneru/dr-datasets/archive/train_images/train_images/d4583e9525dc.png,0,right,1.0,g2690
d473f6fafba0,train,/kaggle/input/datasets/deepapaneru/dr-datasets/archive/train_images/train_images/d473f6fafba0.png,2,right,1.0,g2691
d48178e4a49b,train,/kaggle/input/datasets/deepapaneru/dr-datasets/archive/train_images/train_images/d48178e4a49b.png,4,right,1.0,g2692
d4bc001f7224,train,/kaggle/input/datasets/deepapaneru/dr-datasets/archive/train_images/train_images/d4bc001f7224.png,0,left,0.99,g2693
d4be0403e6ab,train,/kaggle/input/datasets/deepapaneru/dr-datasets/archive/train_images/train_images/d4be0403e6ab.png,2,left,0.59,g2694
d4f32b9c07df,train,/kaggle/input/datasets/deepapaneru/dr-datasets/archive/train_images/train_images/d4f32b9c07df.png,1,right,1.0,g2695
d516f77d4516,train,/kaggle/input/datasets/deepapaneru/dr-datasets/archive/train_images/train_images/d516f77d4516.png,0,right,1.0,g2696
d51b3fe0fa1b,train,/kaggle/input/datasets/deepapaneru/dr-datasets/archive/train_images/train_images/d51b3fe0fa1b.png,4,left,1.0,g2697
d51c2153d151,train,/kaggle/input/datasets/deepapaneru/dr-datasets/archive/train_images/train_images/d51c2153d151.png,0,right,1.0,g1380
d51e5d7484ea,train,/kaggle/input/datasets/deepapaneru/dr-datasets/archive/train_images/train_images/d51e5d7484ea.png,0,right,1.0,g2699
d567a1a22d33,train,/kaggle/input/datasets/deepapaneru/dr-datasets/archive/train_images/train_images/d567a1a22d33.png,1,left,1.0,g2700
d56d32a1d62d,train,/kaggle/input/datasets/deepapaneru/dr-datasets/archive/train_images/train_images/d56d32a1d62d.png,0,right,1.0,g2701
d57d1be1bbd1,train,/kaggle/input/datasets/deepapaneru/dr-datasets/archive/train_images/train_images/d57d1be1bbd1.png,0,left,0.76,g2702
d5a39339ff3d,train,/kaggle/input/datasets/deepapaneru/dr-datasets/archive/train_images/train_images/d5a39339ff3d.png,2,left,0.88,g2703
d5ad3362424c,train,/kaggle/input/datasets/deepapaneru/dr-datasets/archive/train_images/train_images/d5ad3362424c.png,0,left,1.0,g2704
d5b4705ac2ee,train,/kaggle/input/datasets/deepapaneru/dr-datasets/archive/train_images/train_images/d5b4705ac2ee.png,1,right,0.83,g2363
d5c63a8d9e94,train,/kaggle/input/datasets/deepapaneru/dr-datasets/archive/train_images/train_images/d5c63a8d9e94.png,0,left,0.98,g2706
d6130f2ec903,train,/kaggle/input/datasets/deepapaneru/dr-datasets/archive/train_images/train_images/d6130f2ec903.png,0,left,0.96,g2707
d6228d951958,train,/kaggle/input/datasets/deepapaneru/dr-datasets/archive/train_images/train_images/d6228d951958.png,2,left,1.0,g2708
d6283ded6aea,train,/kaggle/input/datasets/deepapaneru/dr-datasets/archive/train_images/train_images/d6283ded6aea.png,2,right,1.0,g2709
d659d7fd5ccf,train,/kaggle/input/datasets/deepapaneru/dr-datasets/archive/train_images/train_images/d659d7fd5ccf.png,4,uncertain,0.3,g2710
d667af5742f6,train,/kaggle/input/datasets/deepapaneru/dr-datasets/archive/train_images/train_images/d667af5742f6.png,0,left,0.99,g1456
d66b6f333dc7,train,/kaggle/input/datasets/deepapaneru/dr-datasets/archive/train_images/train_images/d66b6f333dc7.png,1,right,1.0,g2712
d66ccb75ada1,train,/kaggle/input/datasets/deepapaneru/dr-datasets/archive/train_images/train_images/d66ccb75ada1.png,1,left,0.96,g2713
d67374d3fa2a,train,/kaggle/input/datasets/deepapaneru/dr-datasets/archive/train_images/train_images/d67374d3fa2a.png,2,left,0.93,g2714
d6803e467592,train,/kaggle/input/datasets/deepapaneru/dr-datasets/archive/train_images/train_images/d6803e467592.png,0,uncertain,0.28,g2715
d69698f838db,train,/kaggle/input/datasets/deepapaneru/dr-datasets/archive/train_images/train_images/d69698f838db.png,0,right,0.9,g1304
d6b109c82067,train,/kaggle/input/datasets/deepapaneru/dr-datasets/archive/train_images/train_images/d6b109c82067.png,0,right,1.0,g2021
d6dbb0820ea5,train,/kaggle/input/datasets/deepapaneru/dr-datasets/archive/train_images/train_images/d6dbb0820ea5.png,0,right,0.86,g2718
d6df4fe492ec,train,/kaggle/input/datasets/deepapaneru/dr-datasets/archive/train_images/train_images/d6df4fe492ec.png,0,right,0.49,g2719
d6e26fe51dce,train,/kaggle/input/datasets/deepapaneru/dr-datasets/archive/train_images/train_images/d6e26fe51dce.png,1,uncertain,0.28,g2589
d6f36ec5564a,train,/kaggle/input/datasets/deepapaneru/dr-datasets/archive/train_images/train_images/d6f36ec5564a.png,0,left,1.0,g2721
d6f6bdfd8011,train,/kaggle/input/datasets/deepapaneru/dr-datasets/archive/train_images/train_images/d6f6bdfd8011.png,0,right,0.78,g2722
d7078e8b0349,train,/kaggle/input/datasets/deepapaneru/dr-datasets/archive/train_images/train_images/d7078e8b0349.png,0,left,1.0,g2723
d74ccc796517,train,/kaggle/input/datasets/deepapaneru/dr-datasets/archive/train_images/train_images/d74ccc796517.png,0,left,0.91,g2724
d774692d9919,train,/kaggle/input/datasets/deepapaneru/dr-datasets/archive/train_images/train_images/d774692d9919.png,0,right,1.0,g2021
d78b7401096f,train,/kaggle/input/datasets/deepapaneru/dr-datasets/archive/train_images/train_images/d78b7401096f.png,0,right,1.0,g2726
d7a01fca9838,train,/kaggle/input/datasets/deepapaneru/dr-datasets/archive/train_images/train_images/d7a01fca9838.png,0,right,1.0,g2727
d7ab5c040294,train,/kaggle/input/datasets/deepapaneru/dr-datasets/archive/train_images/train_images/d7ab5c040294.png,0,right,0.47,g2728
d7ac4a0c9760,train,/kaggle/input/datasets/deepapaneru/dr-datasets/archive/train_images/train_images/d7ac4a0c9760.png,0,left,1.0,g1191
d7bc00091cfc,train,/kaggle/input/datasets/deepapaneru/dr-datasets/archive/train_images/train_images/d7bc00091cfc.png,0,right,1.0,g2730
d7bc62d60e8c,train,/kaggle/input/datasets/deepapaneru/dr-datasets/archive/train_images/train_images/d7bc62d60e8c.png,0,right,1.0,g2731
d7e5fe5245e0,train,/kaggle/input/datasets/deepapaneru/dr-datasets/archive/train_images/train_images/d7e5fe5245e0.png,0,left,1.0,g2732
d801c0a66738,train,/kaggle/input/datasets/deepapaneru/dr-datasets/archive/train_images/train_images/d801c0a66738.png,1,left,1.0,g1122
d803598dabda,train,/kaggle/input/datasets/deepapaneru/dr-datasets/archive/train_images/train_images/d803598dabda.png,4,uncertain,0.07,g2734
d807c53c1399,train,/kaggle/input/datasets/deepapaneru/dr-datasets/archive/train_images/train_images/d807c53c1399.png,0,right,0.35,g2735
d81338217fc5,train,/kaggle/input/datasets/deepapaneru/dr-datasets/archive/train_images/train_images/d81338217fc5.png,2,right,1.0,g2736
d81b6ed83bc2,train,/kaggle/input/datasets/deepapaneru/dr-datasets/archive/train_images/train_images/d81b6ed83bc2.png,2,right,1.0,g975
d838d5b9f571,train,/kaggle/input/datasets/deepapaneru/dr-datasets/archive/train_images/train_images/d838d5b9f571.png,0,left,0.82,g2738
d83c3efade75,train,/kaggle/input/datasets/deepapaneru/dr-datasets/archive/train_images/train_images/d83c3efade75.png,2,right,1.0,g2739
d83d0695e215,train,/kaggle/input/datasets/deepapaneru/dr-datasets/archive/train_images/train_images/d83d0695e215.png,2,left,1.0,g2740
d8404680bba6,train,/kaggle/input/datasets/deepapaneru/dr-datasets/archive/train_images/train_images/d8404680bba6.png,2,right,1.0,g2741
d844a7252f4e,train,/kaggle/input/datasets/deepapaneru/dr-datasets/archive/train_images/train_images/d844a7252f4e.png,0,left,1.0,g2742
d85588ff2ebd,train,/kaggle/input/datasets/deepapaneru/dr-datasets/archive/train_images/train_images/d85588ff2ebd.png,1,right,1.0,g2743
d85a842d20bd,train,/kaggle/input/datasets/deepapaneru/dr-datasets/archive/train_images/train_images/d85a842d20bd.png,2,left,0.35,g2744
d85d052900b4,train,/kaggle/input/datasets/deepapaneru/dr-datasets/archive/train_images/train_images/d85d052900b4.png,1,right,1.0,g2745
d85ea1220a03,train,/kaggle/input/datasets/deepapaneru/dr-datasets/archive/train_images/train_images/d85ea1220a03.png,4,left,0.86,g1538
d865997a6280,train,/kaggle/input/datasets/deepapaneru/dr-datasets/archive/train_images/train_images/d865997a6280.png,0,right,1.0,g2747
d866c26d76f0,train,/kaggle/input/datasets/deepapaneru/dr-datasets/archive/train_images/train_images/d866c26d76f0.png,0,uncertain,0.27,g2748
d868acdccb5b,train,/kaggle/input/datasets/deepapaneru/dr-datasets/archive/train_images/train_images/d868acdccb5b.png,3,left,1.0,g2749
d871895742b1,train,/kaggle/input/datasets/deepapaneru/dr-datasets/archive/train_images/train_images/d871895742b1.png,0,right,1.0,g2750
d881c04f01fe,train,/kaggle/input/datasets/deepapaneru/dr-datasets/archive/train_images/train_images/d881c04f01fe.png,0,left,0.6,g2751
d88806d9ece9,train,/kaggle/input/datasets/deepapaneru/dr-datasets/archive/train_images/train_images/d88806d9ece9.png,2,left,0.6,g2752
d88c4843aec3,train,/kaggle/input/datasets/deepapaneru/dr-datasets/archive/train_images/train_images/d88c4843aec3.png,0,right,0.83,g580
d8cdb7d7283a,train,/kaggle/input/datasets/deepapaneru/dr-datasets/archive/train_images/train_images/d8cdb7d7283a.png,2,left,1.0,g2754
d8da9de62743,train,/kaggle/input/datasets/deepapaneru/dr-datasets/archive/train_images/train_images/d8da9de62743.png,0,right,0.98,g2755
d911dd40c63b,train,/kaggle/input/datasets/deepapaneru/dr-datasets/archive/train_images/train_images/d911dd40c63b.png,0,left,0.93,g2756
d91273efb92a,train,/kaggle/input/datasets/deepapaneru/dr-datasets/archive/train_images/train_images/d91273efb92a.png,2,left,1.0,g2757
d91635f380b4,train,/kaggle/input/datasets/deepapaneru/dr-datasets/archive/train_images/train_images/d91635f380b4.png,0,left,1.0,g2758
d9311f7497cb,train,/kaggle/input/datasets/deepapaneru/dr-datasets/archive/train_images/train_images/d9311f7497cb.png,2,left,0.69,g2759
d93b61dc8f64,train,/kaggle/input/datasets/deepapaneru/dr-datasets/archive/train_images/train_images/d93b61dc8f64.png,0,right,0.99,g2760
d94e10f42861,train,/kaggle/input/datasets/deepapaneru/dr-datasets/archive/train_images/train_images/d94e10f42861.png,2,left,1.0,g229
d952dbfb0fe4,train,/kaggle/input/datasets/deepapaneru/dr-datasets/archive/train_images/train_images/d952dbfb0fe4.png,2,left,1.0,g2762
d95959798b57,train,/kaggle/input/datasets/deepapaneru/dr-datasets/archive/train_images/train_images/d95959798b57.png,2,left,0.55,g2763
d968a983d4d2,train,/kaggle/input/datasets/deepapaneru/dr-datasets/archive/train_images/train_images/d968a983d4d2.png,2,right,1.0,g2764
d97911a32918,train,/kaggle/input/datasets/deepapaneru/dr-datasets/archive/train_images/train_images/d97911a32918.png,0,right,0.88,g2765
d990a3f0cbdb,train,/kaggle/input/datasets/deepapaneru/dr-datasets/archive/train_images/train_images/d990a3f0cbdb.png,2,left,0.85,g2766
d994203deb64,train,/kaggle/input/datasets/deepapaneru/dr-datasets/archive/train_images/train_images/d994203deb64.png,2,left,0.86,g1994
d99b0f7dd9b9,train,/kaggle/input/datasets/deepapaneru/dr-datasets/archive/train_images/train_images/d99b0f7dd9b9.png,0,left,0.96,g2768
d99dd99be001,train,/kaggle/input/datasets/deepapaneru/dr-datasets/archive/train_images/train_images/d99dd99be001.png,0,right,0.48,g2769
d9a475dfe59a,train,/kaggle/input/datasets/deepapaneru/dr-datasets/archive/train_images/train_images/d9a475dfe59a.png,2,left,1.0,g2770
d9ad2a0ec026,train,/kaggle/input/datasets/deepapaneru/dr-datasets/archive/train_images/train_images/d9ad2a0ec026.png,0,right,0.83,g2771
d9ba044671e1,train,/kaggle/input/datasets/deepapaneru/dr-datasets/archive/train_images/train_images/d9ba044671e1.png,4,right,0.69,g2772
d9bbdc33db83,train,/kaggle/input/datasets/deepapaneru/dr-datasets/archive/train_images/train_images/d9bbdc33db83.png,2,left,1.0,g2773
d9c9b9786da3,train,/kaggle/input/datasets/deepapaneru/dr-datasets/archive/train_images/train_images/d9c9b9786da3.png,0,uncertain,0.3,g2774
d9d2631f043c,train,/kaggle/input/datasets/deepapaneru/dr-datasets/archive/train_images/train_images/d9d2631f043c.png,0,left,0.99,g2775
d9e58e4d8689,train,/kaggle/input/datasets/deepapaneru/dr-datasets/archive/train_images/train_images/d9e58e4d8689.png,0,right,1.0,g2776
da0a1043abf7,train,/kaggle/input/datasets/deepapaneru/dr-datasets/archive/train_images/train_images/da0a1043abf7.png,2,uncertain,0.11,g2198
da0a83f074f3,train,/kaggle/input/datasets/deepapaneru/dr-datasets/archive/train_images/train_images/da0a83f074f3.png,0,left,0.87,g2778
da1fb35f5df9,train,/kaggle/input/datasets/deepapaneru/dr-datasets/archive/train_images/train_images/da1fb35f5df9.png,1,right,1.0,g2779
da2bdf4236ac,train,/kaggle/input/datasets/deepapaneru/dr-datasets/archive/train_images/train_images/da2bdf4236ac.png,0,left,1.0,g2780
da3a2275c850,train,/kaggle/input/datasets/deepapaneru/dr-datasets/archive/train_images/train_images/da3a2275c850.png,0,right,1.0,g2781
da44f80b422b,train,/kaggle/input/datasets/deepapaneru/dr-datasets/archive/train_images/train_images/da44f80b422b.png,2,left,1.0,g2782
da6389d129aa,train,/kaggle/input/datasets/deepapaneru/dr-datasets/archive/train_images/train_images/da6389d129aa.png,0,right,1.0,g2783
da6bbb76d562,train,/kaggle/input/datasets/deepapaneru/dr-datasets/archive/train_images/train_images/da6bbb76d562.png,0,left,1.0,g2784
da8900ac7f29,train,/kaggle/input/datasets/deepapaneru/dr-datasets/archive/train_images/train_images/da8900ac7f29.png,2,left,1.0,g2785
da9262d9f5d9,train,/kaggle/input/datasets/deepapaneru/dr-datasets/archive/train_images/train_images/da9262d9f5d9.png,0,left,0.99,g2786
da949aa67a4f,train,/kaggle/input/datasets/deepapaneru/dr-datasets/archive/train_images/train_images/da949aa67a4f.png,0,left,1.0,g2787
da9574d35b82,train,/kaggle/input/datasets/deepapaneru/dr-datasets/archive/train_images/train_images/da9574d35b82.png,0,right,1.0,g2788
da9fe02dead3,train,/kaggle/input/datasets/deepapaneru/dr-datasets/archive/train_images/train_images/da9fe02dead3.png,0,right,0.9,g2789
daad7b617f21,train,/kaggle/input/datasets/deepapaneru/dr-datasets/archive/train_images/train_images/daad7b617f21.png,0,left,0.97,g2790
dad71ba27a9b,train,/kaggle/input/datasets/deepapaneru/dr-datasets/archive/train_images/train_images/dad71ba27a9b.png,4,left,1.0,g2791
daeaa5d8cf70,train,/kaggle/input/datasets/deepapaneru/dr-datasets/archive/train_images/train_images/daeaa5d8cf70.png,2,left,0.98,g2792
daff5427c9b2,train,/kaggle/input/datasets/deepapaneru/dr-datasets/archive/train_images/train_images/daff5427c9b2.png,0,right,1.0,g2793
db3cd58aa315,train,/kaggle/input/datasets/deepapaneru/dr-datasets/archive/train_images/train_images/db3cd58aa315.png,0,right,1.0,g2794
db49cdf1ea64,train,/kaggle/input/datasets/deepapaneru/dr-datasets/archive/train_images/train_images/db49cdf1ea64.png,2,right,1.0,g2795
db4ed1e07aa3,train,/kaggle/input/datasets/deepapaneru/dr-datasets/archive/train_images/train_images/db4ed1e07aa3.png,1,left,0.83,g2796
db52626d450c,train,/kaggle/input/datasets/deepapaneru/dr-datasets/archive/train_images/train_images/db52626d450c.png,0,left,0.59,g2797
db6207e62c7b,train,/kaggle/input/datasets/deepapaneru/dr-datasets/archive/train_images/train_images/db6207e62c7b.png,0,right,1.0,g2798
db690e2d02f8,train,/kaggle/input/datasets/deepapaneru/dr-datasets/archive/train_images/train_images/db690e2d02f8.png,1,left,0.81,g2799
dbb2c63f6f08,train,/kaggle/input/datasets/deepapaneru/dr-datasets/archive/train_images/train_images/dbb2c63f6f08.png,3,right,1.0,g2800
dbd062558b81,train,/kaggle/input/datasets/deepapaneru/dr-datasets/archive/train_images/train_images/dbd062558b81.png,1,right,1.0,g2801
dbee04ae6426,train,/kaggle/input/datasets/deepapaneru/dr-datasets/archive/train_images/train_images/dbee04ae6426.png,2,left,1.0,g2802
dbfd238b3468,train,/kaggle/input/datasets/deepapaneru/dr-datasets/archive/train_images/train_images/dbfd238b3468.png,3,left,0.32,g2803
dc0eea0b68a7,train,/kaggle/input/datasets/deepapaneru/dr-datasets/archive/train_images/train_images/dc0eea0b68a7.png,0,right,1.0,g2804
dc0f6e5b489b,train,/kaggle/input/datasets/deepapaneru/dr-datasets/archive/train_images/train_images/dc0f6e5b489b.png,0,right,0.87,g2805
dc3c0d8ee20b,train,/kaggle/input/datasets/deepapaneru/dr-datasets/archive/train_images/train_images/dc3c0d8ee20b.png,2,right,1.0,g2550
dc6fa1b38b83,train,/kaggle/input/datasets/deepapaneru/dr-datasets/archive/train_images/train_images/dc6fa1b38b83.png,2,left,1.0,g2807
dcc6c0ad5cad,train,/kaggle/input/datasets/deepapaneru/dr-datasets/archive/train_images/train_images/dcc6c0ad5cad.png,0,right,1.0,g2808
dccdf750c962,train,/kaggle/input/datasets/deepapaneru/dr-datasets/archive/train_images/train_images/dccdf750c962.png,0,left,0.91,g2809
dce73d90c00c,train,/kaggle/input/datasets/deepapaneru/dr-datasets/archive/train_images/train_images/dce73d90c00c.png,0,left,0.98,g2810
dcf109df1a2b,train,/kaggle/input/datasets/deepapaneru/dr-datasets/archive/train_images/train_images/dcf109df1a2b.png,0,left,1.0,g2811
dd02d60bef14,train,/kaggle/input/datasets/deepapaneru/dr-datasets/archive/train_images/train_images/dd02d60bef14.png,0,left,0.9,g2812
dd110d2b8c21,train,/kaggle/input/datasets/deepapaneru/dr-datasets/archive/train_images/train_images/dd110d2b8c21.png,2,right,1.0,g2813
dd19428c3d29,train,/kaggle/input/datasets/deepapaneru/dr-datasets/archive/train_images/train_images/dd19428c3d29.png,1,right,1.0,g2814
dd285d9e97fe,train,/kaggle/input/datasets/deepapaneru/dr-datasets/archive/train_images/train_images/dd285d9e97fe.png,0,right,0.72,g2815
dd3176bacfe2,train,/kaggle/input/datasets/deepapaneru/dr-datasets/archive/train_images/train_images/dd3176bacfe2.png,0,left,1.0,g2816
dd3dad6ca78f,train,/kaggle/input/datasets/deepapaneru/dr-datasets/archive/train_images/train_images/dd3dad6ca78f.png,3,uncertain,0.01,g2817
dd90c321d7bc,train,/kaggle/input/datasets/deepapaneru/dr-datasets/archive/train_images/train_images/dd90c321d7bc.png,0,right,0.34,g2818
ddb222ff7c1d,train,/kaggle/input/datasets/deepapaneru/dr-datasets/archive/train_images/train_images/ddb222ff7c1d.png,0,right,1.0,g1176
dde43aa22ae6,train,/kaggle/input/datasets/deepapaneru/dr-datasets/archive/train_images/train_images/dde43aa22ae6.png,2,uncertain,0.06,g2820
de16416220de,train,/kaggle/input/datasets/deepapaneru/dr-datasets/archive/train_images/train_images/de16416220de.png,4,left,0.83,g2821
de18071c36e6,train,/kaggle/input/datasets/deepapaneru/dr-datasets/archive/train_images/train_images/de18071c36e6.png,0,right,1.0,g2822
de2eb5c8aa83,train,/kaggle/input/datasets/deepapaneru/dr-datasets/archive/train_images/train_images/de2eb5c8aa83.png,0,left,1.0,g2823
de38adaae009,train,/kaggle/input/datasets/deepapaneru/dr-datasets/archive/train_images/train_images/de38adaae009.png,0,right,1.0,g2824
de4cdabbce6d,train,/kaggle/input/datasets/deepapaneru/dr-datasets/archive/train_images/train_images/de4cdabbce6d.png,0,right,1.0,g2825
de50dfa745f8,train,/kaggle/input/datasets/deepapaneru/dr-datasets/archive/train_images/train_images/de50dfa745f8.png,2,left,0.5,g2826
de55ed25e0e8,train,/kaggle/input/datasets/deepapaneru/dr-datasets/archive/train_images/train_images/de55ed25e0e8.png,0,right,0.86,g2363
de57c9e9fa93,train,/kaggle/input/datasets/deepapaneru/dr-datasets/archive/train_images/train_images/de57c9e9fa93.png,0,right,0.51,g2828
de6210f88536,train,/kaggle/input/datasets/deepapaneru/dr-datasets/archive/train_images/train_images/de6210f88536.png,0,right,0.69,g2829
de730033c683,train,/kaggle/input/datasets/deepapaneru/dr-datasets/archive/train_images/train_images/de730033c683.png,0,left,0.62,g2830
de778495a1cd,train,/kaggle/input/datasets/deepapaneru/dr-datasets/archive/train_images/train_images/de778495a1cd.png,2,right,1.0,g2831
dea7538bb91a,train,/kaggle/input/datasets/deepapaneru/dr-datasets/archive/train_images/train_images/dea7538bb91a.png,0,right,1.0,g2832
dec5595e6154,train,/kaggle/input/datasets/deepapaneru/dr-datasets/archive/train_images/train_images/dec5595e6154.png,0,right,1.0,g2833
dee1031a76ae,train,/kaggle/input/datasets/deepapaneru/dr-datasets/archive/train_images/train_images/dee1031a76ae.png,0,right,0.41,g2834
dee31065f8fe,train,/kaggle/input/datasets/deepapaneru/dr-datasets/archive/train_images/train_images/dee31065f8fe.png,0,left,0.85,g2835
dee687c6e88a,train,/kaggle/input/datasets/deepapaneru/dr-datasets/archive/train_images/train_images/dee687c6e88a.png,2,left,0.96,g2836
df0886f1e76b,train,/kaggle/input/datasets/deepapaneru/dr-datasets/archive/train_images/train_images/df0886f1e76b.png,0,left,1.0,g368
df3adfd6ba36,train,/kaggle/input/datasets/deepapaneru/dr-datasets/archive/train_images/train_images/df3adfd6ba36.png,2,right,1.0,g2838
df4913ca3712,train,/kaggle/input/datasets/deepapaneru/dr-datasets/archive/train_images/train_images/df4913ca3712.png,4,left,1.0,g2697
df4aec4a0eaf,train,/kaggle/input/datasets/deepapaneru/dr-datasets/archive/train_images/train_images/df4aec4a0eaf.png,4,right,1.0,g2840
df5ce3ea7820,train,/kaggle/input/datasets/deepapaneru/dr-datasets/archive/train_images/train_images/df5ce3ea7820.png,2,right,1.0,g2841
df6d13d04da1,train,/kaggle/input/datasets/deepapaneru/dr-datasets/archive/train_images/train_images/df6d13d04da1.png,0,right,0.81,g2842
df8365d6ac33,train,/kaggle/input/datasets/deepapaneru/dr-datasets/archive/train_images/train_images/df8365d6ac33.png,2,left,0.34,g2843
df841a0440d8,train,/kaggle/input/datasets/deepapaneru/dr-datasets/archive/train_images/train_images/df841a0440d8.png,2,left,1.0,g2844
df84e7113003,train,/kaggle/input/datasets/deepapaneru/dr-datasets/archive/train_images/train_images/df84e7113003.png,4,left,1.0,g2845
df9cb3729eb1,train,/kaggle/input/datasets/deepapaneru/dr-datasets/archive/train_images/train_images/df9cb3729eb1.png,0,left,1.0,g2846
dfc7ec7db0e0,train,/kaggle/input/datasets/deepapaneru/dr-datasets/archive/train_images/train_images/dfc7ec7db0e0.png,0,right,0.8,g2847
dfea19863428,train,/kaggle/input/datasets/deepapaneru/dr-datasets/archive/train_images/train_images/dfea19863428.png,0,right,1.0,g2848
e019b3e0f33d,train,/kaggle/input/datasets/deepapaneru/dr-datasets/archive/train_images/train_images/e019b3e0f33d.png,4,right,1.0,g2849
e01b7bac822b,train,/kaggle/input/datasets/deepapaneru/dr-datasets/archive/train_images/train_images/e01b7bac822b.png,0,right,0.93,g1694
e0313be77035,train,/kaggle/input/datasets/deepapaneru/dr-datasets/archive/train_images/train_images/e0313be77035.png,0,right,0.85,g2851
e037643244b7,train,/kaggle/input/datasets/deepapaneru/dr-datasets/archive/train_images/train_images/e037643244b7.png,4,left,1.0,g952
e03a74e7d74f,train,/kaggle/input/datasets/deepapaneru/dr-datasets/archive/train_images/train_images/e03a74e7d74f.png,0,left,1.0,g2853
e03e70bc8bba,train,/kaggle/input/datasets/deepapaneru/dr-datasets/archive/train_images/train_images/e03e70bc8bba.png,2,right,1.0,g2854
e04f3c6619a3,train,/kaggle/input/datasets/deepapaneru/dr-datasets/archive/train_images/train_images/e04f3c6619a3.png,0,right,0.8,g2855
e067b06fd655,train,/kaggle/input/datasets/deepapaneru/dr-datasets/archive/train_images/train_images/e067b06fd655.png,0,left,0.9,g2856
e06cccc08c59,train,/kaggle/input/datasets/deepapaneru/dr-datasets/archive/train_images/train_images/e06cccc08c59.png,0,left,0.46,g2857
e06d3d4733f0,train,/kaggle/input/datasets/deepapaneru/dr-datasets/archive/train_images/train_images/e06d3d4733f0.png,2,right,1.0,g2858
e07045d7c5f7,train,/kaggle/input/datasets/deepapaneru/dr-datasets/archive/train_images/train_images/e07045d7c5f7.png,1,right,1.0,g2859
e0863b353093,train,/kaggle/input/datasets/deepapaneru/dr-datasets/archive/train_images/train_images/e0863b353093.png,2,right,1.0,g2860
e087bd4b88f2,train,/kaggle/input/datasets/deepapaneru/dr-datasets/archive/train_images/train_images/e087bd4b88f2.png,0,left,1.0,g2861
e0b5a982a018,train,/kaggle/input/datasets/deepapaneru/dr-datasets/archive/train_images/train_images/e0b5a982a018.png,3,left,1.0,g2862
e0d229db881a,train,/kaggle/input/datasets/deepapaneru/dr-datasets/archive/train_images/train_images/e0d229db881a.png,0,right,0.6,g2863
e10190a9d52f,train,/kaggle/input/datasets/deepapaneru/dr-datasets/archive/train_images/train_images/e10190a9d52f.png,2,right,0.66,g2864
e12b67835e03,train,/kaggle/input/datasets/deepapaneru/dr-datasets/archive/train_images/train_images/e12b67835e03.png,2,left,1.0,g2865
e12d41e7b221,train,/kaggle/input/datasets/deepapaneru/dr-datasets/archive/train_images/train_images/e12d41e7b221.png,2,left,0.64,g2337
e12df54e0d1e,train,/kaggle/input/datasets/deepapaneru/dr-datasets/archive/train_images/train_images/e12df54e0d1e.png,0,right,0.99,g2363
e12f9f19d1be,train,/kaggle/input/datasets/deepapaneru/dr-datasets/archive/train_images/train_images/e12f9f19d1be.png,0,left,1.0,g2868
e13412678eff,train,/kaggle/input/datasets/deepapaneru/dr-datasets/archive/train_images/train_images/e13412678eff.png,3,right,1.0,g2869
e135d7ba9a0e,train,/kaggle/input/datasets/deepapaneru/dr-datasets/archive/train_images/train_images/e135d7ba9a0e.png,0,right,0.75,g2363
e1418d28d668,train,/kaggle/input/datasets/deepapaneru/dr-datasets/archive/train_images/train_images/e1418d28d668.png,2,uncertain,0.02,g2871
e150935f66a6,train,/kaggle/input/datasets/deepapaneru/dr-datasets/archive/train_images/train_images/e150935f66a6.png,2,left,0.96,g2872
e160a3b19911,train,/kaggle/input/datasets/deepapaneru/dr-datasets/archive/train_images/train_images/e160a3b19911.png,0,right,1.0,g2873
e16af45285e5,train,/kaggle/input/datasets/deepapaneru/dr-datasets/archive/train_images/train_images/e16af45285e5.png,0,right,1.0,g1400
e16fc934069f,train,/kaggle/input/datasets/deepapaneru/dr-datasets/archive/train_images/train_images/e16fc934069f.png,2,left,0.71,g2875
e17507a4a1f5,train,/kaggle/input/datasets/deepapaneru/dr-datasets/archive/train_images/train_images/e17507a4a1f5.png,2,left,1.0,g2876
e1900014dabf,train,/kaggle/input/datasets/deepapaneru/dr-datasets/archive/train_images/train_images/e1900014dabf.png,3,right,1.0,g2877
e19936582c61,train,/kaggle/input/datasets/deepapaneru/dr-datasets/archive/train_images/train_images/e19936582c61.png,3,right,1.0,g2878
e1ab92228e60,train,/kaggle/input/datasets/deepapaneru/dr-datasets/archive/train_images/train_images/e1ab92228e60.png,0,right,1.0,g2879
e1b8acb1cea1,train,/kaggle/input/datasets/deepapaneru/dr-datasets/archive/train_images/train_images/e1b8acb1cea1.png,0,left,1.0,g2880
e1c02f6c3362,train,/kaggle/input/datasets/deepapaneru/dr-datasets/archive/train_images/train_images/e1c02f6c3362.png,0,right,0.95,g2881
e1dc02a3dc2a,train,/kaggle/input/datasets/deepapaneru/dr-datasets/archive/train_images/train_images/e1dc02a3dc2a.png,0,right,0.86,g1820
e1e490773462,train,/kaggle/input/datasets/deepapaneru/dr-datasets/archive/train_images/train_images/e1e490773462.png,2,left,0.33,g2883
e1fb532f55df,train,/kaggle/input/datasets/deepapaneru/dr-datasets/archive/train_images/train_images/e1fb532f55df.png,3,left,1.0,g2177
e2161692a0b4,train,/kaggle/input/datasets/deepapaneru/dr-datasets/archive/train_images/train_images/e2161692a0b4.png,2,uncertain,0.01,g2885
e2265c383348,train,/kaggle/input/datasets/deepapaneru/dr-datasets/archive/train_images/train_images/e2265c383348.png,0,right,1.0,g181
e229aca862c7,train,/kaggle/input/datasets/deepapaneru/dr-datasets/archive/train_images/train_images/e229aca862c7.png,2,right,1.0,g2887
e23add229074,train,/kaggle/input/datasets/deepapaneru/dr-datasets/archive/train_images/train_images/e23add229074.png,4,right,0.46,g2888
e246cd89e1cc,train,/kaggle/input/datasets/deepapaneru/dr-datasets/archive/train_images/train_images/e246cd89e1cc.png,0,right,0.64,g2889
e251bdf05b85,train,/kaggle/input/datasets/deepapaneru/dr-datasets/archive/train_images/train_images/e251bdf05b85.png,0,uncertain,0.26,g2890
e25ccfe38e44,train,/kaggle/input/datasets/deepapaneru/dr-datasets/archive/train_images/train_images/e25ccfe38e44.png,1,right,0.89,g2891
e265c870f9b3,train,/kaggle/input/datasets/deepapaneru/dr-datasets/archive/train_images/train_images/e265c870f9b3.png,2,left,1.0,g2892
e26bcae6c67b,train,/kaggle/input/datasets/deepapaneru/dr-datasets/archive/train_images/train_images/e26bcae6c67b.png,0,right,1.0,g2893
e26d8718ca58,train,/kaggle/input/datasets/deepapaneru/dr-datasets/archive/train_images/train_images/e26d8718ca58.png,1,right,1.0,g2894
e2856afe62c5,train,/kaggle/input/datasets/deepapaneru/dr-datasets/archive/train_images/train_images/e2856afe62c5.png,2,left,1.0,g2895
e29e54ff921e,train,/kaggle/input/datasets/deepapaneru/dr-datasets/archive/train_images/train_images/e29e54ff921e.png,0,right,0.91,g2896
e2a233493b90,train,/kaggle/input/datasets/deepapaneru/dr-datasets/archive/train_images/train_images/e2a233493b90.png,1,right,1.0,g2897
e2a47a74e6e1,train,/kaggle/input/datasets/deepapaneru/dr-datasets/archive/train_images/train_images/e2a47a74e6e1.png,2,left,0.33,g2898
e2c39ed0c941,train,/kaggle/input/datasets/deepapaneru/dr-datasets/archive/train_images/train_images/e2c39ed0c941.png,0,right,0.77,g2899
e2c3b037413b,train,/kaggle/input/datasets/deepapaneru/dr-datasets/archive/train_images/train_images/e2c3b037413b.png,0,right,1.0,g2054
e2ec22b3d07e,train,/kaggle/input/datasets/deepapaneru/dr-datasets/archive/train_images/train_images/e2ec22b3d07e.png,0,right,1.0,g399
e30a890600e1,train,/kaggle/input/datasets/deepapaneru/dr-datasets/archive/train_images/train_images/e30a890600e1.png,0,left,1.0,g1226
e31c42a8652b,train,/kaggle/input/datasets/deepapaneru/dr-datasets/archive/train_images/train_images/e31c42a8652b.png,2,uncertain,0.01,g2903
e322acd46152,train,/kaggle/input/datasets/deepapaneru/dr-datasets/archive/train_images/train_images/e322acd46152.png,0,right,1.0,g2904
e32a359be36d,train,/kaggle/input/datasets/deepapaneru/dr-datasets/archive/train_images/train_images/e32a359be36d.png,3,right,1.0,g2905
e32dc722eca5,train,/kaggle/input/datasets/deepapaneru/dr-datasets/archive/train_images/train_images/e32dc722eca5.png,4,right,1.0,g2906
e33766353db2,train,/kaggle/input/datasets/deepapaneru/dr-datasets/archive/train_images/train_images/e33766353db2.png,0,right,1.0,g2907
e34fa07bd64d,train,/kaggle/input/datasets/deepapaneru/dr-datasets/archive/train_images/train_images/e34fa07bd64d.png,2,right,0.77,g2908
e387311a840e,train,/kaggle/input/datasets/deepapaneru/dr-datasets/archive/train_images/train_images/e387311a840e.png,2,right,1.0,g2909
e38f3a65b02b,train,/kaggle/input/datasets/deepapaneru/dr-datasets/archive/train_images/train_images/e38f3a65b02b.png,1,left,1.0,g2910
e39b627cf648,train,/kaggle/input/datasets/deepapaneru/dr-datasets/archive/train_images/train_images/e39b627cf648.png,4,right,1.0,g2305
e3a7671f787b,train,/kaggle/input/datasets/deepapaneru/dr-datasets/archive/train_images/train_images/e3a7671f787b.png,2,uncertain,0.01,g2912
e3ab63dc9a60,train,/kaggle/input/datasets/deepapaneru/dr-datasets/archive/train_images/train_images/e3ab63dc9a60.png,4,right,1.0,g2913
e3b47ed5b511,train,/kaggle/input/datasets/deepapaneru/dr-datasets/archive/train_images/train_images/e3b47ed5b511.png,0,left,0.55,g2914
e3cd96cb094c,train,/kaggle/input/datasets/deepapaneru/dr-datasets/archive/train_images/train_images/e3cd96cb094c.png,0,right,1.0,g2915
e3e490babc0c,train,/kaggle/input/datasets/deepapaneru/dr-datasets/archive/train_images/train_images/e3e490babc0c.png,2,right,0.75,g2916
e3ec668f6fad,train,/kaggle/input/datasets/deepapaneru/dr-datasets/archive/train_images/train_images/e3ec668f6fad.png,4,uncertain,0.23,g2917
e4151feb8443,train,/kaggle/input/datasets/deepapaneru/dr-datasets/archive/train_images/train_images/e4151feb8443.png,2,right,1.0,g623
e4210e7fe587,train,/kaggle/input/datasets/deepapaneru/dr-datasets/archive/train_images/train_images/e4210e7fe587.png,3,left,1.0,g2919
e42d9a94a66d,train,/kaggle/input/datasets/deepapaneru/dr-datasets/archive/train_images/train_images/e42d9a94a66d.png,0,right,0.48,g2920
e4730ddde408,train,/kaggle/input/datasets/deepapaneru/dr-datasets/archive/train_images/train_images/e4730ddde408.png,4,right,0.82,g2921
e47452069ea1,train,/kaggle/input/datasets/deepapaneru/dr-datasets/archive/train_images/train_images/e47452069ea1.png,0,right,1.0,g2922
e47770a2e5d1,train,/kaggle/input/datasets/deepapaneru/dr-datasets/archive/train_images/train_images/e47770a2e5d1.png,0,right,1.0,g2923
e499434242cc,train,/kaggle/input/datasets/deepapaneru/dr-datasets/archive/train_images/train_images/e499434242cc.png,2,left,1.0,g2924
e4a44f9158dc,train,/kaggle/input/datasets/deepapaneru/dr-datasets/archive/train_images/train_images/e4a44f9158dc.png,0,right,0.75,g2925
e4ae1ee6aada,train,/kaggle/input/datasets/deepapaneru/dr-datasets/archive/train_images/train_images/e4ae1ee6aada.png,0,left,1.0,g2926
e4b0df29b96f,train,/kaggle/input/datasets/deepapaneru/dr-datasets/archive/train_images/train_images/e4b0df29b96f.png,0,left,0.93,g2927
e4c799738a19,train,/kaggle/input/datasets/deepapaneru/dr-datasets/archive/train_images/train_images/e4c799738a19.png,0,right,0.84,g2928
e4d3d437b0a8,train,/kaggle/input/datasets/deepapaneru/dr-datasets/archive/train_images/train_images/e4d3d437b0a8.png,0,right,1.0,g2929
000c1434d8d7,val,/kaggle/input/datasets/deepapaneru/dr-datasets/archive/val_images/val_images/000c1434d8d7.png,2,left,1.0,g2930
001639a390f0,val,/kaggle/input/datasets/deepapaneru/dr-datasets/archive/val_images/val_images/001639a390f0.png,4,right,1.0,g2931
0024cdab0c1e,val,/kaggle/input/datasets/deepapaneru/dr-datasets/archive/val_images/val_images/0024cdab0c1e.png,1,right,1.0,g2932
002c21358ce6,val,/kaggle/input/datasets/deepapaneru/dr-datasets/archive/val_images/val_images/002c21358ce6.png,0,left,0.83,g2933
005b95c28852,val,/kaggle/input/datasets/deepapaneru/dr-datasets/archive/val_images/val_images/005b95c28852.png,0,left,1.0,g2934
0083ee8054ee,val,/kaggle/input/datasets/deepapaneru/dr-datasets/archive/val_images/val_images/0083ee8054ee.png,4,uncertain,0.25,g2935
0097f532ac9f,val,/kaggle/input/datasets/deepapaneru/dr-datasets/archive/val_images/val_images/0097f532ac9f.png,0,uncertain,0.12,g2936
00a8624548a9,val,/kaggle/input/datasets/deepapaneru/dr-datasets/archive/val_images/val_images/00a8624548a9.png,2,left,1.0,g2937
00b74780d31d,val,/kaggle/input/datasets/deepapaneru/dr-datasets/archive/val_images/val_images/00b74780d31d.png,2,right,1.0,g2938
00cb6555d108,val,/kaggle/input/datasets/deepapaneru/dr-datasets/archive/val_images/val_images/00cb6555d108.png,1,left,1.0,g2541
00cc2b75cddd,val,/kaggle/input/datasets/deepapaneru/dr-datasets/archive/val_images/val_images/00cc2b75cddd.png,0,left,0.91,g2940
00e4ddff966a,val,/kaggle/input/datasets/deepapaneru/dr-datasets/archive/val_images/val_images/00e4ddff966a.png,2,uncertain,0.18,g2941
00f6c1be5a33,val,/kaggle/input/datasets/deepapaneru/dr-datasets/archive/val_images/val_images/00f6c1be5a33.png,0,left,0.4,g2942
0104b032c141,val,/kaggle/input/datasets/deepapaneru/dr-datasets/archive/val_images/val_images/0104b032c141.png,3,left,1.0,g2943
0124dffecf29,val,/kaggle/input/datasets/deepapaneru/dr-datasets/archive/val_images/val_images/0124dffecf29.png,1,left,1.0,g2944
0125fbd2e791,val,/kaggle/input/datasets/deepapaneru/dr-datasets/archive/val_images/val_images/0125fbd2e791.png,0,left,1.0,g2945
012a242ac6ff,val,/kaggle/input/datasets/deepapaneru/dr-datasets/archive/val_images/val_images/012a242ac6ff.png,2,right,1.0,g73
014508ccb9cb,val,/kaggle/input/datasets/deepapaneru/dr-datasets/archive/val_images/val_images/014508ccb9cb.png,0,left,0.93,g2947
0151781fe50b,val,/kaggle/input/datasets/deepapaneru/dr-datasets/archive/val_images/val_images/0151781fe50b.png,0,left,1.0,g2948
0161338f53cc,val,/kaggle/input/datasets/deepapaneru/dr-datasets/archive/val_images/val_images/0161338f53cc.png,2,right,1.0,g2553
0180bfa26c0b,val,/kaggle/input/datasets/deepapaneru/dr-datasets/archive/val_images/val_images/0180bfa26c0b.png,2,right,1.0,g2950
0182152c50de,val,/kaggle/input/datasets/deepapaneru/dr-datasets/archive/val_images/val_images/0182152c50de.png,0,right,0.83,g2951
01b3aed3ed4c,val,/kaggle/input/datasets/deepapaneru/dr-datasets/archive/val_images/val_images/01b3aed3ed4c.png,1,left,1.0,g2952
01c7808d901d,val,/kaggle/input/datasets/deepapaneru/dr-datasets/archive/val_images/val_images/01c7808d901d.png,2,left,0.94,g2953
01d9477b1171,val,/kaggle/input/datasets/deepapaneru/dr-datasets/archive/val_images/val_images/01d9477b1171.png,0,right,1.0,g2954
01eb826f6467,val,/kaggle/input/datasets/deepapaneru/dr-datasets/archive/val_images/val_images/01eb826f6467.png,2,right,0.55,g2955
01f7bb8be950,val,/kaggle/input/datasets/deepapaneru/dr-datasets/archive/val_images/val_images/01f7bb8be950.png,0,right,1.0,g2956
0212dd31f623,val,/kaggle/input/datasets/deepapaneru/dr-datasets/archive/val_images/val_images/0212dd31f623.png,0,left,0.69,g2957
022f820027b8,val,/kaggle/input/datasets/deepapaneru/dr-datasets/archive/val_images/val_images/022f820027b8.png,0,left,1.0,g2958
0231642cf1c2,val,/kaggle/input/datasets/deepapaneru/dr-datasets/archive/val_images/val_images/0231642cf1c2.png,0,left,1.0,g2959
0232dfea7547,val,/kaggle/input/datasets/deepapaneru/dr-datasets/archive/val_images/val_images/0232dfea7547.png,0,left,1.0,g2960
02358b47ea89,val,/kaggle/input/datasets/deepapaneru/dr-datasets/archive/val_images/val_images/02358b47ea89.png,0,left,0.63,g2961
0243404e8a00,val,/kaggle/input/datasets/deepapaneru/dr-datasets/archive/val_images/val_images/0243404e8a00.png,4,left,1.0,g452
025a169a0bb0,val,/kaggle/input/datasets/deepapaneru/dr-datasets/archive/val_images/val_images/025a169a0bb0.png,2,left,0.98,g2963
02685f13cefd,val,/kaggle/input/datasets/deepapaneru/dr-datasets/archive/val_images/val_images/02685f13cefd.png,4,left,0.72,g2964
026dcd9af143,val,/kaggle/input/datasets/deepapaneru/dr-datasets/archive/val_images/val_images/026dcd9af143.png,2,left,1.0,g1803
02cd34a85b24,val,/kaggle/input/datasets/deepapaneru/dr-datasets/archive/val_images/val_images/02cd34a85b24.png,0,right,0.57,g2966
02da652c74b8,val,/kaggle/input/datasets/deepapaneru/dr-datasets/archive/val_images/val_images/02da652c74b8.png,0,left,1.0,g1818
02dda30d3acf,val,/kaggle/input/datasets/deepapaneru/dr-datasets/archive/val_images/val_images/02dda30d3acf.png,4,right,1.0,g2968
0304bedad8fe,val,/kaggle/input/datasets/deepapaneru/dr-datasets/archive/val_images/val_images/0304bedad8fe.png,0,left,0.78,g2969
0318598cfd16,val,/kaggle/input/datasets/deepapaneru/dr-datasets/archive/val_images/val_images/0318598cfd16.png,4,left,1.0,g2970
032d7b0b4bf6,val,/kaggle/input/datasets/deepapaneru/dr-datasets/archive/val_images/val_images/032d7b0b4bf6.png,2,left,1.0,g2971
033f2b43de6d,val,/kaggle/input/datasets/deepapaneru/dr-datasets/archive/val_images/val_images/033f2b43de6d.png,2,right,1.0,g2972
034cb07a550f,val,/kaggle/input/datasets/deepapaneru/dr-datasets/archive/val_images/val_images/034cb07a550f.png,4,left,1.0,g2524
03676c71ed1b,val,/kaggle/input/datasets/deepapaneru/dr-datasets/archive/val_images/val_images/03676c71ed1b.png,2,left,0.91,g2974
0369f3efe69b,val,/kaggle/input/datasets/deepapaneru/dr-datasets/archive/val_images/val_images/0369f3efe69b.png,1,right,1.0,g2975
03747397839f,val,/kaggle/input/datasets/deepapaneru/dr-datasets/archive/val_images/val_images/03747397839f.png,2,left,1.0,g2976
03a7f4a5786f,val,/kaggle/input/datasets/deepapaneru/dr-datasets/archive/val_images/val_images/03a7f4a5786f.png,4,right,1.0,g690
03b373718013,val,/kaggle/input/datasets/deepapaneru/dr-datasets/archive/val_images/val_images/03b373718013.png,0,right,0.91,g2978
03c85870824c,val,/kaggle/input/datasets/deepapaneru/dr-datasets/archive/val_images/val_images/03c85870824c.png,3,left,1.0,g2979
03e25101e8e8,val,/kaggle/input/datasets/deepapaneru/dr-datasets/archive/val_images/val_images/03e25101e8e8.png,1,uncertain,0.1,g2980
03fd50da928d,val,/kaggle/input/datasets/deepapaneru/dr-datasets/archive/val_images/val_images/03fd50da928d.png,2,left,0.94,g2981
03ff7d159f10,val,/kaggle/input/datasets/deepapaneru/dr-datasets/archive/val_images/val_images/03ff7d159f10.png,2,left,1.0,g2982
0415fc68b176,val,/kaggle/input/datasets/deepapaneru/dr-datasets/archive/val_images/val_images/0415fc68b176.png,2,uncertain,0.07,g2983
041f09eec1e8,val,/kaggle/input/datasets/deepapaneru/dr-datasets/archive/val_images/val_images/041f09eec1e8.png,2,right,1.0,g2984
0423237770a7,val,/kaggle/input/datasets/deepapaneru/dr-datasets/archive/val_images/val_images/0423237770a7.png,0,right,0.69,g2985
042470a92154,val,/kaggle/input/datasets/deepapaneru/dr-datasets/archive/val_images/val_images/042470a92154.png,3,right,0.89,g2986
04579e31e4be,val,/kaggle/input/datasets/deepapaneru/dr-datasets/archive/val_images/val_images/04579e31e4be.png,0,left,1.0,g2987
04a6fc58dabc,val,/kaggle/input/datasets/deepapaneru/dr-datasets/archive/val_images/val_images/04a6fc58dabc.png,2,right,1.0,g2988
04ac765f91a1,val,/kaggle/input/datasets/deepapaneru/dr-datasets/archive/val_images/val_images/04ac765f91a1.png,1,right,1.0,g313
04aef84a2cc1,val,/kaggle/input/datasets/deepapaneru/dr-datasets/archive/val_images/val_images/04aef84a2cc1.png,0,left,1.0,g2990
04d029cfb612,val,/kaggle/input/datasets/deepapaneru/dr-datasets/archive/val_images/val_images/04d029cfb612.png,2,right,1.0,g2991
04efb1a284cc,val,/kaggle/input/datasets/deepapaneru/dr-datasets/archive/val_images/val_images/04efb1a284cc.png,0,right,0.72,g2992
050bb1eafa76,val,/kaggle/input/datasets/deepapaneru/dr-datasets/archive/val_images/val_images/050bb1eafa76.png,0,right,1.0,g2993
05113073b268,val,/kaggle/input/datasets/deepapaneru/dr-datasets/archive/val_images/val_images/05113073b268.png,0,right,1.0,g2994
05195a3db5e2,val,/kaggle/input/datasets/deepapaneru/dr-datasets/archive/val_images/val_images/05195a3db5e2.png,0,uncertain,0.28,g2995
0519b934f6b1,val,/kaggle/input/datasets/deepapaneru/dr-datasets/archive/val_images/val_images/0519b934f6b1.png,2,right,1.0,g2996
052d9a3fe55a,val,/kaggle/input/datasets/deepapaneru/dr-datasets/archive/val_images/val_images/052d9a3fe55a.png,2,left,1.0,g2997
05339950962e,val,/kaggle/input/datasets/deepapaneru/dr-datasets/archive/val_images/val_images/05339950962e.png,0,left,1.0,g2998
054b1b305160,val,/kaggle/input/datasets/deepapaneru/dr-datasets/archive/val_images/val_images/054b1b305160.png,0,right,1.0,g2021
0551676cc2aa,val,/kaggle/input/datasets/deepapaneru/dr-datasets/archive/val_images/val_images/0551676cc2aa.png,0,right,1.0,g3000
059bc89df7f4,val,/kaggle/input/datasets/deepapaneru/dr-datasets/archive/val_images/val_images/059bc89df7f4.png,1,left,1.0,g3001
05a5183c92d0,val,/kaggle/input/datasets/deepapaneru/dr-datasets/archive/val_images/val_images/05a5183c92d0.png,1,left,0.78,g1054
05b1bb2bdb81,val,/kaggle/input/datasets/deepapaneru/dr-datasets/archive/val_images/val_images/05b1bb2bdb81.png,0,left,0.65,g3003
05cd0178ccfe,val,/kaggle/input/datasets/deepapaneru/dr-datasets/archive/val_images/val_images/05cd0178ccfe.png,3,left,1.0,g3004
05e9126dfa5c,val,/kaggle/input/datasets/deepapaneru/dr-datasets/archive/val_images/val_images/05e9126dfa5c.png,0,left,1.0,g3005
06024377d573,val,/kaggle/input/datasets/deepapaneru/dr-datasets/archive/val_images/val_images/06024377d573.png,2,left,1.0,g3006
060e00d1e2ab,val,/kaggle/input/datasets/deepapaneru/dr-datasets/archive/val_images/val_images/060e00d1e2ab.png,0,left,0.7,g3007
064af6592ba6,val,/kaggle/input/datasets/deepapaneru/dr-datasets/archive/val_images/val_images/064af6592ba6.png,2,uncertain,0.28,g3008
06586082a24d,val,/kaggle/input/datasets/deepapaneru/dr-datasets/archive/val_images/val_images/06586082a24d.png,0,left,1.0,g3009
0684311afdfc,val,/kaggle/input/datasets/deepapaneru/dr-datasets/archive/val_images/val_images/0684311afdfc.png,1,left,1.0,g3010
069f43616fab,val,/kaggle/input/datasets/deepapaneru/dr-datasets/archive/val_images/val_images/069f43616fab.png,3,uncertain,0.31,g3011
06b71823f9cd,val,/kaggle/input/datasets/deepapaneru/dr-datasets/archive/val_images/val_images/06b71823f9cd.png,1,left,0.46,g3012
06be1092a062,val,/kaggle/input/datasets/deepapaneru/dr-datasets/archive/val_images/val_images/06be1092a062.png,0,uncertain,0.19,g3013
07083738b75e,val,/kaggle/input/datasets/deepapaneru/dr-datasets/archive/val_images/val_images/07083738b75e.png,2,right,1.0,g3014
0709652336e2,val,/kaggle/input/datasets/deepapaneru/dr-datasets/archive/val_images/val_images/0709652336e2.png,0,right,1.0,g3015
070d4ce5fd90,val,/kaggle/input/datasets/deepapaneru/dr-datasets/archive/val_images/val_images/070d4ce5fd90.png,0,right,0.97,g3016
070f67572d03,val,/kaggle/input/datasets/deepapaneru/dr-datasets/archive/val_images/val_images/070f67572d03.png,3,left,1.0,g3017
07122e268a1d,val,/kaggle/input/datasets/deepapaneru/dr-datasets/archive/val_images/val_images/07122e268a1d.png,4,right,0.73,g3018
071435a218ec,val,/kaggle/input/datasets/deepapaneru/dr-datasets/archive/val_images/val_images/071435a218ec.png,2,right,1.0,g3019
07419eddd6be,val,/kaggle/input/datasets/deepapaneru/dr-datasets/archive/val_images/val_images/07419eddd6be.png,2,left,1.0,g1474
07596907347b,val,/kaggle/input/datasets/deepapaneru/dr-datasets/archive/val_images/val_images/07596907347b.png,0,right,0.49,g3021
0773a1c326ad,val,/kaggle/input/datasets/deepapaneru/dr-datasets/archive/val_images/val_images/0773a1c326ad.png,0,left,1.0,g3022
07751b94a88a,val,/kaggle/input/datasets/deepapaneru/dr-datasets/archive/val_images/val_images/07751b94a88a.png,0,left,1.0,g3023
0790515cf5af,val,/kaggle/input/datasets/deepapaneru/dr-datasets/archive/val_images/val_images/0790515cf5af.png,0,left,1.0,g3024
07929d32b5b3,val,/kaggle/input/datasets/deepapaneru/dr-datasets/archive/val_images/val_images/07929d32b5b3.png,1,left,1.0,g3025
07a0be6b347f,val,/kaggle/input/datasets/deepapaneru/dr-datasets/archive/val_images/val_images/07a0be6b347f.png,0,right,0.92,g3026
07a0e34c8d20,val,/kaggle/input/datasets/deepapaneru/dr-datasets/archive/val_images/val_images/07a0e34c8d20.png,3,left,1.0,g3027
07a1c7073982,val,/kaggle/input/datasets/deepapaneru/dr-datasets/archive/val_images/val_images/07a1c7073982.png,1,uncertain,0.22,g3028
07a2b8cabf6b,val,/kaggle/input/datasets/deepapaneru/dr-datasets/archive/val_images/val_images/07a2b8cabf6b.png,0,right,0.78,g3029
07a3be30563b,val,/kaggle/input/datasets/deepapaneru/dr-datasets/archive/val_images/val_images/07a3be30563b.png,2,left,1.0,g3030
07d8db76b301,val,/kaggle/input/datasets/deepapaneru/dr-datasets/archive/val_images/val_images/07d8db76b301.png,2,left,0.98,g3031
07e827469099,val,/kaggle/input/datasets/deepapaneru/dr-datasets/archive/val_images/val_images/07e827469099.png,0,left,0.74,g3032
07f5d7baf907,val,/kaggle/input/datasets/deepapaneru/dr-datasets/archive/val_images/val_images/07f5d7baf907.png,0,right,1.0,g3033
08037e4490e5,val,/kaggle/input/datasets/deepapaneru/dr-datasets/archive/val_images/val_images/08037e4490e5.png,0,right,1.0,g3034
080ee76c958c,val,/kaggle/input/datasets/deepapaneru/dr-datasets/archive/val_images/val_images/080ee76c958c.png,4,right,1.0,g3035
080f66eedfb9,val,/kaggle/input/datasets/deepapaneru/dr-datasets/archive/val_images/val_images/080f66eedfb9.png,4,left,1.0,g3036
084c02cf077f,val,/kaggle/input/datasets/deepapaneru/dr-datasets/archive/val_images/val_images/084c02cf077f.png,0,left,1.0,g3037
0851d6a69589,val,/kaggle/input/datasets/deepapaneru/dr-datasets/archive/val_images/val_images/0851d6a69589.png,0,left,0.75,g935
086d41d17da8,val,/kaggle/input/datasets/deepapaneru/dr-datasets/archive/val_images/val_images/086d41d17da8.png,1,uncertain,0.2,g3039
08752092140d,val,/kaggle/input/datasets/deepapaneru/dr-datasets/archive/val_images/val_images/08752092140d.png,2,uncertain,0.21,g3040
08a3875063c3,val,/kaggle/input/datasets/deepapaneru/dr-datasets/archive/val_images/val_images/08a3875063c3.png,4,left,0.56,g3041
08b6e3240858,val,/kaggle/input/datasets/deepapaneru/dr-datasets/archive/val_images/val_images/08b6e3240858.png,0,right,1.0,g3042
08bef347f40d,val,/kaggle/input/datasets/deepapaneru/dr-datasets/archive/val_images/val_images/08bef347f40d.png,0,right,0.81,g3043
08c17a2d95b7,val,/kaggle/input/datasets/deepapaneru/dr-datasets/archive/val_images/val_images/08c17a2d95b7.png,2,right,0.96,g3044
08c60c647673,val,/kaggle/input/datasets/deepapaneru/dr-datasets/archive/val_images/val_images/08c60c647673.png,0,right,1.0,g3045
08ee569d4721,val,/kaggle/input/datasets/deepapaneru/dr-datasets/archive/val_images/val_images/08ee569d4721.png,0,left,0.35,g3046
08f8838d69bb,val,/kaggle/input/datasets/deepapaneru/dr-datasets/archive/val_images/val_images/08f8838d69bb.png,0,right,0.85,g1304
09237bf783a4,val,/kaggle/input/datasets/deepapaneru/dr-datasets/archive/val_images/val_images/09237bf783a4.png,0,left,0.93,g3048
0924cec998fa,val,/kaggle/input/datasets/deepapaneru/dr-datasets/archive/val_images/val_images/0924cec998fa.png,0,left,1.0,g3049
093a42649c29,val,/kaggle/input/datasets/deepapaneru/dr-datasets/archive/val_images/val_images/093a42649c29.png,3,left,0.84,g3050
093cf723fede,val,/kaggle/input/datasets/deepapaneru/dr-datasets/archive/val_images/val_images/093cf723fede.png,0,right,1.0,g3051
094858f005ab,val,/kaggle/input/datasets/deepapaneru/dr-datasets/archive/val_images/val_images/094858f005ab.png,2,right,1.0,g3052
0953c0ac1735,val,/kaggle/input/datasets/deepapaneru/dr-datasets/archive/val_images/val_images/0953c0ac1735.png,2,left,0.74,g3053
096436d68d06,val,/kaggle/input/datasets/deepapaneru/dr-datasets/archive/val_images/val_images/096436d68d06.png,0,uncertain,0.18,g3054
09662e462531,val,/kaggle/input/datasets/deepapaneru/dr-datasets/archive/val_images/val_images/09662e462531.png,0,right,1.0,g3055
0981195eb9fb,val,/kaggle/input/datasets/deepapaneru/dr-datasets/archive/val_images/val_images/0981195eb9fb.png,4,left,1.0,g3056
099021fac3c9,val,/kaggle/input/datasets/deepapaneru/dr-datasets/archive/val_images/val_images/099021fac3c9.png,0,right,1.0,g3057
09934421c79e,val,/kaggle/input/datasets/deepapaneru/dr-datasets/archive/val_images/val_images/09934421c79e.png,0,right,1.0,g3058
09935d72892b,val,/kaggle/input/datasets/deepapaneru/dr-datasets/archive/val_images/val_images/09935d72892b.png,1,right,1.0,g3059
09c8323c612e,val,/kaggle/input/datasets/deepapaneru/dr-datasets/archive/val_images/val_images/09c8323c612e.png,0,left,1.0,g3060
09eeafa9656a,val,/kaggle/input/datasets/deepapaneru/dr-datasets/archive/val_images/val_images/09eeafa9656a.png,2,left,1.0,g3061
09f1111a388a,val,/kaggle/input/datasets/deepapaneru/dr-datasets/archive/val_images/val_images/09f1111a388a.png,0,left,1.0,g3062
09f6ab477654,val,/kaggle/input/datasets/deepapaneru/dr-datasets/archive/val_images/val_images/09f6ab477654.png,2,right,1.0,g3063
0a09aa7356c0,val,/kaggle/input/datasets/deepapaneru/dr-datasets/archive/val_images/val_images/0a09aa7356c0.png,2,right,1.0,g3064
0a1076183736,val,/kaggle/input/datasets/deepapaneru/dr-datasets/archive/val_images/val_images/0a1076183736.png,2,right,1.0,g3065
0a3202889f4d,val,/kaggle/input/datasets/deepapaneru/dr-datasets/archive/val_images/val_images/0a3202889f4d.png,1,left,1.0,g3066
0a38b552372d,val,/kaggle/input/datasets/deepapaneru/dr-datasets/archive/val_images/val_images/0a38b552372d.png,0,right,1.0,g3067
0a4e1a29ffff,val,/kaggle/input/datasets/deepapaneru/dr-datasets/archive/val_images/val_images/0a4e1a29ffff.png,0,right,1.0,g1400
0a61bddab956,val,/kaggle/input/datasets/deepapaneru/dr-datasets/archive/val_images/val_images/0a61bddab956.png,1,left,0.87,g3069
0a74c92e287c,val,/kaggle/input/datasets/deepapaneru/dr-datasets/archive/val_images/val_images/0a74c92e287c.png,0,left,1.0,g3070
0a85a1e8f9e9,val,/kaggle/input/datasets/deepapaneru/dr-datasets/archive/val_images/val_images/0a85a1e8f9e9.png,0,left,0.98,g3071
0a902c80d5da,val,/kaggle/input/datasets/deepapaneru/dr-datasets/archive/val_images/val_images/0a902c80d5da.png,0,right,1.0,g3072
0a9ec1e99ce4,val,/kaggle/input/datasets/deepapaneru/dr-datasets/archive/val_images/val_images/0a9ec1e99ce4.png,2,left,1.0,g3073
0abf0c485f66,val,/kaggle/input/datasets/deepapaneru/dr-datasets/archive/val_images/val_images/0abf0c485f66.png,0,right,1.0,g784
0ac436400db4,val,/kaggle/input/datasets/deepapaneru/dr-datasets/archive/val_images/val_images/0ac436400db4.png,2,left,0.87,g3075
0ad7f631dedb,val,/kaggle/input/datasets/deepapaneru/dr-datasets/archive/val_images/val_images/0ad7f631dedb.png,1,right,1.0,g3076
0ada12c0e78f,val,/kaggle/input/datasets/deepapaneru/dr-datasets/archive/val_images/val_images/0ada12c0e78f.png,4,right,1.0,g3077
0ae2dd2e09ea,val,/kaggle/input/datasets/deepapaneru/dr-datasets/archive/val_images/val_images/0ae2dd2e09ea.png,0,right,0.96,g3078
0af296d2f04a,val,/kaggle/input/datasets/deepapaneru/dr-datasets/archive/val_images/val_images/0af296d2f04a.png,2,right,1.0,g2423
0afbeeef0ff7,val,/kaggle/input/datasets/deepapaneru/dr-datasets/archive/val_images/val_images/0afbeeef0ff7.png,0,left,1.0,g3080
0afdfe5f422c,val,/kaggle/input/datasets/deepapaneru/dr-datasets/archive/val_images/val_images/0afdfe5f422c.png,2,left,1.0,g3081
0b00f8a77510,val,/kaggle/input/datasets/deepapaneru/dr-datasets/archive/val_images/val_images/0b00f8a77510.png,0,right,1.0,g3082
0b2ea8f268cf,val,/kaggle/input/datasets/deepapaneru/dr-datasets/archive/val_images/val_images/0b2ea8f268cf.png,0,uncertain,0.07,g3083
0b3efe669365,val,/kaggle/input/datasets/deepapaneru/dr-datasets/archive/val_images/val_images/0b3efe669365.png,0,right,1.0,g3084
0b64a0a06f9a,val,/kaggle/input/datasets/deepapaneru/dr-datasets/archive/val_images/val_images/0b64a0a06f9a.png,0,right,1.0,g3085
0b8bdec9d869,val,/kaggle/input/datasets/deepapaneru/dr-datasets/archive/val_images/val_images/0b8bdec9d869.png,0,left,1.0,g3086
0babc12807b2,val,/kaggle/input/datasets/deepapaneru/dr-datasets/archive/val_images/val_images/0babc12807b2.png,0,left,1.0,g3087
0bf37ca3156a,val,/kaggle/input/datasets/deepapaneru/dr-datasets/archive/val_images/val_images/0bf37ca3156a.png,4,left,1.0,g3088
0c2e2369dfff,val,/kaggle/input/datasets/deepapaneru/dr-datasets/archive/val_images/val_images/0c2e2369dfff.png,2,left,1.0,g3089
0c38940e1f80,val,/kaggle/input/datasets/deepapaneru/dr-datasets/archive/val_images/val_images/0c38940e1f80.png,0,left,1.0,g3090
0c43c79e8cfb,val,/kaggle/input/datasets/deepapaneru/dr-datasets/archive/val_images/val_images/0c43c79e8cfb.png,0,right,0.35,g3091
0c55d58bebaf,val,/kaggle/input/datasets/deepapaneru/dr-datasets/archive/val_images/val_images/0c55d58bebaf.png,2,right,1.0,g3092
0c76fd494af6,val,/kaggle/input/datasets/deepapaneru/dr-datasets/archive/val_images/val_images/0c76fd494af6.png,2,left,1.0,g3093
0c7e82daf5a0,val,/kaggle/input/datasets/deepapaneru/dr-datasets/archive/val_images/val_images/0c7e82daf5a0.png,2,right,0.89,g499
0c917c372572,val,/kaggle/input/datasets/deepapaneru/dr-datasets/archive/val_images/val_images/0c917c372572.png,3,uncertain,0.3,g3095
0ca0aee4d57e,val,/kaggle/input/datasets/deepapaneru/dr-datasets/archive/val_images/val_images/0ca0aee4d57e.png,2,left,1.0,g1668
0cae727cf119,val,/kaggle/input/datasets/deepapaneru/dr-datasets/archive/val_images/val_images/0cae727cf119.png,0,left,0.89,g3097
0cb14014117d,val,/kaggle/input/datasets/deepapaneru/dr-datasets/archive/val_images/val_images/0cb14014117d.png,3,left,0.41,g671
0cb6b898389f,val,/kaggle/input/datasets/deepapaneru/dr-datasets/archive/val_images/val_images/0cb6b898389f.png,0,left,1.0,g3099
0cbcc7b23613,val,/kaggle/input/datasets/deepapaneru/dr-datasets/archive/val_images/val_images/0cbcc7b23613.png,0,right,1.0,g3100
0cd31078cd08,val,/kaggle/input/datasets/deepapaneru/dr-datasets/archive/val_images/val_images/0cd31078cd08.png,0,right,1.0,g3101
0ce062f26edc,val,/kaggle/input/datasets/deepapaneru/dr-datasets/archive/val_images/val_images/0ce062f26edc.png,0,left,1.0,g3102
0ceb222f6629,val,/kaggle/input/datasets/deepapaneru/dr-datasets/archive/val_images/val_images/0ceb222f6629.png,4,uncertain,0.05,g3103
0cecc2864b7f,val,/kaggle/input/datasets/deepapaneru/dr-datasets/archive/val_images/val_images/0cecc2864b7f.png,0,right,1.0,g3104
0d0a21fd354f,val,/kaggle/input/datasets/deepapaneru/dr-datasets/archive/val_images/val_images/0d0a21fd354f.png,2,right,1.0,g3105
0d0b8fc9ab5c,val,/kaggle/input/datasets/deepapaneru/dr-datasets/archive/val_images/val_images/0d0b8fc9ab5c.png,0,left,1.0,g3106
0d310aba6373,val,/kaggle/input/datasets/deepapaneru/dr-datasets/archive/val_images/val_images/0d310aba6373.png,1,left,0.96,g3107
0d744aed4d64,val,/kaggle/input/datasets/deepapaneru/dr-datasets/archive/val_images/val_images/0d744aed4d64.png,0,right,0.86,g3108
0d8f60ed9280,val,/kaggle/input/datasets/deepapaneru/dr-datasets/archive/val_images/val_images/0d8f60ed9280.png,0,left,1.0,g166
0d9a9896f801,val,/kaggle/input/datasets/deepapaneru/dr-datasets/archive/val_images/val_images/0d9a9896f801.png,0,uncertain,0.28,g3110
0da09e3ce8f1,val,/kaggle/input/datasets/deepapaneru/dr-datasets/archive/val_images/val_images/0da09e3ce8f1.png,2,left,0.5,g3111
0da321efbce6,val,/kaggle/input/datasets/deepapaneru/dr-datasets/archive/val_images/val_images/0da321efbce6.png,0,left,1.0,g3112
0da632ca45e0,val,/kaggle/input/datasets/deepapaneru/dr-datasets/archive/val_images/val_images/0da632ca45e0.png,0,left,1.0,g3113
0daddc45d832,val,/kaggle/input/datasets/deepapaneru/dr-datasets/archive/val_images/val_images/0daddc45d832.png,0,left,0.99,g3114
0db1d8dcf219,val,/kaggle/input/datasets/deepapaneru/dr-datasets/archive/val_images/val_images/0db1d8dcf219.png,0,left,1.0,g3115
0dbaa09a458c,val,/kaggle/input/datasets/deepapaneru/dr-datasets/archive/val_images/val_images/0dbaa09a458c.png,2,left,1.0,g3116
0dbe6c26cedc,val,/kaggle/input/datasets/deepapaneru/dr-datasets/archive/val_images/val_images/0dbe6c26cedc.png,0,left,1.0,g3117
0dc031c94225,val,/kaggle/input/datasets/deepapaneru/dr-datasets/archive/val_images/val_images/0dc031c94225.png,1,right,0.6,g3118
0dc8d25b3f69,val,/kaggle/input/datasets/deepapaneru/dr-datasets/archive/val_images/val_images/0dc8d25b3f69.png,3,right,0.37,g3119
0dce95217626,val,/kaggle/input/datasets/deepapaneru/dr-datasets/archive/val_images/val_images/0dce95217626.png,1,right,1.0,g1745
0e0003ddd8df,val,/kaggle/input/datasets/deepapaneru/dr-datasets/archive/val_images/val_images/0e0003ddd8df.png,0,left,1.0,g3121
0e0fc1d9810c,val,/kaggle/input/datasets/deepapaneru/dr-datasets/archive/val_images/val_images/0e0fc1d9810c.png,4,uncertain,0.22,g3122
0e3572b5884a,val,/kaggle/input/datasets/deepapaneru/dr-datasets/archive/val_images/val_images/0e3572b5884a.png,0,right,0.9,g1264
0e43c8298fc0,val,/kaggle/input/datasets/deepapaneru/dr-datasets/archive/val_images/val_images/0e43c8298fc0.png,0,left,1.0,g3124
0e75d51152fc,val,/kaggle/input/datasets/deepapaneru/dr-datasets/archive/val_images/val_images/0e75d51152fc.png,2,left,0.96,g3125
0e82bcacc475,val,/kaggle/input/datasets/deepapaneru/dr-datasets/archive/val_images/val_images/0e82bcacc475.png,4,right,1.0,g3126
0e94cd271c00,val,/kaggle/input/datasets/deepapaneru/dr-datasets/archive/val_images/val_images/0e94cd271c00.png,0,right,0.94,g3127
0eb52045349f,val,/kaggle/input/datasets/deepapaneru/dr-datasets/archive/val_images/val_images/0eb52045349f.png,1,right,1.0,g3128
0eced86c9db8,val,/kaggle/input/datasets/deepapaneru/dr-datasets/archive/val_images/val_images/0eced86c9db8.png,0,right,1.0,g3129
0edadb2aa127,val,/kaggle/input/datasets/deepapaneru/dr-datasets/archive/val_images/val_images/0edadb2aa127.png,3,uncertain,0.12,g3130
0ef4c61dc056,val,/kaggle/input/datasets/deepapaneru/dr-datasets/archive/val_images/val_images/0ef4c61dc056.png,0,left,0.8,g3131
0efc93ec838b,val,/kaggle/input/datasets/deepapaneru/dr-datasets/archive/val_images/val_images/0efc93ec838b.png,2,right,1.0,g3132
0eff8eacb2f7,val,/kaggle/input/datasets/deepapaneru/dr-datasets/archive/val_images/val_images/0eff8eacb2f7.png,2,left,1.0,g3133
0f364b7d4384,val,/kaggle/input/datasets/deepapaneru/dr-datasets/archive/val_images/val_images/0f364b7d4384.png,0,left,1.0,g3134
0f495d87656a,val,/kaggle/input/datasets/deepapaneru/dr-datasets/archive/val_images/val_images/0f495d87656a.png,1,right,1.0,g3135
0f6e645466a2,val,/kaggle/input/datasets/deepapaneru/dr-datasets/archive/val_images/val_images/0f6e645466a2.png,0,right,1.0,g3136
0f882877bf13,val,/kaggle/input/datasets/deepapaneru/dr-datasets/archive/val_images/val_images/0f882877bf13.png,3,right,1.0,g3137
0f96c358a250,val,/kaggle/input/datasets/deepapaneru/dr-datasets/archive/val_images/val_images/0f96c358a250.png,3,uncertain,0.12,g3138
0fb1053285cf,val,/kaggle/input/datasets/deepapaneru/dr-datasets/archive/val_images/val_images/0fb1053285cf.png,1,right,0.99,g3139
0fb560f9adb2,val,/kaggle/input/datasets/deepapaneru/dr-datasets/archive/val_images/val_images/0fb560f9adb2.png,2,right,0.77,g3140
0fbbd665431f,val,/kaggle/input/datasets/deepapaneru/dr-datasets/archive/val_images/val_images/0fbbd665431f.png,0,uncertain,0.01,g3141
0fc6829da85b,val,/kaggle/input/datasets/deepapaneru/dr-datasets/archive/val_images/val_images/0fc6829da85b.png,0,right,1.0,g3142
0fcfc6301f3d,val,/kaggle/input/datasets/deepapaneru/dr-datasets/archive/val_images/val_images/0fcfc6301f3d.png,2,right,1.0,g3143
0fd16b64697e,val,/kaggle/input/datasets/deepapaneru/dr-datasets/archive/val_images/val_images/0fd16b64697e.png,2,left,1.0,g3144
0fe31196e0e8,val,/kaggle/input/datasets/deepapaneru/dr-datasets/archive/val_images/val_images/0fe31196e0e8.png,0,right,0.57,g3145
0fffa73e2402,val,/kaggle/input/datasets/deepapaneru/dr-datasets/archive/val_images/val_images/0fffa73e2402.png,2,left,1.0,g3146
1002b5151b8e,val,/kaggle/input/datasets/deepapaneru/dr-datasets/archive/val_images/val_images/1002b5151b8e.png,0,right,1.0,g3147
1002f3fe38f0,val,/kaggle/input/datasets/deepapaneru/dr-datasets/archive/val_images/val_images/1002f3fe38f0.png,0,right,0.99,g3148
1006345f70b7,val,/kaggle/input/datasets/deepapaneru/dr-datasets/archive/val_images/val_images/1006345f70b7.png,2,uncertain,0.19,g564
101b9ebfc720,val,/kaggle/input/datasets/deepapaneru/dr-datasets/archive/val_images/val_images/101b9ebfc720.png,1,right,0.73,g3150
103abbd8b63e,val,/kaggle/input/datasets/deepapaneru/dr-datasets/archive/val_images/val_images/103abbd8b63e.png,0,right,1.0,g3151
103f97a2ab15,val,/kaggle/input/datasets/deepapaneru/dr-datasets/archive/val_images/val_images/103f97a2ab15.png,0,right,1.0,g3152
107aea0d9289,val,/kaggle/input/datasets/deepapaneru/dr-datasets/archive/val_images/val_images/107aea0d9289.png,1,right,1.0,g3153
10a5026eb8e6,val,/kaggle/input/datasets/deepapaneru/dr-datasets/archive/val_images/val_images/10a5026eb8e6.png,0,right,0.62,g3154
10bf25731c08,val,/kaggle/input/datasets/deepapaneru/dr-datasets/archive/val_images/val_images/10bf25731c08.png,0,left,0.81,g3155
10de500cf0c5,val,/kaggle/input/datasets/deepapaneru/dr-datasets/archive/val_images/val_images/10de500cf0c5.png,0,right,1.0,g3156
10ecc5292ab1,val,/kaggle/input/datasets/deepapaneru/dr-datasets/archive/val_images/val_images/10ecc5292ab1.png,2,left,1.0,g3157
10eefba568dd,val,/kaggle/input/datasets/deepapaneru/dr-datasets/archive/val_images/val_images/10eefba568dd.png,2,right,1.0,g3158
10f10fd30718,val,/kaggle/input/datasets/deepapaneru/dr-datasets/archive/val_images/val_images/10f10fd30718.png,0,left,0.85,g3159
10f36b0239fb,val,/kaggle/input/datasets/deepapaneru/dr-datasets/archive/val_images/val_images/10f36b0239fb.png,1,left,0.84,g3160
10f6ef37fe43,val,/kaggle/input/datasets/deepapaneru/dr-datasets/archive/val_images/val_images/10f6ef37fe43.png,0,right,0.91,g3161
10fca1abf338,val,/kaggle/input/datasets/deepapaneru/dr-datasets/archive/val_images/val_images/10fca1abf338.png,4,left,0.86,g3162
1116271db4ea,val,/kaggle/input/datasets/deepapaneru/dr-datasets/archive/val_images/val_images/1116271db4ea.png,1,right,1.0,g3163
111898ab463d,val,/kaggle/input/datasets/deepapaneru/dr-datasets/archive/val_images/val_images/111898ab463d.png,1,left,0.42,g343
1120f6d08d95,val,/kaggle/input/datasets/deepapaneru/dr-datasets/archive/val_images/val_images/1120f6d08d95.png,2,left,1.0,g3165
11242a67122d,val,/kaggle/input/datasets/deepapaneru/dr-datasets/archive/val_images/val_images/11242a67122d.png,4,right,1.0,g1080
1124ffcd76c2,val,/kaggle/input/datasets/deepapaneru/dr-datasets/archive/val_images/val_images/1124ffcd76c2.png,2,left,0.49,g3167
115e42dd6a81,val,/kaggle/input/datasets/deepapaneru/dr-datasets/archive/val_images/val_images/115e42dd6a81.png,2,left,1.0,g3168
1177d583c807,val,/kaggle/input/datasets/deepapaneru/dr-datasets/archive/val_images/val_images/1177d583c807.png,2,right,0.54,g3169
11b220a397b8,val,/kaggle/input/datasets/deepapaneru/dr-datasets/archive/val_images/val_images/11b220a397b8.png,0,right,1.0,g3170
11b5c77fbf79,val,/kaggle/input/datasets/deepapaneru/dr-datasets/archive/val_images/val_images/11b5c77fbf79.png,2,uncertain,0.12,g3171
11d8e5eaee5b,val,/kaggle/input/datasets/deepapaneru/dr-datasets/archive/val_images/val_images/11d8e5eaee5b.png,0,right,0.9,g3172
12025b34deb8,val,/kaggle/input/datasets/deepapaneru/dr-datasets/archive/val_images/val_images/12025b34deb8.png,2,right,1.0,g3173
12058bbb8299,val,/kaggle/input/datasets/deepapaneru/dr-datasets/archive/val_images/val_images/12058bbb8299.png,0,right,0.88,g3174
1269ab57c2e6,val,/kaggle/input/datasets/deepapaneru/dr-datasets/archive/val_images/val_images/1269ab57c2e6.png,2,left,1.0,g3175
12a82fc7d73e,val,/kaggle/input/datasets/deepapaneru/dr-datasets/archive/val_images/val_images/12a82fc7d73e.png,2,left,0.63,g3176
12ab2f6397f0,val,/kaggle/input/datasets/deepapaneru/dr-datasets/archive/val_images/val_images/12ab2f6397f0.png,0,left,0.9,g2505
12ae44be0d38,val,/kaggle/input/datasets/deepapaneru/dr-datasets/archive/val_images/val_images/12ae44be0d38.png,0,left,0.9,g3178
12b57dac703e,val,/kaggle/input/datasets/deepapaneru/dr-datasets/archive/val_images/val_images/12b57dac703e.png,0,uncertain,0.16,g3179
12bc439d373a,val,/kaggle/input/datasets/deepapaneru/dr-datasets/archive/val_images/val_images/12bc439d373a.png,0,left,0.99,g3180
12ce6a1a1f31,val,/kaggle/input/datasets/deepapaneru/dr-datasets/archive/val_images/val_images/12ce6a1a1f31.png,1,left,1.0,g3181
12e3f5f2cb17,val,/kaggle/input/datasets/deepapaneru/dr-datasets/archive/val_images/val_images/12e3f5f2cb17.png,1,left,1.0,g2700
12e6e66c80a7,val,/kaggle/input/datasets/deepapaneru/dr-datasets/archive/val_images/val_images/12e6e66c80a7.png,2,right,1.0,g3183
12ef75375322,val,/kaggle/input/datasets/deepapaneru/dr-datasets/archive/val_images/val_images/12ef75375322.png,0,right,0.9,g2363
13063d1bc4ea,val,/kaggle/input/datasets/deepapaneru/dr-datasets/archive/val_images/val_images/13063d1bc4ea.png,2,right,1.0,g3185
13073f075a56,val,/kaggle/input/datasets/deepapaneru/dr-datasets/archive/val_images/val_images/13073f075a56.png,0,left,0.69,g3186
135575dc57c9,val,/kaggle/input/datasets/deepapaneru/dr-datasets/archive/val_images/val_images/135575dc57c9.png,2,uncertain,0.03,g261
13ab8db8c700,val,/kaggle/input/datasets/deepapaneru/dr-datasets/archive/val_images/val_images/13ab8db8c700.png,1,uncertain,0.11,g3188
13c191b59ed0,val,/kaggle/input/datasets/deepapaneru/dr-datasets/archive/val_images/val_images/13c191b59ed0.png,0,left,1.0,g3189
13d014ccd136,val,/kaggle/input/datasets/deepapaneru/dr-datasets/archive/val_images/val_images/13d014ccd136.png,0,left,1.0,g3190
13d411c85ffd,val,/kaggle/input/datasets/deepapaneru/dr-datasets/archive/val_images/val_images/13d411c85ffd.png,0,right,1.0,g3191
13d71389563f,val,/kaggle/input/datasets/deepapaneru/dr-datasets/archive/val_images/val_images/13d71389563f.png,2,right,0.74,g3192
1409ab48175a,val,/kaggle/input/datasets/deepapaneru/dr-datasets/archive/val_images/val_images/1409ab48175a.png,0,left,1.0,g3193
1411c8ab7161,val,/kaggle/input/datasets/deepapaneru/dr-datasets/archive/val_images/val_images/1411c8ab7161.png,2,left,1.0,g1612
1414128bead0,val,/kaggle/input/datasets/deepapaneru/dr-datasets/archive/val_images/val_images/1414128bead0.png,2,left,1.0,g3195
141735b57ec0,val,/kaggle/input/datasets/deepapaneru/dr-datasets/archive/val_images/val_images/141735b57ec0.png,2,left,1.0,g3196
1438288bb2e1,val,/kaggle/input/datasets/deepapaneru/dr-datasets/archive/val_images/val_images/1438288bb2e1.png,2,left,0.77,g3197
143db89c11c8,val,/kaggle/input/datasets/deepapaneru/dr-datasets/archive/val_images/val_images/143db89c11c8.png,0,right,1.0,g3198
144a1a426137,val,/kaggle/input/datasets/deepapaneru/dr-datasets/archive/val_images/val_images/144a1a426137.png,2,left,0.91,g2505
144b01e7b993,val,/kaggle/input/datasets/deepapaneru/dr-datasets/archive/val_images/val_images/144b01e7b993.png,2,left,1.0,g59
14515b8f19b6,val,/kaggle/input/datasets/deepapaneru/dr-datasets/archive/val_images/val_images/14515b8f19b6.png,2,left,0.56,g2328
14c3b41d289c,val,/kaggle/input/datasets/deepapaneru/dr-datasets/archive/val_images/val_images/14c3b41d289c.png,0,right,1.0,g3202
14e3f84445f7,val,/kaggle/input/datasets/deepapaneru/dr-datasets/archive/val_images/val_images/14e3f84445f7.png,3,uncertain,0.05,g3203
14ee87d6cc42,val,/kaggle/input/datasets/deepapaneru/dr-datasets/archive/val_images/val_images/14ee87d6cc42.png,2,right,0.91,g3204
1509d097b69a,val,/kaggle/input/datasets/deepapaneru/dr-datasets/archive/val_images/val_images/1509d097b69a.png,0,left,0.9,g3205
150f92b45349,val,/kaggle/input/datasets/deepapaneru/dr-datasets/archive/val_images/val_images/150f92b45349.png,0,left,1.0,g3206
150fc7127582,val,/kaggle/input/datasets/deepapaneru/dr-datasets/archive/val_images/val_images/150fc7127582.png,0,left,0.52,g3207
152db3de8120,val,/kaggle/input/datasets/deepapaneru/dr-datasets/archive/val_images/val_images/152db3de8120.png,0,left,1.0,g3208
1541226c5d72,val,/kaggle/input/datasets/deepapaneru/dr-datasets/archive/val_images/val_images/1541226c5d72.png,2,right,1.0,g3209
15528e740543,val,/kaggle/input/datasets/deepapaneru/dr-datasets/archive/val_images/val_images/15528e740543.png,2,right,1.0,g3210
155e2df6bfcf,val,/kaggle/input/datasets/deepapaneru/dr-datasets/archive/val_images/val_images/155e2df6bfcf.png,0,right,0.75,g1304
157d17349cc6,val,/kaggle/input/datasets/deepapaneru/dr-datasets/archive/val_images/val_images/157d17349cc6.png,2,left,0.94,g3212
1594ca6c30d3,val,/kaggle/input/datasets/deepapaneru/dr-datasets/archive/val_images/val_images/1594ca6c30d3.png,2,left,0.72,g3213
15b21c80cc31,val,/kaggle/input/datasets/deepapaneru/dr-datasets/archive/val_images/val_images/15b21c80cc31.png,0,right,0.85,g3214
15bed5adde74,val,/kaggle/input/datasets/deepapaneru/dr-datasets/archive/val_images/val_images/15bed5adde74.png,3,left,1.0,g3215
15c24478ac72,val,/kaggle/input/datasets/deepapaneru/dr-datasets/archive/val_images/val_images/15c24478ac72.png,0,right,0.94,g3216
15cc2aef772a,val,/kaggle/input/datasets/deepapaneru/dr-datasets/archive/val_images/val_images/15cc2aef772a.png,1,right,1.0,g3217
15cd5f52d300,val,/kaggle/input/datasets/deepapaneru/dr-datasets/archive/val_images/val_images/15cd5f52d300.png,2,right,0.68,g3218
15e24b73d4a7,val,/kaggle/input/datasets/deepapaneru/dr-datasets/archive/val_images/val_images/15e24b73d4a7.png,0,left,0.93,g833
15e96e848b46,val,/kaggle/input/datasets/deepapaneru/dr-datasets/archive/val_images/val_images/15e96e848b46.png,4,left,1.0,g3220
15f440753916,val,/kaggle/input/datasets/deepapaneru/dr-datasets/archive/val_images/val_images/15f440753916.png,3,left,1.0,g3221
15f8d769935c,val,/kaggle/input/datasets/deepapaneru/dr-datasets/archive/val_images/val_images/15f8d769935c.png,0,right,0.9,g3222
1601c939412f,val,/kaggle/input/datasets/deepapaneru/dr-datasets/archive/val_images/val_images/1601c939412f.png,0,left,0.9,g2421
16060f05d047,val,/kaggle/input/datasets/deepapaneru/dr-datasets/archive/val_images/val_images/16060f05d047.png,0,right,1.0,g3224
1608c82a263f,val,/kaggle/input/datasets/deepapaneru/dr-datasets/archive/val_images/val_images/1608c82a263f.png,0,right,1.0,g3225
1623e8e3adc4,val,/kaggle/input/datasets/deepapaneru/dr-datasets/archive/val_images/val_images/1623e8e3adc4.png,3,left,1.0,g3226
1632c4311fc9,val,/kaggle/input/datasets/deepapaneru/dr-datasets/archive/val_images/val_images/1632c4311fc9.png,2,right,0.62,g2022
1633f8291a80,val,/kaggle/input/datasets/deepapaneru/dr-datasets/archive/val_images/val_images/1633f8291a80.png,0,right,1.0,g3228
1638404f385c,val,/kaggle/input/datasets/deepapaneru/dr-datasets/archive/val_images/val_images/1638404f385c.png,4,uncertain,0.01,g885
164cd5a3a6cd,val,/kaggle/input/datasets/deepapaneru/dr-datasets/archive/val_images/val_images/164cd5a3a6cd.png,0,right,1.0,g3230
165634a6167e,val,/kaggle/input/datasets/deepapaneru/dr-datasets/archive/val_images/val_images/165634a6167e.png,0,left,0.7,g3231
165c548185f8,val,/kaggle/input/datasets/deepapaneru/dr-datasets/archive/val_images/val_images/165c548185f8.png,0,right,0.99,g2363
165cd2070ebd,val,/kaggle/input/datasets/deepapaneru/dr-datasets/archive/val_images/val_images/165cd2070ebd.png,4,left,1.0,g3233
166068a24416,val,/kaggle/input/datasets/deepapaneru/dr-datasets/archive/val_images/val_images/166068a24416.png,3,left,0.85,g3234
16ce555748d8,val,/kaggle/input/datasets/deepapaneru/dr-datasets/archive/val_images/val_images/16ce555748d8.png,4,right,1.0,g727
17188c13e635,val,/kaggle/input/datasets/deepapaneru/dr-datasets/archive/val_images/val_images/17188c13e635.png,2,left,0.65,g3236
172df1330a60,val,/kaggle/input/datasets/deepapaneru/dr-datasets/archive/val_images/val_images/172df1330a60.png,1,left,0.46,g3237
174db0854291,val,/kaggle/input/datasets/deepapaneru/dr-datasets/archive/val_images/val_images/174db0854291.png,0,right,0.49,g3238
175dd560810a,val,/kaggle/input/datasets/deepapaneru/dr-datasets/archive/val_images/val_images/175dd560810a.png,2,left,0.98,g3239
1782142e17d9,val,/kaggle/input/datasets/deepapaneru/dr-datasets/archive/val_images/val_images/1782142e17d9.png,0,left,0.73,g3240
178412895d5e,val,/kaggle/input/datasets/deepapaneru/dr-datasets/archive/val_images/val_images/178412895d5e.png,0,left,0.84,g3241
17d7d6b092f4,val,/kaggle/input/datasets/deepapaneru/dr-datasets/archive/val_images/val_images/17d7d6b092f4.png,0,left,1.0,g3242
17d997fe1090,val,/kaggle/input/datasets/deepapaneru/dr-datasets/archive/val_images/val_images/17d997fe1090.png,0,left,1.0,g3243
17e6116b89b3,val,/kaggle/input/datasets/deepapaneru/dr-datasets/archive/val_images/val_images/17e6116b89b3.png,0,left,1.0,g3244
17eb5d4ad740,val,/kaggle/input/datasets/deepapaneru/dr-datasets/archive/val_images/val_images/17eb5d4ad740.png,2,right,1.0,g3245
17eff993386f,val,/kaggle/input/datasets/deepapaneru/dr-datasets/archive/val_images/val_images/17eff993386f.png,1,left,1.0,g3246
17f6c7072f61,val,/kaggle/input/datasets/deepapaneru/dr-datasets/archive/val_images/val_images/17f6c7072f61.png,0,right,0.77,g3247
180afe1d5ef7,val,/kaggle/input/datasets/deepapaneru/dr-datasets/archive/val_images/val_images/180afe1d5ef7.png,2,left,1.0,g3248
18323d8f2470,val,/kaggle/input/datasets/deepapaneru/dr-datasets/archive/val_images/val_images/18323d8f2470.png,2,right,0.67,g3249
1844a039b4ea,val,/kaggle/input/datasets/deepapaneru/dr-datasets/archive/val_images/val_images/1844a039b4ea.png,2,left,0.35,g3250
184a185e7447,val,/kaggle/input/datasets/deepapaneru/dr-datasets/archive/val_images/val_images/184a185e7447.png,0,left,0.93,g3251
18621b9ca978,val,/kaggle/input/datasets/deepapaneru/dr-datasets/archive/val_images/val_images/18621b9ca978.png,0,left,1.0,g3252
1864d3411143,val,/kaggle/input/datasets/deepapaneru/dr-datasets/archive/val_images/val_images/1864d3411143.png,0,left,1.0,g3253
186c1835eec5,val,/kaggle/input/datasets/deepapaneru/dr-datasets/archive/val_images/val_images/186c1835eec5.png,0,left,0.62,g3254
187f6ccda87a,val,/kaggle/input/datasets/deepapaneru/dr-datasets/archive/val_images/val_images/187f6ccda87a.png,4,uncertain,0.18,g3255
188219f2d9c6,val,/kaggle/input/datasets/deepapaneru/dr-datasets/archive/val_images/val_images/188219f2d9c6.png,0,right,1.0,g3057
188a9323be03,val,/kaggle/input/datasets/deepapaneru/dr-datasets/archive/val_images/val_images/188a9323be03.png,2,right,1.0,g3257
1891698febce,val,/kaggle/input/datasets/deepapaneru/dr-datasets/archive/val_images/val_images/1891698febce.png,0,right,1.0,g3258
189cbbc9e5e3,val,/kaggle/input/datasets/deepapaneru/dr-datasets/archive/val_images/val_images/189cbbc9e5e3.png,0,right,1.0,g2136
18af532e7e1e,val,/kaggle/input/datasets/deepapaneru/dr-datasets/archive/val_images/val_images/18af532e7e1e.png,2,right,1.0,g3260
18b06f56ab27,val,/kaggle/input/datasets/deepapaneru/dr-datasets/archive/val_images/val_images/18b06f56ab27.png,1,uncertain,0.14,g3261
18b7e34eab8f,val,/kaggle/input/datasets/deepapaneru/dr-datasets/archive/val_images/val_images/18b7e34eab8f.png,0,left,0.88,g3262
18b99159a14f,val,/kaggle/input/datasets/deepapaneru/dr-datasets/archive/val_images/val_images/18b99159a14f.png,0,left,1.0,g3263
18cde9649e90,val,/kaggle/input/datasets/deepapaneru/dr-datasets/archive/val_images/val_images/18cde9649e90.png,0,left,0.94,g3264
18ce0cdc473d,val,/kaggle/input/datasets/deepapaneru/dr-datasets/archive/val_images/val_images/18ce0cdc473d.png,0,right,1.0,g3265
18d8fdb140b7,val,/kaggle/input/datasets/deepapaneru/dr-datasets/archive/val_images/val_images/18d8fdb140b7.png,2,right,1.0,g3266
18f1f979d30d,val,/kaggle/input/datasets/deepapaneru/dr-datasets/archive/val_images/val_images/18f1f979d30d.png,2,right,1.0,g3267
190a309f2cc5,val,/kaggle/input/datasets/deepapaneru/dr-datasets/archive/val_images/val_images/190a309f2cc5.png,0,uncertain,0.16,g3268
19113e5f45ec,val,/kaggle/input/datasets/deepapaneru/dr-datasets/archive/val_images/val_images/19113e5f45ec.png,2,right,0.76,g3269
191348830ddf,val,/kaggle/input/datasets/deepapaneru/dr-datasets/archive/val_images/val_images/191348830ddf.png,2,left,0.82,g3270
191a711852bd,val,/kaggle/input/datasets/deepapaneru/dr-datasets/archive/val_images/val_images/191a711852bd.png,3,left,1.0,g3271
191cf5668f33,val,/kaggle/input/datasets/deepapaneru/dr-datasets/archive/val_images/val_images/191cf5668f33.png,0,left,0.51,g3272
19244004583f,val,/kaggle/input/datasets/deepapaneru/dr-datasets/archive/val_images/val_images/19244004583f.png,3,uncertain,0.27,g3273
1943983492e5,val,/kaggle/input/datasets/deepapaneru/dr-datasets/archive/val_images/val_images/1943983492e5.png,2,right,1.0,g3274
194814669fee,val,/kaggle/input/datasets/deepapaneru/dr-datasets/archive/val_images/val_images/194814669fee.png,1,right,1.0,g3275
19545647508e,val,/kaggle/input/datasets/deepapaneru/dr-datasets/archive/val_images/val_images/19545647508e.png,0,left,1.0,g3276
1968183f0e61,val,/kaggle/input/datasets/deepapaneru/dr-datasets/archive/val_images/val_images/1968183f0e61.png,2,left,0.38,g3277
196e6a186452,val,/kaggle/input/datasets/deepapaneru/dr-datasets/archive/val_images/val_images/196e6a186452.png,2,left,1.0,g3278
19722bff5a09,val,/kaggle/input/datasets/deepapaneru/dr-datasets/archive/val_images/val_images/19722bff5a09.png,1,left,1.0,g3279
197af0de76e2,val,/kaggle/input/datasets/deepapaneru/dr-datasets/archive/val_images/val_images/197af0de76e2.png,0,left,1.0,g3280
19b0e3c734f5,val,/kaggle/input/datasets/deepapaneru/dr-datasets/archive/val_images/val_images/19b0e3c734f5.png,0,left,0.48,g3281
19e350c7c83c,val,/kaggle/input/datasets/deepapaneru/dr-datasets/archive/val_images/val_images/19e350c7c83c.png,1,left,1.0,g3279
19ef4d292196,val,/kaggle/input/datasets/deepapaneru/dr-datasets/archive/val_images/val_images/19ef4d292196.png,4,left,1.0,g3283
1a03a7970337,val,/kaggle/input/datasets/deepapaneru/dr-datasets/archive/val_images/val_images/1a03a7970337.png,1,right,1.0,g3284
1a0dbc6c0cda,val,/kaggle/input/datasets/deepapaneru/dr-datasets/archive/val_images/val_images/1a0dbc6c0cda.png,0,right,0.67,g3285
1a19f2ef4472,val,/kaggle/input/datasets/deepapaneru/dr-datasets/archive/val_images/val_images/1a19f2ef4472.png,0,left,0.66,g3286
1a1b4b2450ca,val,/kaggle/input/datasets/deepapaneru/dr-datasets/archive/val_images/val_images/1a1b4b2450ca.png,2,right,0.94,g1724
1a1e974a7dbf,val,/kaggle/input/datasets/deepapaneru/dr-datasets/archive/val_images/val_images/1a1e974a7dbf.png,0,left,0.88,g3288
1a369baf9ee6,val,/kaggle/input/datasets/deepapaneru/dr-datasets/archive/val_images/val_images/1a369baf9ee6.png,2,right,1.0,g3289
1a7e3356b39c,val,/kaggle/input/datasets/deepapaneru/dr-datasets/archive/val_images/val_images/1a7e3356b39c.png,4,right,0.8,g3290
1a90fad9ffa2,val,/kaggle/input/datasets/deepapaneru/dr-datasets/archive/val_images/val_images/1a90fad9ffa2.png,4,right,1.0,g3291
1ab3f1c71a5f,val,/kaggle/input/datasets/deepapaneru/dr-datasets/archive/val_images/val_images/1ab3f1c71a5f.png,3,left,1.0,g3292
1ab8d3431ffc,val,/kaggle/input/datasets/deepapaneru/dr-datasets/archive/val_images/val_images/1ab8d3431ffc.png,0,right,1.0,g3293
1ade1e949383,val,/kaggle/input/datasets/deepapaneru/dr-datasets/archive/val_images/val_images/1ade1e949383.png,2,right,1.0,g990
1ae3c58759fb,val,/kaggle/input/datasets/deepapaneru/dr-datasets/archive/val_images/val_images/1ae3c58759fb.png,0,right,0.51,g3295
e4dcca36ceb4,test,/kaggle/input/datasets/deepapaneru/dr-datasets/archive/test_images/test_images/e4dcca36ceb4.png,0,left,0.78,g3296
e4e343eaae2a,test,/kaggle/input/datasets/deepapaneru/dr-datasets/archive/test_images/test_images/e4e343eaae2a.png,2,right,1.0,g578
e4f12411fd85,test,/kaggle/input/datasets/deepapaneru/dr-datasets/archive/test_images/test_images/e4f12411fd85.png,4,left,1.0,g3298
e50b0174690d,test,/kaggle/input/datasets/deepapaneru/dr-datasets/archive/test_images/test_images/e50b0174690d.png,0,right,0.43,g3299
e5197d77ec68,test,/kaggle/input/datasets/deepapaneru/dr-datasets/archive/test_images/test_images/e5197d77ec68.png,0,left,0.75,g3300
e529c5757d64,test,/kaggle/input/datasets/deepapaneru/dr-datasets/archive/test_images/test_images/e529c5757d64.png,0,uncertain,0.27,g3301
e52ed5c29c5e,test,/kaggle/input/datasets/deepapaneru/dr-datasets/archive/test_images/test_images/e52ed5c29c5e.png,3,right,1.0,g3302
e540d2e35d15,test,/kaggle/input/datasets/deepapaneru/dr-datasets/archive/test_images/test_images/e540d2e35d15.png,2,right,1.0,g3303
e55188915f9d,test,/kaggle/input/datasets/deepapaneru/dr-datasets/archive/test_images/test_images/e55188915f9d.png,1,right,0.56,g3304
e580676516b0,test,/kaggle/input/datasets/deepapaneru/dr-datasets/archive/test_images/test_images/e580676516b0.png,1,right,1.0,g3305
e582e56e7942,test,/kaggle/input/datasets/deepapaneru/dr-datasets/archive/test_images/test_images/e582e56e7942.png,0,right,0.98,g3306
e594c19e2e1d,test,/kaggle/input/datasets/deepapaneru/dr-datasets/archive/test_images/test_images/e594c19e2e1d.png,0,right,1.0,g3307
e599151ca14b,test,/kaggle/input/datasets/deepapaneru/dr-datasets/archive/test_images/test_images/e599151ca14b.png,2,left,1.0,g3308
e59c5f345bb0,test,/kaggle/input/datasets/deepapaneru/dr-datasets/archive/test_images/test_images/e59c5f345bb0.png,0,left,1.0,g3309
e5d56f4f359b,test,/kaggle/input/datasets/deepapaneru/dr-datasets/archive/test_images/test_images/e5d56f4f359b.png,2,right,1.0,g3310
e5de79795c1d,test,/kaggle/input/datasets/deepapaneru/dr-datasets/archive/test_images/test_images/e5de79795c1d.png,0,left,1.0,g3311
e5f332efcbc7,test,/kaggle/input/datasets/deepapaneru/dr-datasets/archive/test_images/test_images/e5f332efcbc7.png,0,right,1.0,g3312
e5f73f2855c0,test,/kaggle/input/datasets/deepapaneru/dr-datasets/archive/test_images/test_images/e5f73f2855c0.png,0,right,1.0,g3313
e60e4edb3ca9,test,/kaggle/input/datasets/deepapaneru/dr-datasets/archive/test_images/test_images/e60e4edb3ca9.png,0,right,0.88,g3314
e62490b7d0e9,test,/kaggle/input/datasets/deepapaneru/dr-datasets/archive/test_images/test_images/e62490b7d0e9.png,4,left,1.0,g3315
e632e38fd2d4,test,/kaggle/input/datasets/deepapaneru/dr-datasets/archive/test_images/test_images/e632e38fd2d4.png,0,left,0.82,g3316
e6552b7432b3,test,/kaggle/input/datasets/deepapaneru/dr-datasets/archive/test_images/test_images/e6552b7432b3.png,0,right,1.0,g2021
e65a2ff90494,test,/kaggle/input/datasets/deepapaneru/dr-datasets/archive/test_images/test_images/e65a2ff90494.png,2,right,0.96,g3318
e65f94ad9be3,test,/kaggle/input/datasets/deepapaneru/dr-datasets/archive/test_images/test_images/e65f94ad9be3.png,2,left,1.0,g3319
e663c6627a95,test,/kaggle/input/datasets/deepapaneru/dr-datasets/archive/test_images/test_images/e663c6627a95.png,2,left,1.0,g3320
e66855a5c583,test,/kaggle/input/datasets/deepapaneru/dr-datasets/archive/test_images/test_images/e66855a5c583.png,0,right,0.7,g3321
e66ad813a508,test,/kaggle/input/datasets/deepapaneru/dr-datasets/archive/test_images/test_images/e66ad813a508.png,0,left,0.75,g935
e68746d426b2,test,/kaggle/input/datasets/deepapaneru/dr-datasets/archive/test_images/test_images/e68746d426b2.png,0,left,1.0,g3323
e68bdd36e589,test,/kaggle/input/datasets/deepapaneru/dr-datasets/archive/test_images/test_images/e68bdd36e589.png,0,right,0.93,g3324
e69b48516577,test,/kaggle/input/datasets/deepapaneru/dr-datasets/archive/test_images/test_images/e69b48516577.png,0,left,1.0,g3325
e6a58edc5b42,test,/kaggle/input/datasets/deepapaneru/dr-datasets/archive/test_images/test_images/e6a58edc5b42.png,2,right,1.0,g3326
e6a5e4718873,test,/kaggle/input/datasets/deepapaneru/dr-datasets/archive/test_images/test_images/e6a5e4718873.png,0,left,0.98,g3327
e6a6acf7fca1,test,/kaggle/input/datasets/deepapaneru/dr-datasets/archive/test_images/test_images/e6a6acf7fca1.png,2,right,1.0,g3328
e6f0ce5bf282,test,/kaggle/input/datasets/deepapaneru/dr-datasets/archive/test_images/test_images/e6f0ce5bf282.png,2,left,1.0,g3329
e724866f5084,test,/kaggle/input/datasets/deepapaneru/dr-datasets/archive/test_images/test_images/e724866f5084.png,2,left,0.96,g3330
e7291472109b,test,/kaggle/input/datasets/deepapaneru/dr-datasets/archive/test_images/test_images/e7291472109b.png,0,right,0.83,g3331
e740af6ac6ea,test,/kaggle/input/datasets/deepapaneru/dr-datasets/archive/test_images/test_images/e740af6ac6ea.png,4,left,1.0,g1805
e756495c11cb,test,/kaggle/input/datasets/deepapaneru/dr-datasets/archive/test_images/test_images/e756495c11cb.png,2,right,0.67,g3333
e7578d8dba72,test,/kaggle/input/datasets/deepapaneru/dr-datasets/archive/test_images/test_images/e7578d8dba72.png,0,right,1.0,g3334
e76a9cbb2a8c,test,/kaggle/input/datasets/deepapaneru/dr-datasets/archive/test_images/test_images/e76a9cbb2a8c.png,3,uncertain,0.13,g2347
e77a93c3d9a9,test,/kaggle/input/datasets/deepapaneru/dr-datasets/archive/test_images/test_images/e77a93c3d9a9.png,0,right,1.0,g1109
e79e10907295,test,/kaggle/input/datasets/deepapaneru/dr-datasets/archive/test_images/test_images/e79e10907295.png,0,left,0.48,g3337
e7a372a1c3a4,test,/kaggle/input/datasets/deepapaneru/dr-datasets/archive/test_images/test_images/e7a372a1c3a4.png,2,left,1.0,g3338
e7a7187066ad,test,/kaggle/input/datasets/deepapaneru/dr-datasets/archive/test_images/test_images/e7a7187066ad.png,2,left,1.0,g2607
e7b5dd5bab1f,test,/kaggle/input/datasets/deepapaneru/dr-datasets/archive/test_images/test_images/e7b5dd5bab1f.png,0,right,0.59,g3340
e7d2c2c3b30f,test,/kaggle/input/datasets/deepapaneru/dr-datasets/archive/test_images/test_images/e7d2c2c3b30f.png,4,left,0.5,g3341
e7defafeb957,test,/kaggle/input/datasets/deepapaneru/dr-datasets/archive/test_images/test_images/e7defafeb957.png,2,right,0.89,g3342
e7fc93ac5b6d,test,/kaggle/input/datasets/deepapaneru/dr-datasets/archive/test_images/test_images/e7fc93ac5b6d.png,2,right,0.98,g3343
e811f39a1243,test,/kaggle/input/datasets/deepapaneru/dr-datasets/archive/test_images/test_images/e811f39a1243.png,2,left,0.91,g3344
e81f4a2fbbdc,test,/kaggle/input/datasets/deepapaneru/dr-datasets/archive/test_images/test_images/e81f4a2fbbdc.png,0,right,1.0,g3345
e821c1b6417a,test,/kaggle/input/datasets/deepapaneru/dr-datasets/archive/test_images/test_images/e821c1b6417a.png,4,left,0.66,g3346
e82232a3c28b,test,/kaggle/input/datasets/deepapaneru/dr-datasets/archive/test_images/test_images/e82232a3c28b.png,0,left,0.94,g3347
e83d315d8f98,test,/kaggle/input/datasets/deepapaneru/dr-datasets/archive/test_images/test_images/e83d315d8f98.png,2,uncertain,0.02,g3348
e85d410d6836,test,/kaggle/input/datasets/deepapaneru/dr-datasets/archive/test_images/test_images/e85d410d6836.png,2,left,1.0,g3349
e868c3da340b,test,/kaggle/input/datasets/deepapaneru/dr-datasets/archive/test_images/test_images/e868c3da340b.png,2,uncertain,0.24,g3350
e893e86dde94,test,/kaggle/input/datasets/deepapaneru/dr-datasets/archive/test_images/test_images/e893e86dde94.png,0,right,1.0,g3351
e8d1c6c07cf2,test,/kaggle/input/datasets/deepapaneru/dr-datasets/archive/test_images/test_images/e8d1c6c07cf2.png,3,right,0.95,g3352
e8ddfc9709ce,test,/kaggle/input/datasets/deepapaneru/dr-datasets/archive/test_images/test_images/e8ddfc9709ce.png,0,left,0.41,g3353
e8e44b3160e3,test,/kaggle/input/datasets/deepapaneru/dr-datasets/archive/test_images/test_images/e8e44b3160e3.png,0,left,0.49,g3354
e907d23cce3d,test,/kaggle/input/datasets/deepapaneru/dr-datasets/archive/test_images/test_images/e907d23cce3d.png,0,left,1.0,g3355
e9129ce55fd7,test,/kaggle/input/datasets/deepapaneru/dr-datasets/archive/test_images/test_images/e9129ce55fd7.png,2,right,0.66,g3356
e9286ddf6ffe,test,/kaggle/input/datasets/deepapaneru/dr-datasets/archive/test_images/test_images/e9286ddf6ffe.png,1,right,1.0,g3357
e933923aab15,test,/kaggle/input/datasets/deepapaneru/dr-datasets/archive/test_images/test_images/e933923aab15.png,0,right,0.73,g3358
e93394175a19,test,/kaggle/input/datasets/deepapaneru/dr-datasets/archive/test_images/test_images/e93394175a19.png,3,left,1.0,g3359
e96099b961b4,test,/kaggle/input/datasets/deepapaneru/dr-datasets/archive/test_images/test_images/e96099b961b4.png,2,left,1.0,g3360
e966850247f4,test,/kaggle/input/datasets/deepapaneru/dr-datasets/archive/test_images/test_images/e966850247f4.png,0,right,0.9,g3361
e9678824215d,test,/kaggle/input/datasets/deepapaneru/dr-datasets/archive/test_images/test_images/e9678824215d.png,0,left,1.0,g3362
e96bd80a8a53,test,/kaggle/input/datasets/deepapaneru/dr-datasets/archive/test_images/test_images/e96bd80a8a53.png,1,right,0.51,g3363
e97ecf4355cb,test,/kaggle/input/datasets/deepapaneru/dr-datasets/archive/test_images/test_images/e97ecf4355cb.png,0,right,1.0,g3364
e9ab8413e771,test,/kaggle/input/datasets/deepapaneru/dr-datasets/archive/test_images/test_images/e9ab8413e771.png,4,left,0.66,g3365
e9ce5bf645ab,test,/kaggle/input/datasets/deepapaneru/dr-datasets/archive/test_images/test_images/e9ce5bf645ab.png,0,left,0.7,g3366
e9f3c85a2a02,test,/kaggle/input/datasets/deepapaneru/dr-datasets/archive/test_images/test_images/e9f3c85a2a02.png,0,right,0.88,g3367
e9f82b5bbaf4,test,/kaggle/input/datasets/deepapaneru/dr-datasets/archive/test_images/test_images/e9f82b5bbaf4.png,2,left,0.39,g3368
e9faf0296643,test,/kaggle/input/datasets/deepapaneru/dr-datasets/archive/test_images/test_images/e9faf0296643.png,0,left,0.55,g3369
e9ff9352ccb3,test,/kaggle/input/datasets/deepapaneru/dr-datasets/archive/test_images/test_images/e9ff9352ccb3.png,1,uncertain,0.19,g3370
ea05c22d92e9,test,/kaggle/input/datasets/deepapaneru/dr-datasets/archive/test_images/test_images/ea05c22d92e9.png,2,uncertain,0.01,g2539
ea15a290eb96,test,/kaggle/input/datasets/deepapaneru/dr-datasets/archive/test_images/test_images/ea15a290eb96.png,1,right,1.0,g26
ea1d045f9fea,test,/kaggle/input/datasets/deepapaneru/dr-datasets/archive/test_images/test_images/ea1d045f9fea.png,2,left,1.0,g3373
ea4ce9516144,test,/kaggle/input/datasets/deepapaneru/dr-datasets/archive/test_images/test_images/ea4ce9516144.png,0,right,1.0,g3374
ea4dcb055139,test,/kaggle/input/datasets/deepapaneru/dr-datasets/archive/test_images/test_images/ea4dcb055139.png,2,left,0.69,g3375
ea588d1e5d96,test,/kaggle/input/datasets/deepapaneru/dr-datasets/archive/test_images/test_images/ea588d1e5d96.png,2,left,1.0,g3376
ea5c42a78979,test,/kaggle/input/datasets/deepapaneru/dr-datasets/archive/test_images/test_images/ea5c42a78979.png,0,right,0.71,g3377
ea68b58a6e8f,test,/kaggle/input/datasets/deepapaneru/dr-datasets/archive/test_images/test_images/ea68b58a6e8f.png,0,right,0.46,g3378
ea6a53e54d0f,test,/kaggle/input/datasets/deepapaneru/dr-datasets/archive/test_images/test_images/ea6a53e54d0f.png,0,uncertain,0.1,g3379
ea7e21bab610,test,/kaggle/input/datasets/deepapaneru/dr-datasets/archive/test_images/test_images/ea7e21bab610.png,0,right,0.75,g3380
ea9c41e1ced0,test,/kaggle/input/datasets/deepapaneru/dr-datasets/archive/test_images/test_images/ea9c41e1ced0.png,0,left,0.71,g3381
ea9e0fb6fb0b,test,/kaggle/input/datasets/deepapaneru/dr-datasets/archive/test_images/test_images/ea9e0fb6fb0b.png,2,left,1.0,g136
eaa0dfbd5024,test,/kaggle/input/datasets/deepapaneru/dr-datasets/archive/test_images/test_images/eaa0dfbd5024.png,4,right,0.96,g3383
eabc7c716255,test,/kaggle/input/datasets/deepapaneru/dr-datasets/archive/test_images/test_images/eabc7c716255.png,0,left,1.0,g3384
eabf421f94d0,test,/kaggle/input/datasets/deepapaneru/dr-datasets/archive/test_images/test_images/eabf421f94d0.png,0,right,1.0,g380
ead23cc922ed,test,/kaggle/input/datasets/deepapaneru/dr-datasets/archive/test_images/test_images/ead23cc922ed.png,1,left,1.0,g3386
eadc57064154,test,/kaggle/input/datasets/deepapaneru/dr-datasets/archive/test_images/test_images/eadc57064154.png,4,left,0.36,g1171
eadfc8809ec8,test,/kaggle/input/datasets/deepapaneru/dr-datasets/archive/test_images/test_images/eadfc8809ec8.png,2,left,1.0,g3388
eae70f527755,test,/kaggle/input/datasets/deepapaneru/dr-datasets/archive/test_images/test_images/eae70f527755.png,0,uncertain,0.1,g3389
eae901557a84,test,/kaggle/input/datasets/deepapaneru/dr-datasets/archive/test_images/test_images/eae901557a84.png,2,right,1.0,g3390
eb050765b323,test,/kaggle/input/datasets/deepapaneru/dr-datasets/archive/test_images/test_images/eb050765b323.png,0,left,1.0,g3391
eb175669d789,test,/kaggle/input/datasets/deepapaneru/dr-datasets/archive/test_images/test_images/eb175669d789.png,0,left,1.0,g641
eb1ad14dd281,test,/kaggle/input/datasets/deepapaneru/dr-datasets/archive/test_images/test_images/eb1ad14dd281.png,2,left,1.0,g3393
eb1d37b71fd1,test,/kaggle/input/datasets/deepapaneru/dr-datasets/archive/test_images/test_images/eb1d37b71fd1.png,4,right,1.0,g3394
eb32a815f78c,test,/kaggle/input/datasets/deepapaneru/dr-datasets/archive/test_images/test_images/eb32a815f78c.png,2,right,1.0,g3395
eb6b1f1c09db,test,/kaggle/input/datasets/deepapaneru/dr-datasets/archive/test_images/test_images/eb6b1f1c09db.png,0,right,1.0,g3396
eba3acc42197,test,/kaggle/input/datasets/deepapaneru/dr-datasets/archive/test_images/test_images/eba3acc42197.png,1,left,1.0,g2589
ebd96d853918,test,/kaggle/input/datasets/deepapaneru/dr-datasets/archive/test_images/test_images/ebd96d853918.png,0,left,0.69,g3398
ebe0175e530c,test,/kaggle/input/datasets/deepapaneru/dr-datasets/archive/test_images/test_images/ebe0175e530c.png,4,uncertain,0.23,g3399
ebf4b22240f4,test,/kaggle/input/datasets/deepapaneru/dr-datasets/archive/test_images/test_images/ebf4b22240f4.png,0,left,0.77,g1044
ec01f0862669,test,/kaggle/input/datasets/deepapaneru/dr-datasets/archive/test_images/test_images/ec01f0862669.png,0,right,0.94,g2363
ec0c9f817b03,test,/kaggle/input/datasets/deepapaneru/dr-datasets/archive/test_images/test_images/ec0c9f817b03.png,0,left,1.0,g3402
ec363f48867b,test,/kaggle/input/datasets/deepapaneru/dr-datasets/archive/test_images/test_images/ec363f48867b.png,0,right,1.0,g3403
ec4649213ccf,test,/kaggle/input/datasets/deepapaneru/dr-datasets/archive/test_images/test_images/ec4649213ccf.png,1,left,1.0,g3404
ec57cc20d776,test,/kaggle/input/datasets/deepapaneru/dr-datasets/archive/test_images/test_images/ec57cc20d776.png,0,uncertain,0.22,g3405
ec6659926105,test,/kaggle/input/datasets/deepapaneru/dr-datasets/archive/test_images/test_images/ec6659926105.png,0,left,1.0,g3406
ec6f1797a25a,test,/kaggle/input/datasets/deepapaneru/dr-datasets/archive/test_images/test_images/ec6f1797a25a.png,0,right,0.86,g2363
ecad6845f630,test,/kaggle/input/datasets/deepapaneru/dr-datasets/archive/test_images/test_images/ecad6845f630.png,0,left,1.0,g3408
ecb4500285ed,test,/kaggle/input/datasets/deepapaneru/dr-datasets/archive/test_images/test_images/ecb4500285ed.png,0,right,1.0,g3409
ed246ae1ed08,test,/kaggle/input/datasets/deepapaneru/dr-datasets/archive/test_images/test_images/ed246ae1ed08.png,4,left,1.0,g3410
ed2c06fcc573,test,/kaggle/input/datasets/deepapaneru/dr-datasets/archive/test_images/test_images/ed2c06fcc573.png,2,right,1.0,g3411
ed2c52c14493,test,/kaggle/input/datasets/deepapaneru/dr-datasets/archive/test_images/test_images/ed2c52c14493.png,0,right,0.85,g3412
ed2ef440d22c,test,/kaggle/input/datasets/deepapaneru/dr-datasets/archive/test_images/test_images/ed2ef440d22c.png,0,left,0.82,g3413
ed3a0fc5b546,test,/kaggle/input/datasets/deepapaneru/dr-datasets/archive/test_images/test_images/ed3a0fc5b546.png,4,left,1.0,g2332
ed3ce1674761,test,/kaggle/input/datasets/deepapaneru/dr-datasets/archive/test_images/test_images/ed3ce1674761.png,0,right,1.0,g3415
ed648b9bcd95,test,/kaggle/input/datasets/deepapaneru/dr-datasets/archive/test_images/test_images/ed648b9bcd95.png,0,right,0.87,g3416
ed6704e3b72e,test,/kaggle/input/datasets/deepapaneru/dr-datasets/archive/test_images/test_images/ed6704e3b72e.png,3,left,0.94,g3417
ed6bd9293a89,test,/kaggle/input/datasets/deepapaneru/dr-datasets/archive/test_images/test_images/ed6bd9293a89.png,0,left,0.81,g3418
ed88faaa325a,test,/kaggle/input/datasets/deepapaneru/dr-datasets/archive/test_images/test_images/ed88faaa325a.png,2,right,1.0,g1108
eda1d75cbcf0,test,/kaggle/input/datasets/deepapaneru/dr-datasets/archive/test_images/test_images/eda1d75cbcf0.png,0,right,1.0,g2363
eda29a9d78f3,test,/kaggle/input/datasets/deepapaneru/dr-datasets/archive/test_images/test_images/eda29a9d78f3.png,0,right,0.83,g3421
edceb0657d77,test,/kaggle/input/datasets/deepapaneru/dr-datasets/archive/test_images/test_images/edceb0657d77.png,0,right,1.0,g3422
ee02294cc3d9,test,/kaggle/input/datasets/deepapaneru/dr-datasets/archive/test_images/test_images/ee02294cc3d9.png,2,left,0.98,g3423
ee059945b08a,test,/kaggle/input/datasets/deepapaneru/dr-datasets/archive/test_images/test_images/ee059945b08a.png,2,right,1.0,g3424
ee1ec90b980f,test,/kaggle/input/datasets/deepapaneru/dr-datasets/archive/test_images/test_images/ee1ec90b980f.png,4,left,1.0,g3425
ee2c2a5f7d0e,test,/kaggle/input/datasets/deepapaneru/dr-datasets/archive/test_images/test_images/ee2c2a5f7d0e.png,2,left,0.5,g1340
ee36ca728641,test,/kaggle/input/datasets/deepapaneru/dr-datasets/archive/test_images/test_images/ee36ca728641.png,0,left,1.0,g3427
ee3f5cf52188,test,/kaggle/input/datasets/deepapaneru/dr-datasets/archive/test_images/test_images/ee3f5cf52188.png,0,left,1.0,g3428
ee3fe7809e6a,test,/kaggle/input/datasets/deepapaneru/dr-datasets/archive/test_images/test_images/ee3fe7809e6a.png,0,left,1.0,g3429
ee6e39319b39,test,/kaggle/input/datasets/deepapaneru/dr-datasets/archive/test_images/test_images/ee6e39319b39.png,2,left,1.0,g3430
ee74c3b177e0,test,/kaggle/input/datasets/deepapaneru/dr-datasets/archive/test_images/test_images/ee74c3b177e0.png,2,right,1.0,g3431
ee77763a6afb,test,/kaggle/input/datasets/deepapaneru/dr-datasets/archive/test_images/test_images/ee77763a6afb.png,0,right,1.0,g3432
ee78ce914066,test,/kaggle/input/datasets/deepapaneru/dr-datasets/archive/test_images/test_images/ee78ce914066.png,1,left,0.83,g3433
eeaea2c5ff34,test,/kaggle/input/datasets/deepapaneru/dr-datasets/archive/test_images/test_images/eeaea2c5ff34.png,0,right,1.0,g3434
eeb231c3ef1f,test,/kaggle/input/datasets/deepapaneru/dr-datasets/archive/test_images/test_images/eeb231c3ef1f.png,1,right,0.92,g3435
eebd1e195952,test,/kaggle/input/datasets/deepapaneru/dr-datasets/archive/test_images/test_images/eebd1e195952.png,0,right,1.0,g3436
eed4afc8ec83,test,/kaggle/input/datasets/deepapaneru/dr-datasets/archive/test_images/test_images/eed4afc8ec83.png,1,left,0.69,g3437
eedae6b28f96,test,/kaggle/input/datasets/deepapaneru/dr-datasets/archive/test_images/test_images/eedae6b28f96.png,0,right,1.0,g3438
ef247f28004f,test,/kaggle/input/datasets/deepapaneru/dr-datasets/archive/test_images/test_images/ef247f28004f.png,0,left,1.0,g563
ef26625121b3,test,/kaggle/input/datasets/deepapaneru/dr-datasets/archive/test_images/test_images/ef26625121b3.png,4,left,1.0,g3440
ef4121e9bb67,test,/kaggle/input/datasets/deepapaneru/dr-datasets/archive/test_images/test_images/ef4121e9bb67.png,0,right,0.85,g3441
ef476be214d4,test,/kaggle/input/datasets/deepapaneru/dr-datasets/archive/test_images/test_images/ef476be214d4.png,0,left,1.0,g3442
ef48780f5d5f,test,/kaggle/input/datasets/deepapaneru/dr-datasets/archive/test_images/test_images/ef48780f5d5f.png,0,left,0.52,g3443
ef5155990874,test,/kaggle/input/datasets/deepapaneru/dr-datasets/archive/test_images/test_images/ef5155990874.png,0,left,0.65,g3444
ef7a4ed8d5d1,test,/kaggle/input/datasets/deepapaneru/dr-datasets/archive/test_images/test_images/ef7a4ed8d5d1.png,2,right,1.0,g3445
ef7eb85b75fc,test,/kaggle/input/datasets/deepapaneru/dr-datasets/archive/test_images/test_images/ef7eb85b75fc.png,0,left,0.99,g1286
ef8109305128,test,/kaggle/input/datasets/deepapaneru/dr-datasets/archive/test_images/test_images/ef8109305128.png,1,uncertain,0.01,g3447
ef81cd8854cb,test,/kaggle/input/datasets/deepapaneru/dr-datasets/archive/test_images/test_images/ef81cd8854cb.png,0,left,0.83,g3448
ef8c39eb9157,test,/kaggle/input/datasets/deepapaneru/dr-datasets/archive/test_images/test_images/ef8c39eb9157.png,0,left,1.0,g3449
ef99c499d665,test,/kaggle/input/datasets/deepapaneru/dr-datasets/archive/test_images/test_images/ef99c499d665.png,0,right,0.86,g1740
efff2f1a35f5,test,/kaggle/input/datasets/deepapaneru/dr-datasets/archive/test_images/test_images/efff2f1a35f5.png,2,right,0.87,g3451
f002ce614c59,test,/kaggle/input/datasets/deepapaneru/dr-datasets/archive/test_images/test_images/f002ce614c59.png,0,left,1.0,g3452
f0098e9d4aee,test,/kaggle/input/datasets/deepapaneru/dr-datasets/archive/test_images/test_images/f0098e9d4aee.png,4,left,1.0,g1481
f00ce9b9d6f4,test,/kaggle/input/datasets/deepapaneru/dr-datasets/archive/test_images/test_images/f00ce9b9d6f4.png,0,left,0.9,g473
f02057c41256,test,/kaggle/input/datasets/deepapaneru/dr-datasets/archive/test_images/test_images/f02057c41256.png,0,right,1.0,g3455
f025f33b2c9b,test,/kaggle/input/datasets/deepapaneru/dr-datasets/archive/test_images/test_images/f025f33b2c9b.png,4,left,1.0,g3456
f0267c42907c,test,/kaggle/input/datasets/deepapaneru/dr-datasets/archive/test_images/test_images/f0267c42907c.png,0,right,1.0,g2173
f02956bd7c50,test,/kaggle/input/datasets/deepapaneru/dr-datasets/archive/test_images/test_images/f02956bd7c50.png,0,left,1.0,g3458
f02babb3a023,test,/kaggle/input/datasets/deepapaneru/dr-datasets/archive/test_images/test_images/f02babb3a023.png,0,right,0.62,g3459
f03d3c4ce7fb,test,/kaggle/input/datasets/deepapaneru/dr-datasets/archive/test_images/test_images/f03d3c4ce7fb.png,4,right,1.0,g1828
f0546a45ef10,test,/kaggle/input/datasets/deepapaneru/dr-datasets/archive/test_images/test_images/f0546a45ef10.png,0,right,1.0,g3461
f066db7a2efe,test,/kaggle/input/datasets/deepapaneru/dr-datasets/archive/test_images/test_images/f066db7a2efe.png,0,left,1.0,g191
f06e7a9df795,test,/kaggle/input/datasets/deepapaneru/dr-datasets/archive/test_images/test_images/f06e7a9df795.png,0,right,1.0,g3463
f0800723bc63,test,/kaggle/input/datasets/deepapaneru/dr-datasets/archive/test_images/test_images/f0800723bc63.png,2,left,0.62,g3464
f080a22008be,test,/kaggle/input/datasets/deepapaneru/dr-datasets/archive/test_images/test_images/f080a22008be.png,3,uncertain,0.29,g3465
f0860c21533b,test,/kaggle/input/datasets/deepapaneru/dr-datasets/archive/test_images/test_images/f0860c21533b.png,0,left,0.6,g3466
f092febbf5c0,test,/kaggle/input/datasets/deepapaneru/dr-datasets/archive/test_images/test_images/f092febbf5c0.png,3,left,1.0,g3467
f09cfc6a4dbd,test,/kaggle/input/datasets/deepapaneru/dr-datasets/archive/test_images/test_images/f09cfc6a4dbd.png,0,right,0.88,g2363
f09fd9433dff,test,/kaggle/input/datasets/deepapaneru/dr-datasets/archive/test_images/test_images/f09fd9433dff.png,0,right,0.8,g3469
f0a2dc580009,test,/kaggle/input/datasets/deepapaneru/dr-datasets/archive/test_images/test_images/f0a2dc580009.png,0,right,1.0,g3470
f0c0f7b5e820,test,/kaggle/input/datasets/deepapaneru/dr-datasets/archive/test_images/test_images/f0c0f7b5e820.png,2,left,1.0,g3471
f0c13be90519,test,/kaggle/input/datasets/deepapaneru/dr-datasets/archive/test_images/test_images/f0c13be90519.png,1,left,0.98,g3472
f0e1201b5c1f,test,/kaggle/input/datasets/deepapaneru/dr-datasets/archive/test_images/test_images/f0e1201b5c1f.png,0,left,1.0,g3473
f0f89314e860,test,/kaggle/input/datasets/deepapaneru/dr-datasets/archive/test_images/test_images/f0f89314e860.png,4,uncertain,0.05,g3203
f18abfa690ab,test,/kaggle/input/datasets/deepapaneru/dr-datasets/archive/test_images/test_images/f18abfa690ab.png,2,left,0.84,g3475
f1979147aad4,test,/kaggle/input/datasets/deepapaneru/dr-datasets/archive/test_images/test_images/f1979147aad4.png,0,right,1.0,g3476
f1a761c68559,test,/kaggle/input/datasets/deepapaneru/dr-datasets/archive/test_images/test_images/f1a761c68559.png,2,uncertain,0.01,g3477
f1d719c97838,test,/kaggle/input/datasets/deepapaneru/dr-datasets/archive/test_images/test_images/f1d719c97838.png,0,right,0.9,g3478
f1dc26c4bfa3,test,/kaggle/input/datasets/deepapaneru/dr-datasets/archive/test_images/test_images/f1dc26c4bfa3.png,4,left,1.0,g3479
f2094a20b275,test,/kaggle/input/datasets/deepapaneru/dr-datasets/archive/test_images/test_images/f2094a20b275.png,2,left,0.62,g3480
f233638e0e90,test,/kaggle/input/datasets/deepapaneru/dr-datasets/archive/test_images/test_images/f233638e0e90.png,0,uncertain,0.21,g3481
f23902998c21,test,/kaggle/input/datasets/deepapaneru/dr-datasets/archive/test_images/test_images/f23902998c21.png,2,right,0.95,g3352
f252046c0fe6,test,/kaggle/input/datasets/deepapaneru/dr-datasets/archive/test_images/test_images/f252046c0fe6.png,0,right,0.75,g3483
f26b02ead915,test,/kaggle/input/datasets/deepapaneru/dr-datasets/archive/test_images/test_images/f26b02ead915.png,0,right,1.0,g2136
f298b7d05958,test,/kaggle/input/datasets/deepapaneru/dr-datasets/archive/test_images/test_images/f298b7d05958.png,0,left,0.86,g3485
f2c0b41acd05,test,/kaggle/input/datasets/deepapaneru/dr-datasets/archive/test_images/test_images/f2c0b41acd05.png,0,left,1.0,g3486
f2d2a0c92034,test,/kaggle/input/datasets/deepapaneru/dr-datasets/archive/test_images/test_images/f2d2a0c92034.png,4,uncertain,0.1,g3487
f2ee81781411,test,/kaggle/input/datasets/deepapaneru/dr-datasets/archive/test_images/test_images/f2ee81781411.png,2,uncertain,0.3,g2423
f2f569a64949,test,/kaggle/input/datasets/deepapaneru/dr-datasets/archive/test_images/test_images/f2f569a64949.png,0,left,1.0,g3489
f30f203ef51e,test,/kaggle/input/datasets/deepapaneru/dr-datasets/archive/test_images/test_images/f30f203ef51e.png,2,right,1.0,g3490
f35d80bb1a22,test,/kaggle/input/datasets/deepapaneru/dr-datasets/archive/test_images/test_images/f35d80bb1a22.png,0,right,0.86,g3491
f361060eda3e,test,/kaggle/input/datasets/deepapaneru/dr-datasets/archive/test_images/test_images/f361060eda3e.png,0,right,1.0,g3492
f366fb1cc475,test,/kaggle/input/datasets/deepapaneru/dr-datasets/archive/test_images/test_images/f366fb1cc475.png,0,left,0.93,g3493
f36cb007a1ef,test,/kaggle/input/datasets/deepapaneru/dr-datasets/archive/test_images/test_images/f36cb007a1ef.png,0,left,0.98,g3494
f3a268d2726d,test,/kaggle/input/datasets/deepapaneru/dr-datasets/archive/test_images/test_images/f3a268d2726d.png,2,left,1.0,g3495
f3a4751af42e,test,/kaggle/input/datasets/deepapaneru/dr-datasets/archive/test_images/test_images/f3a4751af42e.png,0,right,0.86,g3496
f3a88d3026dc,test,/kaggle/input/datasets/deepapaneru/dr-datasets/archive/test_images/test_images/f3a88d3026dc.png,2,right,1.0,g3497
f3b27ac2d371,test,/kaggle/input/datasets/deepapaneru/dr-datasets/archive/test_images/test_images/f3b27ac2d371.png,0,left,1.0,g3498
f3b6b7ca1eb1,test,/kaggle/input/datasets/deepapaneru/dr-datasets/archive/test_images/test_images/f3b6b7ca1eb1.png,2,left,1.0,g3499
f3bb996b45ce,test,/kaggle/input/datasets/deepapaneru/dr-datasets/archive/test_images/test_images/f3bb996b45ce.png,0,right,1.0,g3500
f3cd489acbee,test,/kaggle/input/datasets/deepapaneru/dr-datasets/archive/test_images/test_images/f3cd489acbee.png,2,left,1.0,g3501
f42b693a9414,test,/kaggle/input/datasets/deepapaneru/dr-datasets/archive/test_images/test_images/f42b693a9414.png,0,right,1.0,g3502
f431f2e119d7,test,/kaggle/input/datasets/deepapaneru/dr-datasets/archive/test_images/test_images/f431f2e119d7.png,0,right,1.0,g3503
f451eee2b66b,test,/kaggle/input/datasets/deepapaneru/dr-datasets/archive/test_images/test_images/f451eee2b66b.png,0,left,0.96,g3504
f45f1485c940,test,/kaggle/input/datasets/deepapaneru/dr-datasets/archive/test_images/test_images/f45f1485c940.png,2,left,1.0,g3505
f460608cf4cc,test,/kaggle/input/datasets/deepapaneru/dr-datasets/archive/test_images/test_images/f460608cf4cc.png,2,left,1.0,g3506
f47a2a4a0411,test,/kaggle/input/datasets/deepapaneru/dr-datasets/archive/test_images/test_images/f47a2a4a0411.png,1,right,1.0,g3507
f481f76a6b75,test,/kaggle/input/datasets/deepapaneru/dr-datasets/archive/test_images/test_images/f481f76a6b75.png,1,right,1.0,g3508
f48241b0c995,test,/kaggle/input/datasets/deepapaneru/dr-datasets/archive/test_images/test_images/f48241b0c995.png,0,left,1.0,g3509
f4874247ede6,test,/kaggle/input/datasets/deepapaneru/dr-datasets/archive/test_images/test_images/f4874247ede6.png,0,right,1.0,g3510
f4c7ae514c54,test,/kaggle/input/datasets/deepapaneru/dr-datasets/archive/test_images/test_images/f4c7ae514c54.png,0,left,1.0,g3511
f4d3169b468a,test,/kaggle/input/datasets/deepapaneru/dr-datasets/archive/test_images/test_images/f4d3169b468a.png,0,right,0.83,g580
f4d3777f2710,test,/kaggle/input/datasets/deepapaneru/dr-datasets/archive/test_images/test_images/f4d3777f2710.png,2,uncertain,0.06,g983
f4de9620e3f2,test,/kaggle/input/datasets/deepapaneru/dr-datasets/archive/test_images/test_images/f4de9620e3f2.png,0,uncertain,0.2,g3514
f4df3d86688d,test,/kaggle/input/datasets/deepapaneru/dr-datasets/archive/test_images/test_images/f4df3d86688d.png,0,left,0.96,g3515
f4e68b61f480,test,/kaggle/input/datasets/deepapaneru/dr-datasets/archive/test_images/test_images/f4e68b61f480.png,0,right,1.0,g3516
f4ea2a2cfbb9,test,/kaggle/input/datasets/deepapaneru/dr-datasets/archive/test_images/test_images/f4ea2a2cfbb9.png,0,left,0.69,g3517
f531232ecb55,test,/kaggle/input/datasets/deepapaneru/dr-datasets/archive/test_images/test_images/f531232ecb55.png,0,right,0.77,g3518
f549294e12e1,test,/kaggle/input/datasets/deepapaneru/dr-datasets/archive/test_images/test_images/f549294e12e1.png,4,left,1.0,g3519
f55e1d2a19e4,test,/kaggle/input/datasets/deepapaneru/dr-datasets/archive/test_images/test_images/f55e1d2a19e4.png,1,right,1.0,g3520
f5650eb52640,test,/kaggle/input/datasets/deepapaneru/dr-datasets/archive/test_images/test_images/f5650eb52640.png,1,left,1.0,g3521
f56ff0440ed1,test,/kaggle/input/datasets/deepapaneru/dr-datasets/archive/test_images/test_images/f56ff0440ed1.png,0,left,0.98,g3522
f5733f77273d,test,/kaggle/input/datasets/deepapaneru/dr-datasets/archive/test_images/test_images/f5733f77273d.png,0,right,0.83,g3523
f576e45d1da2,test,/kaggle/input/datasets/deepapaneru/dr-datasets/archive/test_images/test_images/f576e45d1da2.png,3,left,1.0,g3524
f57cf3b6f48e,test,/kaggle/input/datasets/deepapaneru/dr-datasets/archive/test_images/test_images/f57cf3b6f48e.png,0,right,1.0,g3525
f580566e27f5,test,/kaggle/input/datasets/deepapaneru/dr-datasets/archive/test_images/test_images/f580566e27f5.png,0,right,1.0,g2363
f583a722434c,test,/kaggle/input/datasets/deepapaneru/dr-datasets/archive/test_images/test_images/f583a722434c.png,2,right,1.0,g3527
f58cdfa968be,test,/kaggle/input/datasets/deepapaneru/dr-datasets/archive/test_images/test_images/f58cdfa968be.png,0,left,0.94,g3528
f58d37d48e42,test,/kaggle/input/datasets/deepapaneru/dr-datasets/archive/test_images/test_images/f58d37d48e42.png,4,right,1.0,g3529
f58f0b2fd718,test,/kaggle/input/datasets/deepapaneru/dr-datasets/archive/test_images/test_images/f58f0b2fd718.png,0,uncertain,0.3,g3530
f5a8c6426a71,test,/kaggle/input/datasets/deepapaneru/dr-datasets/archive/test_images/test_images/f5a8c6426a71.png,3,left,1.0,g3531
f5c953bee7cd,test,/kaggle/input/datasets/deepapaneru/dr-datasets/archive/test_images/test_images/f5c953bee7cd.png,0,left,0.71,g1248
f5e6226bd2e0,test,/kaggle/input/datasets/deepapaneru/dr-datasets/archive/test_images/test_images/f5e6226bd2e0.png,4,right,1.0,g3533
f5e9a307288c,test,/kaggle/input/datasets/deepapaneru/dr-datasets/archive/test_images/test_images/f5e9a307288c.png,2,left,1.0,g3534
f61bf44c677c,test,/kaggle/input/datasets/deepapaneru/dr-datasets/archive/test_images/test_images/f61bf44c677c.png,2,right,0.35,g3535
f62b8a076833,test,/kaggle/input/datasets/deepapaneru/dr-datasets/archive/test_images/test_images/f62b8a076833.png,0,right,1.0,g3536
f633c474e8b8,test,/kaggle/input/datasets/deepapaneru/dr-datasets/archive/test_images/test_images/f633c474e8b8.png,0,right,0.83,g3537
f64214bed40e,test,/kaggle/input/datasets/deepapaneru/dr-datasets/archive/test_images/test_images/f64214bed40e.png,3,left,0.63,g3538
f64b6e85f1c9,test,/kaggle/input/datasets/deepapaneru/dr-datasets/archive/test_images/test_images/f64b6e85f1c9.png,0,left,0.73,g2133
f66c4ee86629,test,/kaggle/input/datasets/deepapaneru/dr-datasets/archive/test_images/test_images/f66c4ee86629.png,0,left,1.0,g3540
f68690db78d3,test,/kaggle/input/datasets/deepapaneru/dr-datasets/archive/test_images/test_images/f68690db78d3.png,0,left,1.0,g3541
f69400b316a7,test,/kaggle/input/datasets/deepapaneru/dr-datasets/archive/test_images/test_images/f69400b316a7.png,2,left,1.0,g3542
f69835dc7c50,test,/kaggle/input/datasets/deepapaneru/dr-datasets/archive/test_images/test_images/f69835dc7c50.png,4,left,1.0,g3543
f6d760566a51,test,/kaggle/input/datasets/deepapaneru/dr-datasets/archive/test_images/test_images/f6d760566a51.png,0,left,0.8,g3544
f6f3ea0d2693,test,/kaggle/input/datasets/deepapaneru/dr-datasets/archive/test_images/test_images/f6f3ea0d2693.png,4,right,1.0,g67
f6f433f3306f,test,/kaggle/input/datasets/deepapaneru/dr-datasets/archive/test_images/test_images/f6f433f3306f.png,3,right,1.0,g3546
f6f7dba7104d,test,/kaggle/input/datasets/deepapaneru/dr-datasets/archive/test_images/test_images/f6f7dba7104d.png,1,right,1.0,g3547
f7116e7b2f4e,test,/kaggle/input/datasets/deepapaneru/dr-datasets/archive/test_images/test_images/f7116e7b2f4e.png,0,left,1.0,g3548
f71333204618,test,/kaggle/input/datasets/deepapaneru/dr-datasets/archive/test_images/test_images/f71333204618.png,0,right,1.0,g3549
f71aca5a7dc3,test,/kaggle/input/datasets/deepapaneru/dr-datasets/archive/test_images/test_images/f71aca5a7dc3.png,0,right,1.0,g784
f71bea807c96,test,/kaggle/input/datasets/deepapaneru/dr-datasets/archive/test_images/test_images/f71bea807c96.png,0,right,0.64,g3551
f72adcac5638,test,/kaggle/input/datasets/deepapaneru/dr-datasets/archive/test_images/test_images/f72adcac5638.png,4,uncertain,0.3,g3552
f72ef9ceeaa8,test,/kaggle/input/datasets/deepapaneru/dr-datasets/archive/test_images/test_images/f72ef9ceeaa8.png,1,left,0.48,g3553
f7508f14dd7b,test,/kaggle/input/datasets/deepapaneru/dr-datasets/archive/test_images/test_images/f7508f14dd7b.png,0,left,1.0,g3554
f762c272c522,test,/kaggle/input/datasets/deepapaneru/dr-datasets/archive/test_images/test_images/f762c272c522.png,1,right,1.0,g2363
f7735b6d47f7,test,/kaggle/input/datasets/deepapaneru/dr-datasets/archive/test_images/test_images/f7735b6d47f7.png,0,right,0.78,g3556
f7defe70afc3,test,/kaggle/input/datasets/deepapaneru/dr-datasets/archive/test_images/test_images/f7defe70afc3.png,0,right,1.0,g3557
f7e9fa75c7c1,test,/kaggle/input/datasets/deepapaneru/dr-datasets/archive/test_images/test_images/f7e9fa75c7c1.png,0,left,0.93,g3558
f7edc074f06b,test,/kaggle/input/datasets/deepapaneru/dr-datasets/archive/test_images/test_images/f7edc074f06b.png,2,right,1.0,g769
f7fec8935126,test,/kaggle/input/datasets/deepapaneru/dr-datasets/archive/test_images/test_images/f7fec8935126.png,1,right,1.0,g3560
f80118bbda18,test,/kaggle/input/datasets/deepapaneru/dr-datasets/archive/test_images/test_images/f80118bbda18.png,2,right,1.0,g3561
f819c65b803c,test,/kaggle/input/datasets/deepapaneru/dr-datasets/archive/test_images/test_images/f819c65b803c.png,0,left,1.0,g3562
f8372e80f731,test,/kaggle/input/datasets/deepapaneru/dr-datasets/archive/test_images/test_images/f8372e80f731.png,2,left,1.0,g3563
f850cb51fdba,test,/kaggle/input/datasets/deepapaneru/dr-datasets/archive/test_images/test_images/f850cb51fdba.png,4,right,1.0,g3564
f85c78201a50,test,/kaggle/input/datasets/deepapaneru/dr-datasets/archive/test_images/test_images/f85c78201a50.png,0,left,0.77,g3565
f85fd4fac887,test,/kaggle/input/datasets/deepapaneru/dr-datasets/archive/test_images/test_images/f85fd4fac887.png,0,right,1.0,g3566
f86d1c404acb,test,/kaggle/input/datasets/deepapaneru/dr-datasets/archive/test_images/test_images/f86d1c404acb.png,0,right,1.0,g3567
f8cf7ed8ef00,test,/kaggle/input/datasets/deepapaneru/dr-datasets/archive/test_images/test_images/f8cf7ed8ef00.png,4,left,1.0,g3568
f8d62557ad0c,test,/kaggle/input/datasets/deepapaneru/dr-datasets/archive/test_images/test_images/f8d62557ad0c.png,0,right,0.38,g3569
f8f5942b690e,test,/kaggle/input/datasets/deepapaneru/dr-datasets/archive/test_images/test_images/f8f5942b690e.png,0,left,0.69,g3570
f8fc411092c7,test,/kaggle/input/datasets/deepapaneru/dr-datasets/archive/test_images/test_images/f8fc411092c7.png,2,left,1.0,g3571
f901d460517c,test,/kaggle/input/datasets/deepapaneru/dr-datasets/archive/test_images/test_images/f901d460517c.png,3,left,1.0,g3572
f90f8931a9bc,test,/kaggle/input/datasets/deepapaneru/dr-datasets/archive/test_images/test_images/f90f8931a9bc.png,0,left,0.93,g3573
f9156aeffc5e,test,/kaggle/input/datasets/deepapaneru/dr-datasets/archive/test_images/test_images/f9156aeffc5e.png,3,left,0.73,g3574
f91cfa82b9d4,test,/kaggle/input/datasets/deepapaneru/dr-datasets/archive/test_images/test_images/f91cfa82b9d4.png,0,left,1.0,g3575
f920ccd926db,test,/kaggle/input/datasets/deepapaneru/dr-datasets/archive/test_images/test_images/f920ccd926db.png,2,right,1.0,g2362
f952ad2e4356,test,/kaggle/input/datasets/deepapaneru/dr-datasets/archive/test_images/test_images/f952ad2e4356.png,0,right,1.0,g3577
f994a3b07935,test,/kaggle/input/datasets/deepapaneru/dr-datasets/archive/test_images/test_images/f994a3b07935.png,0,left,0.76,g1631
f999c6921e6d,test,/kaggle/input/datasets/deepapaneru/dr-datasets/archive/test_images/test_images/f999c6921e6d.png,2,left,1.0,g3579
f9aa35187bf3,test,/kaggle/input/datasets/deepapaneru/dr-datasets/archive/test_images/test_images/f9aa35187bf3.png,2,left,1.0,g3580
f9d52509c571,test,/kaggle/input/datasets/deepapaneru/dr-datasets/archive/test_images/test_images/f9d52509c571.png,0,left,0.72,g3581
f9d8ff3e6592,test,/kaggle/input/datasets/deepapaneru/dr-datasets/archive/test_images/test_images/f9d8ff3e6592.png,0,right,1.0,g3582
f9e1c439d4c8,test,/kaggle/input/datasets/deepapaneru/dr-datasets/archive/test_images/test_images/f9e1c439d4c8.png,0,right,1.0,g504
f9e779a13204,test,/kaggle/input/datasets/deepapaneru/dr-datasets/archive/test_images/test_images/f9e779a13204.png,2,left,1.0,g3584
f9ecf1795804,test,/kaggle/input/datasets/deepapaneru/dr-datasets/archive/test_images/test_images/f9ecf1795804.png,2,left,1.0,g2664
fa0c87bd75ce,test,/kaggle/input/datasets/deepapaneru/dr-datasets/archive/test_images/test_images/fa0c87bd75ce.png,0,right,1.0,g3586
fa3e544a7401,test,/kaggle/input/datasets/deepapaneru/dr-datasets/archive/test_images/test_images/fa3e544a7401.png,2,right,1.0,g3587
fa573163dd8b,test,/kaggle/input/datasets/deepapaneru/dr-datasets/archive/test_images/test_images/fa573163dd8b.png,0,left,0.68,g3588
fa59221cf464,test,/kaggle/input/datasets/deepapaneru/dr-datasets/archive/test_images/test_images/fa59221cf464.png,4,right,1.0,g3589
fa6f3d8bb1d5,test,/kaggle/input/datasets/deepapaneru/dr-datasets/archive/test_images/test_images/fa6f3d8bb1d5.png,0,right,0.83,g3590
fa748b57262b,test,/kaggle/input/datasets/deepapaneru/dr-datasets/archive/test_images/test_images/fa748b57262b.png,2,right,1.0,g3591
fa7fa797c650,test,/kaggle/input/datasets/deepapaneru/dr-datasets/archive/test_images/test_images/fa7fa797c650.png,0,right,0.83,g3592
fa9bece586fc,test,/kaggle/input/datasets/deepapaneru/dr-datasets/archive/test_images/test_images/fa9bece586fc.png,0,left,0.88,g3593
fa9f1bc03f21,test,/kaggle/input/datasets/deepapaneru/dr-datasets/archive/test_images/test_images/fa9f1bc03f21.png,0,right,0.75,g3441
fac399455195,test,/kaggle/input/datasets/deepapaneru/dr-datasets/archive/test_images/test_images/fac399455195.png,2,right,1.0,g3595
fb1b8771c70a,test,/kaggle/input/datasets/deepapaneru/dr-datasets/archive/test_images/test_images/fb1b8771c70a.png,0,right,0.77,g3596
fb61230b99dd,test,/kaggle/input/datasets/deepapaneru/dr-datasets/archive/test_images/test_images/fb61230b99dd.png,3,left,1.0,g3597
fb696a8e055a,test,/kaggle/input/datasets/deepapaneru/dr-datasets/archive/test_images/test_images/fb696a8e055a.png,4,left,1.0,g3598
fb6b8200b7f8,test,/kaggle/input/datasets/deepapaneru/dr-datasets/archive/test_images/test_images/fb6b8200b7f8.png,1,left,1.0,g3599
fb767cea406c,test,/kaggle/input/datasets/deepapaneru/dr-datasets/archive/test_images/test_images/fb767cea406c.png,0,right,1.0,g3600
fb88783de055,test,/kaggle/input/datasets/deepapaneru/dr-datasets/archive/test_images/test_images/fb88783de055.png,0,right,1.0,g3601
fb88d23fc5fe,test,/kaggle/input/datasets/deepapaneru/dr-datasets/archive/test_images/test_images/fb88d23fc5fe.png,0,left,0.81,g3602
fba493e17448,test,/kaggle/input/datasets/deepapaneru/dr-datasets/archive/test_images/test_images/fba493e17448.png,2,left,1.0,g3603
fbcbc81cf9be,test,/kaggle/input/datasets/deepapaneru/dr-datasets/archive/test_images/test_images/fbcbc81cf9be.png,0,right,1.0,g3604
fbdc796290d4,test,/kaggle/input/datasets/deepapaneru/dr-datasets/archive/test_images/test_images/fbdc796290d4.png,0,right,0.81,g3605
fbfa925506f6,test,/kaggle/input/datasets/deepapaneru/dr-datasets/archive/test_images/test_images/fbfa925506f6.png,0,left,1.0,g3606
fc1b1841eadf,test,/kaggle/input/datasets/deepapaneru/dr-datasets/archive/test_images/test_images/fc1b1841eadf.png,2,right,1.0,g3607
fc4c2d35c6f8,test,/kaggle/input/datasets/deepapaneru/dr-datasets/archive/test_images/test_images/fc4c2d35c6f8.png,2,right,0.78,g3608
fc4d69128e7c,test,/kaggle/input/datasets/deepapaneru/dr-datasets/archive/test_images/test_images/fc4d69128e7c.png,2,right,1.0,g3609
fc603cbedb41,test,/kaggle/input/datasets/deepapaneru/dr-datasets/archive/test_images/test_images/fc603cbedb41.png,2,right,0.88,g1108
fc782722a50c,test,/kaggle/input/datasets/deepapaneru/dr-datasets/archive/test_images/test_images/fc782722a50c.png,0,left,0.43,g3611
fc898dfeb24f,test,/kaggle/input/datasets/deepapaneru/dr-datasets/archive/test_images/test_images/fc898dfeb24f.png,0,left,1.0,g3612
fc8fce67fbf8,test,/kaggle/input/datasets/deepapaneru/dr-datasets/archive/test_images/test_images/fc8fce67fbf8.png,0,left,1.0,g3613
fca1a8738b8a,test,/kaggle/input/datasets/deepapaneru/dr-datasets/archive/test_images/test_images/fca1a8738b8a.png,0,left,0.77,g3614
fca931da5c5e,test,/kaggle/input/datasets/deepapaneru/dr-datasets/archive/test_images/test_images/fca931da5c5e.png,1,right,1.0,g340
fcc32dffd24d,test,/kaggle/input/datasets/deepapaneru/dr-datasets/archive/test_images/test_images/fcc32dffd24d.png,0,left,1.0,g3616
fcc55ae641ae,test,/kaggle/input/datasets/deepapaneru/dr-datasets/archive/test_images/test_images/fcc55ae641ae.png,2,uncertain,0.04,g3617
fcc6aa6755e6,test,/kaggle/input/datasets/deepapaneru/dr-datasets/archive/test_images/test_images/fcc6aa6755e6.png,3,right,1.0,g1015
fce73678f650,test,/kaggle/input/datasets/deepapaneru/dr-datasets/archive/test_images/test_images/fce73678f650.png,0,right,0.99,g3619
fce93caa4758,test,/kaggle/input/datasets/deepapaneru/dr-datasets/archive/test_images/test_images/fce93caa4758.png,4,left,1.0,g3620
fd079d2e93a2,test,/kaggle/input/datasets/deepapaneru/dr-datasets/archive/test_images/test_images/fd079d2e93a2.png,0,left,1.0,g3621
fd0a70082e7c,test,/kaggle/input/datasets/deepapaneru/dr-datasets/archive/test_images/test_images/fd0a70082e7c.png,0,right,0.86,g3622
fd48cf452e9d,test,/kaggle/input/datasets/deepapaneru/dr-datasets/archive/test_images/test_images/fd48cf452e9d.png,2,right,0.51,g3623
fd4c946c52bf,test,/kaggle/input/datasets/deepapaneru/dr-datasets/archive/test_images/test_images/fd4c946c52bf.png,0,left,1.0,g3624
fd62bd0db4f1,test,/kaggle/input/datasets/deepapaneru/dr-datasets/archive/test_images/test_images/fd62bd0db4f1.png,1,left,1.0,g1991
fd87b6b2e664,test,/kaggle/input/datasets/deepapaneru/dr-datasets/archive/test_images/test_images/fd87b6b2e664.png,0,right,0.81,g3626
fda39982a810,test,/kaggle/input/datasets/deepapaneru/dr-datasets/archive/test_images/test_images/fda39982a810.png,3,left,0.87,g3075
fdbc252813b1,test,/kaggle/input/datasets/deepapaneru/dr-datasets/archive/test_images/test_images/fdbc252813b1.png,0,left,0.85,g3628
fdc685055659,test,/kaggle/input/datasets/deepapaneru/dr-datasets/archive/test_images/test_images/fdc685055659.png,0,left,1.0,g3629
fdd18ccbbdc5,test,/kaggle/input/datasets/deepapaneru/dr-datasets/archive/test_images/test_images/fdd18ccbbdc5.png,1,left,1.0,g3630
fdd534271f3d,test,/kaggle/input/datasets/deepapaneru/dr-datasets/archive/test_images/test_images/fdd534271f3d.png,4,left,0.68,g3631
fe06dad6851c,test,/kaggle/input/datasets/deepapaneru/dr-datasets/archive/test_images/test_images/fe06dad6851c.png,0,left,1.0,g3632
fe0e2dee1834,test,/kaggle/input/datasets/deepapaneru/dr-datasets/archive/test_images/test_images/fe0e2dee1834.png,0,right,1.0,g3633
fe0fc67c7980,test,/kaggle/input/datasets/deepapaneru/dr-datasets/archive/test_images/test_images/fe0fc67c7980.png,3,uncertain,0.17,g813
fe2df69676cf,test,/kaggle/input/datasets/deepapaneru/dr-datasets/archive/test_images/test_images/fe2df69676cf.png,1,left,1.0,g3635
fe37f4492920,test,/kaggle/input/datasets/deepapaneru/dr-datasets/archive/test_images/test_images/fe37f4492920.png,2,left,0.84,g3636
fe3b0e50be78,test,/kaggle/input/datasets/deepapaneru/dr-datasets/archive/test_images/test_images/fe3b0e50be78.png,0,right,0.66,g3637
fe3f62695b2d,test,/kaggle/input/datasets/deepapaneru/dr-datasets/archive/test_images/test_images/fe3f62695b2d.png,0,right,1.0,g1550
fe674c2f73f5,test,/kaggle/input/datasets/deepapaneru/dr-datasets/archive/test_images/test_images/fe674c2f73f5.png,1,left,1.0,g3639
fea14b3d44b0,test,/kaggle/input/datasets/deepapaneru/dr-datasets/archive/test_images/test_images/fea14b3d44b0.png,1,left,1.0,g1458
febfb20dc311,test,/kaggle/input/datasets/deepapaneru/dr-datasets/archive/test_images/test_images/febfb20dc311.png,0,left,0.73,g3641
fecf4c5ae84b,test,/kaggle/input/datasets/deepapaneru/dr-datasets/archive/test_images/test_images/fecf4c5ae84b.png,1,left,1.0,g3642
fed5bb685832,test,/kaggle/input/datasets/deepapaneru/dr-datasets/archive/test_images/test_images/fed5bb685832.png,0,left,0.94,g3643
fefded6bf135,test,/kaggle/input/datasets/deepapaneru/dr-datasets/archive/test_images/test_images/fefded6bf135.png,0,right,0.95,g3644
ff03f74667df,test,/kaggle/input/datasets/deepapaneru/dr-datasets/archive/test_images/test_images/ff03f74667df.png,0,left,1.0,g3645
ff0740cb484a,test,/kaggle/input/datasets/deepapaneru/dr-datasets/archive/test_images/test_images/ff0740cb484a.png,2,uncertain,0.01,g2297
ff1e940105f9,test,/kaggle/input/datasets/deepapaneru/dr-datasets/archive/test_images/test_images/ff1e940105f9.png,0,left,0.98,g3647
ff344e5c9341,test,/kaggle/input/datasets/deepapaneru/dr-datasets/archive/test_images/test_images/ff344e5c9341.png,2,left,1.0,g3648
ff4832d55461,test,/kaggle/input/datasets/deepapaneru/dr-datasets/archive/test_images/test_images/ff4832d55461.png,0,right,1.0,g3649
ff4955e76894,test,/kaggle/input/datasets/deepapaneru/dr-datasets/archive/test_images/test_images/ff4955e76894.png,0,left,1.0,g3650
ff4cd992667b,test,/kaggle/input/datasets/deepapaneru/dr-datasets/archive/test_images/test_images/ff4cd992667b.png,0,right,1.0,g3651
ff52392372d3,test,/kaggle/input/datasets/deepapaneru/dr-datasets/archive/test_images/test_images/ff52392372d3.png,2,uncertain,0.01,g3477
ff59d44a70a7,test,/kaggle/input/datasets/deepapaneru/dr-datasets/archive/test_images/test_images/ff59d44a70a7.png,0,left,0.56,g3653
ff631653374e,test,/kaggle/input/datasets/deepapaneru/dr-datasets/archive/test_images/test_images/ff631653374e.png,0,right,0.85,g2363
ff77e8e5b5f3,test,/kaggle/input/datasets/deepapaneru/dr-datasets/archive/test_images/test_images/ff77e8e5b5f3.png,2,right,1.0,g3655
ff8a0b45c789,test,/kaggle/input/datasets/deepapaneru/dr-datasets/archive/test_images/test_images/ff8a0b45c789.png,4,left,0.36,g3656
ffa47f6a7bf4,test,/kaggle/input/datasets/deepapaneru/dr-datasets/archive/test_images/test_images/ffa47f6a7bf4.png,2,uncertain,0.21,g3657
ffc04fed30e6,test,/kaggle/input/datasets/deepapaneru/dr-datasets/archive/test_images/test_images/ffc04fed30e6.png,0,left,1.0,g3658
ffcf7b45f213,test,/kaggle/input/datasets/deepapaneru/dr-datasets/archive/test_images/test_images/ffcf7b45f213.png,2,uncertain,0.02,g3659
ffd97f8cd5aa,test,/kaggle/input/datasets/deepapaneru/dr-datasets/archive/test_images/test_images/ffd97f8cd5aa.png,0,left,0.81,g3205
ffec9a18a3ce,test,/kaggle/input/datasets/deepapaneru/dr-datasets/archive/test_images/test_images/ffec9a18a3ce.png,2,right,1.0,g3661
