dataset,split,path,filename,stem,laterality,laterality_conf,laterality_source,group_id,needs_review,label
aptos2019,train,/kaggle/input/datasets/deepapaneru/aptos2019/train_images/train_images/6dcde47060f9.png,6dcde47060f9.png,6dcde47060f9,left,1.0,estimated_disc_position,aptos2019_6dcde47060f9,False,2.0
aptos2019,train,/kaggle/input/datasets/deepapaneru/aptos2019/train_images/train_images/b49b2fac2514.png,b49b2fac2514.png,b49b2fac2514,left,1.0,estimated_disc_position,aptos2019_b49b2fac2514,False,4.0
aptos2019,train,/kaggle/input/datasets/deepapaneru/aptos2019/train_images/train_images/af6166d57f13.png,af6166d57f13.png,af6166d57f13,left,1.0,estimated_disc_position,aptos2019_af6166d57f13,False,0.0
aptos2019,train,/kaggle/input/datasets/deepapaneru/aptos2019/train_images/train_images/8d13c46e7d75.png,8d13c46e7d75.png,8d13c46e7d75,right,0.62,estimated_disc_position,aptos2019_8d13c46e7d75,False,0.0
aptos2019,train,/kaggle/input/datasets/deepapaneru/aptos2019/train_images/train_images/c3b15bf9b4bc.png,c3b15bf9b4bc.png,c3b15bf9b4bc,right,1.0,estimated_disc_position,aptos2019_c3b15bf9b4bc,False,0.0
aptos2019,train,/kaggle/input/datasets/deepapaneru/aptos2019/train_images/train_images/be68322c7223.png,be68322c7223.png,be68322c7223,uncertain,0.08,estimated_disc_position,aptos2019_be68322c7223,True,2.0
aptos2019,train,/kaggle/input/datasets/deepapaneru/aptos2019/train_images/train_images/88e4399d207c.png,88e4399d207c.png,88e4399d207c,right,0.93,estimated_disc_position,aptos2019_88e4399d207c,False,0.0
aptos2019,train,/kaggle/input/datasets/deepapaneru/aptos2019/train_images/train_images/77ab222bf85c.png,77ab222bf85c.png,77ab222bf85c,left,1.0,estimated_disc_position,aptos2019_77ab222bf85c,False,0.0
aptos2019,train,/kaggle/input/datasets/deepapaneru/aptos2019/train_images/train_images/4a05f81b3aba.png,4a05f81b3aba.png,4a05f81b3aba,left,0.8,estimated_disc_position,aptos2019_4a05f81b3aba,False,0.0
aptos2019,train,/kaggle/input/datasets/deepapaneru/aptos2019/train_images/train_images/61d9c88a3a4b.png,61d9c88a3a4b.png,61d9c88a3a4b,right,1.0,estimated_disc_position,aptos2019_61d9c88a3a4b,False,0.0
aptos2019,train,/kaggle/input/datasets/deepapaneru/aptos2019/train_images/train_images/8448af27ba07.png,8448af27ba07.png,8448af27ba07,right,0.91,estimated_disc_position,aptos2019_8448af27ba07,False,0.0
aptos2019,train,/kaggle/input/datasets/deepapaneru/aptos2019/train_images/train_images/4554062fa836.png,4554062fa836.png,4554062fa836,right,1.0,estimated_disc_position,aptos2019_4554062fa836,False,0.0
aptos2019,train,/kaggle/input/datasets/deepapaneru/aptos2019/train_images/train_images/a688f20f8895.png,a688f20f8895.png,a688f20f8895,left,1.0,estimated_disc_position,aptos2019_a688f20f8895,False,2.0
aptos2019,train,/kaggle/input/datasets/deepapaneru/aptos2019/train_images/train_images/3af9aaa880e9.png,3af9aaa880e9.png,3af9aaa880e9,left,0.98,estimated_disc_position,aptos2019_3af9aaa880e9,False,0.0
aptos2019,train,/kaggle/input/datasets/deepapaneru/aptos2019/train_images/train_images/cb68fce07789.png,cb68fce07789.png,cb68fce07789,right,0.78,estimated_disc_position,aptos2019_cb68fce07789,False,0.0
aptos2019,train,/kaggle/input/datasets/deepapaneru/aptos2019/train_images/train_images/5d9c841eb245.png,5d9c841eb245.png,5d9c841eb245,right,1.0,estimated_disc_position,aptos2019_5d9c841eb245,False,0.0
aptos2019,train,/kaggle/input/datasets/deepapaneru/aptos2019/train_images/train_images/d4be0403e6ab.png,d4be0403e6ab.png,d4be0403e6ab,left,0.59,estimated_disc_position,aptos2019_d4be0403e6ab,False,2.0
aptos2019,train,/kaggle/input/datasets/deepapaneru/aptos2019/train_images/train_images/388f12e8df0b.png,388f12e8df0b.png,388f12e8df0b,left,0.62,estimated_disc_position,aptos2019_388f12e8df0b,False,2.0
aptos2019,train,/kaggle/input/datasets/deepapaneru/aptos2019/train_images/train_images/bb7e0a2544cd.png,bb7e0a2544cd.png,bb7e0a2544cd,uncertain,0.13,estimated_disc_position,aptos2019_bb7e0a2544cd,True,3.0
aptos2019,train,/kaggle/input/datasets/deepapaneru/aptos2019/train_images/train_images/1d29cb2f4296.png,1d29cb2f4296.png,1d29cb2f4296,right,1.0,estimated_disc_position,aptos2019_1d29cb2f4296,False,0.0
aptos2019,train,/kaggle/input/datasets/deepapaneru/aptos2019/train_images/train_images/d83c3efade75.png,d83c3efade75.png,d83c3efade75,right,1.0,estimated_disc_position,aptos2019_d83c3efade75,False,2.0
aptos2019,train,/kaggle/input/datasets/deepapaneru/aptos2019/train_images/train_images/2927665214e1.png,2927665214e1.png,2927665214e1,right,1.0,estimated_disc_position,aptos2019_2927665214e1,False,0.0
aptos2019,train,/kaggle/input/datasets/deepapaneru/aptos2019/train_images/train_images/1e4650743fa2.png,1e4650743fa2.png,1e4650743fa2,right,0.92,estimated_disc_position,aptos2019_1e4650743fa2,False,2.0
aptos2019,train,/kaggle/input/datasets/deepapaneru/aptos2019/train_images/train_images/abdb365cacbc.png,abdb365cacbc.png,abdb365cacbc,right,1.0,estimated_disc_position,aptos2019_abdb365cacbc,False,1.0
aptos2019,train,/kaggle/input/datasets/deepapaneru/aptos2019/train_images/train_images/d15ca3469b87.png,d15ca3469b87.png,d15ca3469b87,left,1.0,estimated_disc_position,aptos2019_d15ca3469b87,False,2.0
aptos2019,train,/kaggle/input/datasets/deepapaneru/aptos2019/train_images/train_images/576e189d23d4.png,576e189d23d4.png,576e189d23d4,uncertain,0.01,estimated_disc_position,aptos2019_576e189d23d4,True,4.0
aptos2019,train,/kaggle/input/datasets/deepapaneru/aptos2019/train_images/train_images/33ffddea8c6e.png,33ffddea8c6e.png,33ffddea8c6e,right,0.73,estimated_disc_position,aptos2019_33ffddea8c6e,False,1.0
aptos2019,train,/kaggle/input/datasets/deepapaneru/aptos2019/train_images/train_images/28f93cad89c5.png,28f93cad89c5.png,28f93cad89c5,right,1.0,estimated_disc_position,aptos2019_28f93cad89c5,False,2.0
aptos2019,train,/kaggle/input/datasets/deepapaneru/aptos2019/train_images/train_images/8af50c9d0a86.png,8af50c9d0a86.png,8af50c9d0a86,uncertain,0.29,estimated_disc_position,aptos2019_8af50c9d0a86,True,0.0
aptos2019,train,/kaggle/input/datasets/deepapaneru/aptos2019/train_images/train_images/932181b93b2f.png,932181b93b2f.png,932181b93b2f,right,0.53,estimated_disc_position,aptos2019_932181b93b2f,False,2.0
aptos2019,train,/kaggle/input/datasets/deepapaneru/aptos2019/train_images/train_images/c68dfa021d62.png,c68dfa021d62.png,c68dfa021d62,left,0.82,estimated_disc_position,aptos2019_c68dfa021d62,False,2.0
aptos2019,train,/kaggle/input/datasets/deepapaneru/aptos2019/train_images/train_images/a4d4b69f7404.png,a4d4b69f7404.png,a4d4b69f7404,left,1.0,estimated_disc_position,aptos2019_a4d4b69f7404,False,3.0
aptos2019,train,/kaggle/input/datasets/deepapaneru/aptos2019/train_images/train_images/278aa860dffd.png,278aa860dffd.png,278aa860dffd,left,1.0,estimated_disc_position,aptos2019_278aa860dffd,False,1.0
aptos2019,train,/kaggle/input/datasets/deepapaneru/aptos2019/train_images/train_images/90bde2ff8953.png,90bde2ff8953.png,90bde2ff8953,right,1.0,estimated_disc_position,aptos2019_90bde2ff8953,False,0.0
aptos2019,train,/kaggle/input/datasets/deepapaneru/aptos2019/train_images/train_images/7d1b40fdbd86.png,7d1b40fdbd86.png,7d1b40fdbd86,right,0.88,estimated_disc_position,aptos2019_7d1b40fdbd86,False,2.0
aptos2019,train,/kaggle/input/datasets/deepapaneru/aptos2019/train_images/train_images/9f285b3e57ed.png,9f285b3e57ed.png,9f285b3e57ed,right,1.0,estimated_disc_position,aptos2019_9f285b3e57ed,False,0.0
aptos2019,train,/kaggle/input/datasets/deepapaneru/aptos2019/train_images/train_images/c252da9b41d8.png,c252da9b41d8.png,c252da9b41d8,left,0.66,estimated_disc_position,aptos2019_c252da9b41d8,False,2.0
aptos2019,train,/kaggle/input/datasets/deepapaneru/aptos2019/train_images/train_images/dfea19863428.png,dfea19863428.png,dfea19863428,right,1.0,estimated_disc_position,aptos2019_dfea19863428,False,0.0
aptos2019,train,/kaggle/input/datasets/deepapaneru/aptos2019/train_images/train_images/8ee50c26fc13.png,8ee50c26fc13.png,8ee50c26fc13,right,1.0,estimated_disc_position,aptos2019_8ee50c26fc13,False,0.0
aptos2019,train,/kaggle/input/datasets/deepapaneru/aptos2019/train_images/train_images/ba0107fb1bfd.png,ba0107fb1bfd.png,ba0107fb1bfd,left,0.4,estimated_disc_position,aptos2019_ba0107fb1bfd,False,0.0
aptos2019,train,/kaggle/input/datasets/deepapaneru/aptos2019/train_images/train_images/436fa3fd145a.png,436fa3fd145a.png,436fa3fd145a,right,1.0,estimated_disc_position,aptos2019_436fa3fd145a,False,0.0
aptos2019,train,/kaggle/input/datasets/deepapaneru/aptos2019/train_images/train_images/8fd7ad26e691.png,8fd7ad26e691.png,8fd7ad26e691,left,1.0,estimated_disc_position,aptos2019_8fd7ad26e691,False,4.0
aptos2019,train,/kaggle/input/datasets/deepapaneru/aptos2019/train_images/train_images/82910bba4753.png,82910bba4753.png,82910bba4753,left,0.96,estimated_disc_position,aptos2019_82910bba4753,False,2.0
aptos2019,train,/kaggle/input/datasets/deepapaneru/aptos2019/train_images/train_images/a9e984b57556.png,a9e984b57556.png,a9e984b57556,left,1.0,estimated_disc_position,aptos2019_a9e984b57556,False,3.0
aptos2019,train,/kaggle/input/datasets/deepapaneru/aptos2019/train_images/train_images/75ed83dbccce.png,75ed83dbccce.png,75ed83dbccce,right,0.9,estimated_disc_position,aptos2019_75ed83dbccce,False,0.0
aptos2019,train,/kaggle/input/datasets/deepapaneru/aptos2019/train_images/train_images/d66b6f333dc7.png,d66b6f333dc7.png,d66b6f333dc7,right,1.0,estimated_disc_position,aptos2019_d66b6f333dc7,False,1.0
aptos2019,train,/kaggle/input/datasets/deepapaneru/aptos2019/train_images/train_images/45369821d6a3.png,45369821d6a3.png,45369821d6a3,right,0.96,estimated_disc_position,aptos2019_45369821d6a3,False,0.0
aptos2019,train,/kaggle/input/datasets/deepapaneru/aptos2019/train_images/train_images/65c958379680.png,65c958379680.png,65c958379680,right,1.0,estimated_disc_position,aptos2019_65c958379680,False,4.0
aptos2019,train,/kaggle/input/datasets/deepapaneru/aptos2019/train_images/train_images/b83a6eca125f.png,b83a6eca125f.png,b83a6eca125f,left,0.86,estimated_disc_position,aptos2019_b83a6eca125f,False,2.0
aptos2019,train,/kaggle/input/datasets/deepapaneru/aptos2019/train_images/train_images/79cbae28d8b2.png,79cbae28d8b2.png,79cbae28d8b2,left,0.77,estimated_disc_position,aptos2019_79cbae28d8b2,False,0.0
aptos2019,train,/kaggle/input/datasets/deepapaneru/aptos2019/train_images/train_images/69b3a00927fc.png,69b3a00927fc.png,69b3a00927fc,right,0.88,estimated_disc_position,aptos2019_69b3a00927fc,False,0.0
aptos2019,train,/kaggle/input/datasets/deepapaneru/aptos2019/train_images/train_images/b05922e7abd3.png,b05922e7abd3.png,b05922e7abd3,right,0.99,estimated_disc_position,aptos2019_b05922e7abd3,False,0.0
aptos2019,train,/kaggle/input/datasets/deepapaneru/aptos2019/train_images/train_images/4ffa38550c95.png,4ffa38550c95.png,4ffa38550c95,right,1.0,estimated_disc_position,aptos2019_4ffa38550c95,False,0.0
aptos2019,train,/kaggle/input/datasets/deepapaneru/aptos2019/train_images/train_images/cb547e723a16.png,cb547e723a16.png,cb547e723a16,right,1.0,estimated_disc_position,aptos2019_cb547e723a16,False,4.0
aptos2019,train,/kaggle/input/datasets/deepapaneru/aptos2019/train_images/train_images/a8c950a99107.png,a8c950a99107.png,a8c950a99107,left,1.0,estimated_disc_position,aptos2019_a8c950a99107,False,1.0
aptos2019,train,/kaggle/input/datasets/deepapaneru/aptos2019/train_images/train_images/549381330191.png,549381330191.png,549381330191,left,1.0,estimated_disc_position,aptos2019_549381330191,False,0.0
aptos2019,train,/kaggle/input/datasets/deepapaneru/aptos2019/train_images/train_images/705f508d1e42.png,705f508d1e42.png,705f508d1e42,right,0.86,estimated_disc_position,aptos2019_705f508d1e42,False,0.0
aptos2019,train,/kaggle/input/datasets/deepapaneru/aptos2019/train_images/train_images/934104859e68.png,934104859e68.png,934104859e68,uncertain,0.27,estimated_disc_position,aptos2019_934104859e68,True,0.0
aptos2019,train,/kaggle/input/datasets/deepapaneru/aptos2019/train_images/train_images/36e4b704b905.png,36e4b704b905.png,36e4b704b905,right,0.98,estimated_disc_position,aptos2019_36e4b704b905,False,0.0
aptos2019,train,/kaggle/input/datasets/deepapaneru/aptos2019/train_images/train_images/6666c4f18396.png,6666c4f18396.png,6666c4f18396,right,1.0,estimated_disc_position,aptos2019_6666c4f18396,False,2.0
aptos2019,train,/kaggle/input/datasets/deepapaneru/aptos2019/train_images/train_images/7525ebb3434d.png,7525ebb3434d.png,7525ebb3434d,uncertain,0.01,estimated_disc_position,aptos2019_7525ebb3434d,True,3.0
aptos2019,train,/kaggle/input/datasets/deepapaneru/aptos2019/train_images/train_images/6363b360aefb.png,6363b360aefb.png,6363b360aefb,right,1.0,estimated_disc_position,aptos2019_6363b360aefb,False,2.0
aptos2019,train,/kaggle/input/datasets/deepapaneru/aptos2019/train_images/train_images/a06b353e7bed.png,a06b353e7bed.png,a06b353e7bed,left,1.0,estimated_disc_position,aptos2019_a06b353e7bed,False,0.0
aptos2019,train,/kaggle/input/datasets/deepapaneru/aptos2019/train_images/train_images/8a9bef2fbd4e.png,8a9bef2fbd4e.png,8a9bef2fbd4e,right,1.0,estimated_disc_position,aptos2019_8a9bef2fbd4e,False,3.0
aptos2019,train,/kaggle/input/datasets/deepapaneru/aptos2019/train_images/train_images/5078caaf1f57.png,5078caaf1f57.png,5078caaf1f57,right,0.44,estimated_disc_position,aptos2019_5078caaf1f57,False,0.0
aptos2019,train,/kaggle/input/datasets/deepapaneru/aptos2019/train_images/train_images/5ac7a414560e.png,5ac7a414560e.png,5ac7a414560e,right,0.64,estimated_disc_position,aptos2019_5ac7a414560e,False,0.0
aptos2019,train,/kaggle/input/datasets/deepapaneru/aptos2019/train_images/train_images/9bd008aab548.png,9bd008aab548.png,9bd008aab548,right,0.99,estimated_disc_position,aptos2019_9bd008aab548,False,0.0
aptos2019,train,/kaggle/input/datasets/deepapaneru/aptos2019/train_images/train_images/77acc2cafee1.png,77acc2cafee1.png,77acc2cafee1,left,0.51,estimated_disc_position,aptos2019_77acc2cafee1,False,0.0
aptos2019,train,/kaggle/input/datasets/deepapaneru/aptos2019/train_images/train_images/812d5adafaf2.png,812d5adafaf2.png,812d5adafaf2,left,1.0,estimated_disc_position,aptos2019_812d5adafaf2,False,2.0
aptos2019,train,/kaggle/input/datasets/deepapaneru/aptos2019/train_images/train_images/ca891d37a43c.png,ca891d37a43c.png,ca891d37a43c,right,1.0,estimated_disc_position,aptos2019_ca891d37a43c,False,2.0
aptos2019,train,/kaggle/input/datasets/deepapaneru/aptos2019/train_images/train_images/437cbec4a3f8.png,437cbec4a3f8.png,437cbec4a3f8,right,1.0,estimated_disc_position,aptos2019_437cbec4a3f8,False,2.0
aptos2019,train,/kaggle/input/datasets/deepapaneru/aptos2019/train_images/train_images/d865997a6280.png,d865997a6280.png,d865997a6280,right,1.0,estimated_disc_position,aptos2019_d865997a6280,False,0.0
aptos2019,train,/kaggle/input/datasets/deepapaneru/aptos2019/train_images/train_images/6294b378d09f.png,6294b378d09f.png,6294b378d09f,right,1.0,estimated_disc_position,aptos2019_6294b378d09f,False,0.0
aptos2019,train,/kaggle/input/datasets/deepapaneru/aptos2019/train_images/train_images/cab3dfa7962d.png,cab3dfa7962d.png,cab3dfa7962d,left,1.0,estimated_disc_position,aptos2019_cab3dfa7962d,False,1.0
aptos2019,train,/kaggle/input/datasets/deepapaneru/aptos2019/train_images/train_images/6b869f37cdf3.png,6b869f37cdf3.png,6b869f37cdf3,right,0.88,estimated_disc_position,aptos2019_6b869f37cdf3,False,2.0
aptos2019,train,/kaggle/input/datasets/deepapaneru/aptos2019/train_images/train_images/ab7991df166b.png,ab7991df166b.png,ab7991df166b,uncertain,0.14,estimated_disc_position,aptos2019_ab7991df166b,True,0.0
aptos2019,train,/kaggle/input/datasets/deepapaneru/aptos2019/train_images/train_images/63363410389a.png,63363410389a.png,63363410389a,left,1.0,estimated_disc_position,aptos2019_63363410389a,False,1.0
aptos2019,train,/kaggle/input/datasets/deepapaneru/aptos2019/train_images/train_images/e229aca862c7.png,e229aca862c7.png,e229aca862c7,right,1.0,estimated_disc_position,aptos2019_e229aca862c7,False,2.0
aptos2019,train,/kaggle/input/datasets/deepapaneru/aptos2019/train_images/train_images/4da2961e62fe.png,4da2961e62fe.png,4da2961e62fe,right,0.97,estimated_disc_position,aptos2019_4da2961e62fe,False,1.0
aptos2019,train,/kaggle/input/datasets/deepapaneru/aptos2019/train_images/train_images/3a122851e526.png,3a122851e526.png,3a122851e526,right,1.0,estimated_disc_position,aptos2019_3a122851e526,False,2.0
aptos2019,train,/kaggle/input/datasets/deepapaneru/aptos2019/train_images/train_images/958c1fa044ba.png,958c1fa044ba.png,958c1fa044ba,left,0.86,estimated_disc_position,aptos2019_958c1fa044ba,False,0.0
aptos2019,train,/kaggle/input/datasets/deepapaneru/aptos2019/train_images/train_images/64bad93fde3f.png,64bad93fde3f.png,64bad93fde3f,right,1.0,estimated_disc_position,aptos2019_64bad93fde3f,False,4.0
aptos2019,train,/kaggle/input/datasets/deepapaneru/aptos2019/train_images/train_images/906d02fb822d.png,906d02fb822d.png,906d02fb822d,left,1.0,estimated_disc_position,aptos2019_906d02fb822d,False,0.0
aptos2019,train,/kaggle/input/datasets/deepapaneru/aptos2019/train_images/train_images/a384e688e228.png,a384e688e228.png,a384e688e228,left,1.0,estimated_disc_position,aptos2019_a384e688e228,False,0.0
aptos2019,train,/kaggle/input/datasets/deepapaneru/aptos2019/train_images/train_images/22098b1fe461.png,22098b1fe461.png,22098b1fe461,left,0.55,estimated_disc_position,aptos2019_22098b1fe461,False,1.0
aptos2019,train,/kaggle/input/datasets/deepapaneru/aptos2019/train_images/train_images/2e26762daed5.png,2e26762daed5.png,2e26762daed5,left,0.56,estimated_disc_position,aptos2019_2e26762daed5,False,2.0
aptos2019,train,/kaggle/input/datasets/deepapaneru/aptos2019/train_images/train_images/9a28d4e8aef0.png,9a28d4e8aef0.png,9a28d4e8aef0,left,1.0,estimated_disc_position,aptos2019_9a28d4e8aef0,False,2.0
aptos2019,train,/kaggle/input/datasets/deepapaneru/aptos2019/train_images/train_images/530d78467615.png,530d78467615.png,530d78467615,right,1.0,estimated_disc_position,aptos2019_530d78467615,False,2.0
aptos2019,train,/kaggle/input/datasets/deepapaneru/aptos2019/train_images/train_images/cf1b9d26d38d.png,cf1b9d26d38d.png,cf1b9d26d38d,left,0.98,estimated_disc_position,aptos2019_cf1b9d26d38d,False,4.0
aptos2019,train,/kaggle/input/datasets/deepapaneru/aptos2019/train_images/train_images/3ddb86eb530e.png,3ddb86eb530e.png,3ddb86eb530e,left,1.0,estimated_disc_position,aptos2019_3ddb86eb530e,False,2.0
aptos2019,train,/kaggle/input/datasets/deepapaneru/aptos2019/train_images/train_images/6c2555a9cae4.png,6c2555a9cae4.png,6c2555a9cae4,right,1.0,estimated_disc_position,aptos2019_6c2555a9cae4,False,2.0
aptos2019,train,/kaggle/input/datasets/deepapaneru/aptos2019/train_images/train_images/4a589edaea60.png,4a589edaea60.png,4a589edaea60,uncertain,0.19,estimated_disc_position,aptos2019_4a589edaea60,True,0.0
aptos2019,train,/kaggle/input/datasets/deepapaneru/aptos2019/train_images/train_images/ccd6dcb2f568.png,ccd6dcb2f568.png,ccd6dcb2f568,right,0.99,estimated_disc_position,aptos2019_ccd6dcb2f568,False,0.0
aptos2019,train,/kaggle/input/datasets/deepapaneru/aptos2019/train_images/train_images/2fefb720869a.png,2fefb720869a.png,2fefb720869a,left,1.0,estimated_disc_position,aptos2019_2fefb720869a,False,0.0
aptos2019,train,/kaggle/input/datasets/deepapaneru/aptos2019/train_images/train_images/da44f80b422b.png,da44f80b422b.png,da44f80b422b,left,1.0,estimated_disc_position,aptos2019_da44f80b422b,False,2.0
aptos2019,train,/kaggle/input/datasets/deepapaneru/aptos2019/train_images/train_images/31616ff6b53b.png,31616ff6b53b.png,31616ff6b53b,right,0.8,estimated_disc_position,aptos2019_31616ff6b53b,False,3.0
aptos2019,train,/kaggle/input/datasets/deepapaneru/aptos2019/train_images/train_images/bd500a73beae.png,bd500a73beae.png,bd500a73beae,left,1.0,estimated_disc_position,aptos2019_bd500a73beae,False,0.0
aptos2019,train,/kaggle/input/datasets/deepapaneru/aptos2019/train_images/train_images/4a5a6efc0bef.png,4a5a6efc0bef.png,4a5a6efc0bef,right,0.99,estimated_disc_position,aptos2019_4a5a6efc0bef,False,0.0
aptos2019,train,/kaggle/input/datasets/deepapaneru/aptos2019/train_images/train_images/aef9016557ca.png,aef9016557ca.png,aef9016557ca,right,1.0,estimated_disc_position,aptos2019_aef9016557ca,False,2.0
aptos2019,train,/kaggle/input/datasets/deepapaneru/aptos2019/train_images/train_images/4c129470cec4.png,4c129470cec4.png,4c129470cec4,right,1.0,estimated_disc_position,aptos2019_4c129470cec4,False,1.0
aptos2019,train,/kaggle/input/datasets/deepapaneru/aptos2019/train_images/train_images/252305189b3a.png,252305189b3a.png,252305189b3a,right,1.0,estimated_disc_position,aptos2019_252305189b3a,False,0.0
aptos2019,train,/kaggle/input/datasets/deepapaneru/aptos2019/train_images/train_images/639915f58a2f.png,639915f58a2f.png,639915f58a2f,left,1.0,estimated_disc_position,aptos2019_639915f58a2f,False,0.0
aptos2019,train,/kaggle/input/datasets/deepapaneru/aptos2019/train_images/train_images/8a759f94613a.png,8a759f94613a.png,8a759f94613a,left,1.0,estimated_disc_position,aptos2019_8a759f94613a,False,2.0
aptos2019,train,/kaggle/input/datasets/deepapaneru/aptos2019/train_images/train_images/6b07971c3bf6.png,6b07971c3bf6.png,6b07971c3bf6,left,0.89,estimated_disc_position,aptos2019_6b07971c3bf6,False,1.0
aptos2019,train,/kaggle/input/datasets/deepapaneru/aptos2019/train_images/train_images/c4e8b1ec8893.png,c4e8b1ec8893.png,c4e8b1ec8893,left,0.69,estimated_disc_position,aptos2019_c4e8b1ec8893,False,2.0
aptos2019,train,/kaggle/input/datasets/deepapaneru/aptos2019/train_images/train_images/2ba0b0d9bda2.png,2ba0b0d9bda2.png,2ba0b0d9bda2,right,1.0,estimated_disc_position,aptos2019_2ba0b0d9bda2,False,2.0
aptos2019,train,/kaggle/input/datasets/deepapaneru/aptos2019/train_images/train_images/31b5d6fb0256.png,31b5d6fb0256.png,31b5d6fb0256,right,0.81,estimated_disc_position,aptos2019_31b5d6fb0256,False,2.0
aptos2019,train,/kaggle/input/datasets/deepapaneru/aptos2019/train_images/train_images/9faad91b6578.png,9faad91b6578.png,9faad91b6578,left,0.85,estimated_disc_position,aptos2019_9faad91b6578,False,2.0
aptos2019,train,/kaggle/input/datasets/deepapaneru/aptos2019/train_images/train_images/64b9206afb3f.png,64b9206afb3f.png,64b9206afb3f,right,0.83,estimated_disc_position,aptos2019_64b9206afb3f,False,0.0
aptos2019,train,/kaggle/input/datasets/deepapaneru/aptos2019/train_images/train_images/cbc23af521f3.png,cbc23af521f3.png,cbc23af521f3,left,1.0,estimated_disc_position,aptos2019_cbc23af521f3,False,0.0
aptos2019,train,/kaggle/input/datasets/deepapaneru/aptos2019/train_images/train_images/b1197f2cc9b3.png,b1197f2cc9b3.png,b1197f2cc9b3,right,1.0,estimated_disc_position,aptos2019_b1197f2cc9b3,False,1.0
aptos2019,train,/kaggle/input/datasets/deepapaneru/aptos2019/train_images/train_images/b91ef82e723a.png,b91ef82e723a.png,b91ef82e723a,left,0.82,estimated_disc_position,aptos2019_b91ef82e723a,False,2.0
aptos2019,train,/kaggle/input/datasets/deepapaneru/aptos2019/train_images/train_images/71e4130bf5c8.png,71e4130bf5c8.png,71e4130bf5c8,left,0.9,estimated_disc_position,aptos2019_71e4130bf5c8,False,2.0
aptos2019,train,/kaggle/input/datasets/deepapaneru/aptos2019/train_images/train_images/90c982cc2d96.png,90c982cc2d96.png,90c982cc2d96,right,1.0,estimated_disc_position,aptos2019_90c982cc2d96,False,1.0
aptos2019,train,/kaggle/input/datasets/deepapaneru/aptos2019/train_images/train_images/3601dac9bed7.png,3601dac9bed7.png,3601dac9bed7,right,1.0,estimated_disc_position,aptos2019_3601dac9bed7,False,0.0
aptos2019,train,/kaggle/input/datasets/deepapaneru/aptos2019/train_images/train_images/d1afdb8cf70d.png,d1afdb8cf70d.png,d1afdb8cf70d,right,0.78,estimated_disc_position,aptos2019_d1afdb8cf70d,False,0.0
aptos2019,train,/kaggle/input/datasets/deepapaneru/aptos2019/train_images/train_images/a3706ce27869.png,a3706ce27869.png,a3706ce27869,right,0.6,estimated_disc_position,aptos2019_a3706ce27869,False,2.0
aptos2019,train,/kaggle/input/datasets/deepapaneru/aptos2019/train_images/train_images/1f15ca672675.png,1f15ca672675.png,1f15ca672675,right,1.0,estimated_disc_position,aptos2019_1f15ca672675,False,0.0
aptos2019,train,/kaggle/input/datasets/deepapaneru/aptos2019/train_images/train_images/a12ca80bb8c7.png,a12ca80bb8c7.png,a12ca80bb8c7,right,1.0,estimated_disc_position,aptos2019_a12ca80bb8c7,False,0.0
aptos2019,train,/kaggle/input/datasets/deepapaneru/aptos2019/train_images/train_images/58184d6fd087.png,58184d6fd087.png,58184d6fd087,uncertain,0.17,estimated_disc_position,aptos2019_58184d6fd087,True,1.0
aptos2019,train,/kaggle/input/datasets/deepapaneru/aptos2019/train_images/train_images/3ca8be3b40d6.png,3ca8be3b40d6.png,3ca8be3b40d6,right,1.0,estimated_disc_position,aptos2019_3ca8be3b40d6,False,0.0
aptos2019,train,/kaggle/input/datasets/deepapaneru/aptos2019/train_images/train_images/529906ff9dfa.png,529906ff9dfa.png,529906ff9dfa,right,1.0,estimated_disc_position,aptos2019_529906ff9dfa,False,0.0
aptos2019,train,/kaggle/input/datasets/deepapaneru/aptos2019/train_images/train_images/367c7049929c.png,367c7049929c.png,367c7049929c,right,0.83,estimated_disc_position,aptos2019_367c7049929c,False,2.0
aptos2019,train,/kaggle/input/datasets/deepapaneru/aptos2019/train_images/train_images/4409965eb2a4.png,4409965eb2a4.png,4409965eb2a4,right,0.83,estimated_disc_position,aptos2019_4409965eb2a4,False,0.0
aptos2019,train,/kaggle/input/datasets/deepapaneru/aptos2019/train_images/train_images/2a8a9e957a6c.png,2a8a9e957a6c.png,2a8a9e957a6c,left,1.0,estimated_disc_position,aptos2019_2a8a9e957a6c,False,1.0
aptos2019,train,/kaggle/input/datasets/deepapaneru/aptos2019/train_images/train_images/b0d35981708b.png,b0d35981708b.png,b0d35981708b,uncertain,0.1,estimated_disc_position,aptos2019_b0d35981708b,True,2.0
aptos2019,train,/kaggle/input/datasets/deepapaneru/aptos2019/train_images/train_images/847b04287c9c.png,847b04287c9c.png,847b04287c9c,right,0.96,estimated_disc_position,aptos2019_847b04287c9c,False,0.0
aptos2019,train,/kaggle/input/datasets/deepapaneru/aptos2019/train_images/train_images/4d17559ac1e2.png,4d17559ac1e2.png,4d17559ac1e2,left,0.93,estimated_disc_position,aptos2019_4d17559ac1e2,False,0.0
aptos2019,train,/kaggle/input/datasets/deepapaneru/aptos2019/train_images/train_images/87774aafe068.png,87774aafe068.png,87774aafe068,right,1.0,estimated_disc_position,aptos2019_87774aafe068,False,4.0
aptos2019,train,/kaggle/input/datasets/deepapaneru/aptos2019/train_images/train_images/a8263d248523.png,a8263d248523.png,a8263d248523,right,1.0,estimated_disc_position,aptos2019_a8263d248523,False,0.0
aptos2019,train,/kaggle/input/datasets/deepapaneru/aptos2019/train_images/train_images/9eaac43744f5.png,9eaac43744f5.png,9eaac43744f5,right,1.0,estimated_disc_position,aptos2019_9eaac43744f5,False,2.0
aptos2019,train,/kaggle/input/datasets/deepapaneru/aptos2019/train_images/train_images/51030843fde2.png,51030843fde2.png,51030843fde2,left,1.0,estimated_disc_position,aptos2019_51030843fde2,False,2.0
aptos2019,train,/kaggle/input/datasets/deepapaneru/aptos2019/train_images/train_images/b6bf847fbcb2.png,b6bf847fbcb2.png,b6bf847fbcb2,right,0.94,estimated_disc_position,aptos2019_b6bf847fbcb2,False,0.0
aptos2019,train,/kaggle/input/datasets/deepapaneru/aptos2019/train_images/train_images/62ecdc90dd42.png,62ecdc90dd42.png,62ecdc90dd42,left,0.7,estimated_disc_position,aptos2019_62ecdc90dd42,False,2.0
aptos2019,train,/kaggle/input/datasets/deepapaneru/aptos2019/train_images/train_images/a7b7dc8788b9.png,a7b7dc8788b9.png,a7b7dc8788b9,left,1.0,estimated_disc_position,aptos2019_a7b7dc8788b9,False,2.0
aptos2019,train,/kaggle/input/datasets/deepapaneru/aptos2019/train_images/train_images/8a3eb86ae4bd.png,8a3eb86ae4bd.png,8a3eb86ae4bd,left,1.0,estimated_disc_position,aptos2019_8a3eb86ae4bd,False,0.0
aptos2019,train,/kaggle/input/datasets/deepapaneru/aptos2019/train_images/train_images/8421107255ae.png,8421107255ae.png,8421107255ae,right,0.82,estimated_disc_position,aptos2019_8421107255ae,False,2.0
aptos2019,train,/kaggle/input/datasets/deepapaneru/aptos2019/train_images/train_images/76be29bb30b2.png,76be29bb30b2.png,76be29bb30b2,right,1.0,estimated_disc_position,aptos2019_76be29bb30b2,False,1.0
aptos2019,train,/kaggle/input/datasets/deepapaneru/aptos2019/train_images/train_images/876deb29f000.png,876deb29f000.png,876deb29f000,right,0.79,estimated_disc_position,aptos2019_876deb29f000,False,0.0
aptos2019,train,/kaggle/input/datasets/deepapaneru/aptos2019/train_images/train_images/42b08dca9b2f.png,42b08dca9b2f.png,42b08dca9b2f,left,1.0,estimated_disc_position,aptos2019_42b08dca9b2f,False,2.0
aptos2019,train,/kaggle/input/datasets/deepapaneru/aptos2019/train_images/train_images/9d9bfefa809c.png,9d9bfefa809c.png,9d9bfefa809c,right,0.5,estimated_disc_position,aptos2019_9d9bfefa809c,False,2.0
aptos2019,train,/kaggle/input/datasets/deepapaneru/aptos2019/train_images/train_images/2b48daf24be0.png,2b48daf24be0.png,2b48daf24be0,right,1.0,estimated_disc_position,aptos2019_2b48daf24be0,False,3.0
aptos2019,train,/kaggle/input/datasets/deepapaneru/aptos2019/train_images/train_images/c2f3281cf528.png,c2f3281cf528.png,c2f3281cf528,right,1.0,estimated_disc_position,aptos2019_c2f3281cf528,False,0.0
aptos2019,train,/kaggle/input/datasets/deepapaneru/aptos2019/train_images/train_images/cadde4030858.png,cadde4030858.png,cadde4030858,right,1.0,estimated_disc_position,aptos2019_cadde4030858,False,0.0
aptos2019,train,/kaggle/input/datasets/deepapaneru/aptos2019/train_images/train_images/63c0eafd6aa9.png,63c0eafd6aa9.png,63c0eafd6aa9,right,0.86,estimated_disc_position,aptos2019_63c0eafd6aa9,False,0.0
aptos2019,train,/kaggle/input/datasets/deepapaneru/aptos2019/train_images/train_images/302bcdb635ff.png,302bcdb635ff.png,302bcdb635ff,right,1.0,estimated_disc_position,aptos2019_302bcdb635ff,False,2.0
aptos2019,train,/kaggle/input/datasets/deepapaneru/aptos2019/train_images/train_images/290ecdba359f.png,290ecdba359f.png,290ecdba359f,uncertain,0.15,estimated_disc_position,aptos2019_290ecdba359f,True,2.0
aptos2019,train,/kaggle/input/datasets/deepapaneru/aptos2019/train_images/train_images/b9b99dad668d.png,b9b99dad668d.png,b9b99dad668d,left,1.0,estimated_disc_position,aptos2019_b9b99dad668d,False,1.0
aptos2019,train,/kaggle/input/datasets/deepapaneru/aptos2019/train_images/train_images/436e7a7af761.png,436e7a7af761.png,436e7a7af761,uncertain,0.32,estimated_disc_position,aptos2019_436e7a7af761,True,0.0
aptos2019,train,/kaggle/input/datasets/deepapaneru/aptos2019/train_images/train_images/4826d10030b3.png,4826d10030b3.png,4826d10030b3,right,1.0,estimated_disc_position,aptos2019_4826d10030b3,False,0.0
aptos2019,train,/kaggle/input/datasets/deepapaneru/aptos2019/train_images/train_images/4489d421e5aa.png,4489d421e5aa.png,4489d421e5aa,left,0.6,estimated_disc_position,aptos2019_4489d421e5aa,False,2.0
aptos2019,train,/kaggle/input/datasets/deepapaneru/aptos2019/train_images/train_images/33778d136069.png,33778d136069.png,33778d136069,right,1.0,estimated_disc_position,aptos2019_33778d136069,False,3.0
aptos2019,train,/kaggle/input/datasets/deepapaneru/aptos2019/train_images/train_images/ca2b54b95ade.png,ca2b54b95ade.png,ca2b54b95ade,left,1.0,estimated_disc_position,aptos2019_ca2b54b95ade,False,0.0
aptos2019,train,/kaggle/input/datasets/deepapaneru/aptos2019/train_images/train_images/2682e6da9050.png,2682e6da9050.png,2682e6da9050,right,1.0,estimated_disc_position,aptos2019_2682e6da9050,False,0.0
aptos2019,train,/kaggle/input/datasets/deepapaneru/aptos2019/train_images/train_images/8000a6b97a84.png,8000a6b97a84.png,8000a6b97a84,left,1.0,estimated_disc_position,aptos2019_8000a6b97a84,False,2.0
aptos2019,train,/kaggle/input/datasets/deepapaneru/aptos2019/train_images/train_images/873fe0404d6e.png,873fe0404d6e.png,873fe0404d6e,right,0.76,estimated_disc_position,aptos2019_873fe0404d6e,False,2.0
aptos2019,train,/kaggle/input/datasets/deepapaneru/aptos2019/train_images/train_images/1c578b72d7b3.png,1c578b72d7b3.png,1c578b72d7b3,left,0.41,estimated_disc_position,aptos2019_1c578b72d7b3,False,2.0
aptos2019,train,/kaggle/input/datasets/deepapaneru/aptos2019/train_images/train_images/a0445785e2f7.png,a0445785e2f7.png,a0445785e2f7,right,0.57,estimated_disc_position,aptos2019_a0445785e2f7,False,0.0
aptos2019,train,/kaggle/input/datasets/deepapaneru/aptos2019/train_images/train_images/e1ab92228e60.png,e1ab92228e60.png,e1ab92228e60,right,1.0,estimated_disc_position,aptos2019_e1ab92228e60,False,0.0
aptos2019,train,/kaggle/input/datasets/deepapaneru/aptos2019/train_images/train_images/a3fcf42ff56d.png,a3fcf42ff56d.png,a3fcf42ff56d,right,1.0,estimated_disc_position,aptos2019_a3fcf42ff56d,False,4.0
aptos2019,train,/kaggle/input/datasets/deepapaneru/aptos2019/train_images/train_images/97da093947e8.png,97da093947e8.png,97da093947e8,left,1.0,estimated_disc_position,aptos2019_97da093947e8,False,4.0
aptos2019,train,/kaggle/input/datasets/deepapaneru/aptos2019/train_images/train_images/c5a9ebef1517.png,c5a9ebef1517.png,c5a9ebef1517,right,0.95,estimated_disc_position,aptos2019_c5a9ebef1517,False,3.0
aptos2019,train,/kaggle/input/datasets/deepapaneru/aptos2019/train_images/train_images/9985375d709f.png,9985375d709f.png,9985375d709f,left,1.0,estimated_disc_position,aptos2019_9985375d709f,False,0.0
aptos2019,train,/kaggle/input/datasets/deepapaneru/aptos2019/train_images/train_images/b549af91bd30.png,b549af91bd30.png,b549af91bd30,left,1.0,estimated_disc_position,aptos2019_b549af91bd30,False,0.0
aptos2019,train,/kaggle/input/datasets/deepapaneru/aptos2019/train_images/train_images/58f07741ee3b.png,58f07741ee3b.png,58f07741ee3b,left,1.0,estimated_disc_position,aptos2019_58f07741ee3b,False,0.0
aptos2019,train,/kaggle/input/datasets/deepapaneru/aptos2019/train_images/train_images/8344c783da65.png,8344c783da65.png,8344c783da65,left,1.0,estimated_disc_position,aptos2019_8344c783da65,False,0.0
aptos2019,train,/kaggle/input/datasets/deepapaneru/aptos2019/train_images/train_images/9870ce41cac4.png,9870ce41cac4.png,9870ce41cac4,right,1.0,estimated_disc_position,aptos2019_9870ce41cac4,False,0.0
aptos2019,train,/kaggle/input/datasets/deepapaneru/aptos2019/train_images/train_images/2c827005b8f8.png,2c827005b8f8.png,2c827005b8f8,right,1.0,estimated_disc_position,aptos2019_2c827005b8f8,False,0.0
aptos2019,train,/kaggle/input/datasets/deepapaneru/aptos2019/train_images/train_images/8d3d67661620.png,8d3d67661620.png,8d3d67661620,left,0.39,estimated_disc_position,aptos2019_8d3d67661620,False,2.0
aptos2019,train,/kaggle/input/datasets/deepapaneru/aptos2019/train_images/train_images/8ed586c43023.png,8ed586c43023.png,8ed586c43023,right,0.69,estimated_disc_position,aptos2019_8ed586c43023,False,0.0
aptos2019,train,/kaggle/input/datasets/deepapaneru/aptos2019/train_images/train_images/4a3da369b227.png,4a3da369b227.png,4a3da369b227,left,0.86,estimated_disc_position,aptos2019_4a3da369b227,False,4.0
aptos2019,train,/kaggle/input/datasets/deepapaneru/aptos2019/train_images/train_images/849a91e9ab28.png,849a91e9ab28.png,849a91e9ab28,uncertain,0.1,estimated_disc_position,aptos2019_849a91e9ab28,True,1.0
aptos2019,train,/kaggle/input/datasets/deepapaneru/aptos2019/train_images/train_images/9a78c6a7b1c2.png,9a78c6a7b1c2.png,9a78c6a7b1c2,left,1.0,estimated_disc_position,aptos2019_9a78c6a7b1c2,False,2.0
aptos2019,train,/kaggle/input/datasets/deepapaneru/aptos2019/train_images/train_images/ba4d2c4b3039.png,ba4d2c4b3039.png,ba4d2c4b3039,left,1.0,estimated_disc_position,aptos2019_ba4d2c4b3039,False,4.0
aptos2019,train,/kaggle/input/datasets/deepapaneru/aptos2019/train_images/train_images/5c7ab966a3ee.png,5c7ab966a3ee.png,5c7ab966a3ee,right,1.0,estimated_disc_position,aptos2019_5c7ab966a3ee,False,4.0
aptos2019,train,/kaggle/input/datasets/deepapaneru/aptos2019/train_images/train_images/97a5ad7548b7.png,97a5ad7548b7.png,97a5ad7548b7,right,1.0,estimated_disc_position,aptos2019_97a5ad7548b7,False,2.0
aptos2019,train,/kaggle/input/datasets/deepapaneru/aptos2019/train_images/train_images/4dc2211a1c31.png,4dc2211a1c31.png,4dc2211a1c31,right,1.0,estimated_disc_position,aptos2019_4dc2211a1c31,False,4.0
aptos2019,train,/kaggle/input/datasets/deepapaneru/aptos2019/train_images/train_images/7d3835e4e63a.png,7d3835e4e63a.png,7d3835e4e63a,right,1.0,estimated_disc_position,aptos2019_7d3835e4e63a,False,3.0
aptos2019,train,/kaggle/input/datasets/deepapaneru/aptos2019/train_images/train_images/61a62b1dcc36.png,61a62b1dcc36.png,61a62b1dcc36,left,1.0,estimated_disc_position,aptos2019_61a62b1dcc36,False,0.0
aptos2019,train,/kaggle/input/datasets/deepapaneru/aptos2019/train_images/train_images/d1a60c3b9fe5.png,d1a60c3b9fe5.png,d1a60c3b9fe5,left,0.88,estimated_disc_position,aptos2019_d1a60c3b9fe5,False,0.0
aptos2019,train,/kaggle/input/datasets/deepapaneru/aptos2019/train_images/train_images/b9d0b83d70c3.png,b9d0b83d70c3.png,b9d0b83d70c3,right,1.0,estimated_disc_position,aptos2019_b9d0b83d70c3,False,0.0
aptos2019,train,/kaggle/input/datasets/deepapaneru/aptos2019/train_images/train_images/521b5377a727.png,521b5377a727.png,521b5377a727,left,1.0,estimated_disc_position,aptos2019_521b5377a727,False,0.0
aptos2019,train,/kaggle/input/datasets/deepapaneru/aptos2019/train_images/train_images/44e0d56e9d42.png,44e0d56e9d42.png,44e0d56e9d42,left,1.0,estimated_disc_position,aptos2019_44e0d56e9d42,False,2.0
aptos2019,train,/kaggle/input/datasets/deepapaneru/aptos2019/train_images/train_images/a8a6588c8eb7.png,a8a6588c8eb7.png,a8a6588c8eb7,uncertain,0.29,estimated_disc_position,aptos2019_a8a6588c8eb7,True,0.0
aptos2019,train,/kaggle/input/datasets/deepapaneru/aptos2019/train_images/train_images/7a238a1d3cf3.png,7a238a1d3cf3.png,7a238a1d3cf3,left,1.0,estimated_disc_position,aptos2019_7a238a1d3cf3,False,4.0
aptos2019,train,/kaggle/input/datasets/deepapaneru/aptos2019/train_images/train_images/d3d578fe433f.png,d3d578fe433f.png,d3d578fe433f,right,1.0,estimated_disc_position,aptos2019_d3d578fe433f,False,2.0
aptos2019,train,/kaggle/input/datasets/deepapaneru/aptos2019/train_images/train_images/930fee99213a.png,930fee99213a.png,930fee99213a,right,0.94,estimated_disc_position,aptos2019_930fee99213a,False,0.0
aptos2019,train,/kaggle/input/datasets/deepapaneru/aptos2019/train_images/train_images/c67117c6ab3b.png,c67117c6ab3b.png,c67117c6ab3b,right,0.38,estimated_disc_position,aptos2019_c67117c6ab3b,False,3.0
aptos2019,train,/kaggle/input/datasets/deepapaneru/aptos2019/train_images/train_images/1c47815f4a6b.png,1c47815f4a6b.png,1c47815f4a6b,right,0.68,estimated_disc_position,aptos2019_1c47815f4a6b,False,0.0
aptos2019,train,/kaggle/input/datasets/deepapaneru/aptos2019/train_images/train_images/a419fcb2dfb5.png,a419fcb2dfb5.png,a419fcb2dfb5,right,1.0,estimated_disc_position,aptos2019_a419fcb2dfb5,False,0.0
aptos2019,train,/kaggle/input/datasets/deepapaneru/aptos2019/train_images/train_images/8f2996b8d855.png,8f2996b8d855.png,8f2996b8d855,right,1.0,estimated_disc_position,aptos2019_8f2996b8d855,False,1.0
aptos2019,train,/kaggle/input/datasets/deepapaneru/aptos2019/train_images/train_images/2b4c7b5f1f1e.png,2b4c7b5f1f1e.png,2b4c7b5f1f1e,left,1.0,estimated_disc_position,aptos2019_2b4c7b5f1f1e,False,0.0
aptos2019,train,/kaggle/input/datasets/deepapaneru/aptos2019/train_images/train_images/913b1890ed1e.png,913b1890ed1e.png,913b1890ed1e,right,0.76,estimated_disc_position,aptos2019_913b1890ed1e,False,2.0
aptos2019,train,/kaggle/input/datasets/deepapaneru/aptos2019/train_images/train_images/2f284b6a1940.png,2f284b6a1940.png,2f284b6a1940,left,1.0,estimated_disc_position,aptos2019_2f284b6a1940,False,4.0
aptos2019,train,/kaggle/input/datasets/deepapaneru/aptos2019/train_images/train_images/246e4506824a.png,246e4506824a.png,246e4506824a,right,1.0,estimated_disc_position,aptos2019_246e4506824a,False,2.0
aptos2019,train,/kaggle/input/datasets/deepapaneru/aptos2019/train_images/train_images/650fbed3fdca.png,650fbed3fdca.png,650fbed3fdca,left,0.96,estimated_disc_position,aptos2019_650fbed3fdca,False,2.0
aptos2019,train,/kaggle/input/datasets/deepapaneru/aptos2019/train_images/train_images/9b7b6e4db1d5.png,9b7b6e4db1d5.png,9b7b6e4db1d5,right,1.0,estimated_disc_position,aptos2019_9b7b6e4db1d5,False,2.0
aptos2019,train,/kaggle/input/datasets/deepapaneru/aptos2019/train_images/train_images/7ddcfcea7369.png,7ddcfcea7369.png,7ddcfcea7369,right,1.0,estimated_disc_position,aptos2019_7ddcfcea7369,False,0.0
aptos2019,train,/kaggle/input/datasets/deepapaneru/aptos2019/train_images/train_images/e499434242cc.png,e499434242cc.png,e499434242cc,left,1.0,estimated_disc_position,aptos2019_e499434242cc,False,2.0
aptos2019,train,/kaggle/input/datasets/deepapaneru/aptos2019/train_images/train_images/73ef3c3dcbe4.png,73ef3c3dcbe4.png,73ef3c3dcbe4,right,1.0,estimated_disc_position,aptos2019_73ef3c3dcbe4,False,0.0
aptos2019,train,/kaggle/input/datasets/deepapaneru/aptos2019/train_images/train_images/bda8c973b09d.png,bda8c973b09d.png,bda8c973b09d,right,1.0,estimated_disc_position,aptos2019_bda8c973b09d,False,2.0
aptos2019,train,/kaggle/input/datasets/deepapaneru/aptos2019/train_images/train_images/df8365d6ac33.png,df8365d6ac33.png,df8365d6ac33,left,0.34,estimated_disc_position,aptos2019_df8365d6ac33,True,2.0
aptos2019,train,/kaggle/input/datasets/deepapaneru/aptos2019/train_images/train_images/207dd0487264.png,207dd0487264.png,207dd0487264,left,1.0,estimated_disc_position,aptos2019_207dd0487264,False,0.0
aptos2019,train,/kaggle/input/datasets/deepapaneru/aptos2019/train_images/train_images/c3acf47700ea.png,c3acf47700ea.png,c3acf47700ea,uncertain,0.06,estimated_disc_position,aptos2019_c3acf47700ea,True,2.0
aptos2019,train,/kaggle/input/datasets/deepapaneru/aptos2019/train_images/train_images/d8da9de62743.png,d8da9de62743.png,d8da9de62743,right,0.98,estimated_disc_position,aptos2019_d8da9de62743,False,0.0
aptos2019,train,/kaggle/input/datasets/deepapaneru/aptos2019/train_images/train_images/4b6cb0bcfd44.png,4b6cb0bcfd44.png,4b6cb0bcfd44,left,1.0,estimated_disc_position,aptos2019_4b6cb0bcfd44,False,0.0
aptos2019,train,/kaggle/input/datasets/deepapaneru/aptos2019/train_images/train_images/a125377fb985.png,a125377fb985.png,a125377fb985,left,1.0,estimated_disc_position,aptos2019_a125377fb985,False,2.0
aptos2019,train,/kaggle/input/datasets/deepapaneru/aptos2019/train_images/train_images/ae94ce412de9.png,ae94ce412de9.png,ae94ce412de9,right,1.0,estimated_disc_position,aptos2019_ae94ce412de9,False,0.0
aptos2019,train,/kaggle/input/datasets/deepapaneru/aptos2019/train_images/train_images/66393d8c60ba.png,66393d8c60ba.png,66393d8c60ba,uncertain,0.25,estimated_disc_position,aptos2019_66393d8c60ba,True,0.0
aptos2019,train,/kaggle/input/datasets/deepapaneru/aptos2019/train_images/train_images/db49cdf1ea64.png,db49cdf1ea64.png,db49cdf1ea64,right,1.0,estimated_disc_position,aptos2019_db49cdf1ea64,False,2.0
aptos2019,train,/kaggle/input/datasets/deepapaneru/aptos2019/train_images/train_images/7eee3d1f1268.png,7eee3d1f1268.png,7eee3d1f1268,right,1.0,estimated_disc_position,aptos2019_7eee3d1f1268,False,0.0
aptos2019,train,/kaggle/input/datasets/deepapaneru/aptos2019/train_images/train_images/cc3d2e961768.png,cc3d2e961768.png,cc3d2e961768,right,0.72,estimated_disc_position,aptos2019_cc3d2e961768,False,4.0
aptos2019,train,/kaggle/input/datasets/deepapaneru/aptos2019/train_images/train_images/6d454444f17c.png,6d454444f17c.png,6d454444f17c,left,1.0,estimated_disc_position,aptos2019_6d454444f17c,False,2.0
aptos2019,train,/kaggle/input/datasets/deepapaneru/aptos2019/train_images/train_images/b5a3ca5c0a80.png,b5a3ca5c0a80.png,b5a3ca5c0a80,right,0.73,estimated_disc_position,aptos2019_b5a3ca5c0a80,False,0.0
aptos2019,train,/kaggle/input/datasets/deepapaneru/aptos2019/train_images/train_images/c76664770c07.png,c76664770c07.png,c76664770c07,right,1.0,estimated_disc_position,aptos2019_c76664770c07,False,3.0
aptos2019,train,/kaggle/input/datasets/deepapaneru/aptos2019/train_images/train_images/28751f290ba3.png,28751f290ba3.png,28751f290ba3,right,1.0,estimated_disc_position,aptos2019_28751f290ba3,False,0.0
aptos2019,train,/kaggle/input/datasets/deepapaneru/aptos2019/train_images/train_images/348598d01e18.png,348598d01e18.png,348598d01e18,left,0.98,estimated_disc_position,aptos2019_348598d01e18,False,0.0
aptos2019,train,/kaggle/input/datasets/deepapaneru/aptos2019/train_images/train_images/4ef7144e24ff.png,4ef7144e24ff.png,4ef7144e24ff,left,1.0,estimated_disc_position,aptos2019_4ef7144e24ff,False,1.0
aptos2019,train,/kaggle/input/datasets/deepapaneru/aptos2019/train_images/train_images/5bea250d8bf5.png,5bea250d8bf5.png,5bea250d8bf5,right,0.72,estimated_disc_position,aptos2019_5bea250d8bf5,False,0.0
aptos2019,train,/kaggle/input/datasets/deepapaneru/aptos2019/train_images/train_images/4f20f9a9a65b.png,4f20f9a9a65b.png,4f20f9a9a65b,right,0.98,estimated_disc_position,aptos2019_4f20f9a9a65b,False,2.0
aptos2019,train,/kaggle/input/datasets/deepapaneru/aptos2019/train_images/train_images/b9fe7da14a32.png,b9fe7da14a32.png,b9fe7da14a32,left,0.77,estimated_disc_position,aptos2019_b9fe7da14a32,False,0.0
aptos2019,train,/kaggle/input/datasets/deepapaneru/aptos2019/train_images/train_images/524f240e0c90.png,524f240e0c90.png,524f240e0c90,right,1.0,estimated_disc_position,aptos2019_524f240e0c90,False,2.0
aptos2019,train,/kaggle/input/datasets/deepapaneru/aptos2019/train_images/train_images/a53d6d2472a6.png,a53d6d2472a6.png,a53d6d2472a6,left,1.0,estimated_disc_position,aptos2019_a53d6d2472a6,False,0.0
aptos2019,train,/kaggle/input/datasets/deepapaneru/aptos2019/train_images/train_images/799214e8b07c.png,799214e8b07c.png,799214e8b07c,left,1.0,estimated_disc_position,aptos2019_799214e8b07c,False,0.0
aptos2019,train,/kaggle/input/datasets/deepapaneru/aptos2019/train_images/train_images/d4bc001f7224.png,d4bc001f7224.png,d4bc001f7224,left,0.99,estimated_disc_position,aptos2019_d4bc001f7224,False,0.0
aptos2019,train,/kaggle/input/datasets/deepapaneru/aptos2019/train_images/train_images/7269a1d84a57.png,7269a1d84a57.png,7269a1d84a57,right,1.0,estimated_disc_position,aptos2019_7269a1d84a57,False,0.0
aptos2019,train,/kaggle/input/datasets/deepapaneru/aptos2019/train_images/train_images/7b29e3783919.png,7b29e3783919.png,7b29e3783919,left,0.45,estimated_disc_position,aptos2019_7b29e3783919,False,3.0
aptos2019,train,/kaggle/input/datasets/deepapaneru/aptos2019/train_images/train_images/b640e3bdff75.png,b640e3bdff75.png,b640e3bdff75,left,1.0,estimated_disc_position,aptos2019_b640e3bdff75,False,1.0
aptos2019,train,/kaggle/input/datasets/deepapaneru/aptos2019/train_images/train_images/7a3ea1779b13.png,7a3ea1779b13.png,7a3ea1779b13,right,1.0,estimated_disc_position,aptos2019_7a3ea1779b13,False,1.0
aptos2019,train,/kaggle/input/datasets/deepapaneru/aptos2019/train_images/train_images/7ed4128b2a4e.png,7ed4128b2a4e.png,7ed4128b2a4e,left,1.0,estimated_disc_position,aptos2019_7ed4128b2a4e,False,0.0
aptos2019,train,/kaggle/input/datasets/deepapaneru/aptos2019/train_images/train_images/42a850acd2ac.png,42a850acd2ac.png,42a850acd2ac,left,0.71,estimated_disc_position,aptos2019_42a850acd2ac,False,2.0
aptos2019,train,/kaggle/input/datasets/deepapaneru/aptos2019/train_images/train_images/880edb2cdb69.png,880edb2cdb69.png,880edb2cdb69,right,0.51,estimated_disc_position,aptos2019_880edb2cdb69,False,0.0
aptos2019,train,/kaggle/input/datasets/deepapaneru/aptos2019/train_images/train_images/7c90ab025331.png,7c90ab025331.png,7c90ab025331,right,1.0,estimated_disc_position,aptos2019_7c90ab025331,False,4.0
aptos2019,train,/kaggle/input/datasets/deepapaneru/aptos2019/train_images/train_images/6889bc64ab09.png,6889bc64ab09.png,6889bc64ab09,uncertain,0.15,estimated_disc_position,aptos2019_6889bc64ab09,True,2.0
aptos2019,train,/kaggle/input/datasets/deepapaneru/aptos2019/train_images/train_images/80dbeb0fdc75.png,80dbeb0fdc75.png,80dbeb0fdc75,left,1.0,estimated_disc_position,aptos2019_80dbeb0fdc75,False,0.0
aptos2019,train,/kaggle/input/datasets/deepapaneru/aptos2019/train_images/train_images/5efa24b03d5e.png,5efa24b03d5e.png,5efa24b03d5e,right,0.74,estimated_disc_position,aptos2019_5efa24b03d5e,False,1.0
aptos2019,train,/kaggle/input/datasets/deepapaneru/aptos2019/train_images/train_images/6b7cf869622a.png,6b7cf869622a.png,6b7cf869622a,right,1.0,estimated_disc_position,aptos2019_6b7cf869622a,False,2.0
aptos2019,train,/kaggle/input/datasets/deepapaneru/aptos2019/train_images/train_images/65e120143825.png,65e120143825.png,65e120143825,left,1.0,estimated_disc_position,aptos2019_65e120143825,False,4.0
aptos2019,train,/kaggle/input/datasets/deepapaneru/aptos2019/train_images/train_images/3402124408ea.png,3402124408ea.png,3402124408ea,right,1.0,estimated_disc_position,aptos2019_3402124408ea,False,2.0
aptos2019,train,/kaggle/input/datasets/deepapaneru/aptos2019/train_images/train_images/a484bdf85b4c.png,a484bdf85b4c.png,a484bdf85b4c,left,0.98,estimated_disc_position,aptos2019_a484bdf85b4c,False,0.0
aptos2019,train,/kaggle/input/datasets/deepapaneru/aptos2019/train_images/train_images/5889a0c75cac.png,5889a0c75cac.png,5889a0c75cac,right,0.41,estimated_disc_position,aptos2019_5889a0c75cac,False,0.0
aptos2019,train,/kaggle/input/datasets/deepapaneru/aptos2019/train_images/train_images/d6130f2ec903.png,d6130f2ec903.png,d6130f2ec903,left,0.96,estimated_disc_position,aptos2019_d6130f2ec903,False,0.0
aptos2019,train,/kaggle/input/datasets/deepapaneru/aptos2019/train_images/train_images/921433215353.png,921433215353.png,921433215353,left,1.0,estimated_disc_position,aptos2019_921433215353,False,2.0
aptos2019,train,/kaggle/input/datasets/deepapaneru/aptos2019/train_images/train_images/46923eea9a4e.png,46923eea9a4e.png,46923eea9a4e,right,1.0,estimated_disc_position,aptos2019_46923eea9a4e,False,2.0
aptos2019,train,/kaggle/input/datasets/deepapaneru/aptos2019/train_images/train_images/6b664ed2a938.png,6b664ed2a938.png,6b664ed2a938,right,1.0,estimated_disc_position,aptos2019_6b664ed2a938,False,0.0
aptos2019,train,/kaggle/input/datasets/deepapaneru/aptos2019/train_images/train_images/9ba469af2980.png,9ba469af2980.png,9ba469af2980,right,1.0,estimated_disc_position,aptos2019_9ba469af2980,False,0.0
aptos2019,train,/kaggle/input/datasets/deepapaneru/aptos2019/train_images/train_images/7d48f8cdfb69.png,7d48f8cdfb69.png,7d48f8cdfb69,left,1.0,estimated_disc_position,aptos2019_7d48f8cdfb69,False,0.0
aptos2019,train,/kaggle/input/datasets/deepapaneru/aptos2019/train_images/train_images/90b8bf342032.png,90b8bf342032.png,90b8bf342032,uncertain,0.2,estimated_disc_position,aptos2019_90b8bf342032,True,3.0
aptos2019,train,/kaggle/input/datasets/deepapaneru/aptos2019/train_images/train_images/59ee65760535.png,59ee65760535.png,59ee65760535,left,1.0,estimated_disc_position,aptos2019_59ee65760535,False,2.0
aptos2019,train,/kaggle/input/datasets/deepapaneru/aptos2019/train_images/train_images/3ca12e02dd4e.png,3ca12e02dd4e.png,3ca12e02dd4e,right,0.83,estimated_disc_position,aptos2019_3ca12e02dd4e,False,0.0
aptos2019,train,/kaggle/input/datasets/deepapaneru/aptos2019/train_images/train_images/6f689fced922.png,6f689fced922.png,6f689fced922,right,0.72,estimated_disc_position,aptos2019_6f689fced922,False,0.0
aptos2019,train,/kaggle/input/datasets/deepapaneru/aptos2019/train_images/train_images/22449af52060.png,22449af52060.png,22449af52060,right,1.0,estimated_disc_position,aptos2019_22449af52060,False,0.0
aptos2019,train,/kaggle/input/datasets/deepapaneru/aptos2019/train_images/train_images/e47770a2e5d1.png,e47770a2e5d1.png,e47770a2e5d1,right,1.0,estimated_disc_position,aptos2019_e47770a2e5d1,False,0.0
aptos2019,train,/kaggle/input/datasets/deepapaneru/aptos2019/train_images/train_images/26d60db3bbfd.png,26d60db3bbfd.png,26d60db3bbfd,right,1.0,estimated_disc_position,aptos2019_26d60db3bbfd,False,0.0
aptos2019,train,/kaggle/input/datasets/deepapaneru/aptos2019/train_images/train_images/513b0a4651fa.png,513b0a4651fa.png,513b0a4651fa,right,0.81,estimated_disc_position,aptos2019_513b0a4651fa,False,1.0
aptos2019,train,/kaggle/input/datasets/deepapaneru/aptos2019/train_images/train_images/bdc6c60e9133.png,bdc6c60e9133.png,bdc6c60e9133,left,0.97,estimated_disc_position,aptos2019_bdc6c60e9133,False,0.0
aptos2019,train,/kaggle/input/datasets/deepapaneru/aptos2019/train_images/train_images/d91273efb92a.png,d91273efb92a.png,d91273efb92a,left,1.0,estimated_disc_position,aptos2019_d91273efb92a,False,2.0
aptos2019,train,/kaggle/input/datasets/deepapaneru/aptos2019/train_images/train_images/417f408ee8e0.png,417f408ee8e0.png,417f408ee8e0,left,0.52,estimated_disc_position,aptos2019_417f408ee8e0,False,2.0
aptos2019,train,/kaggle/input/datasets/deepapaneru/aptos2019/train_images/train_images/976082127e2a.png,976082127e2a.png,976082127e2a,left,1.0,estimated_disc_position,aptos2019_976082127e2a,False,0.0
aptos2019,train,/kaggle/input/datasets/deepapaneru/aptos2019/train_images/train_images/4ee1ad981a6d.png,4ee1ad981a6d.png,4ee1ad981a6d,left,1.0,estimated_disc_position,aptos2019_4ee1ad981a6d,False,2.0
aptos2019,train,/kaggle/input/datasets/deepapaneru/aptos2019/train_images/train_images/df9cb3729eb1.png,df9cb3729eb1.png,df9cb3729eb1,left,1.0,estimated_disc_position,aptos2019_df9cb3729eb1,False,0.0
aptos2019,train,/kaggle/input/datasets/deepapaneru/aptos2019/train_images/train_images/547b37da9223.png,547b37da9223.png,547b37da9223,left,1.0,estimated_disc_position,aptos2019_547b37da9223,False,2.0
aptos2019,train,/kaggle/input/datasets/deepapaneru/aptos2019/train_images/train_images/91b7a4179ecf.png,91b7a4179ecf.png,91b7a4179ecf,right,1.0,estimated_disc_position,aptos2019_91b7a4179ecf,False,0.0
aptos2019,train,/kaggle/input/datasets/deepapaneru/aptos2019/train_images/train_images/d968a983d4d2.png,d968a983d4d2.png,d968a983d4d2,right,1.0,estimated_disc_position,aptos2019_d968a983d4d2,False,2.0
aptos2019,train,/kaggle/input/datasets/deepapaneru/aptos2019/train_images/train_images/c373b73a80c8.png,c373b73a80c8.png,c373b73a80c8,left,1.0,estimated_disc_position,aptos2019_c373b73a80c8,False,0.0
aptos2019,train,/kaggle/input/datasets/deepapaneru/aptos2019/train_images/train_images/3dbfbc11e105.png,3dbfbc11e105.png,3dbfbc11e105,left,1.0,estimated_disc_position,aptos2019_3dbfbc11e105,False,2.0
aptos2019,train,/kaggle/input/datasets/deepapaneru/aptos2019/train_images/train_images/d51b3fe0fa1b.png,d51b3fe0fa1b.png,d51b3fe0fa1b,left,1.0,estimated_disc_position,aptos2019_d51b3fe0fa1b,False,4.0
aptos2019,train,/kaggle/input/datasets/deepapaneru/aptos2019/train_images/train_images/c1ebe785503a.png,c1ebe785503a.png,c1ebe785503a,left,1.0,estimated_disc_position,aptos2019_c1ebe785503a,False,1.0
aptos2019,train,/kaggle/input/datasets/deepapaneru/aptos2019/train_images/train_images/1b329a127307.png,1b329a127307.png,1b329a127307,left,1.0,estimated_disc_position,aptos2019_1b329a127307,False,1.0
aptos2019,train,/kaggle/input/datasets/deepapaneru/aptos2019/train_images/train_images/4dd5d5ccddcf.png,4dd5d5ccddcf.png,4dd5d5ccddcf,uncertain,0.16,estimated_disc_position,aptos2019_4dd5d5ccddcf,True,1.0
aptos2019,train,/kaggle/input/datasets/deepapaneru/aptos2019/train_images/train_images/57760be09c03.png,57760be09c03.png,57760be09c03,left,1.0,estimated_disc_position,aptos2019_57760be09c03,False,2.0
aptos2019,train,/kaggle/input/datasets/deepapaneru/aptos2019/train_images/train_images/a07d9a5045cb.png,a07d9a5045cb.png,a07d9a5045cb,right,0.49,estimated_disc_position,aptos2019_a07d9a5045cb,False,0.0
aptos2019,train,/kaggle/input/datasets/deepapaneru/aptos2019/train_images/train_images/6c250a30593b.png,6c250a30593b.png,6c250a30593b,left,1.0,estimated_disc_position,aptos2019_6c250a30593b,False,4.0
aptos2019,train,/kaggle/input/datasets/deepapaneru/aptos2019/train_images/train_images/4f7755e74a9e.png,4f7755e74a9e.png,4f7755e74a9e,left,0.78,estimated_disc_position,aptos2019_4f7755e74a9e,False,1.0
aptos2019,train,/kaggle/input/datasets/deepapaneru/aptos2019/train_images/train_images/9e5737f771c3.png,9e5737f771c3.png,9e5737f771c3,left,1.0,estimated_disc_position,aptos2019_9e5737f771c3,False,0.0
aptos2019,train,/kaggle/input/datasets/deepapaneru/aptos2019/train_images/train_images/73d40ce06a67.png,73d40ce06a67.png,73d40ce06a67,uncertain,0.3,estimated_disc_position,aptos2019_73d40ce06a67,True,0.0
aptos2019,train,/kaggle/input/datasets/deepapaneru/aptos2019/train_images/train_images/1b8701231c8f.png,1b8701231c8f.png,1b8701231c8f,right,1.0,estimated_disc_position,aptos2019_1b8701231c8f,False,0.0
aptos2019,train,/kaggle/input/datasets/deepapaneru/aptos2019/train_images/train_images/308f7fce6f0d.png,308f7fce6f0d.png,308f7fce6f0d,left,1.0,estimated_disc_position,aptos2019_308f7fce6f0d,False,2.0
aptos2019,train,/kaggle/input/datasets/deepapaneru/aptos2019/train_images/train_images/65a3b13ad9a0.png,65a3b13ad9a0.png,65a3b13ad9a0,right,1.0,estimated_disc_position,aptos2019_65a3b13ad9a0,False,0.0
aptos2019,train,/kaggle/input/datasets/deepapaneru/aptos2019/train_images/train_images/901a3552fe26.png,901a3552fe26.png,901a3552fe26,right,0.75,estimated_disc_position,aptos2019_901a3552fe26,False,0.0
aptos2019,train,/kaggle/input/datasets/deepapaneru/aptos2019/train_images/train_images/b532dedd928c.png,b532dedd928c.png,b532dedd928c,right,1.0,estimated_disc_position,aptos2019_b532dedd928c,False,0.0
aptos2019,train,/kaggle/input/datasets/deepapaneru/aptos2019/train_images/train_images/49eb73968c44.png,49eb73968c44.png,49eb73968c44,left,1.0,estimated_disc_position,aptos2019_49eb73968c44,False,0.0
aptos2019,train,/kaggle/input/datasets/deepapaneru/aptos2019/train_images/train_images/d02b79fc3200.png,d02b79fc3200.png,d02b79fc3200,right,0.81,estimated_disc_position,aptos2019_d02b79fc3200,False,0.0
aptos2019,train,/kaggle/input/datasets/deepapaneru/aptos2019/train_images/train_images/ab50123abadb.png,ab50123abadb.png,ab50123abadb,uncertain,0.19,estimated_disc_position,aptos2019_ab50123abadb,True,2.0
aptos2019,train,/kaggle/input/datasets/deepapaneru/aptos2019/train_images/train_images/7d0a871c45db.png,7d0a871c45db.png,7d0a871c45db,right,1.0,estimated_disc_position,aptos2019_7d0a871c45db,False,0.0
aptos2019,train,/kaggle/input/datasets/deepapaneru/aptos2019/train_images/train_images/59fee5bc3479.png,59fee5bc3479.png,59fee5bc3479,uncertain,0.27,estimated_disc_position,aptos2019_59fee5bc3479,True,4.0
aptos2019,train,/kaggle/input/datasets/deepapaneru/aptos2019/train_images/train_images/1dd9adcbfff4.png,1dd9adcbfff4.png,1dd9adcbfff4,right,1.0,estimated_disc_position,aptos2019_1dd9adcbfff4,False,2.0
aptos2019,train,/kaggle/input/datasets/deepapaneru/aptos2019/train_images/train_images/e0863b353093.png,e0863b353093.png,e0863b353093,right,1.0,estimated_disc_position,aptos2019_e0863b353093,False,2.0
aptos2019,train,/kaggle/input/datasets/deepapaneru/aptos2019/train_images/train_images/4d7d6928534a.png,4d7d6928534a.png,4d7d6928534a,left,1.0,estimated_disc_position,aptos2019_4d7d6928534a,False,1.0
aptos2019,train,/kaggle/input/datasets/deepapaneru/aptos2019/train_images/train_images/7bc00e58d419.png,7bc00e58d419.png,7bc00e58d419,left,0.96,estimated_disc_position,aptos2019_7bc00e58d419,False,0.0
aptos2019,train,/kaggle/input/datasets/deepapaneru/aptos2019/train_images/train_images/4aa3d771c5e4.png,4aa3d771c5e4.png,4aa3d771c5e4,right,1.0,estimated_disc_position,aptos2019_4aa3d771c5e4,False,0.0
aptos2019,train,/kaggle/input/datasets/deepapaneru/aptos2019/train_images/train_images/c23ff6dcf15e.png,c23ff6dcf15e.png,c23ff6dcf15e,right,1.0,estimated_disc_position,aptos2019_c23ff6dcf15e,False,0.0
aptos2019,train,/kaggle/input/datasets/deepapaneru/aptos2019/train_images/train_images/6f460f9968c7.png,6f460f9968c7.png,6f460f9968c7,right,0.8,estimated_disc_position,aptos2019_6f460f9968c7,False,0.0
aptos2019,train,/kaggle/input/datasets/deepapaneru/aptos2019/train_images/train_images/50916d67bb51.png,50916d67bb51.png,50916d67bb51,left,1.0,estimated_disc_position,aptos2019_50916d67bb51,False,0.0
aptos2019,train,/kaggle/input/datasets/deepapaneru/aptos2019/train_images/train_images/1cb6961d141c.png,1cb6961d141c.png,1cb6961d141c,right,1.0,estimated_disc_position,aptos2019_1cb6961d141c,False,0.0
aptos2019,train,/kaggle/input/datasets/deepapaneru/aptos2019/train_images/train_images/542964865b1e.png,542964865b1e.png,542964865b1e,left,0.83,estimated_disc_position,aptos2019_542964865b1e,False,0.0
aptos2019,train,/kaggle/input/datasets/deepapaneru/aptos2019/train_images/train_images/24de56d433cd.png,24de56d433cd.png,24de56d433cd,left,1.0,estimated_disc_position,aptos2019_24de56d433cd,False,0.0
aptos2019,train,/kaggle/input/datasets/deepapaneru/aptos2019/train_images/train_images/8e7981855125.png,8e7981855125.png,8e7981855125,left,1.0,estimated_disc_position,aptos2019_8e7981855125,False,0.0
aptos2019,train,/kaggle/input/datasets/deepapaneru/aptos2019/train_images/train_images/499c8df39222.png,499c8df39222.png,499c8df39222,uncertain,0.04,estimated_disc_position,aptos2019_499c8df39222,True,4.0
aptos2019,train,/kaggle/input/datasets/deepapaneru/aptos2019/train_images/train_images/99ecdb41d5e7.png,99ecdb41d5e7.png,99ecdb41d5e7,uncertain,0.07,estimated_disc_position,aptos2019_99ecdb41d5e7,True,1.0
aptos2019,train,/kaggle/input/datasets/deepapaneru/aptos2019/train_images/train_images/a95d9d61ddd4.png,a95d9d61ddd4.png,a95d9d61ddd4,right,1.0,estimated_disc_position,aptos2019_a95d9d61ddd4,False,0.0
aptos2019,train,/kaggle/input/datasets/deepapaneru/aptos2019/train_images/train_images/b67ae80f7eba.png,b67ae80f7eba.png,b67ae80f7eba,right,1.0,estimated_disc_position,aptos2019_b67ae80f7eba,False,0.0
aptos2019,train,/kaggle/input/datasets/deepapaneru/aptos2019/train_images/train_images/ba08cee68c71.png,ba08cee68c71.png,ba08cee68c71,left,1.0,estimated_disc_position,aptos2019_ba08cee68c71,False,4.0
aptos2019,train,/kaggle/input/datasets/deepapaneru/aptos2019/train_images/train_images/c56e65f74187.png,c56e65f74187.png,c56e65f74187,left,1.0,estimated_disc_position,aptos2019_c56e65f74187,False,1.0
aptos2019,train,/kaggle/input/datasets/deepapaneru/aptos2019/train_images/train_images/3132556f5352.png,3132556f5352.png,3132556f5352,right,1.0,estimated_disc_position,aptos2019_3132556f5352,False,0.0
aptos2019,train,/kaggle/input/datasets/deepapaneru/aptos2019/train_images/train_images/e1c02f6c3362.png,e1c02f6c3362.png,e1c02f6c3362,right,0.95,estimated_disc_position,aptos2019_e1c02f6c3362,False,0.0
aptos2019,train,/kaggle/input/datasets/deepapaneru/aptos2019/train_images/train_images/a1b12fdce6c3.png,a1b12fdce6c3.png,a1b12fdce6c3,left,1.0,estimated_disc_position,aptos2019_a1b12fdce6c3,False,2.0
aptos2019,train,/kaggle/input/datasets/deepapaneru/aptos2019/train_images/train_images/6504b703c429.png,6504b703c429.png,6504b703c429,right,0.62,estimated_disc_position,aptos2019_6504b703c429,False,0.0
aptos2019,train,/kaggle/input/datasets/deepapaneru/aptos2019/train_images/train_images/1d674e2e32e0.png,1d674e2e32e0.png,1d674e2e32e0,left,1.0,estimated_disc_position,aptos2019_1d674e2e32e0,False,1.0
aptos2019,train,/kaggle/input/datasets/deepapaneru/aptos2019/train_images/train_images/d69698f838db.png,d69698f838db.png,d69698f838db,right,0.9,estimated_disc_position,aptos2019_d69698f838db,False,0.0
aptos2019,train,/kaggle/input/datasets/deepapaneru/aptos2019/train_images/train_images/80c67efc8101.png,80c67efc8101.png,80c67efc8101,left,1.0,estimated_disc_position,aptos2019_80c67efc8101,False,0.0
aptos2019,train,/kaggle/input/datasets/deepapaneru/aptos2019/train_images/train_images/cbe633765ea7.png,cbe633765ea7.png,cbe633765ea7,left,1.0,estimated_disc_position,aptos2019_cbe633765ea7,False,0.0
aptos2019,train,/kaggle/input/datasets/deepapaneru/aptos2019/train_images/train_images/a2b97d98f130.png,a2b97d98f130.png,a2b97d98f130,left,1.0,estimated_disc_position,aptos2019_a2b97d98f130,False,0.0
aptos2019,train,/kaggle/input/datasets/deepapaneru/aptos2019/train_images/train_images/3218a6d8eb2c.png,3218a6d8eb2c.png,3218a6d8eb2c,left,0.66,estimated_disc_position,aptos2019_3218a6d8eb2c,False,3.0
aptos2019,train,/kaggle/input/datasets/deepapaneru/aptos2019/train_images/train_images/545df1bbcd61.png,545df1bbcd61.png,545df1bbcd61,right,0.78,estimated_disc_position,aptos2019_545df1bbcd61,False,1.0
aptos2019,train,/kaggle/input/datasets/deepapaneru/aptos2019/train_images/train_images/4528fbbd43a3.png,4528fbbd43a3.png,4528fbbd43a3,left,0.65,estimated_disc_position,aptos2019_4528fbbd43a3,False,0.0
aptos2019,train,/kaggle/input/datasets/deepapaneru/aptos2019/train_images/train_images/a49b0b4484ea.png,a49b0b4484ea.png,a49b0b4484ea,left,0.87,estimated_disc_position,aptos2019_a49b0b4484ea,False,2.0
aptos2019,train,/kaggle/input/datasets/deepapaneru/aptos2019/train_images/train_images/52dbec057cc8.png,52dbec057cc8.png,52dbec057cc8,right,0.46,estimated_disc_position,aptos2019_52dbec057cc8,False,2.0
aptos2019,train,/kaggle/input/datasets/deepapaneru/aptos2019/train_images/train_images/48c72dec46e5.png,48c72dec46e5.png,48c72dec46e5,left,1.0,estimated_disc_position,aptos2019_48c72dec46e5,False,2.0
aptos2019,train,/kaggle/input/datasets/deepapaneru/aptos2019/train_images/train_images/b191ba0a2b12.png,b191ba0a2b12.png,b191ba0a2b12,right,0.37,estimated_disc_position,aptos2019_b191ba0a2b12,False,3.0
aptos2019,train,/kaggle/input/datasets/deepapaneru/aptos2019/train_images/train_images/2bbcfdc477db.png,2bbcfdc477db.png,2bbcfdc477db,left,1.0,estimated_disc_position,aptos2019_2bbcfdc477db,False,4.0
aptos2019,train,/kaggle/input/datasets/deepapaneru/aptos2019/train_images/train_images/7ccf9d25dc48.png,7ccf9d25dc48.png,7ccf9d25dc48,right,1.0,estimated_disc_position,aptos2019_7ccf9d25dc48,False,0.0
aptos2019,train,/kaggle/input/datasets/deepapaneru/aptos2019/train_images/train_images/bb11db08584a.png,bb11db08584a.png,bb11db08584a,left,0.83,estimated_disc_position,aptos2019_bb11db08584a,False,1.0
aptos2019,train,/kaggle/input/datasets/deepapaneru/aptos2019/train_images/train_images/c25e02b39c01.png,c25e02b39c01.png,c25e02b39c01,left,0.56,estimated_disc_position,aptos2019_c25e02b39c01,False,0.0
aptos2019,train,/kaggle/input/datasets/deepapaneru/aptos2019/train_images/train_images/35aa7f5c2ec0.png,35aa7f5c2ec0.png,35aa7f5c2ec0,left,1.0,estimated_disc_position,aptos2019_35aa7f5c2ec0,False,1.0
aptos2019,train,/kaggle/input/datasets/deepapaneru/aptos2019/train_images/train_images/454792eb6e05.png,454792eb6e05.png,454792eb6e05,left,0.97,estimated_disc_position,aptos2019_454792eb6e05,False,0.0
aptos2019,train,/kaggle/input/datasets/deepapaneru/aptos2019/train_images/train_images/441affbe99aa.png,441affbe99aa.png,441affbe99aa,uncertain,0.3,estimated_disc_position,aptos2019_441affbe99aa,True,2.0
aptos2019,train,/kaggle/input/datasets/deepapaneru/aptos2019/train_images/train_images/7a77c3eb468c.png,7a77c3eb468c.png,7a77c3eb468c,right,0.86,estimated_disc_position,aptos2019_7a77c3eb468c,False,0.0
aptos2019,train,/kaggle/input/datasets/deepapaneru/aptos2019/train_images/train_images/1c9521878baf.png,1c9521878baf.png,1c9521878baf,right,0.52,estimated_disc_position,aptos2019_1c9521878baf,False,3.0
aptos2019,train,/kaggle/input/datasets/deepapaneru/aptos2019/train_images/train_images/43fb6eda9b97.png,43fb6eda9b97.png,43fb6eda9b97,right,1.0,estimated_disc_position,aptos2019_43fb6eda9b97,False,2.0
aptos2019,train,/kaggle/input/datasets/deepapaneru/aptos2019/train_images/train_images/a56729de89e9.png,a56729de89e9.png,a56729de89e9,right,1.0,estimated_disc_position,aptos2019_a56729de89e9,False,2.0
aptos2019,train,/kaggle/input/datasets/deepapaneru/aptos2019/train_images/train_images/3aa2b1ce6700.png,3aa2b1ce6700.png,3aa2b1ce6700,left,1.0,estimated_disc_position,aptos2019_3aa2b1ce6700,False,2.0
aptos2019,train,/kaggle/input/datasets/deepapaneru/aptos2019/train_images/train_images/cec299c2a2d5.png,cec299c2a2d5.png,cec299c2a2d5,uncertain,0.02,estimated_disc_position,aptos2019_cec299c2a2d5,True,0.0
aptos2019,train,/kaggle/input/datasets/deepapaneru/aptos2019/train_images/train_images/49e4b95ee2dc.png,49e4b95ee2dc.png,49e4b95ee2dc,right,1.0,estimated_disc_position,aptos2019_49e4b95ee2dc,False,0.0
aptos2019,train,/kaggle/input/datasets/deepapaneru/aptos2019/train_images/train_images/b73d0bcd3d33.png,b73d0bcd3d33.png,b73d0bcd3d33,right,1.0,estimated_disc_position,aptos2019_b73d0bcd3d33,False,0.0
aptos2019,train,/kaggle/input/datasets/deepapaneru/aptos2019/train_images/train_images/af8aa32beee4.png,af8aa32beee4.png,af8aa32beee4,left,0.56,estimated_disc_position,aptos2019_af8aa32beee4,False,2.0
aptos2019,train,/kaggle/input/datasets/deepapaneru/aptos2019/train_images/train_images/51af8a689511.png,51af8a689511.png,51af8a689511,left,0.91,estimated_disc_position,aptos2019_51af8a689511,False,0.0
aptos2019,train,/kaggle/input/datasets/deepapaneru/aptos2019/train_images/train_images/3044022c6969.png,3044022c6969.png,3044022c6969,right,1.0,estimated_disc_position,aptos2019_3044022c6969,False,1.0
aptos2019,train,/kaggle/input/datasets/deepapaneru/aptos2019/train_images/train_images/af3b0115aad1.png,af3b0115aad1.png,af3b0115aad1,left,1.0,estimated_disc_position,aptos2019_af3b0115aad1,False,3.0
aptos2019,train,/kaggle/input/datasets/deepapaneru/aptos2019/train_images/train_images/7f2123bc89a3.png,7f2123bc89a3.png,7f2123bc89a3,left,1.0,estimated_disc_position,aptos2019_7f2123bc89a3,False,0.0
aptos2019,train,/kaggle/input/datasets/deepapaneru/aptos2019/train_images/train_images/ca360bec5851.png,ca360bec5851.png,ca360bec5851,left,0.88,estimated_disc_position,aptos2019_ca360bec5851,False,2.0
aptos2019,train,/kaggle/input/datasets/deepapaneru/aptos2019/train_images/train_images/49d69c4c6290.png,49d69c4c6290.png,49d69c4c6290,left,1.0,estimated_disc_position,aptos2019_49d69c4c6290,False,2.0
aptos2019,train,/kaggle/input/datasets/deepapaneru/aptos2019/train_images/train_images/7435e9a3e36e.png,7435e9a3e36e.png,7435e9a3e36e,right,0.7,estimated_disc_position,aptos2019_7435e9a3e36e,False,0.0
aptos2019,train,/kaggle/input/datasets/deepapaneru/aptos2019/train_images/train_images/bf811911acf9.png,bf811911acf9.png,bf811911acf9,left,0.51,estimated_disc_position,aptos2019_bf811911acf9,False,0.0
aptos2019,train,/kaggle/input/datasets/deepapaneru/aptos2019/train_images/train_images/a75bab2463d4.png,a75bab2463d4.png,a75bab2463d4,right,0.62,estimated_disc_position,aptos2019_a75bab2463d4,False,1.0
aptos2019,train,/kaggle/input/datasets/deepapaneru/aptos2019/train_images/train_images/bf7047dc683c.png,bf7047dc683c.png,bf7047dc683c,left,1.0,estimated_disc_position,aptos2019_bf7047dc683c,False,2.0
aptos2019,train,/kaggle/input/datasets/deepapaneru/aptos2019/train_images/train_images/9fab29e69a6b.png,9fab29e69a6b.png,9fab29e69a6b,right,1.0,estimated_disc_position,aptos2019_9fab29e69a6b,False,4.0
aptos2019,train,/kaggle/input/datasets/deepapaneru/aptos2019/train_images/train_images/52230bbef30e.png,52230bbef30e.png,52230bbef30e,left,1.0,estimated_disc_position,aptos2019_52230bbef30e,False,2.0
aptos2019,train,/kaggle/input/datasets/deepapaneru/aptos2019/train_images/train_images/de16416220de.png,de16416220de.png,de16416220de,left,0.83,estimated_disc_position,aptos2019_de16416220de,False,4.0
aptos2019,train,/kaggle/input/datasets/deepapaneru/aptos2019/train_images/train_images/2131aa3a1e6f.png,2131aa3a1e6f.png,2131aa3a1e6f,left,0.92,estimated_disc_position,aptos2019_2131aa3a1e6f,False,2.0
aptos2019,train,/kaggle/input/datasets/deepapaneru/aptos2019/train_images/train_images/835b9f6e12ba.png,835b9f6e12ba.png,835b9f6e12ba,left,1.0,estimated_disc_position,aptos2019_835b9f6e12ba,False,0.0
aptos2019,train,/kaggle/input/datasets/deepapaneru/aptos2019/train_images/train_images/d16e39b9d6f0.png,d16e39b9d6f0.png,d16e39b9d6f0,left,1.0,estimated_disc_position,aptos2019_d16e39b9d6f0,False,0.0
aptos2019,train,/kaggle/input/datasets/deepapaneru/aptos2019/train_images/train_images/c0a117de7d0a.png,c0a117de7d0a.png,c0a117de7d0a,right,0.92,estimated_disc_position,aptos2019_c0a117de7d0a,False,0.0
aptos2019,train,/kaggle/input/datasets/deepapaneru/aptos2019/train_images/train_images/ab32db41c409.png,ab32db41c409.png,ab32db41c409,left,1.0,estimated_disc_position,aptos2019_ab32db41c409,False,0.0
aptos2019,train,/kaggle/input/datasets/deepapaneru/aptos2019/train_images/train_images/2eba4279e503.png,2eba4279e503.png,2eba4279e503,left,1.0,estimated_disc_position,aptos2019_2eba4279e503,False,0.0
aptos2019,train,/kaggle/input/datasets/deepapaneru/aptos2019/train_images/train_images/3c28fd846b43.png,3c28fd846b43.png,3c28fd846b43,left,0.73,estimated_disc_position,aptos2019_3c28fd846b43,False,0.0
aptos2019,train,/kaggle/input/datasets/deepapaneru/aptos2019/train_images/train_images/e30a890600e1.png,e30a890600e1.png,e30a890600e1,left,1.0,estimated_disc_position,aptos2019_e30a890600e1,False,0.0
aptos2019,train,/kaggle/input/datasets/deepapaneru/aptos2019/train_images/train_images/6fbaaf8eb67a.png,6fbaaf8eb67a.png,6fbaaf8eb67a,left,1.0,estimated_disc_position,aptos2019_6fbaaf8eb67a,False,0.0
aptos2019,train,/kaggle/input/datasets/deepapaneru/aptos2019/train_images/train_images/b6d9974443ce.png,b6d9974443ce.png,b6d9974443ce,right,1.0,estimated_disc_position,aptos2019_b6d9974443ce,False,0.0
aptos2019,train,/kaggle/input/datasets/deepapaneru/aptos2019/train_images/train_images/b6a0e348a01e.png,b6a0e348a01e.png,b6a0e348a01e,right,1.0,estimated_disc_position,aptos2019_b6a0e348a01e,False,1.0
aptos2019,train,/kaggle/input/datasets/deepapaneru/aptos2019/train_images/train_images/e4d3d437b0a8.png,e4d3d437b0a8.png,e4d3d437b0a8,right,1.0,estimated_disc_position,aptos2019_e4d3d437b0a8,False,0.0
aptos2019,train,/kaggle/input/datasets/deepapaneru/aptos2019/train_images/train_images/4a558a1cd243.png,4a558a1cd243.png,4a558a1cd243,right,1.0,estimated_disc_position,aptos2019_4a558a1cd243,False,2.0
aptos2019,train,/kaggle/input/datasets/deepapaneru/aptos2019/train_images/train_images/1d3e9b939732.png,1d3e9b939732.png,1d3e9b939732,right,0.83,estimated_disc_position,aptos2019_1d3e9b939732,False,0.0
aptos2019,train,/kaggle/input/datasets/deepapaneru/aptos2019/train_images/train_images/628b581aa905.png,628b581aa905.png,628b581aa905,right,1.0,estimated_disc_position,aptos2019_628b581aa905,False,0.0
aptos2019,train,/kaggle/input/datasets/deepapaneru/aptos2019/train_images/train_images/7e160c8b611e.png,7e160c8b611e.png,7e160c8b611e,uncertain,0.08,estimated_disc_position,aptos2019_7e160c8b611e,True,3.0
aptos2019,train,/kaggle/input/datasets/deepapaneru/aptos2019/train_images/train_images/be7f791a7877.png,be7f791a7877.png,be7f791a7877,left,1.0,estimated_disc_position,aptos2019_be7f791a7877,False,0.0
aptos2019,train,/kaggle/input/datasets/deepapaneru/aptos2019/train_images/train_images/a664d2055886.png,a664d2055886.png,a664d2055886,uncertain,0.21,estimated_disc_position,aptos2019_a664d2055886,True,2.0
aptos2019,train,/kaggle/input/datasets/deepapaneru/aptos2019/train_images/train_images/d2ffe9287dc7.png,d2ffe9287dc7.png,d2ffe9287dc7,right,1.0,estimated_disc_position,aptos2019_d2ffe9287dc7,False,3.0
aptos2019,train,/kaggle/input/datasets/deepapaneru/aptos2019/train_images/train_images/55eac26bd383.png,55eac26bd383.png,55eac26bd383,right,1.0,estimated_disc_position,aptos2019_55eac26bd383,False,1.0
aptos2019,train,/kaggle/input/datasets/deepapaneru/aptos2019/train_images/train_images/b9127e38d9b9.png,b9127e38d9b9.png,b9127e38d9b9,right,1.0,estimated_disc_position,aptos2019_b9127e38d9b9,False,2.0
aptos2019,train,/kaggle/input/datasets/deepapaneru/aptos2019/train_images/train_images/460893cd86e3.png,460893cd86e3.png,460893cd86e3,left,0.64,estimated_disc_position,aptos2019_460893cd86e3,False,2.0
aptos2019,train,/kaggle/input/datasets/deepapaneru/aptos2019/train_images/train_images/5a27b9b2a9c1.png,5a27b9b2a9c1.png,5a27b9b2a9c1,right,1.0,estimated_disc_position,aptos2019_5a27b9b2a9c1,False,0.0
aptos2019,train,/kaggle/input/datasets/deepapaneru/aptos2019/train_images/train_images/9bbb6c455913.png,9bbb6c455913.png,9bbb6c455913,left,1.0,estimated_disc_position,aptos2019_9bbb6c455913,False,0.0
aptos2019,train,/kaggle/input/datasets/deepapaneru/aptos2019/train_images/train_images/d95959798b57.png,d95959798b57.png,d95959798b57,left,0.55,estimated_disc_position,aptos2019_d95959798b57,False,2.0
aptos2019,train,/kaggle/input/datasets/deepapaneru/aptos2019/train_images/train_images/2e79041ef722.png,2e79041ef722.png,2e79041ef722,right,1.0,estimated_disc_position,aptos2019_2e79041ef722,False,2.0
aptos2019,train,/kaggle/input/datasets/deepapaneru/aptos2019/train_images/train_images/da9262d9f5d9.png,da9262d9f5d9.png,da9262d9f5d9,left,0.99,estimated_disc_position,aptos2019_da9262d9f5d9,False,0.0
aptos2019,train,/kaggle/input/datasets/deepapaneru/aptos2019/train_images/train_images/a82a12ad3fb1.png,a82a12ad3fb1.png,a82a12ad3fb1,left,1.0,estimated_disc_position,aptos2019_a82a12ad3fb1,False,0.0
aptos2019,train,/kaggle/input/datasets/deepapaneru/aptos2019/train_images/train_images/d3e884109b45.png,d3e884109b45.png,d3e884109b45,left,1.0,estimated_disc_position,aptos2019_d3e884109b45,False,3.0
aptos2019,train,/kaggle/input/datasets/deepapaneru/aptos2019/train_images/train_images/6d292ca4c9ad.png,6d292ca4c9ad.png,6d292ca4c9ad,right,1.0,estimated_disc_position,aptos2019_6d292ca4c9ad,False,1.0
aptos2019,train,/kaggle/input/datasets/deepapaneru/aptos2019/train_images/train_images/d0d59ed675b5.png,d0d59ed675b5.png,d0d59ed675b5,right,1.0,estimated_disc_position,aptos2019_d0d59ed675b5,False,1.0
aptos2019,train,/kaggle/input/datasets/deepapaneru/aptos2019/train_images/train_images/3b0190bbe615.png,3b0190bbe615.png,3b0190bbe615,left,1.0,estimated_disc_position,aptos2019_3b0190bbe615,False,0.0
aptos2019,train,/kaggle/input/datasets/deepapaneru/aptos2019/train_images/train_images/2ef955d6d9ff.png,2ef955d6d9ff.png,2ef955d6d9ff,right,1.0,estimated_disc_position,aptos2019_2ef955d6d9ff,False,0.0
aptos2019,train,/kaggle/input/datasets/deepapaneru/aptos2019/train_images/train_images/d6f36ec5564a.png,d6f36ec5564a.png,d6f36ec5564a,left,1.0,estimated_disc_position,aptos2019_d6f36ec5564a,False,0.0
aptos2019,train,/kaggle/input/datasets/deepapaneru/aptos2019/train_images/train_images/3f752fcccec0.png,3f752fcccec0.png,3f752fcccec0,right,1.0,estimated_disc_position,aptos2019_3f752fcccec0,False,4.0
aptos2019,train,/kaggle/input/datasets/deepapaneru/aptos2019/train_images/train_images/a62e995f167c.png,a62e995f167c.png,a62e995f167c,left,1.0,estimated_disc_position,aptos2019_a62e995f167c,False,0.0
aptos2019,train,/kaggle/input/datasets/deepapaneru/aptos2019/train_images/train_images/4145dcb25053.png,4145dcb25053.png,4145dcb25053,left,1.0,estimated_disc_position,aptos2019_4145dcb25053,False,0.0
aptos2019,train,/kaggle/input/datasets/deepapaneru/aptos2019/train_images/train_images/4b422b48d0d4.png,4b422b48d0d4.png,4b422b48d0d4,right,1.0,estimated_disc_position,aptos2019_4b422b48d0d4,False,2.0
aptos2019,train,/kaggle/input/datasets/deepapaneru/aptos2019/train_images/train_images/1c3a6b4449e9.png,1c3a6b4449e9.png,1c3a6b4449e9,right,1.0,estimated_disc_position,aptos2019_1c3a6b4449e9,False,1.0
aptos2019,train,/kaggle/input/datasets/deepapaneru/aptos2019/train_images/train_images/de57c9e9fa93.png,de57c9e9fa93.png,de57c9e9fa93,right,0.51,estimated_disc_position,aptos2019_de57c9e9fa93,False,0.0
aptos2019,train,/kaggle/input/datasets/deepapaneru/aptos2019/train_images/train_images/bc34ed91c9bc.png,bc34ed91c9bc.png,bc34ed91c9bc,right,0.64,estimated_disc_position,aptos2019_bc34ed91c9bc,False,4.0
aptos2019,train,/kaggle/input/datasets/deepapaneru/aptos2019/train_images/train_images/92e3d608fd3c.png,92e3d608fd3c.png,92e3d608fd3c,left,0.48,estimated_disc_position,aptos2019_92e3d608fd3c,False,0.0
aptos2019,train,/kaggle/input/datasets/deepapaneru/aptos2019/train_images/train_images/66460ecab347.png,66460ecab347.png,66460ecab347,left,1.0,estimated_disc_position,aptos2019_66460ecab347,False,0.0
aptos2019,train,/kaggle/input/datasets/deepapaneru/aptos2019/train_images/train_images/c6a145742708.png,c6a145742708.png,c6a145742708,right,0.64,estimated_disc_position,aptos2019_c6a145742708,False,4.0
aptos2019,train,/kaggle/input/datasets/deepapaneru/aptos2019/train_images/train_images/51405d042000.png,51405d042000.png,51405d042000,left,1.0,estimated_disc_position,aptos2019_51405d042000,False,2.0
aptos2019,train,/kaggle/input/datasets/deepapaneru/aptos2019/train_images/train_images/afc345cc9145.png,afc345cc9145.png,afc345cc9145,left,1.0,estimated_disc_position,aptos2019_afc345cc9145,False,0.0
aptos2019,train,/kaggle/input/datasets/deepapaneru/aptos2019/train_images/train_images/1f9ccda4ddf2.png,1f9ccda4ddf2.png,1f9ccda4ddf2,right,1.0,estimated_disc_position,aptos2019_1f9ccda4ddf2,False,0.0
aptos2019,train,/kaggle/input/datasets/deepapaneru/aptos2019/train_images/train_images/261c6bd63bff.png,261c6bd63bff.png,261c6bd63bff,left,1.0,estimated_disc_position,aptos2019_261c6bd63bff,False,2.0
aptos2019,train,/kaggle/input/datasets/deepapaneru/aptos2019/train_images/train_images/59f3f70abddd.png,59f3f70abddd.png,59f3f70abddd,uncertain,0.04,estimated_disc_position,aptos2019_59f3f70abddd,True,2.0
aptos2019,train,/kaggle/input/datasets/deepapaneru/aptos2019/train_images/train_images/cf8f1bc7a215.png,cf8f1bc7a215.png,cf8f1bc7a215,uncertain,0.11,estimated_disc_position,aptos2019_cf8f1bc7a215,True,0.0
aptos2019,train,/kaggle/input/datasets/deepapaneru/aptos2019/train_images/train_images/942f544c4e15.png,942f544c4e15.png,942f544c4e15,left,1.0,estimated_disc_position,aptos2019_942f544c4e15,False,0.0
aptos2019,train,/kaggle/input/datasets/deepapaneru/aptos2019/train_images/train_images/aa60813e1a8d.png,aa60813e1a8d.png,aa60813e1a8d,right,1.0,estimated_disc_position,aptos2019_aa60813e1a8d,False,0.0
aptos2019,train,/kaggle/input/datasets/deepapaneru/aptos2019/train_images/train_images/6bf26b777e3a.png,6bf26b777e3a.png,6bf26b777e3a,uncertain,0.3,estimated_disc_position,aptos2019_6bf26b777e3a,True,0.0
aptos2019,train,/kaggle/input/datasets/deepapaneru/aptos2019/train_images/train_images/db4ed1e07aa3.png,db4ed1e07aa3.png,db4ed1e07aa3,left,0.83,estimated_disc_position,aptos2019_db4ed1e07aa3,False,1.0
aptos2019,train,/kaggle/input/datasets/deepapaneru/aptos2019/train_images/train_images/7ec1ffe8220b.png,7ec1ffe8220b.png,7ec1ffe8220b,left,1.0,estimated_disc_position,aptos2019_7ec1ffe8220b,False,2.0
aptos2019,train,/kaggle/input/datasets/deepapaneru/aptos2019/train_images/train_images/6f4719c6bb4b.png,6f4719c6bb4b.png,6f4719c6bb4b,right,1.0,estimated_disc_position,aptos2019_6f4719c6bb4b,False,4.0
aptos2019,train,/kaggle/input/datasets/deepapaneru/aptos2019/train_images/train_images/b07bc463b718.png,b07bc463b718.png,b07bc463b718,left,0.92,estimated_disc_position,aptos2019_b07bc463b718,False,1.0
aptos2019,train,/kaggle/input/datasets/deepapaneru/aptos2019/train_images/train_images/9dab2e6ba44b.png,9dab2e6ba44b.png,9dab2e6ba44b,right,1.0,estimated_disc_position,aptos2019_9dab2e6ba44b,False,2.0
aptos2019,train,/kaggle/input/datasets/deepapaneru/aptos2019/train_images/train_images/226c6ceb9185.png,226c6ceb9185.png,226c6ceb9185,right,1.0,estimated_disc_position,aptos2019_226c6ceb9185,False,0.0
aptos2019,train,/kaggle/input/datasets/deepapaneru/aptos2019/train_images/train_images/382752f6694a.png,382752f6694a.png,382752f6694a,left,1.0,estimated_disc_position,aptos2019_382752f6694a,False,1.0
aptos2019,train,/kaggle/input/datasets/deepapaneru/aptos2019/train_images/train_images/5265dc9acdf8.png,5265dc9acdf8.png,5265dc9acdf8,right,1.0,estimated_disc_position,aptos2019_5265dc9acdf8,False,2.0
aptos2019,train,/kaggle/input/datasets/deepapaneru/aptos2019/train_images/train_images/5f4a8c074bd5.png,5f4a8c074bd5.png,5f4a8c074bd5,left,0.86,estimated_disc_position,aptos2019_5f4a8c074bd5,False,0.0
aptos2019,train,/kaggle/input/datasets/deepapaneru/aptos2019/train_images/train_images/29a13e666266.png,29a13e666266.png,29a13e666266,left,0.86,estimated_disc_position,aptos2019_29a13e666266,False,0.0
aptos2019,train,/kaggle/input/datasets/deepapaneru/aptos2019/train_images/train_images/d659d7fd5ccf.png,d659d7fd5ccf.png,d659d7fd5ccf,uncertain,0.3,estimated_disc_position,aptos2019_d659d7fd5ccf,True,4.0
aptos2019,train,/kaggle/input/datasets/deepapaneru/aptos2019/train_images/train_images/bd34a0639575.png,bd34a0639575.png,bd34a0639575,right,0.96,estimated_disc_position,aptos2019_bd34a0639575,False,0.0
aptos2019,train,/kaggle/input/datasets/deepapaneru/aptos2019/train_images/train_images/44976c3b11a6.png,44976c3b11a6.png,44976c3b11a6,right,0.82,estimated_disc_position,aptos2019_44976c3b11a6,False,0.0
aptos2019,train,/kaggle/input/datasets/deepapaneru/aptos2019/train_images/train_images/d0b132d2c7ec.png,d0b132d2c7ec.png,d0b132d2c7ec,right,1.0,estimated_disc_position,aptos2019_d0b132d2c7ec,False,4.0
aptos2019,train,/kaggle/input/datasets/deepapaneru/aptos2019/train_images/train_images/b8e20c076b03.png,b8e20c076b03.png,b8e20c076b03,right,1.0,estimated_disc_position,aptos2019_b8e20c076b03,False,0.0
aptos2019,train,/kaggle/input/datasets/deepapaneru/aptos2019/train_images/train_images/abf0f56c6f12.png,abf0f56c6f12.png,abf0f56c6f12,left,1.0,estimated_disc_position,aptos2019_abf0f56c6f12,False,2.0
aptos2019,train,/kaggle/input/datasets/deepapaneru/aptos2019/train_images/train_images/ad029ba7fa8b.png,ad029ba7fa8b.png,ad029ba7fa8b,right,1.0,estimated_disc_position,aptos2019_ad029ba7fa8b,False,0.0
aptos2019,train,/kaggle/input/datasets/deepapaneru/aptos2019/train_images/train_images/ad312ca98202.png,ad312ca98202.png,ad312ca98202,left,0.6,estimated_disc_position,aptos2019_ad312ca98202,False,0.0
aptos2019,train,/kaggle/input/datasets/deepapaneru/aptos2019/train_images/train_images/737ef6226677.png,737ef6226677.png,737ef6226677,right,0.68,estimated_disc_position,aptos2019_737ef6226677,False,0.0
aptos2019,train,/kaggle/input/datasets/deepapaneru/aptos2019/train_images/train_images/5dd2e26fc244.png,5dd2e26fc244.png,5dd2e26fc244,uncertain,0.09,estimated_disc_position,aptos2019_5dd2e26fc244,True,4.0
aptos2019,train,/kaggle/input/datasets/deepapaneru/aptos2019/train_images/train_images/5c8482926a08.png,5c8482926a08.png,5c8482926a08,right,1.0,estimated_disc_position,aptos2019_5c8482926a08,False,2.0
aptos2019,train,/kaggle/input/datasets/deepapaneru/aptos2019/train_images/train_images/d94e10f42861.png,d94e10f42861.png,d94e10f42861,left,1.0,estimated_disc_position,aptos2019_d94e10f42861,False,2.0
aptos2019,train,/kaggle/input/datasets/deepapaneru/aptos2019/train_images/train_images/3f3de2a6b0f5.png,3f3de2a6b0f5.png,3f3de2a6b0f5,right,1.0,estimated_disc_position,aptos2019_3f3de2a6b0f5,False,2.0
aptos2019,train,/kaggle/input/datasets/deepapaneru/aptos2019/train_images/train_images/c704bd669f36.png,c704bd669f36.png,c704bd669f36,left,0.91,estimated_disc_position,aptos2019_c704bd669f36,False,0.0
aptos2019,train,/kaggle/input/datasets/deepapaneru/aptos2019/train_images/train_images/76e6a9238570.png,76e6a9238570.png,76e6a9238570,left,1.0,estimated_disc_position,aptos2019_76e6a9238570,False,2.0
aptos2019,train,/kaggle/input/datasets/deepapaneru/aptos2019/train_images/train_images/58eb3809f456.png,58eb3809f456.png,58eb3809f456,right,1.0,estimated_disc_position,aptos2019_58eb3809f456,False,0.0
aptos2019,train,/kaggle/input/datasets/deepapaneru/aptos2019/train_images/train_images/84c663f39632.png,84c663f39632.png,84c663f39632,right,0.42,estimated_disc_position,aptos2019_84c663f39632,False,4.0
aptos2019,train,/kaggle/input/datasets/deepapaneru/aptos2019/train_images/train_images/43ddd0ab0cc4.png,43ddd0ab0cc4.png,43ddd0ab0cc4,left,1.0,estimated_disc_position,aptos2019_43ddd0ab0cc4,False,2.0
aptos2019,train,/kaggle/input/datasets/deepapaneru/aptos2019/train_images/train_images/2b10f138e67d.png,2b10f138e67d.png,2b10f138e67d,right,1.0,estimated_disc_position,aptos2019_2b10f138e67d,False,0.0
aptos2019,train,/kaggle/input/datasets/deepapaneru/aptos2019/train_images/train_images/3b9c1f42c2f2.png,3b9c1f42c2f2.png,3b9c1f42c2f2,right,0.52,estimated_disc_position,aptos2019_3b9c1f42c2f2,False,2.0
aptos2019,train,/kaggle/input/datasets/deepapaneru/aptos2019/train_images/train_images/62b826899151.png,62b826899151.png,62b826899151,left,0.81,estimated_disc_position,aptos2019_62b826899151,False,0.0
aptos2019,train,/kaggle/input/datasets/deepapaneru/aptos2019/train_images/train_images/710b05a96e0f.png,710b05a96e0f.png,710b05a96e0f,left,1.0,estimated_disc_position,aptos2019_710b05a96e0f,False,4.0
aptos2019,train,/kaggle/input/datasets/deepapaneru/aptos2019/train_images/train_images/857002ed4e49.png,857002ed4e49.png,857002ed4e49,right,0.7,estimated_disc_position,aptos2019_857002ed4e49,False,2.0
aptos2019,train,/kaggle/input/datasets/deepapaneru/aptos2019/train_images/train_images/98f48850ebce.png,98f48850ebce.png,98f48850ebce,uncertain,0.17,estimated_disc_position,aptos2019_98f48850ebce,True,2.0
aptos2019,train,/kaggle/input/datasets/deepapaneru/aptos2019/train_images/train_images/d99b0f7dd9b9.png,d99b0f7dd9b9.png,d99b0f7dd9b9,left,0.96,estimated_disc_position,aptos2019_d99b0f7dd9b9,False,0.0
aptos2019,train,/kaggle/input/datasets/deepapaneru/aptos2019/train_images/train_images/a88f68b0b114.png,a88f68b0b114.png,a88f68b0b114,left,1.0,estimated_disc_position,aptos2019_a88f68b0b114,False,2.0
aptos2019,train,/kaggle/input/datasets/deepapaneru/aptos2019/train_images/train_images/262ad704319c.png,262ad704319c.png,262ad704319c,left,1.0,estimated_disc_position,aptos2019_262ad704319c,False,4.0
aptos2019,train,/kaggle/input/datasets/deepapaneru/aptos2019/train_images/train_images/236f56771ec6.png,236f56771ec6.png,236f56771ec6,left,1.0,estimated_disc_position,aptos2019_236f56771ec6,False,2.0
aptos2019,train,/kaggle/input/datasets/deepapaneru/aptos2019/train_images/train_images/709784f7fcc2.png,709784f7fcc2.png,709784f7fcc2,right,1.0,estimated_disc_position,aptos2019_709784f7fcc2,False,2.0
aptos2019,train,/kaggle/input/datasets/deepapaneru/aptos2019/train_images/train_images/211518c46162.png,211518c46162.png,211518c46162,uncertain,0.21,estimated_disc_position,aptos2019_211518c46162,True,4.0
aptos2019,train,/kaggle/input/datasets/deepapaneru/aptos2019/train_images/train_images/7102f29e052e.png,7102f29e052e.png,7102f29e052e,left,0.61,estimated_disc_position,aptos2019_7102f29e052e,False,2.0
aptos2019,train,/kaggle/input/datasets/deepapaneru/aptos2019/train_images/train_images/ceb601fe8dba.png,ceb601fe8dba.png,ceb601fe8dba,right,1.0,estimated_disc_position,aptos2019_ceb601fe8dba,False,2.0
aptos2019,train,/kaggle/input/datasets/deepapaneru/aptos2019/train_images/train_images/7bc4dd99eee5.png,7bc4dd99eee5.png,7bc4dd99eee5,right,1.0,estimated_disc_position,aptos2019_7bc4dd99eee5,False,4.0
aptos2019,train,/kaggle/input/datasets/deepapaneru/aptos2019/train_images/train_images/aeccef0bdc26.png,aeccef0bdc26.png,aeccef0bdc26,left,0.64,estimated_disc_position,aptos2019_aeccef0bdc26,False,0.0
aptos2019,train,/kaggle/input/datasets/deepapaneru/aptos2019/train_images/train_images/2f9b66784109.png,2f9b66784109.png,2f9b66784109,left,0.68,estimated_disc_position,aptos2019_2f9b66784109,False,2.0
aptos2019,train,/kaggle/input/datasets/deepapaneru/aptos2019/train_images/train_images/33e8e26a75d4.png,33e8e26a75d4.png,33e8e26a75d4,left,1.0,estimated_disc_position,aptos2019_33e8e26a75d4,False,2.0
aptos2019,train,/kaggle/input/datasets/deepapaneru/aptos2019/train_images/train_images/86b3a7929bec.png,86b3a7929bec.png,86b3a7929bec,right,0.89,estimated_disc_position,aptos2019_86b3a7929bec,False,2.0
aptos2019,train,/kaggle/input/datasets/deepapaneru/aptos2019/train_images/train_images/d16398c971e9.png,d16398c971e9.png,d16398c971e9,left,0.62,estimated_disc_position,aptos2019_d16398c971e9,False,3.0
aptos2019,train,/kaggle/input/datasets/deepapaneru/aptos2019/train_images/train_images/e10190a9d52f.png,e10190a9d52f.png,e10190a9d52f,right,0.66,estimated_disc_position,aptos2019_e10190a9d52f,False,2.0
aptos2019,train,/kaggle/input/datasets/deepapaneru/aptos2019/train_images/train_images/996f9bba4ef0.png,996f9bba4ef0.png,996f9bba4ef0,right,0.64,estimated_disc_position,aptos2019_996f9bba4ef0,False,0.0
aptos2019,train,/kaggle/input/datasets/deepapaneru/aptos2019/train_images/train_images/93a1b984de84.png,93a1b984de84.png,93a1b984de84,left,0.77,estimated_disc_position,aptos2019_93a1b984de84,False,0.0
aptos2019,train,/kaggle/input/datasets/deepapaneru/aptos2019/train_images/train_images/6c6efb6b1358.png,6c6efb6b1358.png,6c6efb6b1358,right,0.7,estimated_disc_position,aptos2019_6c6efb6b1358,False,1.0
aptos2019,train,/kaggle/input/datasets/deepapaneru/aptos2019/train_images/train_images/9ac41b9a809e.png,9ac41b9a809e.png,9ac41b9a809e,right,0.81,estimated_disc_position,aptos2019_9ac41b9a809e,False,0.0
aptos2019,train,/kaggle/input/datasets/deepapaneru/aptos2019/train_images/train_images/cc1eebed9276.png,cc1eebed9276.png,cc1eebed9276,right,1.0,estimated_disc_position,aptos2019_cc1eebed9276,False,2.0
aptos2019,train,/kaggle/input/datasets/deepapaneru/aptos2019/train_images/train_images/60e269e3e188.png,60e269e3e188.png,60e269e3e188,right,0.5,estimated_disc_position,aptos2019_60e269e3e188,False,2.0
aptos2019,train,/kaggle/input/datasets/deepapaneru/aptos2019/train_images/train_images/944a233fbf8e.png,944a233fbf8e.png,944a233fbf8e,right,1.0,estimated_disc_position,aptos2019_944a233fbf8e,False,1.0
aptos2019,train,/kaggle/input/datasets/deepapaneru/aptos2019/train_images/train_images/b8fb9f55cd6d.png,b8fb9f55cd6d.png,b8fb9f55cd6d,left,0.88,estimated_disc_position,aptos2019_b8fb9f55cd6d,False,2.0
aptos2019,train,/kaggle/input/datasets/deepapaneru/aptos2019/train_images/train_images/49386d603494.png,49386d603494.png,49386d603494,right,1.0,estimated_disc_position,aptos2019_49386d603494,False,1.0
aptos2019,train,/kaggle/input/datasets/deepapaneru/aptos2019/train_images/train_images/4dd14c380696.png,4dd14c380696.png,4dd14c380696,left,1.0,estimated_disc_position,aptos2019_4dd14c380696,False,0.0
aptos2019,train,/kaggle/input/datasets/deepapaneru/aptos2019/train_images/train_images/53704c80f0d8.png,53704c80f0d8.png,53704c80f0d8,left,1.0,estimated_disc_position,aptos2019_53704c80f0d8,False,1.0
aptos2019,train,/kaggle/input/datasets/deepapaneru/aptos2019/train_images/train_images/cb39761f0712.png,cb39761f0712.png,cb39761f0712,left,0.36,estimated_disc_position,aptos2019_cb39761f0712,False,0.0
aptos2019,train,/kaggle/input/datasets/deepapaneru/aptos2019/train_images/train_images/35362d43e753.png,35362d43e753.png,35362d43e753,right,0.76,estimated_disc_position,aptos2019_35362d43e753,False,0.0
aptos2019,train,/kaggle/input/datasets/deepapaneru/aptos2019/train_images/train_images/6e861bc3bd7b.png,6e861bc3bd7b.png,6e861bc3bd7b,left,1.0,estimated_disc_position,aptos2019_6e861bc3bd7b,False,0.0
aptos2019,train,/kaggle/input/datasets/deepapaneru/aptos2019/train_images/train_images/ad6b07d5c338.png,ad6b07d5c338.png,ad6b07d5c338,right,1.0,estimated_disc_position,aptos2019_ad6b07d5c338,False,0.0
aptos2019,train,/kaggle/input/datasets/deepapaneru/aptos2019/train_images/train_images/4360a112db10.png,4360a112db10.png,4360a112db10,right,1.0,estimated_disc_position,aptos2019_4360a112db10,False,3.0
aptos2019,train,/kaggle/input/datasets/deepapaneru/aptos2019/train_images/train_images/6e092caa065f.png,6e092caa065f.png,6e092caa065f,left,0.94,estimated_disc_position,aptos2019_6e092caa065f,False,0.0
aptos2019,train,/kaggle/input/datasets/deepapaneru/aptos2019/train_images/train_images/263d8851e33b.png,263d8851e33b.png,263d8851e33b,left,1.0,estimated_disc_position,aptos2019_263d8851e33b,False,0.0
aptos2019,train,/kaggle/input/datasets/deepapaneru/aptos2019/train_images/train_images/bdb98063fe84.png,bdb98063fe84.png,bdb98063fe84,right,1.0,estimated_disc_position,aptos2019_bdb98063fe84,False,2.0
aptos2019,train,/kaggle/input/datasets/deepapaneru/aptos2019/train_images/train_images/c639d837f5e4.png,c639d837f5e4.png,c639d837f5e4,left,1.0,estimated_disc_position,aptos2019_c639d837f5e4,False,0.0
aptos2019,train,/kaggle/input/datasets/deepapaneru/aptos2019/train_images/train_images/3079490a4b9c.png,3079490a4b9c.png,3079490a4b9c,left,0.83,estimated_disc_position,aptos2019_3079490a4b9c,False,0.0
aptos2019,train,/kaggle/input/datasets/deepapaneru/aptos2019/train_images/train_images/58059e73d2d4.png,58059e73d2d4.png,58059e73d2d4,left,1.0,estimated_disc_position,aptos2019_58059e73d2d4,False,0.0
aptos2019,train,/kaggle/input/datasets/deepapaneru/aptos2019/train_images/train_images/6e0f78e188ff.png,6e0f78e188ff.png,6e0f78e188ff,right,1.0,estimated_disc_position,aptos2019_6e0f78e188ff,False,0.0
aptos2019,train,/kaggle/input/datasets/deepapaneru/aptos2019/train_images/train_images/49c5e7f6b8d2.png,49c5e7f6b8d2.png,49c5e7f6b8d2,right,1.0,estimated_disc_position,aptos2019_49c5e7f6b8d2,False,1.0
aptos2019,train,/kaggle/input/datasets/deepapaneru/aptos2019/train_images/train_images/64ac539f58cb.png,64ac539f58cb.png,64ac539f58cb,uncertain,0.01,estimated_disc_position,aptos2019_64ac539f58cb,True,0.0
aptos2019,train,/kaggle/input/datasets/deepapaneru/aptos2019/train_images/train_images/b0619ca93a5f.png,b0619ca93a5f.png,b0619ca93a5f,left,1.0,estimated_disc_position,aptos2019_b0619ca93a5f,False,0.0
aptos2019,train,/kaggle/input/datasets/deepapaneru/aptos2019/train_images/train_images/23d7ca170bdb.png,23d7ca170bdb.png,23d7ca170bdb,left,1.0,estimated_disc_position,aptos2019_23d7ca170bdb,False,2.0
aptos2019,train,/kaggle/input/datasets/deepapaneru/aptos2019/train_images/train_images/1d46f1326394.png,1d46f1326394.png,1d46f1326394,left,0.67,estimated_disc_position,aptos2019_1d46f1326394,False,0.0
aptos2019,train,/kaggle/input/datasets/deepapaneru/aptos2019/train_images/train_images/7d94a000c2d0.png,7d94a000c2d0.png,7d94a000c2d0,right,0.98,estimated_disc_position,aptos2019_7d94a000c2d0,False,0.0
aptos2019,train,/kaggle/input/datasets/deepapaneru/aptos2019/train_images/train_images/40140a925c43.png,40140a925c43.png,40140a925c43,left,1.0,estimated_disc_position,aptos2019_40140a925c43,False,2.0
aptos2019,train,/kaggle/input/datasets/deepapaneru/aptos2019/train_images/train_images/91a88d3b0358.png,91a88d3b0358.png,91a88d3b0358,left,1.0,estimated_disc_position,aptos2019_91a88d3b0358,False,2.0
aptos2019,train,/kaggle/input/datasets/deepapaneru/aptos2019/train_images/train_images/453a1e2754b2.png,453a1e2754b2.png,453a1e2754b2,right,1.0,estimated_disc_position,aptos2019_453a1e2754b2,False,2.0
aptos2019,train,/kaggle/input/datasets/deepapaneru/aptos2019/train_images/train_images/c8fc0df22999.png,c8fc0df22999.png,c8fc0df22999,left,1.0,estimated_disc_position,aptos2019_c8fc0df22999,False,1.0
aptos2019,train,/kaggle/input/datasets/deepapaneru/aptos2019/train_images/train_images/77b7b71ebcc3.png,77b7b71ebcc3.png,77b7b71ebcc3,right,0.75,estimated_disc_position,aptos2019_77b7b71ebcc3,False,0.0
aptos2019,train,/kaggle/input/datasets/deepapaneru/aptos2019/train_images/train_images/da8900ac7f29.png,da8900ac7f29.png,da8900ac7f29,left,1.0,estimated_disc_position,aptos2019_da8900ac7f29,False,2.0
aptos2019,train,/kaggle/input/datasets/deepapaneru/aptos2019/train_images/train_images/61c2fbd16e38.png,61c2fbd16e38.png,61c2fbd16e38,right,1.0,estimated_disc_position,aptos2019_61c2fbd16e38,False,2.0
aptos2019,train,/kaggle/input/datasets/deepapaneru/aptos2019/train_images/train_images/48afe8c47454.png,48afe8c47454.png,48afe8c47454,left,1.0,estimated_disc_position,aptos2019_48afe8c47454,False,2.0
aptos2019,train,/kaggle/input/datasets/deepapaneru/aptos2019/train_images/train_images/30db694bee42.png,30db694bee42.png,30db694bee42,left,1.0,estimated_disc_position,aptos2019_30db694bee42,False,0.0
aptos2019,train,/kaggle/input/datasets/deepapaneru/aptos2019/train_images/train_images/80e7cc0a0649.png,80e7cc0a0649.png,80e7cc0a0649,left,0.84,estimated_disc_position,aptos2019_80e7cc0a0649,False,3.0
aptos2019,train,/kaggle/input/datasets/deepapaneru/aptos2019/train_images/train_images/bb85097857fa.png,bb85097857fa.png,bb85097857fa,right,1.0,estimated_disc_position,aptos2019_bb85097857fa,False,0.0
aptos2019,train,/kaggle/input/datasets/deepapaneru/aptos2019/train_images/train_images/885fa5fc5da8.png,885fa5fc5da8.png,885fa5fc5da8,right,0.96,estimated_disc_position,aptos2019_885fa5fc5da8,False,0.0
aptos2019,train,/kaggle/input/datasets/deepapaneru/aptos2019/train_images/train_images/32ed318235b8.png,32ed318235b8.png,32ed318235b8,left,0.7,estimated_disc_position,aptos2019_32ed318235b8,False,0.0
aptos2019,train,/kaggle/input/datasets/deepapaneru/aptos2019/train_images/train_images/aa6242f9e08c.png,aa6242f9e08c.png,aa6242f9e08c,right,0.49,estimated_disc_position,aptos2019_aa6242f9e08c,False,0.0
aptos2019,train,/kaggle/input/datasets/deepapaneru/aptos2019/train_images/train_images/a7b0d0c51731.png,a7b0d0c51731.png,a7b0d0c51731,uncertain,0.05,estimated_disc_position,aptos2019_a7b0d0c51731,True,2.0
aptos2019,train,/kaggle/input/datasets/deepapaneru/aptos2019/train_images/train_images/788ddb0b70b7.png,788ddb0b70b7.png,788ddb0b70b7,left,0.88,estimated_disc_position,aptos2019_788ddb0b70b7,False,3.0
aptos2019,train,/kaggle/input/datasets/deepapaneru/aptos2019/train_images/train_images/41ab357d103f.png,41ab357d103f.png,41ab357d103f,right,1.0,estimated_disc_position,aptos2019_41ab357d103f,False,0.0
aptos2019,train,/kaggle/input/datasets/deepapaneru/aptos2019/train_images/train_images/91cf56d3d1af.png,91cf56d3d1af.png,91cf56d3d1af,left,0.94,estimated_disc_position,aptos2019_91cf56d3d1af,False,3.0
aptos2019,train,/kaggle/input/datasets/deepapaneru/aptos2019/train_images/train_images/6f3b62e5b7f5.png,6f3b62e5b7f5.png,6f3b62e5b7f5,right,0.37,estimated_disc_position,aptos2019_6f3b62e5b7f5,False,0.0
aptos2019,train,/kaggle/input/datasets/deepapaneru/aptos2019/train_images/train_images/1bea04b2bb2d.png,1bea04b2bb2d.png,1bea04b2bb2d,left,0.56,estimated_disc_position,aptos2019_1bea04b2bb2d,False,2.0
aptos2019,train,/kaggle/input/datasets/deepapaneru/aptos2019/train_images/train_images/e47452069ea1.png,e47452069ea1.png,e47452069ea1,right,1.0,estimated_disc_position,aptos2019_e47452069ea1,False,0.0
aptos2019,train,/kaggle/input/datasets/deepapaneru/aptos2019/train_images/train_images/a9c7b83caf81.png,a9c7b83caf81.png,a9c7b83caf81,right,1.0,estimated_disc_position,aptos2019_a9c7b83caf81,False,2.0
aptos2019,train,/kaggle/input/datasets/deepapaneru/aptos2019/train_images/train_images/53273d664cd8.png,53273d664cd8.png,53273d664cd8,left,0.71,estimated_disc_position,aptos2019_53273d664cd8,False,0.0
aptos2019,train,/kaggle/input/datasets/deepapaneru/aptos2019/train_images/train_images/5e505e25cd3e.png,5e505e25cd3e.png,5e505e25cd3e,left,1.0,estimated_disc_position,aptos2019_5e505e25cd3e,False,0.0
aptos2019,train,/kaggle/input/datasets/deepapaneru/aptos2019/train_images/train_images/62cc7ddb53b6.png,62cc7ddb53b6.png,62cc7ddb53b6,left,1.0,estimated_disc_position,aptos2019_62cc7ddb53b6,False,2.0
aptos2019,train,/kaggle/input/datasets/deepapaneru/aptos2019/train_images/train_images/6cd606dc52e9.png,6cd606dc52e9.png,6cd606dc52e9,left,1.0,estimated_disc_position,aptos2019_6cd606dc52e9,False,4.0
aptos2019,train,/kaggle/input/datasets/deepapaneru/aptos2019/train_images/train_images/b200c23b299b.png,b200c23b299b.png,b200c23b299b,uncertain,0.26,estimated_disc_position,aptos2019_b200c23b299b,True,0.0
aptos2019,train,/kaggle/input/datasets/deepapaneru/aptos2019/train_images/train_images/1ca35d483772.png,1ca35d483772.png,1ca35d483772,left,0.96,estimated_disc_position,aptos2019_1ca35d483772,False,0.0
aptos2019,train,/kaggle/input/datasets/deepapaneru/aptos2019/train_images/train_images/a1faeb4d5f10.png,a1faeb4d5f10.png,a1faeb4d5f10,left,0.81,estimated_disc_position,aptos2019_a1faeb4d5f10,False,0.0
aptos2019,train,/kaggle/input/datasets/deepapaneru/aptos2019/train_images/train_images/58c12863f33d.png,58c12863f33d.png,58c12863f33d,right,0.73,estimated_disc_position,aptos2019_58c12863f33d,False,0.0
aptos2019,train,/kaggle/input/datasets/deepapaneru/aptos2019/train_images/train_images/65dda202653d.png,65dda202653d.png,65dda202653d,right,1.0,estimated_disc_position,aptos2019_65dda202653d,False,0.0
aptos2019,train,/kaggle/input/datasets/deepapaneru/aptos2019/train_images/train_images/1f5496352859.png,1f5496352859.png,1f5496352859,right,1.0,estimated_disc_position,aptos2019_1f5496352859,False,0.0
aptos2019,train,/kaggle/input/datasets/deepapaneru/aptos2019/train_images/train_images/bfa30ebf63a8.png,bfa30ebf63a8.png,bfa30ebf63a8,right,0.86,estimated_disc_position,aptos2019_bfa30ebf63a8,False,0.0
aptos2019,train,/kaggle/input/datasets/deepapaneru/aptos2019/train_images/train_images/9d74428188bb.png,9d74428188bb.png,9d74428188bb,right,1.0,estimated_disc_position,aptos2019_9d74428188bb,False,2.0
aptos2019,train,/kaggle/input/datasets/deepapaneru/aptos2019/train_images/train_images/6dc0281f11e3.png,6dc0281f11e3.png,6dc0281f11e3,left,0.91,estimated_disc_position,aptos2019_6dc0281f11e3,False,0.0
aptos2019,train,/kaggle/input/datasets/deepapaneru/aptos2019/train_images/train_images/63a03880939c.png,63a03880939c.png,63a03880939c,left,0.78,estimated_disc_position,aptos2019_63a03880939c,False,1.0
aptos2019,train,/kaggle/input/datasets/deepapaneru/aptos2019/train_images/train_images/237aa50edc34.png,237aa50edc34.png,237aa50edc34,left,1.0,estimated_disc_position,aptos2019_237aa50edc34,False,0.0
aptos2019,train,/kaggle/input/datasets/deepapaneru/aptos2019/train_images/train_images/4a1afe4044f4.png,4a1afe4044f4.png,4a1afe4044f4,left,1.0,estimated_disc_position,aptos2019_4a1afe4044f4,False,0.0
aptos2019,train,/kaggle/input/datasets/deepapaneru/aptos2019/train_images/train_images/a8c9fcdbc0be.png,a8c9fcdbc0be.png,a8c9fcdbc0be,left,1.0,estimated_disc_position,aptos2019_a8c9fcdbc0be,False,0.0
aptos2019,train,/kaggle/input/datasets/deepapaneru/aptos2019/train_images/train_images/8433a032b96c.png,8433a032b96c.png,8433a032b96c,left,1.0,estimated_disc_position,aptos2019_8433a032b96c,False,0.0
aptos2019,train,/kaggle/input/datasets/deepapaneru/aptos2019/train_images/train_images/c4aef0d88d1b.png,c4aef0d88d1b.png,c4aef0d88d1b,right,1.0,estimated_disc_position,aptos2019_c4aef0d88d1b,False,0.0
aptos2019,train,/kaggle/input/datasets/deepapaneru/aptos2019/train_images/train_images/bf8092e4001d.png,bf8092e4001d.png,bf8092e4001d,right,1.0,estimated_disc_position,aptos2019_bf8092e4001d,False,3.0
aptos2019,train,/kaggle/input/datasets/deepapaneru/aptos2019/train_images/train_images/6c3745a222da.png,6c3745a222da.png,6c3745a222da,left,0.36,estimated_disc_position,aptos2019_6c3745a222da,False,4.0
aptos2019,train,/kaggle/input/datasets/deepapaneru/aptos2019/train_images/train_images/3908b3cfd620.png,3908b3cfd620.png,3908b3cfd620,right,0.81,estimated_disc_position,aptos2019_3908b3cfd620,False,0.0
aptos2019,train,/kaggle/input/datasets/deepapaneru/aptos2019/train_images/train_images/ce6f33a81ad5.png,ce6f33a81ad5.png,ce6f33a81ad5,right,0.86,estimated_disc_position,aptos2019_ce6f33a81ad5,False,0.0
aptos2019,train,/kaggle/input/datasets/deepapaneru/aptos2019/train_images/train_images/b9b6ee2b9453.png,b9b6ee2b9453.png,b9b6ee2b9453,uncertain,0.09,estimated_disc_position,aptos2019_b9b6ee2b9453,True,2.0
aptos2019,train,/kaggle/input/datasets/deepapaneru/aptos2019/train_images/train_images/4b6895d0cf8d.png,4b6895d0cf8d.png,4b6895d0cf8d,right,1.0,estimated_disc_position,aptos2019_4b6895d0cf8d,False,0.0
aptos2019,train,/kaggle/input/datasets/deepapaneru/aptos2019/train_images/train_images/1f63d44d9e3c.png,1f63d44d9e3c.png,1f63d44d9e3c,left,0.85,estimated_disc_position,aptos2019_1f63d44d9e3c,False,2.0
aptos2019,train,/kaggle/input/datasets/deepapaneru/aptos2019/train_images/train_images/8446826853d0.png,8446826853d0.png,8446826853d0,right,1.0,estimated_disc_position,aptos2019_8446826853d0,False,2.0
aptos2019,train,/kaggle/input/datasets/deepapaneru/aptos2019/train_images/train_images/523d0c2cb4d6.png,523d0c2cb4d6.png,523d0c2cb4d6,right,0.62,estimated_disc_position,aptos2019_523d0c2cb4d6,False,2.0
aptos2019,train,/kaggle/input/datasets/deepapaneru/aptos2019/train_images/train_images/9eaf735cf01f.png,9eaf735cf01f.png,9eaf735cf01f,right,1.0,estimated_disc_position,aptos2019_9eaf735cf01f,False,1.0
aptos2019,train,/kaggle/input/datasets/deepapaneru/aptos2019/train_images/train_images/a73d012c4c38.png,a73d012c4c38.png,a73d012c4c38,right,1.0,estimated_disc_position,aptos2019_a73d012c4c38,False,0.0
aptos2019,train,/kaggle/input/datasets/deepapaneru/aptos2019/train_images/train_images/c9e697117f3f.png,c9e697117f3f.png,c9e697117f3f,right,0.8,estimated_disc_position,aptos2019_c9e697117f3f,False,0.0
aptos2019,train,/kaggle/input/datasets/deepapaneru/aptos2019/train_images/train_images/d801c0a66738.png,d801c0a66738.png,d801c0a66738,left,1.0,estimated_disc_position,aptos2019_d801c0a66738,False,1.0
aptos2019,train,/kaggle/input/datasets/deepapaneru/aptos2019/train_images/train_images/45e4b7eada54.png,45e4b7eada54.png,45e4b7eada54,right,0.92,estimated_disc_position,aptos2019_45e4b7eada54,False,1.0
aptos2019,train,/kaggle/input/datasets/deepapaneru/aptos2019/train_images/train_images/8b76c3c5cb3e.png,8b76c3c5cb3e.png,8b76c3c5cb3e,left,0.87,estimated_disc_position,aptos2019_8b76c3c5cb3e,False,3.0
aptos2019,train,/kaggle/input/datasets/deepapaneru/aptos2019/train_images/train_images/207a580de0ea.png,207a580de0ea.png,207a580de0ea,right,1.0,estimated_disc_position,aptos2019_207a580de0ea,False,2.0
aptos2019,train,/kaggle/input/datasets/deepapaneru/aptos2019/train_images/train_images/7526cf435753.png,7526cf435753.png,7526cf435753,right,0.82,estimated_disc_position,aptos2019_7526cf435753,False,0.0
aptos2019,train,/kaggle/input/datasets/deepapaneru/aptos2019/train_images/train_images/b5b913358b32.png,b5b913358b32.png,b5b913358b32,right,0.85,estimated_disc_position,aptos2019_b5b913358b32,False,0.0
aptos2019,train,/kaggle/input/datasets/deepapaneru/aptos2019/train_images/train_images/9a159d4674cd.png,9a159d4674cd.png,9a159d4674cd,left,1.0,estimated_disc_position,aptos2019_9a159d4674cd,False,0.0
aptos2019,train,/kaggle/input/datasets/deepapaneru/aptos2019/train_images/train_images/dcc6c0ad5cad.png,dcc6c0ad5cad.png,dcc6c0ad5cad,right,1.0,estimated_disc_position,aptos2019_dcc6c0ad5cad,False,0.0
aptos2019,train,/kaggle/input/datasets/deepapaneru/aptos2019/train_images/train_images/374535e0adb8.png,374535e0adb8.png,374535e0adb8,uncertain,0.12,estimated_disc_position,aptos2019_374535e0adb8,True,4.0
aptos2019,train,/kaggle/input/datasets/deepapaneru/aptos2019/train_images/train_images/77a1f1398fdb.png,77a1f1398fdb.png,77a1f1398fdb,right,1.0,estimated_disc_position,aptos2019_77a1f1398fdb,False,0.0
aptos2019,train,/kaggle/input/datasets/deepapaneru/aptos2019/train_images/train_images/a2696f444ecb.png,a2696f444ecb.png,a2696f444ecb,right,1.0,estimated_disc_position,aptos2019_a2696f444ecb,False,1.0
aptos2019,train,/kaggle/input/datasets/deepapaneru/aptos2019/train_images/train_images/2ef10194e80d.png,2ef10194e80d.png,2ef10194e80d,left,0.99,estimated_disc_position,aptos2019_2ef10194e80d,False,0.0
aptos2019,train,/kaggle/input/datasets/deepapaneru/aptos2019/train_images/train_images/5077cdb88aed.png,5077cdb88aed.png,5077cdb88aed,right,0.93,estimated_disc_position,aptos2019_5077cdb88aed,False,0.0
aptos2019,train,/kaggle/input/datasets/deepapaneru/aptos2019/train_images/train_images/4cfd22ae43d4.png,4cfd22ae43d4.png,4cfd22ae43d4,right,0.9,estimated_disc_position,aptos2019_4cfd22ae43d4,False,0.0
aptos2019,train,/kaggle/input/datasets/deepapaneru/aptos2019/train_images/train_images/c755a0c4edcc.png,c755a0c4edcc.png,c755a0c4edcc,left,0.8,estimated_disc_position,aptos2019_c755a0c4edcc,False,0.0
aptos2019,train,/kaggle/input/datasets/deepapaneru/aptos2019/train_images/train_images/1df0a4c23c95.png,1df0a4c23c95.png,1df0a4c23c95,right,1.0,estimated_disc_position,aptos2019_1df0a4c23c95,False,0.0
aptos2019,train,/kaggle/input/datasets/deepapaneru/aptos2019/train_images/train_images/342edf9b889d.png,342edf9b889d.png,342edf9b889d,right,1.0,estimated_disc_position,aptos2019_342edf9b889d,False,0.0
aptos2019,train,/kaggle/input/datasets/deepapaneru/aptos2019/train_images/train_images/1d55e689cf84.png,1d55e689cf84.png,1d55e689cf84,left,0.89,estimated_disc_position,aptos2019_1d55e689cf84,False,2.0
aptos2019,train,/kaggle/input/datasets/deepapaneru/aptos2019/train_images/train_images/d8cdb7d7283a.png,d8cdb7d7283a.png,d8cdb7d7283a,left,1.0,estimated_disc_position,aptos2019_d8cdb7d7283a,False,2.0
aptos2019,train,/kaggle/input/datasets/deepapaneru/aptos2019/train_images/train_images/ba2624883599.png,ba2624883599.png,ba2624883599,left,0.56,estimated_disc_position,aptos2019_ba2624883599,False,2.0
aptos2019,train,/kaggle/input/datasets/deepapaneru/aptos2019/train_images/train_images/e322acd46152.png,e322acd46152.png,e322acd46152,right,1.0,estimated_disc_position,aptos2019_e322acd46152,False,0.0
aptos2019,train,/kaggle/input/datasets/deepapaneru/aptos2019/train_images/train_images/9a94e0316ee3.png,9a94e0316ee3.png,9a94e0316ee3,right,1.0,estimated_disc_position,aptos2019_9a94e0316ee3,False,3.0
aptos2019,train,/kaggle/input/datasets/deepapaneru/aptos2019/train_images/train_images/98e44127872f.png,98e44127872f.png,98e44127872f,left,1.0,estimated_disc_position,aptos2019_98e44127872f,False,0.0
aptos2019,train,/kaggle/input/datasets/deepapaneru/aptos2019/train_images/train_images/349f3c0ac83e.png,349f3c0ac83e.png,349f3c0ac83e,right,1.0,estimated_disc_position,aptos2019_349f3c0ac83e,False,2.0
aptos2019,train,/kaggle/input/datasets/deepapaneru/aptos2019/train_images/train_images/8bf2d925dc0c.png,8bf2d925dc0c.png,8bf2d925dc0c,right,0.98,estimated_disc_position,aptos2019_8bf2d925dc0c,False,0.0
aptos2019,train,/kaggle/input/datasets/deepapaneru/aptos2019/train_images/train_images/657859f893d9.png,657859f893d9.png,657859f893d9,left,0.84,estimated_disc_position,aptos2019_657859f893d9,False,2.0
aptos2019,train,/kaggle/input/datasets/deepapaneru/aptos2019/train_images/train_images/8dfff47b06b7.png,8dfff47b06b7.png,8dfff47b06b7,left,1.0,estimated_disc_position,aptos2019_8dfff47b06b7,False,2.0
aptos2019,train,/kaggle/input/datasets/deepapaneru/aptos2019/train_images/train_images/6ea07d19b4ce.png,6ea07d19b4ce.png,6ea07d19b4ce,right,0.78,estimated_disc_position,aptos2019_6ea07d19b4ce,False,1.0
aptos2019,train,/kaggle/input/datasets/deepapaneru/aptos2019/train_images/train_images/9f8112c710be.png,9f8112c710be.png,9f8112c710be,left,0.69,estimated_disc_position,aptos2019_9f8112c710be,False,0.0
aptos2019,train,/kaggle/input/datasets/deepapaneru/aptos2019/train_images/train_images/85cc6d636898.png,85cc6d636898.png,85cc6d636898,left,1.0,estimated_disc_position,aptos2019_85cc6d636898,False,2.0
aptos2019,train,/kaggle/input/datasets/deepapaneru/aptos2019/train_images/train_images/224c14366e11.png,224c14366e11.png,224c14366e11,left,0.83,estimated_disc_position,aptos2019_224c14366e11,False,0.0
aptos2019,train,/kaggle/input/datasets/deepapaneru/aptos2019/train_images/train_images/bf1b7e21e774.png,bf1b7e21e774.png,bf1b7e21e774,left,1.0,estimated_disc_position,aptos2019_bf1b7e21e774,False,2.0
aptos2019,train,/kaggle/input/datasets/deepapaneru/aptos2019/train_images/train_images/8cb6b5b2f19c.png,8cb6b5b2f19c.png,8cb6b5b2f19c,right,1.0,estimated_disc_position,aptos2019_8cb6b5b2f19c,False,2.0
aptos2019,train,/kaggle/input/datasets/deepapaneru/aptos2019/train_images/train_images/e246cd89e1cc.png,e246cd89e1cc.png,e246cd89e1cc,right,0.64,estimated_disc_position,aptos2019_e246cd89e1cc,False,0.0
aptos2019,train,/kaggle/input/datasets/deepapaneru/aptos2019/train_images/train_images/b4b04d81acbb.png,b4b04d81acbb.png,b4b04d81acbb,right,0.91,estimated_disc_position,aptos2019_b4b04d81acbb,False,0.0
aptos2019,train,/kaggle/input/datasets/deepapaneru/aptos2019/train_images/train_images/a5bb85afc6e8.png,a5bb85afc6e8.png,a5bb85afc6e8,right,0.67,estimated_disc_position,aptos2019_a5bb85afc6e8,False,0.0
aptos2019,train,/kaggle/input/datasets/deepapaneru/aptos2019/train_images/train_images/4e54ccfd49b2.png,4e54ccfd49b2.png,4e54ccfd49b2,right,1.0,estimated_disc_position,aptos2019_4e54ccfd49b2,False,0.0
aptos2019,train,/kaggle/input/datasets/deepapaneru/aptos2019/train_images/train_images/4c3c1ed09771.png,4c3c1ed09771.png,4c3c1ed09771,right,1.0,estimated_disc_position,aptos2019_4c3c1ed09771,False,1.0
aptos2019,train,/kaggle/input/datasets/deepapaneru/aptos2019/train_images/train_images/3de8ad4151e1.png,3de8ad4151e1.png,3de8ad4151e1,right,1.0,estimated_disc_position,aptos2019_3de8ad4151e1,False,1.0
aptos2019,train,/kaggle/input/datasets/deepapaneru/aptos2019/train_images/train_images/1fb455685328.png,1fb455685328.png,1fb455685328,left,0.93,estimated_disc_position,aptos2019_1fb455685328,False,0.0
aptos2019,train,/kaggle/input/datasets/deepapaneru/aptos2019/train_images/train_images/b927a9238434.png,b927a9238434.png,b927a9238434,uncertain,0.12,estimated_disc_position,aptos2019_b927a9238434,True,2.0
aptos2019,train,/kaggle/input/datasets/deepapaneru/aptos2019/train_images/train_images/370f575adb23.png,370f575adb23.png,370f575adb23,right,0.86,estimated_disc_position,aptos2019_370f575adb23,False,0.0
aptos2019,train,/kaggle/input/datasets/deepapaneru/aptos2019/train_images/train_images/7ce671f952be.png,7ce671f952be.png,7ce671f952be,right,0.85,estimated_disc_position,aptos2019_7ce671f952be,False,0.0
aptos2019,train,/kaggle/input/datasets/deepapaneru/aptos2019/train_images/train_images/e160a3b19911.png,e160a3b19911.png,e160a3b19911,right,1.0,estimated_disc_position,aptos2019_e160a3b19911,False,0.0
aptos2019,train,/kaggle/input/datasets/deepapaneru/aptos2019/train_images/train_images/d85588ff2ebd.png,d85588ff2ebd.png,d85588ff2ebd,right,1.0,estimated_disc_position,aptos2019_d85588ff2ebd,False,1.0
aptos2019,train,/kaggle/input/datasets/deepapaneru/aptos2019/train_images/train_images/4bcee3cbe232.png,4bcee3cbe232.png,4bcee3cbe232,right,0.81,estimated_disc_position,aptos2019_4bcee3cbe232,False,0.0
aptos2019,train,/kaggle/input/datasets/deepapaneru/aptos2019/train_images/train_images/4c17e85686f0.png,4c17e85686f0.png,4c17e85686f0,left,0.41,estimated_disc_position,aptos2019_4c17e85686f0,False,0.0
aptos2019,train,/kaggle/input/datasets/deepapaneru/aptos2019/train_images/train_images/25d069089c5e.png,25d069089c5e.png,25d069089c5e,right,0.51,estimated_disc_position,aptos2019_25d069089c5e,False,4.0
aptos2019,train,/kaggle/input/datasets/deepapaneru/aptos2019/train_images/train_images/445a8a6da55c.png,445a8a6da55c.png,445a8a6da55c,left,0.54,estimated_disc_position,aptos2019_445a8a6da55c,False,0.0
aptos2019,train,/kaggle/input/datasets/deepapaneru/aptos2019/train_images/train_images/c8a3eb9a5b52.png,c8a3eb9a5b52.png,c8a3eb9a5b52,right,1.0,estimated_disc_position,aptos2019_c8a3eb9a5b52,False,2.0
aptos2019,train,/kaggle/input/datasets/deepapaneru/aptos2019/train_images/train_images/da9fe02dead3.png,da9fe02dead3.png,da9fe02dead3,right,0.9,estimated_disc_position,aptos2019_da9fe02dead3,False,0.0
aptos2019,train,/kaggle/input/datasets/deepapaneru/aptos2019/train_images/train_images/a0d04a19cf40.png,a0d04a19cf40.png,a0d04a19cf40,right,0.92,estimated_disc_position,aptos2019_a0d04a19cf40,False,2.0
aptos2019,train,/kaggle/input/datasets/deepapaneru/aptos2019/train_images/train_images/883ddb650967.png,883ddb650967.png,883ddb650967,left,0.98,estimated_disc_position,aptos2019_883ddb650967,False,0.0
aptos2019,train,/kaggle/input/datasets/deepapaneru/aptos2019/train_images/train_images/63c7b0265775.png,63c7b0265775.png,63c7b0265775,left,1.0,estimated_disc_position,aptos2019_63c7b0265775,False,0.0
aptos2019,train,/kaggle/input/datasets/deepapaneru/aptos2019/train_images/train_images/b86fb2d5be1a.png,b86fb2d5be1a.png,b86fb2d5be1a,right,0.96,estimated_disc_position,aptos2019_b86fb2d5be1a,False,0.0
aptos2019,train,/kaggle/input/datasets/deepapaneru/aptos2019/train_images/train_images/47e51065b819.png,47e51065b819.png,47e51065b819,uncertain,0.0,estimated_disc_position,aptos2019_47e51065b819,True,2.0
aptos2019,train,/kaggle/input/datasets/deepapaneru/aptos2019/train_images/train_images/30941b65348b.png,30941b65348b.png,30941b65348b,left,1.0,estimated_disc_position,aptos2019_30941b65348b,False,1.0
aptos2019,train,/kaggle/input/datasets/deepapaneru/aptos2019/train_images/train_images/b376def52ccc.png,b376def52ccc.png,b376def52ccc,uncertain,0.03,estimated_disc_position,aptos2019_b376def52ccc,True,2.0
aptos2019,train,/kaggle/input/datasets/deepapaneru/aptos2019/train_images/train_images/aa8a1e814811.png,aa8a1e814811.png,aa8a1e814811,left,0.93,estimated_disc_position,aptos2019_aa8a1e814811,False,0.0
aptos2019,train,/kaggle/input/datasets/deepapaneru/aptos2019/train_images/train_images/c98f623d08d1.png,c98f623d08d1.png,c98f623d08d1,left,1.0,estimated_disc_position,aptos2019_c98f623d08d1,False,0.0
aptos2019,train,/kaggle/input/datasets/deepapaneru/aptos2019/train_images/train_images/624fb7317106.png,624fb7317106.png,624fb7317106,left,0.97,estimated_disc_position,aptos2019_624fb7317106,False,2.0
aptos2019,train,/kaggle/input/datasets/deepapaneru/aptos2019/train_images/train_images/66cd9c28e636.png,66cd9c28e636.png,66cd9c28e636,right,1.0,estimated_disc_position,aptos2019_66cd9c28e636,False,1.0
aptos2019,train,/kaggle/input/datasets/deepapaneru/aptos2019/train_images/train_images/d6df4fe492ec.png,d6df4fe492ec.png,d6df4fe492ec,right,0.49,estimated_disc_position,aptos2019_d6df4fe492ec,False,0.0
aptos2019,train,/kaggle/input/datasets/deepapaneru/aptos2019/train_images/train_images/573ea80a53be.png,573ea80a53be.png,573ea80a53be,left,1.0,estimated_disc_position,aptos2019_573ea80a53be,False,0.0
aptos2019,train,/kaggle/input/datasets/deepapaneru/aptos2019/train_images/train_images/e2a233493b90.png,e2a233493b90.png,e2a233493b90,right,1.0,estimated_disc_position,aptos2019_e2a233493b90,False,1.0
aptos2019,train,/kaggle/input/datasets/deepapaneru/aptos2019/train_images/train_images/4f6abc40c72d.png,4f6abc40c72d.png,4f6abc40c72d,left,1.0,estimated_disc_position,aptos2019_4f6abc40c72d,False,0.0
aptos2019,train,/kaggle/input/datasets/deepapaneru/aptos2019/train_images/train_images/6cbc3dad809c.png,6cbc3dad809c.png,6cbc3dad809c,left,0.82,estimated_disc_position,aptos2019_6cbc3dad809c,False,2.0
aptos2019,train,/kaggle/input/datasets/deepapaneru/aptos2019/train_images/train_images/4ecd1fdd1435.png,4ecd1fdd1435.png,4ecd1fdd1435,right,1.0,estimated_disc_position,aptos2019_4ecd1fdd1435,False,1.0
aptos2019,train,/kaggle/input/datasets/deepapaneru/aptos2019/train_images/train_images/4e82c3c8d31f.png,4e82c3c8d31f.png,4e82c3c8d31f,right,1.0,estimated_disc_position,aptos2019_4e82c3c8d31f,False,1.0
aptos2019,train,/kaggle/input/datasets/deepapaneru/aptos2019/train_images/train_images/62b4be2799ca.png,62b4be2799ca.png,62b4be2799ca,right,0.98,estimated_disc_position,aptos2019_62b4be2799ca,False,0.0
aptos2019,train,/kaggle/input/datasets/deepapaneru/aptos2019/train_images/train_images/757e39293591.png,757e39293591.png,757e39293591,left,1.0,estimated_disc_position,aptos2019_757e39293591,False,0.0
aptos2019,train,/kaggle/input/datasets/deepapaneru/aptos2019/train_images/train_images/5288f7441f64.png,5288f7441f64.png,5288f7441f64,right,1.0,estimated_disc_position,aptos2019_5288f7441f64,False,0.0
aptos2019,train,/kaggle/input/datasets/deepapaneru/aptos2019/train_images/train_images/d7a01fca9838.png,d7a01fca9838.png,d7a01fca9838,right,1.0,estimated_disc_position,aptos2019_d7a01fca9838,False,0.0
aptos2019,train,/kaggle/input/datasets/deepapaneru/aptos2019/train_images/train_images/441117562359.png,441117562359.png,441117562359,left,0.86,estimated_disc_position,aptos2019_441117562359,False,2.0
aptos2019,train,/kaggle/input/datasets/deepapaneru/aptos2019/train_images/train_images/74898f372d2b.png,74898f372d2b.png,74898f372d2b,right,1.0,estimated_disc_position,aptos2019_74898f372d2b,False,0.0
aptos2019,train,/kaggle/input/datasets/deepapaneru/aptos2019/train_images/train_images/1ca91751be4d.png,1ca91751be4d.png,1ca91751be4d,left,0.81,estimated_disc_position,aptos2019_1ca91751be4d,False,0.0
aptos2019,train,/kaggle/input/datasets/deepapaneru/aptos2019/train_images/train_images/6a244e855d0e.png,6a244e855d0e.png,6a244e855d0e,right,0.96,estimated_disc_position,aptos2019_6a244e855d0e,False,3.0
aptos2019,train,/kaggle/input/datasets/deepapaneru/aptos2019/train_images/train_images/b553e7909535.png,b553e7909535.png,b553e7909535,right,1.0,estimated_disc_position,aptos2019_b553e7909535,False,0.0
aptos2019,train,/kaggle/input/datasets/deepapaneru/aptos2019/train_images/train_images/504a69096fcb.png,504a69096fcb.png,504a69096fcb,left,0.94,estimated_disc_position,aptos2019_504a69096fcb,False,0.0
aptos2019,train,/kaggle/input/datasets/deepapaneru/aptos2019/train_images/train_images/aca88f566228.png,aca88f566228.png,aca88f566228,right,0.51,estimated_disc_position,aptos2019_aca88f566228,False,2.0
aptos2019,train,/kaggle/input/datasets/deepapaneru/aptos2019/train_images/train_images/3d2ecffe0386.png,3d2ecffe0386.png,3d2ecffe0386,right,1.0,estimated_disc_position,aptos2019_3d2ecffe0386,False,0.0
aptos2019,train,/kaggle/input/datasets/deepapaneru/aptos2019/train_images/train_images/6630f8675a97.png,6630f8675a97.png,6630f8675a97,left,1.0,estimated_disc_position,aptos2019_6630f8675a97,False,4.0
aptos2019,train,/kaggle/input/datasets/deepapaneru/aptos2019/train_images/train_images/5d4e5fd34d91.png,5d4e5fd34d91.png,5d4e5fd34d91,right,0.97,estimated_disc_position,aptos2019_5d4e5fd34d91,False,0.0
aptos2019,train,/kaggle/input/datasets/deepapaneru/aptos2019/train_images/train_images/22895c89792f.png,22895c89792f.png,22895c89792f,right,0.99,estimated_disc_position,aptos2019_22895c89792f,False,4.0
aptos2019,train,/kaggle/input/datasets/deepapaneru/aptos2019/train_images/train_images/3730c322d35b.png,3730c322d35b.png,3730c322d35b,right,1.0,estimated_disc_position,aptos2019_3730c322d35b,False,0.0
aptos2019,train,/kaggle/input/datasets/deepapaneru/aptos2019/train_images/train_images/58af2c054ced.png,58af2c054ced.png,58af2c054ced,left,0.98,estimated_disc_position,aptos2019_58af2c054ced,False,0.0
aptos2019,train,/kaggle/input/datasets/deepapaneru/aptos2019/train_images/train_images/655cafb4c932.png,655cafb4c932.png,655cafb4c932,right,1.0,estimated_disc_position,aptos2019_655cafb4c932,False,1.0
aptos2019,train,/kaggle/input/datasets/deepapaneru/aptos2019/train_images/train_images/86baef833ae0.png,86baef833ae0.png,86baef833ae0,left,1.0,estimated_disc_position,aptos2019_86baef833ae0,False,2.0
aptos2019,train,/kaggle/input/datasets/deepapaneru/aptos2019/train_images/train_images/d6283ded6aea.png,d6283ded6aea.png,d6283ded6aea,right,1.0,estimated_disc_position,aptos2019_d6283ded6aea,False,2.0
aptos2019,train,/kaggle/input/datasets/deepapaneru/aptos2019/train_images/train_images/76bc31e0d3be.png,76bc31e0d3be.png,76bc31e0d3be,left,1.0,estimated_disc_position,aptos2019_76bc31e0d3be,False,0.0
aptos2019,train,/kaggle/input/datasets/deepapaneru/aptos2019/train_images/train_images/9da74370835a.png,9da74370835a.png,9da74370835a,right,1.0,estimated_disc_position,aptos2019_9da74370835a,False,2.0
aptos2019,train,/kaggle/input/datasets/deepapaneru/aptos2019/train_images/train_images/351e842842a2.png,351e842842a2.png,351e842842a2,right,1.0,estimated_disc_position,aptos2019_351e842842a2,False,0.0
aptos2019,train,/kaggle/input/datasets/deepapaneru/aptos2019/train_images/train_images/883c6a184f16.png,883c6a184f16.png,883c6a184f16,right,1.0,estimated_disc_position,aptos2019_883c6a184f16,False,0.0
aptos2019,train,/kaggle/input/datasets/deepapaneru/aptos2019/train_images/train_images/415f2d2bd2a1.png,415f2d2bd2a1.png,415f2d2bd2a1,right,0.78,estimated_disc_position,aptos2019_415f2d2bd2a1,False,0.0
aptos2019,train,/kaggle/input/datasets/deepapaneru/aptos2019/train_images/train_images/a1b28bcbce00.png,a1b28bcbce00.png,a1b28bcbce00,left,1.0,estimated_disc_position,aptos2019_a1b28bcbce00,False,0.0
aptos2019,train,/kaggle/input/datasets/deepapaneru/aptos2019/train_images/train_images/92f313287a29.png,92f313287a29.png,92f313287a29,right,1.0,estimated_disc_position,aptos2019_92f313287a29,False,2.0
aptos2019,train,/kaggle/input/datasets/deepapaneru/aptos2019/train_images/train_images/dee1031a76ae.png,dee1031a76ae.png,dee1031a76ae,right,0.41,estimated_disc_position,aptos2019_dee1031a76ae,False,0.0
aptos2019,train,/kaggle/input/datasets/deepapaneru/aptos2019/train_images/train_images/57f933d3d7c7.png,57f933d3d7c7.png,57f933d3d7c7,right,1.0,estimated_disc_position,aptos2019_57f933d3d7c7,False,2.0
aptos2019,train,/kaggle/input/datasets/deepapaneru/aptos2019/train_images/train_images/9f436886e056.png,9f436886e056.png,9f436886e056,right,0.78,estimated_disc_position,aptos2019_9f436886e056,False,2.0
aptos2019,train,/kaggle/input/datasets/deepapaneru/aptos2019/train_images/train_images/4e0656629d02.png,4e0656629d02.png,4e0656629d02,uncertain,0.13,estimated_disc_position,aptos2019_4e0656629d02,True,1.0
aptos2019,train,/kaggle/input/datasets/deepapaneru/aptos2019/train_images/train_images/4e85aa647534.png,4e85aa647534.png,4e85aa647534,right,1.0,estimated_disc_position,aptos2019_4e85aa647534,False,0.0
aptos2019,train,/kaggle/input/datasets/deepapaneru/aptos2019/train_images/train_images/2bd4d4fbed5c.png,2bd4d4fbed5c.png,2bd4d4fbed5c,right,0.66,estimated_disc_position,aptos2019_2bd4d4fbed5c,False,2.0
aptos2019,train,/kaggle/input/datasets/deepapaneru/aptos2019/train_images/train_images/8d9516ea3587.png,8d9516ea3587.png,8d9516ea3587,left,0.99,estimated_disc_position,aptos2019_8d9516ea3587,False,0.0
aptos2019,train,/kaggle/input/datasets/deepapaneru/aptos2019/train_images/train_images/bc92a61a1f9c.png,bc92a61a1f9c.png,bc92a61a1f9c,right,0.91,estimated_disc_position,aptos2019_bc92a61a1f9c,False,0.0
aptos2019,train,/kaggle/input/datasets/deepapaneru/aptos2019/train_images/train_images/d7bc62d60e8c.png,d7bc62d60e8c.png,d7bc62d60e8c,right,1.0,estimated_disc_position,aptos2019_d7bc62d60e8c,False,0.0
aptos2019,train,/kaggle/input/datasets/deepapaneru/aptos2019/train_images/train_images/568455854a11.png,568455854a11.png,568455854a11,right,1.0,estimated_disc_position,aptos2019_568455854a11,False,0.0
aptos2019,train,/kaggle/input/datasets/deepapaneru/aptos2019/train_images/train_images/5fcff7280019.png,5fcff7280019.png,5fcff7280019,right,1.0,estimated_disc_position,aptos2019_5fcff7280019,False,0.0
aptos2019,train,/kaggle/input/datasets/deepapaneru/aptos2019/train_images/train_images/6cb96a6fb029.png,6cb96a6fb029.png,6cb96a6fb029,right,1.0,estimated_disc_position,aptos2019_6cb96a6fb029,False,0.0
aptos2019,train,/kaggle/input/datasets/deepapaneru/aptos2019/train_images/train_images/a87f53bc984a.png,a87f53bc984a.png,a87f53bc984a,left,1.0,estimated_disc_position,aptos2019_a87f53bc984a,False,2.0
aptos2019,train,/kaggle/input/datasets/deepapaneru/aptos2019/train_images/train_images/338326891d84.png,338326891d84.png,338326891d84,right,1.0,estimated_disc_position,aptos2019_338326891d84,False,0.0
aptos2019,train,/kaggle/input/datasets/deepapaneru/aptos2019/train_images/train_images/66bae1ba227f.png,66bae1ba227f.png,66bae1ba227f,left,1.0,estimated_disc_position,aptos2019_66bae1ba227f,False,2.0
aptos2019,train,/kaggle/input/datasets/deepapaneru/aptos2019/train_images/train_images/df6d13d04da1.png,df6d13d04da1.png,df6d13d04da1,right,0.81,estimated_disc_position,aptos2019_df6d13d04da1,False,0.0
aptos2019,train,/kaggle/input/datasets/deepapaneru/aptos2019/train_images/train_images/c3c8fdda50c0.png,c3c8fdda50c0.png,c3c8fdda50c0,left,1.0,estimated_disc_position,aptos2019_c3c8fdda50c0,False,0.0
aptos2019,train,/kaggle/input/datasets/deepapaneru/aptos2019/train_images/train_images/ad570b850a4f.png,ad570b850a4f.png,ad570b850a4f,left,0.35,estimated_disc_position,aptos2019_ad570b850a4f,False,2.0
aptos2019,train,/kaggle/input/datasets/deepapaneru/aptos2019/train_images/train_images/33b893e18eb3.png,33b893e18eb3.png,33b893e18eb3,left,1.0,estimated_disc_position,aptos2019_33b893e18eb3,False,1.0
aptos2019,train,/kaggle/input/datasets/deepapaneru/aptos2019/train_images/train_images/3ccf96c1dd6d.png,3ccf96c1dd6d.png,3ccf96c1dd6d,right,1.0,estimated_disc_position,aptos2019_3ccf96c1dd6d,False,4.0
aptos2019,train,/kaggle/input/datasets/deepapaneru/aptos2019/train_images/train_images/354b8911d6ed.png,354b8911d6ed.png,354b8911d6ed,right,1.0,estimated_disc_position,aptos2019_354b8911d6ed,False,2.0
aptos2019,train,/kaggle/input/datasets/deepapaneru/aptos2019/train_images/train_images/c7e827fc7f41.png,c7e827fc7f41.png,c7e827fc7f41,right,1.0,estimated_disc_position,aptos2019_c7e827fc7f41,False,2.0
aptos2019,train,/kaggle/input/datasets/deepapaneru/aptos2019/train_images/train_images/e2a47a74e6e1.png,e2a47a74e6e1.png,e2a47a74e6e1,left,0.33,estimated_disc_position,aptos2019_e2a47a74e6e1,True,2.0
aptos2019,train,/kaggle/input/datasets/deepapaneru/aptos2019/train_images/train_images/e2ec22b3d07e.png,e2ec22b3d07e.png,e2ec22b3d07e,right,1.0,estimated_disc_position,aptos2019_e2ec22b3d07e,False,0.0
aptos2019,train,/kaggle/input/datasets/deepapaneru/aptos2019/train_images/train_images/1cb814ed6332.png,1cb814ed6332.png,1cb814ed6332,uncertain,0.05,estimated_disc_position,aptos2019_1cb814ed6332,True,2.0
aptos2019,train,/kaggle/input/datasets/deepapaneru/aptos2019/train_images/train_images/2bbd1f99ecc3.png,2bbd1f99ecc3.png,2bbd1f99ecc3,right,1.0,estimated_disc_position,aptos2019_2bbd1f99ecc3,False,3.0
aptos2019,train,/kaggle/input/datasets/deepapaneru/aptos2019/train_images/train_images/874f8c1929f6.png,874f8c1929f6.png,874f8c1929f6,left,0.98,estimated_disc_position,aptos2019_874f8c1929f6,False,0.0
aptos2019,train,/kaggle/input/datasets/deepapaneru/aptos2019/train_images/train_images/40dd4e6e4444.png,40dd4e6e4444.png,40dd4e6e4444,left,0.79,estimated_disc_position,aptos2019_40dd4e6e4444,False,0.0
aptos2019,train,/kaggle/input/datasets/deepapaneru/aptos2019/train_images/train_images/87d46b1cc4e9.png,87d46b1cc4e9.png,87d46b1cc4e9,left,0.99,estimated_disc_position,aptos2019_87d46b1cc4e9,False,0.0
aptos2019,train,/kaggle/input/datasets/deepapaneru/aptos2019/train_images/train_images/692e946b1f85.png,692e946b1f85.png,692e946b1f85,uncertain,0.23,estimated_disc_position,aptos2019_692e946b1f85,True,0.0
aptos2019,train,/kaggle/input/datasets/deepapaneru/aptos2019/train_images/train_images/760b6f4c6d82.png,760b6f4c6d82.png,760b6f4c6d82,left,0.92,estimated_disc_position,aptos2019_760b6f4c6d82,False,2.0
aptos2019,train,/kaggle/input/datasets/deepapaneru/aptos2019/train_images/train_images/1c4d87baaffc.png,1c4d87baaffc.png,1c4d87baaffc,left,1.0,estimated_disc_position,aptos2019_1c4d87baaffc,False,2.0
aptos2019,train,/kaggle/input/datasets/deepapaneru/aptos2019/train_images/train_images/84b472c49cfa.png,84b472c49cfa.png,84b472c49cfa,right,0.6,estimated_disc_position,aptos2019_84b472c49cfa,False,0.0
aptos2019,train,/kaggle/input/datasets/deepapaneru/aptos2019/train_images/train_images/2cef97083e6f.png,2cef97083e6f.png,2cef97083e6f,left,1.0,estimated_disc_position,aptos2019_2cef97083e6f,False,2.0
aptos2019,train,/kaggle/input/datasets/deepapaneru/aptos2019/train_images/train_images/71c22da3d6c6.png,71c22da3d6c6.png,71c22da3d6c6,right,1.0,estimated_disc_position,aptos2019_71c22da3d6c6,False,0.0
aptos2019,train,/kaggle/input/datasets/deepapaneru/aptos2019/train_images/train_images/25002fe43f92.png,25002fe43f92.png,25002fe43f92,right,1.0,estimated_disc_position,aptos2019_25002fe43f92,False,2.0
aptos2019,train,/kaggle/input/datasets/deepapaneru/aptos2019/train_images/train_images/401fdfd0db07.png,401fdfd0db07.png,401fdfd0db07,left,1.0,estimated_disc_position,aptos2019_401fdfd0db07,False,0.0
aptos2019,train,/kaggle/input/datasets/deepapaneru/aptos2019/train_images/train_images/7bda86d95c5b.png,7bda86d95c5b.png,7bda86d95c5b,right,1.0,estimated_disc_position,aptos2019_7bda86d95c5b,False,2.0
aptos2019,train,/kaggle/input/datasets/deepapaneru/aptos2019/train_images/train_images/7455e2b5fc57.png,7455e2b5fc57.png,7455e2b5fc57,uncertain,0.29,estimated_disc_position,aptos2019_7455e2b5fc57,True,2.0
aptos2019,train,/kaggle/input/datasets/deepapaneru/aptos2019/train_images/train_images/1e8c31e29dd3.png,1e8c31e29dd3.png,1e8c31e29dd3,right,0.75,estimated_disc_position,aptos2019_1e8c31e29dd3,False,0.0
aptos2019,train,/kaggle/input/datasets/deepapaneru/aptos2019/train_images/train_images/b1c6f0997e27.png,b1c6f0997e27.png,b1c6f0997e27,right,0.81,estimated_disc_position,aptos2019_b1c6f0997e27,False,0.0
aptos2019,train,/kaggle/input/datasets/deepapaneru/aptos2019/train_images/train_images/200d947f75db.png,200d947f75db.png,200d947f75db,right,1.0,estimated_disc_position,aptos2019_200d947f75db,False,1.0
aptos2019,train,/kaggle/input/datasets/deepapaneru/aptos2019/train_images/train_images/75c180e04f65.png,75c180e04f65.png,75c180e04f65,left,1.0,estimated_disc_position,aptos2019_75c180e04f65,False,0.0
aptos2019,train,/kaggle/input/datasets/deepapaneru/aptos2019/train_images/train_images/55034b1dbff2.png,55034b1dbff2.png,55034b1dbff2,left,0.4,estimated_disc_position,aptos2019_55034b1dbff2,False,2.0
aptos2019,train,/kaggle/input/datasets/deepapaneru/aptos2019/train_images/train_images/959bb2d01091.png,959bb2d01091.png,959bb2d01091,left,1.0,estimated_disc_position,aptos2019_959bb2d01091,False,0.0
aptos2019,train,/kaggle/input/datasets/deepapaneru/aptos2019/train_images/train_images/3ac92ac3d65a.png,3ac92ac3d65a.png,3ac92ac3d65a,right,1.0,estimated_disc_position,aptos2019_3ac92ac3d65a,False,0.0
aptos2019,train,/kaggle/input/datasets/deepapaneru/aptos2019/train_images/train_images/d29096bd94aa.png,d29096bd94aa.png,d29096bd94aa,left,1.0,estimated_disc_position,aptos2019_d29096bd94aa,False,2.0
aptos2019,train,/kaggle/input/datasets/deepapaneru/aptos2019/train_images/train_images/7ec0e61a7e29.png,7ec0e61a7e29.png,7ec0e61a7e29,right,1.0,estimated_disc_position,aptos2019_7ec0e61a7e29,False,0.0
aptos2019,train,/kaggle/input/datasets/deepapaneru/aptos2019/train_images/train_images/85f99e7e4052.png,85f99e7e4052.png,85f99e7e4052,left,0.43,estimated_disc_position,aptos2019_85f99e7e4052,False,0.0
aptos2019,train,/kaggle/input/datasets/deepapaneru/aptos2019/train_images/train_images/1db0393cdbc1.png,1db0393cdbc1.png,1db0393cdbc1,right,1.0,estimated_disc_position,aptos2019_1db0393cdbc1,False,0.0
aptos2019,train,/kaggle/input/datasets/deepapaneru/aptos2019/train_images/train_images/565f3404f9b2.png,565f3404f9b2.png,565f3404f9b2,left,1.0,estimated_disc_position,aptos2019_565f3404f9b2,False,0.0
aptos2019,train,/kaggle/input/datasets/deepapaneru/aptos2019/train_images/train_images/2b07790a2422.png,2b07790a2422.png,2b07790a2422,left,1.0,estimated_disc_position,aptos2019_2b07790a2422,False,2.0
aptos2019,train,/kaggle/input/datasets/deepapaneru/aptos2019/train_images/train_images/bcb0498ed2c1.png,bcb0498ed2c1.png,bcb0498ed2c1,uncertain,0.09,estimated_disc_position,aptos2019_bcb0498ed2c1,True,0.0
aptos2019,train,/kaggle/input/datasets/deepapaneru/aptos2019/train_images/train_images/a3ad6c2db6f1.png,a3ad6c2db6f1.png,a3ad6c2db6f1,left,1.0,estimated_disc_position,aptos2019_a3ad6c2db6f1,False,1.0
aptos2019,train,/kaggle/input/datasets/deepapaneru/aptos2019/train_images/train_images/328d141ed3aa.png,328d141ed3aa.png,328d141ed3aa,left,1.0,estimated_disc_position,aptos2019_328d141ed3aa,False,0.0
aptos2019,train,/kaggle/input/datasets/deepapaneru/aptos2019/train_images/train_images/b70cb31b9abb.png,b70cb31b9abb.png,b70cb31b9abb,right,1.0,estimated_disc_position,aptos2019_b70cb31b9abb,False,4.0
aptos2019,train,/kaggle/input/datasets/deepapaneru/aptos2019/train_images/train_images/1f0e223b8055.png,1f0e223b8055.png,1f0e223b8055,uncertain,0.21,estimated_disc_position,aptos2019_1f0e223b8055,True,2.0
aptos2019,train,/kaggle/input/datasets/deepapaneru/aptos2019/train_images/train_images/5e7db41b3bee.png,5e7db41b3bee.png,5e7db41b3bee,left,1.0,estimated_disc_position,aptos2019_5e7db41b3bee,False,4.0
aptos2019,train,/kaggle/input/datasets/deepapaneru/aptos2019/train_images/train_images/2c1d5be654dd.png,2c1d5be654dd.png,2c1d5be654dd,right,1.0,estimated_disc_position,aptos2019_2c1d5be654dd,False,2.0
aptos2019,train,/kaggle/input/datasets/deepapaneru/aptos2019/train_images/train_images/83517eaeccb9.png,83517eaeccb9.png,83517eaeccb9,left,0.49,estimated_disc_position,aptos2019_83517eaeccb9,False,0.0
aptos2019,train,/kaggle/input/datasets/deepapaneru/aptos2019/train_images/train_images/d1f1ea894da1.png,d1f1ea894da1.png,d1f1ea894da1,right,1.0,estimated_disc_position,aptos2019_d1f1ea894da1,False,2.0
aptos2019,train,/kaggle/input/datasets/deepapaneru/aptos2019/train_images/train_images/203275daf46d.png,203275daf46d.png,203275daf46d,right,0.54,estimated_disc_position,aptos2019_203275daf46d,False,2.0
aptos2019,train,/kaggle/input/datasets/deepapaneru/aptos2019/train_images/train_images/356304d15a5c.png,356304d15a5c.png,356304d15a5c,right,0.9,estimated_disc_position,aptos2019_356304d15a5c,False,0.0
aptos2019,train,/kaggle/input/datasets/deepapaneru/aptos2019/train_images/train_images/946545473380.png,946545473380.png,946545473380,right,0.93,estimated_disc_position,aptos2019_946545473380,False,0.0
aptos2019,train,/kaggle/input/datasets/deepapaneru/aptos2019/train_images/train_images/3bf3085ac167.png,3bf3085ac167.png,3bf3085ac167,left,0.96,estimated_disc_position,aptos2019_3bf3085ac167,False,0.0
aptos2019,train,/kaggle/input/datasets/deepapaneru/aptos2019/train_images/train_images/95a4cc805c7b.png,95a4cc805c7b.png,95a4cc805c7b,right,1.0,estimated_disc_position,aptos2019_95a4cc805c7b,False,1.0
aptos2019,train,/kaggle/input/datasets/deepapaneru/aptos2019/train_images/train_images/5ea9e447bb62.png,5ea9e447bb62.png,5ea9e447bb62,left,0.33,estimated_disc_position,aptos2019_5ea9e447bb62,True,0.0
aptos2019,train,/kaggle/input/datasets/deepapaneru/aptos2019/train_images/train_images/9f4132bd6ed6.png,9f4132bd6ed6.png,9f4132bd6ed6,right,1.0,estimated_disc_position,aptos2019_9f4132bd6ed6,False,2.0
aptos2019,train,/kaggle/input/datasets/deepapaneru/aptos2019/train_images/train_images/e4c799738a19.png,e4c799738a19.png,e4c799738a19,right,0.84,estimated_disc_position,aptos2019_e4c799738a19,False,0.0
aptos2019,train,/kaggle/input/datasets/deepapaneru/aptos2019/train_images/train_images/239f2c348ea4.png,239f2c348ea4.png,239f2c348ea4,left,1.0,estimated_disc_position,aptos2019_239f2c348ea4,False,2.0
aptos2019,train,/kaggle/input/datasets/deepapaneru/aptos2019/train_images/train_images/6181aa9f75f4.png,6181aa9f75f4.png,6181aa9f75f4,left,1.0,estimated_disc_position,aptos2019_6181aa9f75f4,False,3.0
aptos2019,train,/kaggle/input/datasets/deepapaneru/aptos2019/train_images/train_images/55eb405ec71e.png,55eb405ec71e.png,55eb405ec71e,left,0.98,estimated_disc_position,aptos2019_55eb405ec71e,False,4.0
aptos2019,train,/kaggle/input/datasets/deepapaneru/aptos2019/train_images/train_images/d436c06f0490.png,d436c06f0490.png,d436c06f0490,right,0.43,estimated_disc_position,aptos2019_d436c06f0490,False,0.0
aptos2019,train,/kaggle/input/datasets/deepapaneru/aptos2019/train_images/train_images/6e018411ba4a.png,6e018411ba4a.png,6e018411ba4a,right,0.93,estimated_disc_position,aptos2019_6e018411ba4a,False,0.0
aptos2019,train,/kaggle/input/datasets/deepapaneru/aptos2019/train_images/train_images/87a9f4d20f07.png,87a9f4d20f07.png,87a9f4d20f07,right,0.98,estimated_disc_position,aptos2019_87a9f4d20f07,False,0.0
aptos2019,train,/kaggle/input/datasets/deepapaneru/aptos2019/train_images/train_images/d2901144070c.png,d2901144070c.png,d2901144070c,right,0.46,estimated_disc_position,aptos2019_d2901144070c,False,4.0
aptos2019,train,/kaggle/input/datasets/deepapaneru/aptos2019/train_images/train_images/b64e1eef3d63.png,b64e1eef3d63.png,b64e1eef3d63,right,1.0,estimated_disc_position,aptos2019_b64e1eef3d63,False,0.0
aptos2019,train,/kaggle/input/datasets/deepapaneru/aptos2019/train_images/train_images/89ee1fa16f90.png,89ee1fa16f90.png,89ee1fa16f90,left,1.0,estimated_disc_position,aptos2019_89ee1fa16f90,False,2.0
aptos2019,train,/kaggle/input/datasets/deepapaneru/aptos2019/train_images/train_images/ae58ccb5905e.png,ae58ccb5905e.png,ae58ccb5905e,left,0.83,estimated_disc_position,aptos2019_ae58ccb5905e,False,0.0
aptos2019,train,/kaggle/input/datasets/deepapaneru/aptos2019/train_images/train_images/8bbd7835e9aa.png,8bbd7835e9aa.png,8bbd7835e9aa,left,1.0,estimated_disc_position,aptos2019_8bbd7835e9aa,False,1.0
aptos2019,train,/kaggle/input/datasets/deepapaneru/aptos2019/train_images/train_images/7adfb8fc0621.png,7adfb8fc0621.png,7adfb8fc0621,left,0.98,estimated_disc_position,aptos2019_7adfb8fc0621,False,0.0
aptos2019,train,/kaggle/input/datasets/deepapaneru/aptos2019/train_images/train_images/a30a143a53a3.png,a30a143a53a3.png,a30a143a53a3,right,1.0,estimated_disc_position,aptos2019_a30a143a53a3,False,0.0
aptos2019,train,/kaggle/input/datasets/deepapaneru/aptos2019/train_images/train_images/75a7bc945b7d.png,75a7bc945b7d.png,75a7bc945b7d,uncertain,0.12,estimated_disc_position,aptos2019_75a7bc945b7d,True,2.0
aptos2019,train,/kaggle/input/datasets/deepapaneru/aptos2019/train_images/train_images/b468ebf5cb11.png,b468ebf5cb11.png,b468ebf5cb11,left,1.0,estimated_disc_position,aptos2019_b468ebf5cb11,False,2.0
aptos2019,train,/kaggle/input/datasets/deepapaneru/aptos2019/train_images/train_images/5b644a403e1f.png,5b644a403e1f.png,5b644a403e1f,right,0.71,estimated_disc_position,aptos2019_5b644a403e1f,False,2.0
aptos2019,train,/kaggle/input/datasets/deepapaneru/aptos2019/train_images/train_images/dc0eea0b68a7.png,dc0eea0b68a7.png,dc0eea0b68a7,right,1.0,estimated_disc_position,aptos2019_dc0eea0b68a7,False,0.0
aptos2019,train,/kaggle/input/datasets/deepapaneru/aptos2019/train_images/train_images/dbb2c63f6f08.png,dbb2c63f6f08.png,dbb2c63f6f08,right,1.0,estimated_disc_position,aptos2019_dbb2c63f6f08,False,3.0
aptos2019,train,/kaggle/input/datasets/deepapaneru/aptos2019/train_images/train_images/55092c0071eb.png,55092c0071eb.png,55092c0071eb,uncertain,0.17,estimated_disc_position,aptos2019_55092c0071eb,True,2.0
aptos2019,train,/kaggle/input/datasets/deepapaneru/aptos2019/train_images/train_images/299086c6d1b5.png,299086c6d1b5.png,299086c6d1b5,right,0.85,estimated_disc_position,aptos2019_299086c6d1b5,False,3.0
aptos2019,train,/kaggle/input/datasets/deepapaneru/aptos2019/train_images/train_images/97bf61736b86.png,97bf61736b86.png,97bf61736b86,left,1.0,estimated_disc_position,aptos2019_97bf61736b86,False,2.0
aptos2019,train,/kaggle/input/datasets/deepapaneru/aptos2019/train_images/train_images/5327f88a1919.png,5327f88a1919.png,5327f88a1919,left,1.0,estimated_disc_position,aptos2019_5327f88a1919,False,2.0
aptos2019,train,/kaggle/input/datasets/deepapaneru/aptos2019/train_images/train_images/b5bf7b84fc66.png,b5bf7b84fc66.png,b5bf7b84fc66,right,0.83,estimated_disc_position,aptos2019_b5bf7b84fc66,False,0.0
aptos2019,train,/kaggle/input/datasets/deepapaneru/aptos2019/train_images/train_images/3dbc90c7ee7d.png,3dbc90c7ee7d.png,3dbc90c7ee7d,uncertain,0.11,estimated_disc_position,aptos2019_3dbc90c7ee7d,True,1.0
aptos2019,train,/kaggle/input/datasets/deepapaneru/aptos2019/train_images/train_images/2dd28ac497d2.png,2dd28ac497d2.png,2dd28ac497d2,right,1.0,estimated_disc_position,aptos2019_2dd28ac497d2,False,0.0
aptos2019,train,/kaggle/input/datasets/deepapaneru/aptos2019/train_images/train_images/ca7570c5925c.png,ca7570c5925c.png,ca7570c5925c,left,1.0,estimated_disc_position,aptos2019_ca7570c5925c,False,2.0
aptos2019,train,/kaggle/input/datasets/deepapaneru/aptos2019/train_images/train_images/9cedf5c7016b.png,9cedf5c7016b.png,9cedf5c7016b,left,0.99,estimated_disc_position,aptos2019_9cedf5c7016b,False,2.0
aptos2019,train,/kaggle/input/datasets/deepapaneru/aptos2019/train_images/train_images/94b9ccc73bb9.png,94b9ccc73bb9.png,94b9ccc73bb9,right,1.0,estimated_disc_position,aptos2019_94b9ccc73bb9,False,0.0
aptos2019,train,/kaggle/input/datasets/deepapaneru/aptos2019/train_images/train_images/5f13e8a07344.png,5f13e8a07344.png,5f13e8a07344,right,1.0,estimated_disc_position,aptos2019_5f13e8a07344,False,3.0
aptos2019,train,/kaggle/input/datasets/deepapaneru/aptos2019/train_images/train_images/6966abf40b8c.png,6966abf40b8c.png,6966abf40b8c,right,0.54,estimated_disc_position,aptos2019_6966abf40b8c,False,0.0
aptos2019,train,/kaggle/input/datasets/deepapaneru/aptos2019/train_images/train_images/6af071b0ac6e.png,6af071b0ac6e.png,6af071b0ac6e,right,1.0,estimated_disc_position,aptos2019_6af071b0ac6e,False,0.0
aptos2019,train,/kaggle/input/datasets/deepapaneru/aptos2019/train_images/train_images/80f6b30ece8c.png,80f6b30ece8c.png,80f6b30ece8c,right,1.0,estimated_disc_position,aptos2019_80f6b30ece8c,False,0.0
aptos2019,train,/kaggle/input/datasets/deepapaneru/aptos2019/train_images/train_images/cc839823755b.png,cc839823755b.png,cc839823755b,right,1.0,estimated_disc_position,aptos2019_cc839823755b,False,2.0
aptos2019,train,/kaggle/input/datasets/deepapaneru/aptos2019/train_images/train_images/be3a7d9e981e.png,be3a7d9e981e.png,be3a7d9e981e,left,1.0,estimated_disc_position,aptos2019_be3a7d9e981e,False,0.0
aptos2019,train,/kaggle/input/datasets/deepapaneru/aptos2019/train_images/train_images/63e041a757eb.png,63e041a757eb.png,63e041a757eb,uncertain,0.1,estimated_disc_position,aptos2019_63e041a757eb,True,0.0
aptos2019,train,/kaggle/input/datasets/deepapaneru/aptos2019/train_images/train_images/9b418ce42c13.png,9b418ce42c13.png,9b418ce42c13,uncertain,0.07,estimated_disc_position,aptos2019_9b418ce42c13,True,2.0
aptos2019,train,/kaggle/input/datasets/deepapaneru/aptos2019/train_images/train_images/44271f3cb18f.png,44271f3cb18f.png,44271f3cb18f,left,1.0,estimated_disc_position,aptos2019_44271f3cb18f,False,0.0
aptos2019,train,/kaggle/input/datasets/deepapaneru/aptos2019/train_images/train_images/a627eb8c08c5.png,a627eb8c08c5.png,a627eb8c08c5,left,1.0,estimated_disc_position,aptos2019_a627eb8c08c5,False,0.0
aptos2019,train,/kaggle/input/datasets/deepapaneru/aptos2019/train_images/train_images/2d7666b8884f.png,2d7666b8884f.png,2d7666b8884f,left,1.0,estimated_disc_position,aptos2019_2d7666b8884f,False,1.0
aptos2019,train,/kaggle/input/datasets/deepapaneru/aptos2019/train_images/train_images/ae61e19fb766.png,ae61e19fb766.png,ae61e19fb766,left,1.0,estimated_disc_position,aptos2019_ae61e19fb766,False,0.0
aptos2019,train,/kaggle/input/datasets/deepapaneru/aptos2019/train_images/train_images/23fca0693e2a.png,23fca0693e2a.png,23fca0693e2a,right,1.0,estimated_disc_position,aptos2019_23fca0693e2a,False,2.0
aptos2019,train,/kaggle/input/datasets/deepapaneru/aptos2019/train_images/train_images/b498b84d383f.png,b498b84d383f.png,b498b84d383f,right,0.81,estimated_disc_position,aptos2019_b498b84d383f,False,2.0
aptos2019,train,/kaggle/input/datasets/deepapaneru/aptos2019/train_images/train_images/6110ecb3bb1c.png,6110ecb3bb1c.png,6110ecb3bb1c,right,0.86,estimated_disc_position,aptos2019_6110ecb3bb1c,False,0.0
aptos2019,train,/kaggle/input/datasets/deepapaneru/aptos2019/train_images/train_images/2f7789c1e046.png,2f7789c1e046.png,2f7789c1e046,uncertain,0.01,estimated_disc_position,aptos2019_2f7789c1e046,True,4.0
aptos2019,train,/kaggle/input/datasets/deepapaneru/aptos2019/train_images/train_images/aaaadb174012.png,aaaadb174012.png,aaaadb174012,right,0.75,estimated_disc_position,aptos2019_aaaadb174012,False,0.0
aptos2019,train,/kaggle/input/datasets/deepapaneru/aptos2019/train_images/train_images/4e8585a96739.png,4e8585a96739.png,4e8585a96739,left,1.0,estimated_disc_position,aptos2019_4e8585a96739,False,0.0
aptos2019,train,/kaggle/input/datasets/deepapaneru/aptos2019/train_images/train_images/2994f17f58a5.png,2994f17f58a5.png,2994f17f58a5,left,1.0,estimated_disc_position,aptos2019_2994f17f58a5,False,1.0
aptos2019,train,/kaggle/input/datasets/deepapaneru/aptos2019/train_images/train_images/a4b8de38eac1.png,a4b8de38eac1.png,a4b8de38eac1,left,0.95,estimated_disc_position,aptos2019_a4b8de38eac1,False,3.0
aptos2019,train,/kaggle/input/datasets/deepapaneru/aptos2019/train_images/train_images/a45d77edf8d9.png,a45d77edf8d9.png,a45d77edf8d9,left,1.0,estimated_disc_position,aptos2019_a45d77edf8d9,False,2.0
aptos2019,train,/kaggle/input/datasets/deepapaneru/aptos2019/train_images/train_images/b402daa0864c.png,b402daa0864c.png,b402daa0864c,left,0.84,estimated_disc_position,aptos2019_b402daa0864c,False,2.0
aptos2019,train,/kaggle/input/datasets/deepapaneru/aptos2019/train_images/train_images/c62585bd68fb.png,c62585bd68fb.png,c62585bd68fb,left,0.7,estimated_disc_position,aptos2019_c62585bd68fb,False,4.0
aptos2019,train,/kaggle/input/datasets/deepapaneru/aptos2019/train_images/train_images/7f1f3269f546.png,7f1f3269f546.png,7f1f3269f546,right,1.0,estimated_disc_position,aptos2019_7f1f3269f546,False,0.0
aptos2019,train,/kaggle/input/datasets/deepapaneru/aptos2019/train_images/train_images/d18b1d8ac4de.png,d18b1d8ac4de.png,d18b1d8ac4de,right,0.98,estimated_disc_position,aptos2019_d18b1d8ac4de,False,2.0
aptos2019,train,/kaggle/input/datasets/deepapaneru/aptos2019/train_images/train_images/bb783d8e496f.png,bb783d8e496f.png,bb783d8e496f,left,1.0,estimated_disc_position,aptos2019_bb783d8e496f,False,1.0
aptos2019,train,/kaggle/input/datasets/deepapaneru/aptos2019/train_images/train_images/c6f5b5b5be41.png,c6f5b5b5be41.png,c6f5b5b5be41,uncertain,0.27,estimated_disc_position,aptos2019_c6f5b5b5be41,True,0.0
aptos2019,train,/kaggle/input/datasets/deepapaneru/aptos2019/train_images/train_images/2967e578939f.png,2967e578939f.png,2967e578939f,uncertain,0.23,estimated_disc_position,aptos2019_2967e578939f,True,2.0
aptos2019,train,/kaggle/input/datasets/deepapaneru/aptos2019/train_images/train_images/e1e490773462.png,e1e490773462.png,e1e490773462,left,0.33,estimated_disc_position,aptos2019_e1e490773462,True,2.0
aptos2019,train,/kaggle/input/datasets/deepapaneru/aptos2019/train_images/train_images/42c65af5ab16.png,42c65af5ab16.png,42c65af5ab16,right,1.0,estimated_disc_position,aptos2019_42c65af5ab16,False,0.0
aptos2019,train,/kaggle/input/datasets/deepapaneru/aptos2019/train_images/train_images/907aaff827e5.png,907aaff827e5.png,907aaff827e5,left,1.0,estimated_disc_position,aptos2019_907aaff827e5,False,2.0
aptos2019,train,/kaggle/input/datasets/deepapaneru/aptos2019/train_images/train_images/6324d77cf926.png,6324d77cf926.png,6324d77cf926,right,0.85,estimated_disc_position,aptos2019_6324d77cf926,False,0.0
aptos2019,train,/kaggle/input/datasets/deepapaneru/aptos2019/train_images/train_images/586f5c56081e.png,586f5c56081e.png,586f5c56081e,right,0.54,estimated_disc_position,aptos2019_586f5c56081e,False,0.0
aptos2019,train,/kaggle/input/datasets/deepapaneru/aptos2019/train_images/train_images/4ccfa0b4e96c.png,4ccfa0b4e96c.png,4ccfa0b4e96c,right,1.0,estimated_disc_position,aptos2019_4ccfa0b4e96c,False,4.0
aptos2019,train,/kaggle/input/datasets/deepapaneru/aptos2019/train_images/train_images/89ed6a0dd53f.png,89ed6a0dd53f.png,89ed6a0dd53f,left,1.0,estimated_disc_position,aptos2019_89ed6a0dd53f,False,1.0
aptos2019,train,/kaggle/input/datasets/deepapaneru/aptos2019/train_images/train_images/9df31421cdd2.png,9df31421cdd2.png,9df31421cdd2,right,1.0,estimated_disc_position,aptos2019_9df31421cdd2,False,2.0
aptos2019,train,/kaggle/input/datasets/deepapaneru/aptos2019/train_images/train_images/5e5275ddee29.png,5e5275ddee29.png,5e5275ddee29,right,0.83,estimated_disc_position,aptos2019_5e5275ddee29,False,0.0
aptos2019,train,/kaggle/input/datasets/deepapaneru/aptos2019/train_images/train_images/4318b6adeb97.png,4318b6adeb97.png,4318b6adeb97,left,1.0,estimated_disc_position,aptos2019_4318b6adeb97,False,0.0
aptos2019,train,/kaggle/input/datasets/deepapaneru/aptos2019/train_images/train_images/d990a3f0cbdb.png,d990a3f0cbdb.png,d990a3f0cbdb,left,0.85,estimated_disc_position,aptos2019_d990a3f0cbdb,False,2.0
aptos2019,train,/kaggle/input/datasets/deepapaneru/aptos2019/train_images/train_images/5b301a6d1ac7.png,5b301a6d1ac7.png,5b301a6d1ac7,right,0.5,estimated_disc_position,aptos2019_5b301a6d1ac7,False,2.0
aptos2019,train,/kaggle/input/datasets/deepapaneru/aptos2019/train_images/train_images/26d9576e8043.png,26d9576e8043.png,26d9576e8043,right,1.0,estimated_disc_position,aptos2019_26d9576e8043,False,0.0
aptos2019,train,/kaggle/input/datasets/deepapaneru/aptos2019/train_images/train_images/ae57c8630249.png,ae57c8630249.png,ae57c8630249,right,0.88,estimated_disc_position,aptos2019_ae57c8630249,False,0.0
aptos2019,train,/kaggle/input/datasets/deepapaneru/aptos2019/train_images/train_images/a76132e79688.png,a76132e79688.png,a76132e79688,right,1.0,estimated_disc_position,aptos2019_a76132e79688,False,0.0
aptos2019,train,/kaggle/input/datasets/deepapaneru/aptos2019/train_images/train_images/383e72af1955.png,383e72af1955.png,383e72af1955,right,1.0,estimated_disc_position,aptos2019_383e72af1955,False,3.0
aptos2019,train,/kaggle/input/datasets/deepapaneru/aptos2019/train_images/train_images/762d6e5d5068.png,762d6e5d5068.png,762d6e5d5068,left,1.0,estimated_disc_position,aptos2019_762d6e5d5068,False,3.0
aptos2019,train,/kaggle/input/datasets/deepapaneru/aptos2019/train_images/train_images/6d259b5b4c76.png,6d259b5b4c76.png,6d259b5b4c76,right,0.54,estimated_disc_position,aptos2019_6d259b5b4c76,False,4.0
aptos2019,train,/kaggle/input/datasets/deepapaneru/aptos2019/train_images/train_images/d3be5346684b.png,d3be5346684b.png,d3be5346684b,right,1.0,estimated_disc_position,aptos2019_d3be5346684b,False,2.0
aptos2019,train,/kaggle/input/datasets/deepapaneru/aptos2019/train_images/train_images/2974c6ad1d58.png,2974c6ad1d58.png,2974c6ad1d58,left,0.48,estimated_disc_position,aptos2019_2974c6ad1d58,False,0.0
aptos2019,train,/kaggle/input/datasets/deepapaneru/aptos2019/train_images/train_images/8c84e96d9b01.png,8c84e96d9b01.png,8c84e96d9b01,right,0.86,estimated_disc_position,aptos2019_8c84e96d9b01,False,0.0
aptos2019,train,/kaggle/input/datasets/deepapaneru/aptos2019/train_images/train_images/89fc080f7e83.png,89fc080f7e83.png,89fc080f7e83,left,0.82,estimated_disc_position,aptos2019_89fc080f7e83,False,2.0
aptos2019,train,/kaggle/input/datasets/deepapaneru/aptos2019/train_images/train_images/b94c58d063bf.png,b94c58d063bf.png,b94c58d063bf,right,1.0,estimated_disc_position,aptos2019_b94c58d063bf,False,1.0
aptos2019,train,/kaggle/input/datasets/deepapaneru/aptos2019/train_images/train_images/4d1e7def7624.png,4d1e7def7624.png,4d1e7def7624,right,1.0,estimated_disc_position,aptos2019_4d1e7def7624,False,0.0
aptos2019,train,/kaggle/input/datasets/deepapaneru/aptos2019/train_images/train_images/902dc5a91a3f.png,902dc5a91a3f.png,902dc5a91a3f,right,0.73,estimated_disc_position,aptos2019_902dc5a91a3f,False,0.0
aptos2019,train,/kaggle/input/datasets/deepapaneru/aptos2019/train_images/train_images/91f3c4c1e72b.png,91f3c4c1e72b.png,91f3c4c1e72b,right,1.0,estimated_disc_position,aptos2019_91f3c4c1e72b,False,0.0
aptos2019,train,/kaggle/input/datasets/deepapaneru/aptos2019/train_images/train_images/d144144a2f3f.png,d144144a2f3f.png,d144144a2f3f,uncertain,0.06,estimated_disc_position,aptos2019_d144144a2f3f,True,2.0
aptos2019,train,/kaggle/input/datasets/deepapaneru/aptos2019/train_images/train_images/4982378d72f9.png,4982378d72f9.png,4982378d72f9,right,1.0,estimated_disc_position,aptos2019_4982378d72f9,False,0.0
aptos2019,train,/kaggle/input/datasets/deepapaneru/aptos2019/train_images/train_images/aafb0c944f14.png,aafb0c944f14.png,aafb0c944f14,left,1.0,estimated_disc_position,aptos2019_aafb0c944f14,False,0.0
aptos2019,train,/kaggle/input/datasets/deepapaneru/aptos2019/train_images/train_images/3f44d749cd0b.png,3f44d749cd0b.png,3f44d749cd0b,right,1.0,estimated_disc_position,aptos2019_3f44d749cd0b,False,0.0
aptos2019,train,/kaggle/input/datasets/deepapaneru/aptos2019/train_images/train_images/38373431d996.png,38373431d996.png,38373431d996,right,1.0,estimated_disc_position,aptos2019_38373431d996,False,0.0
aptos2019,train,/kaggle/input/datasets/deepapaneru/aptos2019/train_images/train_images/8010c931321f.png,8010c931321f.png,8010c931321f,left,0.46,estimated_disc_position,aptos2019_8010c931321f,False,0.0
aptos2019,train,/kaggle/input/datasets/deepapaneru/aptos2019/train_images/train_images/77e15f213b04.png,77e15f213b04.png,77e15f213b04,left,0.82,estimated_disc_position,aptos2019_77e15f213b04,False,0.0
aptos2019,train,/kaggle/input/datasets/deepapaneru/aptos2019/train_images/train_images/5ad3dabeb2cd.png,5ad3dabeb2cd.png,5ad3dabeb2cd,right,0.9,estimated_disc_position,aptos2019_5ad3dabeb2cd,False,0.0
aptos2019,train,/kaggle/input/datasets/deepapaneru/aptos2019/train_images/train_images/582115961a3d.png,582115961a3d.png,582115961a3d,left,1.0,estimated_disc_position,aptos2019_582115961a3d,False,1.0
aptos2019,train,/kaggle/input/datasets/deepapaneru/aptos2019/train_images/train_images/975252e325e3.png,975252e325e3.png,975252e325e3,left,1.0,estimated_disc_position,aptos2019_975252e325e3,False,2.0
aptos2019,train,/kaggle/input/datasets/deepapaneru/aptos2019/train_images/train_images/e4730ddde408.png,e4730ddde408.png,e4730ddde408,right,0.82,estimated_disc_position,aptos2019_e4730ddde408,False,4.0
aptos2019,train,/kaggle/input/datasets/deepapaneru/aptos2019/train_images/train_images/54f57cf26126.png,54f57cf26126.png,54f57cf26126,right,1.0,estimated_disc_position,aptos2019_54f57cf26126,False,0.0
aptos2019,train,/kaggle/input/datasets/deepapaneru/aptos2019/train_images/train_images/3e61703b5ab2.png,3e61703b5ab2.png,3e61703b5ab2,right,1.0,estimated_disc_position,aptos2019_3e61703b5ab2,False,0.0
aptos2019,train,/kaggle/input/datasets/deepapaneru/aptos2019/train_images/train_images/2af1bf226f51.png,2af1bf226f51.png,2af1bf226f51,right,1.0,estimated_disc_position,aptos2019_2af1bf226f51,False,2.0
aptos2019,train,/kaggle/input/datasets/deepapaneru/aptos2019/train_images/train_images/83b61051737f.png,83b61051737f.png,83b61051737f,right,1.0,estimated_disc_position,aptos2019_83b61051737f,False,2.0
aptos2019,train,/kaggle/input/datasets/deepapaneru/aptos2019/train_images/train_images/6810410187a0.png,6810410187a0.png,6810410187a0,left,1.0,estimated_disc_position,aptos2019_6810410187a0,False,2.0
aptos2019,train,/kaggle/input/datasets/deepapaneru/aptos2019/train_images/train_images/a804cef3e51f.png,a804cef3e51f.png,a804cef3e51f,left,1.0,estimated_disc_position,aptos2019_a804cef3e51f,False,2.0
aptos2019,train,/kaggle/input/datasets/deepapaneru/aptos2019/train_images/train_images/9d1feed37610.png,9d1feed37610.png,9d1feed37610,left,0.38,estimated_disc_position,aptos2019_9d1feed37610,False,0.0
aptos2019,train,/kaggle/input/datasets/deepapaneru/aptos2019/train_images/train_images/916ec976ff30.png,916ec976ff30.png,916ec976ff30,left,1.0,estimated_disc_position,aptos2019_916ec976ff30,False,3.0
aptos2019,train,/kaggle/input/datasets/deepapaneru/aptos2019/train_images/train_images/34acae864963.png,34acae864963.png,34acae864963,right,1.0,estimated_disc_position,aptos2019_34acae864963,False,0.0
aptos2019,train,/kaggle/input/datasets/deepapaneru/aptos2019/train_images/train_images/63b71347e95d.png,63b71347e95d.png,63b71347e95d,right,1.0,estimated_disc_position,aptos2019_63b71347e95d,False,0.0
aptos2019,train,/kaggle/input/datasets/deepapaneru/aptos2019/train_images/train_images/a8c54e2a4b79.png,a8c54e2a4b79.png,a8c54e2a4b79,left,1.0,estimated_disc_position,aptos2019_a8c54e2a4b79,False,1.0
aptos2019,train,/kaggle/input/datasets/deepapaneru/aptos2019/train_images/train_images/c58971bcebb2.png,c58971bcebb2.png,c58971bcebb2,right,1.0,estimated_disc_position,aptos2019_c58971bcebb2,False,0.0
aptos2019,train,/kaggle/input/datasets/deepapaneru/aptos2019/train_images/train_images/79ce83c07588.png,79ce83c07588.png,79ce83c07588,right,1.0,estimated_disc_position,aptos2019_79ce83c07588,False,1.0
aptos2019,train,/kaggle/input/datasets/deepapaneru/aptos2019/train_images/train_images/5a36cea278ae.png,5a36cea278ae.png,5a36cea278ae,right,1.0,estimated_disc_position,aptos2019_5a36cea278ae,False,2.0
aptos2019,train,/kaggle/input/datasets/deepapaneru/aptos2019/train_images/train_images/1c6d119c3d70.png,1c6d119c3d70.png,1c6d119c3d70,left,1.0,estimated_disc_position,aptos2019_1c6d119c3d70,False,2.0
aptos2019,train,/kaggle/input/datasets/deepapaneru/aptos2019/train_images/train_images/4189d4e631ec.png,4189d4e631ec.png,4189d4e631ec,uncertain,0.31,estimated_disc_position,aptos2019_4189d4e631ec,True,2.0
aptos2019,train,/kaggle/input/datasets/deepapaneru/aptos2019/train_images/train_images/4c60f6fcea75.png,4c60f6fcea75.png,4c60f6fcea75,left,1.0,estimated_disc_position,aptos2019_4c60f6fcea75,False,0.0
aptos2019,train,/kaggle/input/datasets/deepapaneru/aptos2019/train_images/train_images/c6229222bf22.png,c6229222bf22.png,c6229222bf22,right,0.6,estimated_disc_position,aptos2019_c6229222bf22,False,0.0
aptos2019,train,/kaggle/input/datasets/deepapaneru/aptos2019/train_images/train_images/e26d8718ca58.png,e26d8718ca58.png,e26d8718ca58,right,1.0,estimated_disc_position,aptos2019_e26d8718ca58,False,1.0
aptos2019,train,/kaggle/input/datasets/deepapaneru/aptos2019/train_images/train_images/cd48cfab4e44.png,cd48cfab4e44.png,cd48cfab4e44,right,1.0,estimated_disc_position,aptos2019_cd48cfab4e44,False,0.0
aptos2019,train,/kaggle/input/datasets/deepapaneru/aptos2019/train_images/train_images/bc7bf19b84e3.png,bc7bf19b84e3.png,bc7bf19b84e3,left,1.0,estimated_disc_position,aptos2019_bc7bf19b84e3,False,0.0
aptos2019,train,/kaggle/input/datasets/deepapaneru/aptos2019/train_images/train_images/cd563556cb57.png,cd563556cb57.png,cd563556cb57,uncertain,0.08,estimated_disc_position,aptos2019_cd563556cb57,True,0.0
aptos2019,train,/kaggle/input/datasets/deepapaneru/aptos2019/train_images/train_images/767d777ee889.png,767d777ee889.png,767d777ee889,left,0.82,estimated_disc_position,aptos2019_767d777ee889,False,0.0
aptos2019,train,/kaggle/input/datasets/deepapaneru/aptos2019/train_images/train_images/60aa4e649abf.png,60aa4e649abf.png,60aa4e649abf,left,1.0,estimated_disc_position,aptos2019_60aa4e649abf,False,0.0
aptos2019,train,/kaggle/input/datasets/deepapaneru/aptos2019/train_images/train_images/247ac63e5510.png,247ac63e5510.png,247ac63e5510,left,1.0,estimated_disc_position,aptos2019_247ac63e5510,False,4.0
aptos2019,train,/kaggle/input/datasets/deepapaneru/aptos2019/train_images/train_images/24f3e70f0419.png,24f3e70f0419.png,24f3e70f0419,uncertain,0.26,estimated_disc_position,aptos2019_24f3e70f0419,True,0.0
aptos2019,train,/kaggle/input/datasets/deepapaneru/aptos2019/train_images/train_images/1e8a1fdee5b9.png,1e8a1fdee5b9.png,1e8a1fdee5b9,left,1.0,estimated_disc_position,aptos2019_1e8a1fdee5b9,False,1.0
aptos2019,train,/kaggle/input/datasets/deepapaneru/aptos2019/train_images/train_images/6852f4531591.png,6852f4531591.png,6852f4531591,right,1.0,estimated_disc_position,aptos2019_6852f4531591,False,0.0
aptos2019,train,/kaggle/input/datasets/deepapaneru/aptos2019/train_images/train_images/8a01daa423f7.png,8a01daa423f7.png,8a01daa423f7,right,0.96,estimated_disc_position,aptos2019_8a01daa423f7,False,1.0
aptos2019,train,/kaggle/input/datasets/deepapaneru/aptos2019/train_images/train_images/435d900fa7b2.png,435d900fa7b2.png,435d900fa7b2,uncertain,0.19,estimated_disc_position,aptos2019_435d900fa7b2,True,2.0
aptos2019,train,/kaggle/input/datasets/deepapaneru/aptos2019/train_images/train_images/9c72ed6befa0.png,9c72ed6befa0.png,9c72ed6befa0,right,1.0,estimated_disc_position,aptos2019_9c72ed6befa0,False,4.0
aptos2019,train,/kaggle/input/datasets/deepapaneru/aptos2019/train_images/train_images/855f0a5442b6.png,855f0a5442b6.png,855f0a5442b6,left,1.0,estimated_disc_position,aptos2019_855f0a5442b6,False,2.0
aptos2019,train,/kaggle/input/datasets/deepapaneru/aptos2019/train_images/train_images/358d2224de73.png,358d2224de73.png,358d2224de73,left,1.0,estimated_disc_position,aptos2019_358d2224de73,False,1.0
aptos2019,train,/kaggle/input/datasets/deepapaneru/aptos2019/train_images/train_images/a0cd7bffdaa0.png,a0cd7bffdaa0.png,a0cd7bffdaa0,right,1.0,estimated_disc_position,aptos2019_a0cd7bffdaa0,False,4.0
aptos2019,train,/kaggle/input/datasets/deepapaneru/aptos2019/train_images/train_images/2f7fbdcc9a4b.png,2f7fbdcc9a4b.png,2f7fbdcc9a4b,left,0.97,estimated_disc_position,aptos2019_2f7fbdcc9a4b,False,0.0
aptos2019,train,/kaggle/input/datasets/deepapaneru/aptos2019/train_images/train_images/7a9f45fdf29b.png,7a9f45fdf29b.png,7a9f45fdf29b,left,0.9,estimated_disc_position,aptos2019_7a9f45fdf29b,False,0.0
aptos2019,train,/kaggle/input/datasets/deepapaneru/aptos2019/train_images/train_images/aeab0a63bcaf.png,aeab0a63bcaf.png,aeab0a63bcaf,left,1.0,estimated_disc_position,aptos2019_aeab0a63bcaf,False,0.0
aptos2019,train,/kaggle/input/datasets/deepapaneru/aptos2019/train_images/train_images/74211a2b6dcf.png,74211a2b6dcf.png,74211a2b6dcf,left,0.8,estimated_disc_position,aptos2019_74211a2b6dcf,False,0.0
aptos2019,train,/kaggle/input/datasets/deepapaneru/aptos2019/train_images/train_images/7a6e384a0846.png,7a6e384a0846.png,7a6e384a0846,right,1.0,estimated_disc_position,aptos2019_7a6e384a0846,False,3.0
aptos2019,train,/kaggle/input/datasets/deepapaneru/aptos2019/train_images/train_images/5347b4c8e9b3.png,5347b4c8e9b3.png,5347b4c8e9b3,left,0.82,estimated_disc_position,aptos2019_5347b4c8e9b3,False,1.0
aptos2019,train,/kaggle/input/datasets/deepapaneru/aptos2019/train_images/train_images/878a3a097436.png,878a3a097436.png,878a3a097436,right,1.0,estimated_disc_position,aptos2019_878a3a097436,False,2.0
aptos2019,train,/kaggle/input/datasets/deepapaneru/aptos2019/train_images/train_images/6bf2a81a5d91.png,6bf2a81a5d91.png,6bf2a81a5d91,right,1.0,estimated_disc_position,aptos2019_6bf2a81a5d91,False,0.0
aptos2019,train,/kaggle/input/datasets/deepapaneru/aptos2019/train_images/train_images/1dbdc32c17db.png,1dbdc32c17db.png,1dbdc32c17db,left,1.0,estimated_disc_position,aptos2019_1dbdc32c17db,False,2.0
aptos2019,train,/kaggle/input/datasets/deepapaneru/aptos2019/train_images/train_images/9904939ab83d.png,9904939ab83d.png,9904939ab83d,left,1.0,estimated_disc_position,aptos2019_9904939ab83d,False,2.0
aptos2019,train,/kaggle/input/datasets/deepapaneru/aptos2019/train_images/train_images/a73c3d516c59.png,a73c3d516c59.png,a73c3d516c59,right,1.0,estimated_disc_position,aptos2019_a73c3d516c59,False,0.0
aptos2019,train,/kaggle/input/datasets/deepapaneru/aptos2019/train_images/train_images/bfda2fd0533a.png,bfda2fd0533a.png,bfda2fd0533a,left,0.98,estimated_disc_position,aptos2019_bfda2fd0533a,False,2.0
aptos2019,train,/kaggle/input/datasets/deepapaneru/aptos2019/train_images/train_images/b2748ac28fc1.png,b2748ac28fc1.png,b2748ac28fc1,left,0.9,estimated_disc_position,aptos2019_b2748ac28fc1,False,2.0
aptos2019,train,/kaggle/input/datasets/deepapaneru/aptos2019/train_images/train_images/d567a1a22d33.png,d567a1a22d33.png,d567a1a22d33,left,1.0,estimated_disc_position,aptos2019_d567a1a22d33,False,1.0
aptos2019,train,/kaggle/input/datasets/deepapaneru/aptos2019/train_images/train_images/2c9dfc270f1b.png,2c9dfc270f1b.png,2c9dfc270f1b,left,1.0,estimated_disc_position,aptos2019_2c9dfc270f1b,False,0.0
aptos2019,train,/kaggle/input/datasets/deepapaneru/aptos2019/train_images/train_images/772af553b8b7.png,772af553b8b7.png,772af553b8b7,right,1.0,estimated_disc_position,aptos2019_772af553b8b7,False,3.0
aptos2019,train,/kaggle/input/datasets/deepapaneru/aptos2019/train_images/train_images/cae51154e1ce.png,cae51154e1ce.png,cae51154e1ce,right,1.0,estimated_disc_position,aptos2019_cae51154e1ce,False,1.0
aptos2019,train,/kaggle/input/datasets/deepapaneru/aptos2019/train_images/train_images/4d167ca69ea8.png,4d167ca69ea8.png,4d167ca69ea8,right,1.0,estimated_disc_position,aptos2019_4d167ca69ea8,False,0.0
aptos2019,train,/kaggle/input/datasets/deepapaneru/aptos2019/train_images/train_images/9ad92f1c1542.png,9ad92f1c1542.png,9ad92f1c1542,uncertain,0.15,estimated_disc_position,aptos2019_9ad92f1c1542,True,2.0
aptos2019,train,/kaggle/input/datasets/deepapaneru/aptos2019/train_images/train_images/c80f79579fed.png,c80f79579fed.png,c80f79579fed,left,1.0,estimated_disc_position,aptos2019_c80f79579fed,False,2.0
aptos2019,train,/kaggle/input/datasets/deepapaneru/aptos2019/train_images/train_images/aabd867043cf.png,aabd867043cf.png,aabd867043cf,left,1.0,estimated_disc_position,aptos2019_aabd867043cf,False,0.0
aptos2019,train,/kaggle/input/datasets/deepapaneru/aptos2019/train_images/train_images/bba38f2294a3.png,bba38f2294a3.png,bba38f2294a3,uncertain,0.15,estimated_disc_position,aptos2019_bba38f2294a3,True,4.0
aptos2019,train,/kaggle/input/datasets/deepapaneru/aptos2019/train_images/train_images/51a1d162e223.png,51a1d162e223.png,51a1d162e223,right,1.0,estimated_disc_position,aptos2019_51a1d162e223,False,4.0
aptos2019,train,/kaggle/input/datasets/deepapaneru/aptos2019/train_images/train_images/ace2281f00c4.png,ace2281f00c4.png,ace2281f00c4,right,1.0,estimated_disc_position,aptos2019_ace2281f00c4,False,0.0
aptos2019,train,/kaggle/input/datasets/deepapaneru/aptos2019/train_images/train_images/248139c423c4.png,248139c423c4.png,248139c423c4,right,1.0,estimated_disc_position,aptos2019_248139c423c4,False,1.0
aptos2019,train,/kaggle/input/datasets/deepapaneru/aptos2019/train_images/train_images/c568e5245ea5.png,c568e5245ea5.png,c568e5245ea5,right,0.85,estimated_disc_position,aptos2019_c568e5245ea5,False,2.0
aptos2019,train,/kaggle/input/datasets/deepapaneru/aptos2019/train_images/train_images/96ce10a1dbd7.png,96ce10a1dbd7.png,96ce10a1dbd7,right,0.88,estimated_disc_position,aptos2019_96ce10a1dbd7,False,0.0
aptos2019,train,/kaggle/input/datasets/deepapaneru/aptos2019/train_images/train_images/76cab26493f1.png,76cab26493f1.png,76cab26493f1,right,1.0,estimated_disc_position,aptos2019_76cab26493f1,False,0.0
aptos2019,train,/kaggle/input/datasets/deepapaneru/aptos2019/train_images/train_images/b0cc9f8d06e4.png,b0cc9f8d06e4.png,b0cc9f8d06e4,right,0.93,estimated_disc_position,aptos2019_b0cc9f8d06e4,False,2.0
aptos2019,train,/kaggle/input/datasets/deepapaneru/aptos2019/train_images/train_images/595446774178.png,595446774178.png,595446774178,left,1.0,estimated_disc_position,aptos2019_595446774178,False,1.0
aptos2019,train,/kaggle/input/datasets/deepapaneru/aptos2019/train_images/train_images/caec68f11c86.png,caec68f11c86.png,caec68f11c86,left,0.81,estimated_disc_position,aptos2019_caec68f11c86,False,2.0
aptos2019,train,/kaggle/input/datasets/deepapaneru/aptos2019/train_images/train_images/cfd1bd0fcbb4.png,cfd1bd0fcbb4.png,cfd1bd0fcbb4,right,1.0,estimated_disc_position,aptos2019_cfd1bd0fcbb4,False,1.0
aptos2019,train,/kaggle/input/datasets/deepapaneru/aptos2019/train_images/train_images/9b70f84400af.png,9b70f84400af.png,9b70f84400af,right,1.0,estimated_disc_position,aptos2019_9b70f84400af,False,0.0
aptos2019,train,/kaggle/input/datasets/deepapaneru/aptos2019/train_images/train_images/345b1f0abbba.png,345b1f0abbba.png,345b1f0abbba,left,1.0,estimated_disc_position,aptos2019_345b1f0abbba,False,0.0
aptos2019,train,/kaggle/input/datasets/deepapaneru/aptos2019/train_images/train_images/2a3a1ed1c285.png,2a3a1ed1c285.png,2a3a1ed1c285,left,1.0,estimated_disc_position,aptos2019_2a3a1ed1c285,False,2.0
aptos2019,train,/kaggle/input/datasets/deepapaneru/aptos2019/train_images/train_images/aba3063c5413.png,aba3063c5413.png,aba3063c5413,left,1.0,estimated_disc_position,aptos2019_aba3063c5413,False,3.0
aptos2019,train,/kaggle/input/datasets/deepapaneru/aptos2019/train_images/train_images/5db2e3a4594a.png,5db2e3a4594a.png,5db2e3a4594a,left,0.56,estimated_disc_position,aptos2019_5db2e3a4594a,False,0.0
aptos2019,train,/kaggle/input/datasets/deepapaneru/aptos2019/train_images/train_images/a04fb36db784.png,a04fb36db784.png,a04fb36db784,left,1.0,estimated_disc_position,aptos2019_a04fb36db784,False,2.0
aptos2019,train,/kaggle/input/datasets/deepapaneru/aptos2019/train_images/train_images/ce8d2efd9d4f.png,ce8d2efd9d4f.png,ce8d2efd9d4f,left,0.77,estimated_disc_position,aptos2019_ce8d2efd9d4f,False,0.0
aptos2019,train,/kaggle/input/datasets/deepapaneru/aptos2019/train_images/train_images/a2dff8dbc9f8.png,a2dff8dbc9f8.png,a2dff8dbc9f8,left,1.0,estimated_disc_position,aptos2019_a2dff8dbc9f8,False,0.0
aptos2019,train,/kaggle/input/datasets/deepapaneru/aptos2019/train_images/train_images/61c667663f2f.png,61c667663f2f.png,61c667663f2f,right,1.0,estimated_disc_position,aptos2019_61c667663f2f,False,0.0
aptos2019,train,/kaggle/input/datasets/deepapaneru/aptos2019/train_images/train_images/cae33655ca00.png,cae33655ca00.png,cae33655ca00,left,0.48,estimated_disc_position,aptos2019_cae33655ca00,False,0.0
aptos2019,train,/kaggle/input/datasets/deepapaneru/aptos2019/train_images/train_images/adb56cecafaf.png,adb56cecafaf.png,adb56cecafaf,right,0.73,estimated_disc_position,aptos2019_adb56cecafaf,False,3.0
aptos2019,train,/kaggle/input/datasets/deepapaneru/aptos2019/train_images/train_images/83d81ba5959c.png,83d81ba5959c.png,83d81ba5959c,right,1.0,estimated_disc_position,aptos2019_83d81ba5959c,False,0.0
aptos2019,train,/kaggle/input/datasets/deepapaneru/aptos2019/train_images/train_images/a8652b2de23f.png,a8652b2de23f.png,a8652b2de23f,right,1.0,estimated_disc_position,aptos2019_a8652b2de23f,False,2.0
aptos2019,train,/kaggle/input/datasets/deepapaneru/aptos2019/train_images/train_images/e12df54e0d1e.png,e12df54e0d1e.png,e12df54e0d1e,right,0.99,estimated_disc_position,aptos2019_e12df54e0d1e,False,0.0
aptos2019,train,/kaggle/input/datasets/deepapaneru/aptos2019/train_images/train_images/d807c53c1399.png,d807c53c1399.png,d807c53c1399,right,0.35,estimated_disc_position,aptos2019_d807c53c1399,True,0.0
aptos2019,train,/kaggle/input/datasets/deepapaneru/aptos2019/train_images/train_images/d10d315f123f.png,d10d315f123f.png,d10d315f123f,right,1.0,estimated_disc_position,aptos2019_d10d315f123f,False,2.0
aptos2019,train,/kaggle/input/datasets/deepapaneru/aptos2019/train_images/train_images/d29b37d110f3.png,d29b37d110f3.png,d29b37d110f3,left,1.0,estimated_disc_position,aptos2019_d29b37d110f3,False,0.0
aptos2019,train,/kaggle/input/datasets/deepapaneru/aptos2019/train_images/train_images/4350a1b2f3cb.png,4350a1b2f3cb.png,4350a1b2f3cb,left,0.98,estimated_disc_position,aptos2019_4350a1b2f3cb,False,0.0
aptos2019,train,/kaggle/input/datasets/deepapaneru/aptos2019/train_images/train_images/c8823cdaf7fa.png,c8823cdaf7fa.png,c8823cdaf7fa,left,1.0,estimated_disc_position,aptos2019_c8823cdaf7fa,False,2.0
aptos2019,train,/kaggle/input/datasets/deepapaneru/aptos2019/train_images/train_images/3d663a6a50a3.png,3d663a6a50a3.png,3d663a6a50a3,right,1.0,estimated_disc_position,aptos2019_3d663a6a50a3,False,2.0
aptos2019,train,/kaggle/input/datasets/deepapaneru/aptos2019/train_images/train_images/8ffa608170d3.png,8ffa608170d3.png,8ffa608170d3,left,1.0,estimated_disc_position,aptos2019_8ffa608170d3,False,0.0
aptos2019,train,/kaggle/input/datasets/deepapaneru/aptos2019/train_images/train_images/7e70344b0c25.png,7e70344b0c25.png,7e70344b0c25,right,1.0,estimated_disc_position,aptos2019_7e70344b0c25,False,0.0
aptos2019,train,/kaggle/input/datasets/deepapaneru/aptos2019/train_images/train_images/1db6bb46c102.png,1db6bb46c102.png,1db6bb46c102,right,1.0,estimated_disc_position,aptos2019_1db6bb46c102,False,0.0
aptos2019,train,/kaggle/input/datasets/deepapaneru/aptos2019/train_images/train_images/1e9224ccca95.png,1e9224ccca95.png,1e9224ccca95,right,1.0,estimated_disc_position,aptos2019_1e9224ccca95,False,4.0
aptos2019,train,/kaggle/input/datasets/deepapaneru/aptos2019/train_images/train_images/6e73acb2cf60.png,6e73acb2cf60.png,6e73acb2cf60,right,1.0,estimated_disc_position,aptos2019_6e73acb2cf60,False,4.0
aptos2019,train,/kaggle/input/datasets/deepapaneru/aptos2019/train_images/train_images/2a2a6435f7f3.png,2a2a6435f7f3.png,2a2a6435f7f3,right,0.88,estimated_disc_position,aptos2019_2a2a6435f7f3,False,0.0
aptos2019,train,/kaggle/input/datasets/deepapaneru/aptos2019/train_images/train_images/7d1da90d3ca9.png,7d1da90d3ca9.png,7d1da90d3ca9,right,1.0,estimated_disc_position,aptos2019_7d1da90d3ca9,False,2.0
aptos2019,train,/kaggle/input/datasets/deepapaneru/aptos2019/train_images/train_images/80feb1f7ca5e.png,80feb1f7ca5e.png,80feb1f7ca5e,right,1.0,estimated_disc_position,aptos2019_80feb1f7ca5e,False,2.0
aptos2019,train,/kaggle/input/datasets/deepapaneru/aptos2019/train_images/train_images/a64273801bde.png,a64273801bde.png,a64273801bde,right,0.59,estimated_disc_position,aptos2019_a64273801bde,False,2.0
aptos2019,train,/kaggle/input/datasets/deepapaneru/aptos2019/train_images/train_images/2735be026d44.png,2735be026d44.png,2735be026d44,left,1.0,estimated_disc_position,aptos2019_2735be026d44,False,2.0
aptos2019,train,/kaggle/input/datasets/deepapaneru/aptos2019/train_images/train_images/3f49f8d100e9.png,3f49f8d100e9.png,3f49f8d100e9,right,1.0,estimated_disc_position,aptos2019_3f49f8d100e9,False,3.0
aptos2019,train,/kaggle/input/datasets/deepapaneru/aptos2019/train_images/train_images/b574d229ec4c.png,b574d229ec4c.png,b574d229ec4c,left,1.0,estimated_disc_position,aptos2019_b574d229ec4c,False,2.0
aptos2019,train,/kaggle/input/datasets/deepapaneru/aptos2019/train_images/train_images/5ed6dc419e4d.png,5ed6dc419e4d.png,5ed6dc419e4d,right,0.72,estimated_disc_position,aptos2019_5ed6dc419e4d,False,2.0
aptos2019,train,/kaggle/input/datasets/deepapaneru/aptos2019/train_images/train_images/7a42443ed106.png,7a42443ed106.png,7a42443ed106,right,0.85,estimated_disc_position,aptos2019_7a42443ed106,False,0.0
aptos2019,train,/kaggle/input/datasets/deepapaneru/aptos2019/train_images/train_images/aeb6f4fd2eed.png,aeb6f4fd2eed.png,aeb6f4fd2eed,right,1.0,estimated_disc_position,aptos2019_aeb6f4fd2eed,False,0.0
aptos2019,train,/kaggle/input/datasets/deepapaneru/aptos2019/train_images/train_images/9c5dd3612f0c.png,9c5dd3612f0c.png,9c5dd3612f0c,uncertain,0.03,estimated_disc_position,aptos2019_9c5dd3612f0c,True,2.0
aptos2019,train,/kaggle/input/datasets/deepapaneru/aptos2019/train_images/train_images/ababe19ed448.png,ababe19ed448.png,ababe19ed448,right,0.89,estimated_disc_position,aptos2019_ababe19ed448,False,1.0
aptos2019,train,/kaggle/input/datasets/deepapaneru/aptos2019/train_images/train_images/d57d1be1bbd1.png,d57d1be1bbd1.png,d57d1be1bbd1,left,0.76,estimated_disc_position,aptos2019_d57d1be1bbd1,False,0.0
aptos2019,train,/kaggle/input/datasets/deepapaneru/aptos2019/train_images/train_images/4f60129e9a5b.png,4f60129e9a5b.png,4f60129e9a5b,right,1.0,estimated_disc_position,aptos2019_4f60129e9a5b,False,2.0
aptos2019,train,/kaggle/input/datasets/deepapaneru/aptos2019/train_images/train_images/c90c6b94cf40.png,c90c6b94cf40.png,c90c6b94cf40,left,1.0,estimated_disc_position,aptos2019_c90c6b94cf40,False,0.0
aptos2019,train,/kaggle/input/datasets/deepapaneru/aptos2019/train_images/train_images/d2fb715b0c41.png,d2fb715b0c41.png,d2fb715b0c41,right,0.6,estimated_disc_position,aptos2019_d2fb715b0c41,False,0.0
aptos2019,train,/kaggle/input/datasets/deepapaneru/aptos2019/train_images/train_images/3ca637fddd56.png,3ca637fddd56.png,3ca637fddd56,left,1.0,estimated_disc_position,aptos2019_3ca637fddd56,False,4.0
aptos2019,train,/kaggle/input/datasets/deepapaneru/aptos2019/train_images/train_images/df0886f1e76b.png,df0886f1e76b.png,df0886f1e76b,left,1.0,estimated_disc_position,aptos2019_df0886f1e76b,False,0.0
aptos2019,train,/kaggle/input/datasets/deepapaneru/aptos2019/train_images/train_images/d1a24527a15d.png,d1a24527a15d.png,d1a24527a15d,right,1.0,estimated_disc_position,aptos2019_d1a24527a15d,False,4.0
aptos2019,train,/kaggle/input/datasets/deepapaneru/aptos2019/train_images/train_images/d9d2631f043c.png,d9d2631f043c.png,d9d2631f043c,left,0.99,estimated_disc_position,aptos2019_d9d2631f043c,False,0.0
aptos2019,train,/kaggle/input/datasets/deepapaneru/aptos2019/train_images/train_images/1c5e6cdc7ee1.png,1c5e6cdc7ee1.png,1c5e6cdc7ee1,right,1.0,estimated_disc_position,aptos2019_1c5e6cdc7ee1,False,2.0
aptos2019,train,/kaggle/input/datasets/deepapaneru/aptos2019/train_images/train_images/54038e56131d.png,54038e56131d.png,54038e56131d,left,0.57,estimated_disc_position,aptos2019_54038e56131d,False,0.0
aptos2019,train,/kaggle/input/datasets/deepapaneru/aptos2019/train_images/train_images/b0f8613305a3.png,b0f8613305a3.png,b0f8613305a3,right,1.0,estimated_disc_position,aptos2019_b0f8613305a3,False,0.0
aptos2019,train,/kaggle/input/datasets/deepapaneru/aptos2019/train_images/train_images/5905a9b06a73.png,5905a9b06a73.png,5905a9b06a73,right,1.0,estimated_disc_position,aptos2019_5905a9b06a73,False,2.0
aptos2019,train,/kaggle/input/datasets/deepapaneru/aptos2019/train_images/train_images/3732de8b416f.png,3732de8b416f.png,3732de8b416f,right,1.0,estimated_disc_position,aptos2019_3732de8b416f,False,0.0
aptos2019,train,/kaggle/input/datasets/deepapaneru/aptos2019/train_images/train_images/c9c563864ab1.png,c9c563864ab1.png,c9c563864ab1,left,1.0,estimated_disc_position,aptos2019_c9c563864ab1,False,0.0
aptos2019,train,/kaggle/input/datasets/deepapaneru/aptos2019/train_images/train_images/8e67f2d7e0ee.png,8e67f2d7e0ee.png,8e67f2d7e0ee,right,0.81,estimated_disc_position,aptos2019_8e67f2d7e0ee,False,0.0
aptos2019,train,/kaggle/input/datasets/deepapaneru/aptos2019/train_images/train_images/a9b3177f01c0.png,a9b3177f01c0.png,a9b3177f01c0,right,1.0,estimated_disc_position,aptos2019_a9b3177f01c0,False,0.0
aptos2019,train,/kaggle/input/datasets/deepapaneru/aptos2019/train_images/train_images/e07045d7c5f7.png,e07045d7c5f7.png,e07045d7c5f7,right,1.0,estimated_disc_position,aptos2019_e07045d7c5f7,False,1.0
aptos2019,train,/kaggle/input/datasets/deepapaneru/aptos2019/train_images/train_images/6531070bf03c.png,6531070bf03c.png,6531070bf03c,right,1.0,estimated_disc_position,aptos2019_6531070bf03c,False,2.0
aptos2019,train,/kaggle/input/datasets/deepapaneru/aptos2019/train_images/train_images/283c3aeba594.png,283c3aeba594.png,283c3aeba594,right,0.99,estimated_disc_position,aptos2019_283c3aeba594,False,0.0
aptos2019,train,/kaggle/input/datasets/deepapaneru/aptos2019/train_images/train_images/9c52b87d01f1.png,9c52b87d01f1.png,9c52b87d01f1,left,1.0,estimated_disc_position,aptos2019_9c52b87d01f1,False,3.0
aptos2019,train,/kaggle/input/datasets/deepapaneru/aptos2019/train_images/train_images/c31651ea04c6.png,c31651ea04c6.png,c31651ea04c6,left,1.0,estimated_disc_position,aptos2019_c31651ea04c6,False,3.0
aptos2019,train,/kaggle/input/datasets/deepapaneru/aptos2019/train_images/train_images/38b9bb961847.png,38b9bb961847.png,38b9bb961847,right,0.8,estimated_disc_position,aptos2019_38b9bb961847,False,1.0
aptos2019,train,/kaggle/input/datasets/deepapaneru/aptos2019/train_images/train_images/a654b25124c3.png,a654b25124c3.png,a654b25124c3,left,0.35,estimated_disc_position,aptos2019_a654b25124c3,True,0.0
aptos2019,train,/kaggle/input/datasets/deepapaneru/aptos2019/train_images/train_images/1f4bf8e28b41.png,1f4bf8e28b41.png,1f4bf8e28b41,right,1.0,estimated_disc_position,aptos2019_1f4bf8e28b41,False,2.0
aptos2019,train,/kaggle/input/datasets/deepapaneru/aptos2019/train_images/train_images/ae20112e7a1e.png,ae20112e7a1e.png,ae20112e7a1e,left,1.0,estimated_disc_position,aptos2019_ae20112e7a1e,False,0.0
aptos2019,train,/kaggle/input/datasets/deepapaneru/aptos2019/train_images/train_images/78937523f7a8.png,78937523f7a8.png,78937523f7a8,left,1.0,estimated_disc_position,aptos2019_78937523f7a8,False,0.0
aptos2019,train,/kaggle/input/datasets/deepapaneru/aptos2019/train_images/train_images/5e18af29d812.png,5e18af29d812.png,5e18af29d812,right,1.0,estimated_disc_position,aptos2019_5e18af29d812,False,2.0
aptos2019,train,/kaggle/input/datasets/deepapaneru/aptos2019/train_images/train_images/be21d8b60e2a.png,be21d8b60e2a.png,be21d8b60e2a,uncertain,0.25,estimated_disc_position,aptos2019_be21d8b60e2a,True,2.0
aptos2019,train,/kaggle/input/datasets/deepapaneru/aptos2019/train_images/train_images/ace287a5c991.png,ace287a5c991.png,ace287a5c991,right,0.77,estimated_disc_position,aptos2019_ace287a5c991,False,0.0
aptos2019,train,/kaggle/input/datasets/deepapaneru/aptos2019/train_images/train_images/c57c164bca05.png,c57c164bca05.png,c57c164bca05,right,1.0,estimated_disc_position,aptos2019_c57c164bca05,False,0.0
aptos2019,train,/kaggle/input/datasets/deepapaneru/aptos2019/train_images/train_images/2cdcc910778d.png,2cdcc910778d.png,2cdcc910778d,left,1.0,estimated_disc_position,aptos2019_2cdcc910778d,False,0.0
aptos2019,train,/kaggle/input/datasets/deepapaneru/aptos2019/train_images/train_images/d6228d951958.png,d6228d951958.png,d6228d951958,left,1.0,estimated_disc_position,aptos2019_d6228d951958,False,2.0
aptos2019,train,/kaggle/input/datasets/deepapaneru/aptos2019/train_images/train_images/41960d5f58c2.png,41960d5f58c2.png,41960d5f58c2,right,1.0,estimated_disc_position,aptos2019_41960d5f58c2,False,0.0
aptos2019,train,/kaggle/input/datasets/deepapaneru/aptos2019/train_images/train_images/b598bc9753c2.png,b598bc9753c2.png,b598bc9753c2,right,0.93,estimated_disc_position,aptos2019_b598bc9753c2,False,0.0
aptos2019,train,/kaggle/input/datasets/deepapaneru/aptos2019/train_images/train_images/a7c10ca6c117.png,a7c10ca6c117.png,a7c10ca6c117,right,0.77,estimated_disc_position,aptos2019_a7c10ca6c117,False,0.0
aptos2019,train,/kaggle/input/datasets/deepapaneru/aptos2019/train_images/train_images/51af8c112682.png,51af8c112682.png,51af8c112682,right,1.0,estimated_disc_position,aptos2019_51af8c112682,False,4.0
aptos2019,train,/kaggle/input/datasets/deepapaneru/aptos2019/train_images/train_images/3b185ac445d0.png,3b185ac445d0.png,3b185ac445d0,left,1.0,estimated_disc_position,aptos2019_3b185ac445d0,False,4.0
aptos2019,train,/kaggle/input/datasets/deepapaneru/aptos2019/train_images/train_images/8a234d68b27e.png,8a234d68b27e.png,8a234d68b27e,right,1.0,estimated_disc_position,aptos2019_8a234d68b27e,False,3.0
aptos2019,train,/kaggle/input/datasets/deepapaneru/aptos2019/train_images/train_images/cf6551521a35.png,cf6551521a35.png,cf6551521a35,uncertain,0.22,estimated_disc_position,aptos2019_cf6551521a35,True,0.0
aptos2019,train,/kaggle/input/datasets/deepapaneru/aptos2019/train_images/train_images/cfdbaef73a8b.png,cfdbaef73a8b.png,cfdbaef73a8b,left,1.0,estimated_disc_position,aptos2019_cfdbaef73a8b,False,0.0
aptos2019,train,/kaggle/input/datasets/deepapaneru/aptos2019/train_images/train_images/5e52c9fe676f.png,5e52c9fe676f.png,5e52c9fe676f,left,0.78,estimated_disc_position,aptos2019_5e52c9fe676f,False,2.0
aptos2019,train,/kaggle/input/datasets/deepapaneru/aptos2019/train_images/train_images/331b87d1b9d1.png,331b87d1b9d1.png,331b87d1b9d1,right,1.0,estimated_disc_position,aptos2019_331b87d1b9d1,False,2.0
aptos2019,train,/kaggle/input/datasets/deepapaneru/aptos2019/train_images/train_images/4ccee4db09b6.png,4ccee4db09b6.png,4ccee4db09b6,left,1.0,estimated_disc_position,aptos2019_4ccee4db09b6,False,0.0
aptos2019,train,/kaggle/input/datasets/deepapaneru/aptos2019/train_images/train_images/ac720570dd0f.png,ac720570dd0f.png,ac720570dd0f,right,1.0,estimated_disc_position,aptos2019_ac720570dd0f,False,2.0
aptos2019,train,/kaggle/input/datasets/deepapaneru/aptos2019/train_images/train_images/28503940d10b.png,28503940d10b.png,28503940d10b,right,1.0,estimated_disc_position,aptos2019_28503940d10b,False,0.0
aptos2019,train,/kaggle/input/datasets/deepapaneru/aptos2019/train_images/train_images/254052cf3e48.png,254052cf3e48.png,254052cf3e48,right,0.84,estimated_disc_position,aptos2019_254052cf3e48,False,4.0
aptos2019,train,/kaggle/input/datasets/deepapaneru/aptos2019/train_images/train_images/698d6e422a80.png,698d6e422a80.png,698d6e422a80,right,1.0,estimated_disc_position,aptos2019_698d6e422a80,False,2.0
aptos2019,train,/kaggle/input/datasets/deepapaneru/aptos2019/train_images/train_images/be7bc89f5fec.png,be7bc89f5fec.png,be7bc89f5fec,left,1.0,estimated_disc_position,aptos2019_be7bc89f5fec,False,2.0
aptos2019,train,/kaggle/input/datasets/deepapaneru/aptos2019/train_images/train_images/8eeac97f02f0.png,8eeac97f02f0.png,8eeac97f02f0,left,1.0,estimated_disc_position,aptos2019_8eeac97f02f0,False,4.0
aptos2019,train,/kaggle/input/datasets/deepapaneru/aptos2019/train_images/train_images/6cffc6c6851a.png,6cffc6c6851a.png,6cffc6c6851a,right,1.0,estimated_disc_position,aptos2019_6cffc6c6851a,False,0.0
aptos2019,train,/kaggle/input/datasets/deepapaneru/aptos2019/train_images/train_images/6f0e5848d9ce.png,6f0e5848d9ce.png,6f0e5848d9ce,left,0.93,estimated_disc_position,aptos2019_6f0e5848d9ce,False,0.0
aptos2019,train,/kaggle/input/datasets/deepapaneru/aptos2019/train_images/train_images/540e4973829e.png,540e4973829e.png,540e4973829e,left,1.0,estimated_disc_position,aptos2019_540e4973829e,False,0.0
aptos2019,train,/kaggle/input/datasets/deepapaneru/aptos2019/train_images/train_images/8a482c024fc2.png,8a482c024fc2.png,8a482c024fc2,right,0.93,estimated_disc_position,aptos2019_8a482c024fc2,False,0.0
aptos2019,train,/kaggle/input/datasets/deepapaneru/aptos2019/train_images/train_images/d9a475dfe59a.png,d9a475dfe59a.png,d9a475dfe59a,left,1.0,estimated_disc_position,aptos2019_d9a475dfe59a,False,2.0
aptos2019,train,/kaggle/input/datasets/deepapaneru/aptos2019/train_images/train_images/596f4fdb0004.png,596f4fdb0004.png,596f4fdb0004,left,0.33,estimated_disc_position,aptos2019_596f4fdb0004,True,0.0
aptos2019,train,/kaggle/input/datasets/deepapaneru/aptos2019/train_images/train_images/4393c5bc576a.png,4393c5bc576a.png,4393c5bc576a,left,0.69,estimated_disc_position,aptos2019_4393c5bc576a,False,1.0
aptos2019,train,/kaggle/input/datasets/deepapaneru/aptos2019/train_images/train_images/d9bbdc33db83.png,d9bbdc33db83.png,d9bbdc33db83,left,1.0,estimated_disc_position,aptos2019_d9bbdc33db83,False,2.0
aptos2019,train,/kaggle/input/datasets/deepapaneru/aptos2019/train_images/train_images/1b398c0494d1.png,1b398c0494d1.png,1b398c0494d1,right,1.0,estimated_disc_position,aptos2019_1b398c0494d1,False,0.0
aptos2019,train,/kaggle/input/datasets/deepapaneru/aptos2019/train_images/train_images/6dc07f968794.png,6dc07f968794.png,6dc07f968794,left,0.83,estimated_disc_position,aptos2019_6dc07f968794,False,0.0
aptos2019,train,/kaggle/input/datasets/deepapaneru/aptos2019/train_images/train_images/5b1c4cefeb24.png,5b1c4cefeb24.png,5b1c4cefeb24,left,1.0,estimated_disc_position,aptos2019_5b1c4cefeb24,False,0.0
aptos2019,train,/kaggle/input/datasets/deepapaneru/aptos2019/train_images/train_images/3cd801ffdbf0.png,3cd801ffdbf0.png,3cd801ffdbf0,uncertain,0.01,estimated_disc_position,aptos2019_3cd801ffdbf0,True,2.0
aptos2019,train,/kaggle/input/datasets/deepapaneru/aptos2019/train_images/train_images/6cb98da77e3e.png,6cb98da77e3e.png,6cb98da77e3e,uncertain,0.09,estimated_disc_position,aptos2019_6cb98da77e3e,True,2.0
aptos2019,train,/kaggle/input/datasets/deepapaneru/aptos2019/train_images/train_images/2a4520f1f9a3.png,2a4520f1f9a3.png,2a4520f1f9a3,right,0.96,estimated_disc_position,aptos2019_2a4520f1f9a3,False,0.0
aptos2019,train,/kaggle/input/datasets/deepapaneru/aptos2019/train_images/train_images/7b8c78b41c0d.png,7b8c78b41c0d.png,7b8c78b41c0d,left,1.0,estimated_disc_position,aptos2019_7b8c78b41c0d,False,2.0
aptos2019,train,/kaggle/input/datasets/deepapaneru/aptos2019/train_images/train_images/b576c5269ad1.png,b576c5269ad1.png,b576c5269ad1,right,1.0,estimated_disc_position,aptos2019_b576c5269ad1,False,1.0
aptos2019,train,/kaggle/input/datasets/deepapaneru/aptos2019/train_images/train_images/a0b7ad98df57.png,a0b7ad98df57.png,a0b7ad98df57,left,0.73,estimated_disc_position,aptos2019_a0b7ad98df57,False,0.0
aptos2019,train,/kaggle/input/datasets/deepapaneru/aptos2019/train_images/train_images/27f82ada84ac.png,27f82ada84ac.png,27f82ada84ac,right,1.0,estimated_disc_position,aptos2019_27f82ada84ac,False,0.0
aptos2019,train,/kaggle/input/datasets/deepapaneru/aptos2019/train_images/train_images/2d3f4094c08a.png,2d3f4094c08a.png,2d3f4094c08a,right,1.0,estimated_disc_position,aptos2019_2d3f4094c08a,False,0.0
aptos2019,train,/kaggle/input/datasets/deepapaneru/aptos2019/train_images/train_images/e019b3e0f33d.png,e019b3e0f33d.png,e019b3e0f33d,right,1.0,estimated_disc_position,aptos2019_e019b3e0f33d,False,4.0
aptos2019,train,/kaggle/input/datasets/deepapaneru/aptos2019/train_images/train_images/896ad584a841.png,896ad584a841.png,896ad584a841,left,0.64,estimated_disc_position,aptos2019_896ad584a841,False,0.0
aptos2019,train,/kaggle/input/datasets/deepapaneru/aptos2019/train_images/train_images/a28bfb772f50.png,a28bfb772f50.png,a28bfb772f50,right,0.94,estimated_disc_position,aptos2019_a28bfb772f50,False,1.0
aptos2019,train,/kaggle/input/datasets/deepapaneru/aptos2019/train_images/train_images/c3789c1dab96.png,c3789c1dab96.png,c3789c1dab96,left,1.0,estimated_disc_position,aptos2019_c3789c1dab96,False,0.0
aptos2019,train,/kaggle/input/datasets/deepapaneru/aptos2019/train_images/train_images/a3bd2e034614.png,a3bd2e034614.png,a3bd2e034614,left,1.0,estimated_disc_position,aptos2019_a3bd2e034614,False,0.0
aptos2019,train,/kaggle/input/datasets/deepapaneru/aptos2019/train_images/train_images/d81b6ed83bc2.png,d81b6ed83bc2.png,d81b6ed83bc2,right,1.0,estimated_disc_position,aptos2019_d81b6ed83bc2,False,2.0
aptos2019,train,/kaggle/input/datasets/deepapaneru/aptos2019/train_images/train_images/799cb4c816ae.png,799cb4c816ae.png,799cb4c816ae,right,1.0,estimated_disc_position,aptos2019_799cb4c816ae,False,2.0
aptos2019,train,/kaggle/input/datasets/deepapaneru/aptos2019/train_images/train_images/9de9421f17e3.png,9de9421f17e3.png,9de9421f17e3,left,1.0,estimated_disc_position,aptos2019_9de9421f17e3,False,0.0
aptos2019,train,/kaggle/input/datasets/deepapaneru/aptos2019/train_images/train_images/4abca30b676b.png,4abca30b676b.png,4abca30b676b,uncertain,0.26,estimated_disc_position,aptos2019_4abca30b676b,True,4.0
aptos2019,train,/kaggle/input/datasets/deepapaneru/aptos2019/train_images/train_images/721214151233.png,721214151233.png,721214151233,right,0.54,estimated_disc_position,aptos2019_721214151233,False,0.0
aptos2019,train,/kaggle/input/datasets/deepapaneru/aptos2019/train_images/train_images/6fb656d506b2.png,6fb656d506b2.png,6fb656d506b2,left,0.98,estimated_disc_position,aptos2019_6fb656d506b2,False,3.0
aptos2019,train,/kaggle/input/datasets/deepapaneru/aptos2019/train_images/train_images/be161517d3ac.png,be161517d3ac.png,be161517d3ac,uncertain,0.07,estimated_disc_position,aptos2019_be161517d3ac,True,2.0
aptos2019,train,/kaggle/input/datasets/deepapaneru/aptos2019/train_images/train_images/bfb578c0e8d8.png,bfb578c0e8d8.png,bfb578c0e8d8,right,1.0,estimated_disc_position,aptos2019_bfb578c0e8d8,False,0.0
aptos2019,train,/kaggle/input/datasets/deepapaneru/aptos2019/train_images/train_images/4d21ce39c905.png,4d21ce39c905.png,4d21ce39c905,right,1.0,estimated_disc_position,aptos2019_4d21ce39c905,False,2.0
aptos2019,train,/kaggle/input/datasets/deepapaneru/aptos2019/train_images/train_images/388279491b5d.png,388279491b5d.png,388279491b5d,right,1.0,estimated_disc_position,aptos2019_388279491b5d,False,0.0
aptos2019,train,/kaggle/input/datasets/deepapaneru/aptos2019/train_images/train_images/1c7a013eeba7.png,1c7a013eeba7.png,1c7a013eeba7,right,0.8,estimated_disc_position,aptos2019_1c7a013eeba7,False,0.0
aptos2019,train,/kaggle/input/datasets/deepapaneru/aptos2019/train_images/train_images/c8d2d32f7f29.png,c8d2d32f7f29.png,c8d2d32f7f29,left,1.0,estimated_disc_position,aptos2019_c8d2d32f7f29,False,4.0
aptos2019,train,/kaggle/input/datasets/deepapaneru/aptos2019/train_images/train_images/d85ea1220a03.png,d85ea1220a03.png,d85ea1220a03,left,0.86,estimated_disc_position,aptos2019_d85ea1220a03,False,4.0
aptos2019,train,/kaggle/input/datasets/deepapaneru/aptos2019/train_images/train_images/ac2c814949f9.png,ac2c814949f9.png,ac2c814949f9,uncertain,0.06,estimated_disc_position,aptos2019_ac2c814949f9,True,2.0
aptos2019,train,/kaggle/input/datasets/deepapaneru/aptos2019/train_images/train_images/61bbe8db6f3a.png,61bbe8db6f3a.png,61bbe8db6f3a,left,1.0,estimated_disc_position,aptos2019_61bbe8db6f3a,False,1.0
aptos2019,train,/kaggle/input/datasets/deepapaneru/aptos2019/train_images/train_images/b8ac328009e0.png,b8ac328009e0.png,b8ac328009e0,uncertain,0.01,estimated_disc_position,aptos2019_b8ac328009e0,True,2.0
aptos2019,train,/kaggle/input/datasets/deepapaneru/aptos2019/train_images/train_images/ae8424cdb029.png,ae8424cdb029.png,ae8424cdb029,right,0.68,estimated_disc_position,aptos2019_ae8424cdb029,False,2.0
aptos2019,train,/kaggle/input/datasets/deepapaneru/aptos2019/train_images/train_images/37c523296d42.png,37c523296d42.png,37c523296d42,right,0.88,estimated_disc_position,aptos2019_37c523296d42,False,0.0
aptos2019,train,/kaggle/input/datasets/deepapaneru/aptos2019/train_images/train_images/8e6df9eedcd8.png,8e6df9eedcd8.png,8e6df9eedcd8,right,1.0,estimated_disc_position,aptos2019_8e6df9eedcd8,False,0.0
aptos2019,train,/kaggle/input/datasets/deepapaneru/aptos2019/train_images/train_images/4818672273af.png,4818672273af.png,4818672273af,right,1.0,estimated_disc_position,aptos2019_4818672273af,False,2.0
aptos2019,train,/kaggle/input/datasets/deepapaneru/aptos2019/train_images/train_images/4bd941611343.png,4bd941611343.png,4bd941611343,right,1.0,estimated_disc_position,aptos2019_4bd941611343,False,4.0
aptos2019,train,/kaggle/input/datasets/deepapaneru/aptos2019/train_images/train_images/af87d48ffe01.png,af87d48ffe01.png,af87d48ffe01,right,1.0,estimated_disc_position,aptos2019_af87d48ffe01,False,0.0
aptos2019,train,/kaggle/input/datasets/deepapaneru/aptos2019/train_images/train_images/22a6da005395.png,22a6da005395.png,22a6da005395,left,1.0,estimated_disc_position,aptos2019_22a6da005395,False,1.0
aptos2019,train,/kaggle/input/datasets/deepapaneru/aptos2019/train_images/train_images/6f4e0538d1e4.png,6f4e0538d1e4.png,6f4e0538d1e4,right,1.0,estimated_disc_position,aptos2019_6f4e0538d1e4,False,2.0
aptos2019,train,/kaggle/input/datasets/deepapaneru/aptos2019/train_images/train_images/96ea316ed0ab.png,96ea316ed0ab.png,96ea316ed0ab,right,1.0,estimated_disc_position,aptos2019_96ea316ed0ab,False,0.0
aptos2019,train,/kaggle/input/datasets/deepapaneru/aptos2019/train_images/train_images/da0a83f074f3.png,da0a83f074f3.png,da0a83f074f3,left,0.87,estimated_disc_position,aptos2019_da0a83f074f3,False,0.0
aptos2019,train,/kaggle/input/datasets/deepapaneru/aptos2019/train_images/train_images/e2161692a0b4.png,e2161692a0b4.png,e2161692a0b4,uncertain,0.01,estimated_disc_position,aptos2019_e2161692a0b4,True,2.0
aptos2019,train,/kaggle/input/datasets/deepapaneru/aptos2019/train_images/train_images/999ad827ed35.png,999ad827ed35.png,999ad827ed35,left,1.0,estimated_disc_position,aptos2019_999ad827ed35,False,0.0
aptos2019,train,/kaggle/input/datasets/deepapaneru/aptos2019/train_images/train_images/4ef16a53d899.png,4ef16a53d899.png,4ef16a53d899,right,1.0,estimated_disc_position,aptos2019_4ef16a53d899,False,0.0
aptos2019,train,/kaggle/input/datasets/deepapaneru/aptos2019/train_images/train_images/1d74c4713e21.png,1d74c4713e21.png,1d74c4713e21,right,1.0,estimated_disc_position,aptos2019_1d74c4713e21,False,0.0
aptos2019,train,/kaggle/input/datasets/deepapaneru/aptos2019/train_images/train_images/c24bcf7a1bc4.png,c24bcf7a1bc4.png,c24bcf7a1bc4,right,1.0,estimated_disc_position,aptos2019_c24bcf7a1bc4,False,0.0
aptos2019,train,/kaggle/input/datasets/deepapaneru/aptos2019/train_images/train_images/46cdc8b685bd.png,46cdc8b685bd.png,46cdc8b685bd,right,1.0,estimated_disc_position,aptos2019_46cdc8b685bd,False,4.0
aptos2019,train,/kaggle/input/datasets/deepapaneru/aptos2019/train_images/train_images/82f2784ead76.png,82f2784ead76.png,82f2784ead76,right,0.38,estimated_disc_position,aptos2019_82f2784ead76,False,2.0
aptos2019,train,/kaggle/input/datasets/deepapaneru/aptos2019/train_images/train_images/c94f37085d0f.png,c94f37085d0f.png,c94f37085d0f,right,0.73,estimated_disc_position,aptos2019_c94f37085d0f,False,0.0
aptos2019,train,/kaggle/input/datasets/deepapaneru/aptos2019/train_images/train_images/9519a590985d.png,9519a590985d.png,9519a590985d,left,0.91,estimated_disc_position,aptos2019_9519a590985d,False,0.0
aptos2019,train,/kaggle/input/datasets/deepapaneru/aptos2019/train_images/train_images/521d3e264d71.png,521d3e264d71.png,521d3e264d71,uncertain,0.17,estimated_disc_position,aptos2019_521d3e264d71,True,2.0
aptos2019,train,/kaggle/input/datasets/deepapaneru/aptos2019/train_images/train_images/dd02d60bef14.png,dd02d60bef14.png,dd02d60bef14,left,0.9,estimated_disc_position,aptos2019_dd02d60bef14,False,0.0
aptos2019,train,/kaggle/input/datasets/deepapaneru/aptos2019/train_images/train_images/bcc762618e7d.png,bcc762618e7d.png,bcc762618e7d,right,1.0,estimated_disc_position,aptos2019_bcc762618e7d,False,2.0
aptos2019,train,/kaggle/input/datasets/deepapaneru/aptos2019/train_images/train_images/4c5ab774a381.png,4c5ab774a381.png,4c5ab774a381,left,0.52,estimated_disc_position,aptos2019_4c5ab774a381,False,0.0
aptos2019,train,/kaggle/input/datasets/deepapaneru/aptos2019/train_images/train_images/4ed31cc07366.png,4ed31cc07366.png,4ed31cc07366,right,0.84,estimated_disc_position,aptos2019_4ed31cc07366,False,2.0
aptos2019,train,/kaggle/input/datasets/deepapaneru/aptos2019/train_images/train_images/a21b37719f9b.png,a21b37719f9b.png,a21b37719f9b,left,1.0,estimated_disc_position,aptos2019_a21b37719f9b,False,2.0
aptos2019,train,/kaggle/input/datasets/deepapaneru/aptos2019/train_images/train_images/75369248dba0.png,75369248dba0.png,75369248dba0,left,0.96,estimated_disc_position,aptos2019_75369248dba0,False,0.0
aptos2019,train,/kaggle/input/datasets/deepapaneru/aptos2019/train_images/train_images/3abac0961bfd.png,3abac0961bfd.png,3abac0961bfd,left,1.0,estimated_disc_position,aptos2019_3abac0961bfd,False,0.0
aptos2019,train,/kaggle/input/datasets/deepapaneru/aptos2019/train_images/train_images/1fd5d860d4d7.png,1fd5d860d4d7.png,1fd5d860d4d7,left,1.0,estimated_disc_position,aptos2019_1fd5d860d4d7,False,4.0
aptos2019,train,/kaggle/input/datasets/deepapaneru/aptos2019/train_images/train_images/b960142a8de7.png,b960142a8de7.png,b960142a8de7,right,1.0,estimated_disc_position,aptos2019_b960142a8de7,False,3.0
aptos2019,train,/kaggle/input/datasets/deepapaneru/aptos2019/train_images/train_images/2fdffb6160a6.png,2fdffb6160a6.png,2fdffb6160a6,uncertain,0.29,estimated_disc_position,aptos2019_2fdffb6160a6,True,2.0
aptos2019,train,/kaggle/input/datasets/deepapaneru/aptos2019/train_images/train_images/b82d5f1f1145.png,b82d5f1f1145.png,b82d5f1f1145,right,1.0,estimated_disc_position,aptos2019_b82d5f1f1145,False,2.0
aptos2019,train,/kaggle/input/datasets/deepapaneru/aptos2019/train_images/train_images/7427dedafccf.png,7427dedafccf.png,7427dedafccf,right,0.64,estimated_disc_position,aptos2019_7427dedafccf,False,1.0
aptos2019,train,/kaggle/input/datasets/deepapaneru/aptos2019/train_images/train_images/9b32e8ef0ca0.png,9b32e8ef0ca0.png,9b32e8ef0ca0,right,1.0,estimated_disc_position,aptos2019_9b32e8ef0ca0,False,2.0
aptos2019,train,/kaggle/input/datasets/deepapaneru/aptos2019/train_images/train_images/69c4cbb630de.png,69c4cbb630de.png,69c4cbb630de,uncertain,0.19,estimated_disc_position,aptos2019_69c4cbb630de,True,0.0
aptos2019,train,/kaggle/input/datasets/deepapaneru/aptos2019/train_images/train_images/3ce2f8a77a32.png,3ce2f8a77a32.png,3ce2f8a77a32,right,1.0,estimated_disc_position,aptos2019_3ce2f8a77a32,False,0.0
aptos2019,train,/kaggle/input/datasets/deepapaneru/aptos2019/train_images/train_images/d2c6b99ef62c.png,d2c6b99ef62c.png,d2c6b99ef62c,left,1.0,estimated_disc_position,aptos2019_d2c6b99ef62c,False,2.0
aptos2019,train,/kaggle/input/datasets/deepapaneru/aptos2019/train_images/train_images/d7bc00091cfc.png,d7bc00091cfc.png,d7bc00091cfc,right,1.0,estimated_disc_position,aptos2019_d7bc00091cfc,False,0.0
aptos2019,train,/kaggle/input/datasets/deepapaneru/aptos2019/train_images/train_images/e12d41e7b221.png,e12d41e7b221.png,e12d41e7b221,left,0.64,estimated_disc_position,aptos2019_e12d41e7b221,False,2.0
aptos2019,train,/kaggle/input/datasets/deepapaneru/aptos2019/train_images/train_images/e3cd96cb094c.png,e3cd96cb094c.png,e3cd96cb094c,right,1.0,estimated_disc_position,aptos2019_e3cd96cb094c,False,0.0
aptos2019,train,/kaggle/input/datasets/deepapaneru/aptos2019/train_images/train_images/389552047476.png,389552047476.png,389552047476,left,1.0,estimated_disc_position,aptos2019_389552047476,False,0.0
aptos2019,train,/kaggle/input/datasets/deepapaneru/aptos2019/train_images/train_images/5a091e8cd95c.png,5a091e8cd95c.png,5a091e8cd95c,right,1.0,estimated_disc_position,aptos2019_5a091e8cd95c,False,1.0
aptos2019,train,/kaggle/input/datasets/deepapaneru/aptos2019/train_images/train_images/27e4c800a449.png,27e4c800a449.png,27e4c800a449,left,0.83,estimated_disc_position,aptos2019_27e4c800a449,False,1.0
aptos2019,train,/kaggle/input/datasets/deepapaneru/aptos2019/train_images/train_images/cd45bfa07d41.png,cd45bfa07d41.png,cd45bfa07d41,left,1.0,estimated_disc_position,aptos2019_cd45bfa07d41,False,1.0
aptos2019,train,/kaggle/input/datasets/deepapaneru/aptos2019/train_images/train_images/878e356c8fc9.png,878e356c8fc9.png,878e356c8fc9,right,0.9,estimated_disc_position,aptos2019_878e356c8fc9,False,0.0
aptos2019,train,/kaggle/input/datasets/deepapaneru/aptos2019/train_images/train_images/5b47043942f4.png,5b47043942f4.png,5b47043942f4,right,1.0,estimated_disc_position,aptos2019_5b47043942f4,False,0.0
aptos2019,train,/kaggle/input/datasets/deepapaneru/aptos2019/train_images/train_images/895fe2bfc5b6.png,895fe2bfc5b6.png,895fe2bfc5b6,left,0.8,estimated_disc_position,aptos2019_895fe2bfc5b6,False,0.0
aptos2019,train,/kaggle/input/datasets/deepapaneru/aptos2019/train_images/train_images/663a923d5398.png,663a923d5398.png,663a923d5398,right,1.0,estimated_disc_position,aptos2019_663a923d5398,False,2.0
aptos2019,train,/kaggle/input/datasets/deepapaneru/aptos2019/train_images/train_images/875a2fc5fe23.png,875a2fc5fe23.png,875a2fc5fe23,uncertain,0.25,estimated_disc_position,aptos2019_875a2fc5fe23,True,4.0
aptos2019,train,/kaggle/input/datasets/deepapaneru/aptos2019/train_images/train_images/3fd45879afe6.png,3fd45879afe6.png,3fd45879afe6,right,0.91,estimated_disc_position,aptos2019_3fd45879afe6,False,0.0
aptos2019,train,/kaggle/input/datasets/deepapaneru/aptos2019/train_images/train_images/3810040096cb.png,3810040096cb.png,3810040096cb,right,0.9,estimated_disc_position,aptos2019_3810040096cb,False,4.0
aptos2019,train,/kaggle/input/datasets/deepapaneru/aptos2019/train_images/train_images/d035c2bd9104.png,d035c2bd9104.png,d035c2bd9104,right,0.77,estimated_disc_position,aptos2019_d035c2bd9104,False,3.0
aptos2019,train,/kaggle/input/datasets/deepapaneru/aptos2019/train_images/train_images/b0eeae01b8ab.png,b0eeae01b8ab.png,b0eeae01b8ab,right,1.0,estimated_disc_position,aptos2019_b0eeae01b8ab,False,2.0
aptos2019,train,/kaggle/input/datasets/deepapaneru/aptos2019/train_images/train_images/d7ab5c040294.png,d7ab5c040294.png,d7ab5c040294,right,0.47,estimated_disc_position,aptos2019_d7ab5c040294,False,0.0
aptos2019,train,/kaggle/input/datasets/deepapaneru/aptos2019/train_images/train_images/d868acdccb5b.png,d868acdccb5b.png,d868acdccb5b,left,1.0,estimated_disc_position,aptos2019_d868acdccb5b,False,3.0
aptos2019,train,/kaggle/input/datasets/deepapaneru/aptos2019/train_images/train_images/969f92a390db.png,969f92a390db.png,969f92a390db,left,0.99,estimated_disc_position,aptos2019_969f92a390db,False,0.0
aptos2019,train,/kaggle/input/datasets/deepapaneru/aptos2019/train_images/train_images/8f318a978844.png,8f318a978844.png,8f318a978844,right,0.62,estimated_disc_position,aptos2019_8f318a978844,False,4.0
aptos2019,train,/kaggle/input/datasets/deepapaneru/aptos2019/train_images/train_images/6377e23928f6.png,6377e23928f6.png,6377e23928f6,right,1.0,estimated_disc_position,aptos2019_6377e23928f6,False,1.0
aptos2019,train,/kaggle/input/datasets/deepapaneru/aptos2019/train_images/train_images/8acffaf1f4b9.png,8acffaf1f4b9.png,8acffaf1f4b9,left,1.0,estimated_disc_position,aptos2019_8acffaf1f4b9,False,2.0
aptos2019,train,/kaggle/input/datasets/deepapaneru/aptos2019/train_images/train_images/d88806d9ece9.png,d88806d9ece9.png,d88806d9ece9,left,0.6,estimated_disc_position,aptos2019_d88806d9ece9,False,2.0
aptos2019,train,/kaggle/input/datasets/deepapaneru/aptos2019/train_images/train_images/362c4a96cebb.png,362c4a96cebb.png,362c4a96cebb,left,0.64,estimated_disc_position,aptos2019_362c4a96cebb,False,2.0
aptos2019,train,/kaggle/input/datasets/deepapaneru/aptos2019/train_images/train_images/aa9b8f05f4bf.png,aa9b8f05f4bf.png,aa9b8f05f4bf,right,1.0,estimated_disc_position,aptos2019_aa9b8f05f4bf,False,2.0
aptos2019,train,/kaggle/input/datasets/deepapaneru/aptos2019/train_images/train_images/8ead8f37423c.png,8ead8f37423c.png,8ead8f37423c,right,0.91,estimated_disc_position,aptos2019_8ead8f37423c,False,0.0
aptos2019,train,/kaggle/input/datasets/deepapaneru/aptos2019/train_images/train_images/98104c8c67eb.png,98104c8c67eb.png,98104c8c67eb,uncertain,0.12,estimated_disc_position,aptos2019_98104c8c67eb,True,2.0
aptos2019,train,/kaggle/input/datasets/deepapaneru/aptos2019/train_images/train_images/467b7d9d811c.png,467b7d9d811c.png,467b7d9d811c,uncertain,0.03,estimated_disc_position,aptos2019_467b7d9d811c,True,2.0
aptos2019,train,/kaggle/input/datasets/deepapaneru/aptos2019/train_images/train_images/c446985355f1.png,c446985355f1.png,c446985355f1,left,0.86,estimated_disc_position,aptos2019_c446985355f1,False,0.0
aptos2019,train,/kaggle/input/datasets/deepapaneru/aptos2019/train_images/train_images/7af4d8704032.png,7af4d8704032.png,7af4d8704032,left,0.91,estimated_disc_position,aptos2019_7af4d8704032,False,0.0
aptos2019,train,/kaggle/input/datasets/deepapaneru/aptos2019/train_images/train_images/d27ac9e54901.png,d27ac9e54901.png,d27ac9e54901,left,0.72,estimated_disc_position,aptos2019_d27ac9e54901,False,0.0
aptos2019,train,/kaggle/input/datasets/deepapaneru/aptos2019/train_images/train_images/a3957df90a78.png,a3957df90a78.png,a3957df90a78,left,1.0,estimated_disc_position,aptos2019_a3957df90a78,False,2.0
aptos2019,train,/kaggle/input/datasets/deepapaneru/aptos2019/train_images/train_images/62ab144d5cee.png,62ab144d5cee.png,62ab144d5cee,right,1.0,estimated_disc_position,aptos2019_62ab144d5cee,False,2.0
aptos2019,train,/kaggle/input/datasets/deepapaneru/aptos2019/train_images/train_images/a8854768549f.png,a8854768549f.png,a8854768549f,right,1.0,estimated_disc_position,aptos2019_a8854768549f,False,0.0
aptos2019,train,/kaggle/input/datasets/deepapaneru/aptos2019/train_images/train_images/1b3647865779.png,1b3647865779.png,1b3647865779,right,1.0,estimated_disc_position,aptos2019_1b3647865779,False,0.0
aptos2019,train,/kaggle/input/datasets/deepapaneru/aptos2019/train_images/train_images/269b44e628eb.png,269b44e628eb.png,269b44e628eb,right,1.0,estimated_disc_position,aptos2019_269b44e628eb,False,3.0
aptos2019,train,/kaggle/input/datasets/deepapaneru/aptos2019/train_images/train_images/7ae69d22075a.png,7ae69d22075a.png,7ae69d22075a,left,1.0,estimated_disc_position,aptos2019_7ae69d22075a,False,1.0
aptos2019,train,/kaggle/input/datasets/deepapaneru/aptos2019/train_images/train_images/bac1744955c2.png,bac1744955c2.png,bac1744955c2,right,0.86,estimated_disc_position,aptos2019_bac1744955c2,False,0.0
aptos2019,train,/kaggle/input/datasets/deepapaneru/aptos2019/train_images/train_images/a32b5ce3d48a.png,a32b5ce3d48a.png,a32b5ce3d48a,right,1.0,estimated_disc_position,aptos2019_a32b5ce3d48a,False,4.0
aptos2019,train,/kaggle/input/datasets/deepapaneru/aptos2019/train_images/train_images/a2163f0c2af5.png,a2163f0c2af5.png,a2163f0c2af5,right,0.77,estimated_disc_position,aptos2019_a2163f0c2af5,False,0.0
aptos2019,train,/kaggle/input/datasets/deepapaneru/aptos2019/train_images/train_images/e067b06fd655.png,e067b06fd655.png,e067b06fd655,left,0.9,estimated_disc_position,aptos2019_e067b06fd655,False,0.0
aptos2019,train,/kaggle/input/datasets/deepapaneru/aptos2019/train_images/train_images/41345cec5957.png,41345cec5957.png,41345cec5957,right,1.0,estimated_disc_position,aptos2019_41345cec5957,False,0.0
aptos2019,train,/kaggle/input/datasets/deepapaneru/aptos2019/train_images/train_images/8f14bca04b47.png,8f14bca04b47.png,8f14bca04b47,left,0.87,estimated_disc_position,aptos2019_8f14bca04b47,False,0.0
aptos2019,train,/kaggle/input/datasets/deepapaneru/aptos2019/train_images/train_images/3b58b02c89ed.png,3b58b02c89ed.png,3b58b02c89ed,left,0.88,estimated_disc_position,aptos2019_3b58b02c89ed,False,2.0
aptos2019,train,/kaggle/input/datasets/deepapaneru/aptos2019/train_images/train_images/26e231747848.png,26e231747848.png,26e231747848,uncertain,0.07,estimated_disc_position,aptos2019_26e231747848,True,2.0
aptos2019,train,/kaggle/input/datasets/deepapaneru/aptos2019/train_images/train_images/b21abe5d9722.png,b21abe5d9722.png,b21abe5d9722,right,1.0,estimated_disc_position,aptos2019_b21abe5d9722,False,0.0
aptos2019,train,/kaggle/input/datasets/deepapaneru/aptos2019/train_images/train_images/71a39c660432.png,71a39c660432.png,71a39c660432,right,1.0,estimated_disc_position,aptos2019_71a39c660432,False,3.0
aptos2019,train,/kaggle/input/datasets/deepapaneru/aptos2019/train_images/train_images/8dafa62f9322.png,8dafa62f9322.png,8dafa62f9322,right,1.0,estimated_disc_position,aptos2019_8dafa62f9322,False,0.0
aptos2019,train,/kaggle/input/datasets/deepapaneru/aptos2019/train_images/train_images/8596a24a14bd.png,8596a24a14bd.png,8596a24a14bd,left,1.0,estimated_disc_position,aptos2019_8596a24a14bd,False,4.0
aptos2019,train,/kaggle/input/datasets/deepapaneru/aptos2019/train_images/train_images/9e5ec293267c.png,9e5ec293267c.png,9e5ec293267c,uncertain,0.08,estimated_disc_position,aptos2019_9e5ec293267c,True,2.0
aptos2019,train,/kaggle/input/datasets/deepapaneru/aptos2019/train_images/train_images/54334705a34d.png,54334705a34d.png,54334705a34d,right,1.0,estimated_disc_position,aptos2019_54334705a34d,False,0.0
aptos2019,train,/kaggle/input/datasets/deepapaneru/aptos2019/train_images/train_images/991a0b7a8c87.png,991a0b7a8c87.png,991a0b7a8c87,right,1.0,estimated_disc_position,aptos2019_991a0b7a8c87,False,0.0
aptos2019,train,/kaggle/input/datasets/deepapaneru/aptos2019/train_images/train_images/8ff2733f6aef.png,8ff2733f6aef.png,8ff2733f6aef,right,1.0,estimated_disc_position,aptos2019_8ff2733f6aef,False,2.0
aptos2019,train,/kaggle/input/datasets/deepapaneru/aptos2019/train_images/train_images/8185ce1cdcef.png,8185ce1cdcef.png,8185ce1cdcef,right,0.94,estimated_disc_position,aptos2019_8185ce1cdcef,False,0.0
aptos2019,train,/kaggle/input/datasets/deepapaneru/aptos2019/train_images/train_images/b4e15102cd7a.png,b4e15102cd7a.png,b4e15102cd7a,left,1.0,estimated_disc_position,aptos2019_b4e15102cd7a,False,0.0
aptos2019,train,/kaggle/input/datasets/deepapaneru/aptos2019/train_images/train_images/7b691d9ced34.png,7b691d9ced34.png,7b691d9ced34,right,1.0,estimated_disc_position,aptos2019_7b691d9ced34,False,0.0
aptos2019,train,/kaggle/input/datasets/deepapaneru/aptos2019/train_images/train_images/3c726de3ee90.png,3c726de3ee90.png,3c726de3ee90,left,1.0,estimated_disc_position,aptos2019_3c726de3ee90,False,1.0
aptos2019,train,/kaggle/input/datasets/deepapaneru/aptos2019/train_images/train_images/3323fd59782e.png,3323fd59782e.png,3323fd59782e,left,0.4,estimated_disc_position,aptos2019_3323fd59782e,False,0.0
aptos2019,train,/kaggle/input/datasets/deepapaneru/aptos2019/train_images/train_images/da6389d129aa.png,da6389d129aa.png,da6389d129aa,right,1.0,estimated_disc_position,aptos2019_da6389d129aa,False,0.0
aptos2019,train,/kaggle/input/datasets/deepapaneru/aptos2019/train_images/train_images/badb5ff8d3c7.png,badb5ff8d3c7.png,badb5ff8d3c7,uncertain,0.04,estimated_disc_position,aptos2019_badb5ff8d3c7,True,0.0
aptos2019,train,/kaggle/input/datasets/deepapaneru/aptos2019/train_images/train_images/cd54d022e37d.png,cd54d022e37d.png,cd54d022e37d,left,0.96,estimated_disc_position,aptos2019_cd54d022e37d,False,4.0
aptos2019,train,/kaggle/input/datasets/deepapaneru/aptos2019/train_images/train_images/a5c9a8c726b2.png,a5c9a8c726b2.png,a5c9a8c726b2,left,0.99,estimated_disc_position,aptos2019_a5c9a8c726b2,False,4.0
aptos2019,train,/kaggle/input/datasets/deepapaneru/aptos2019/train_images/train_images/582f739b8f62.png,582f739b8f62.png,582f739b8f62,left,1.0,estimated_disc_position,aptos2019_582f739b8f62,False,2.0
aptos2019,train,/kaggle/input/datasets/deepapaneru/aptos2019/train_images/train_images/2d9d97a6e713.png,2d9d97a6e713.png,2d9d97a6e713,left,1.0,estimated_disc_position,aptos2019_2d9d97a6e713,False,1.0
aptos2019,train,/kaggle/input/datasets/deepapaneru/aptos2019/train_images/train_images/a15590a7d774.png,a15590a7d774.png,a15590a7d774,left,1.0,estimated_disc_position,aptos2019_a15590a7d774,False,2.0
aptos2019,train,/kaggle/input/datasets/deepapaneru/aptos2019/train_images/train_images/d1b279cc02ae.png,d1b279cc02ae.png,d1b279cc02ae,right,0.83,estimated_disc_position,aptos2019_d1b279cc02ae,False,0.0
aptos2019,train,/kaggle/input/datasets/deepapaneru/aptos2019/train_images/train_images/33b91def2035.png,33b91def2035.png,33b91def2035,left,1.0,estimated_disc_position,aptos2019_33b91def2035,False,0.0
aptos2019,train,/kaggle/input/datasets/deepapaneru/aptos2019/train_images/train_images/61da799bf0aa.png,61da799bf0aa.png,61da799bf0aa,right,1.0,estimated_disc_position,aptos2019_61da799bf0aa,False,0.0
aptos2019,train,/kaggle/input/datasets/deepapaneru/aptos2019/train_images/train_images/731b19a460ad.png,731b19a460ad.png,731b19a460ad,right,0.94,estimated_disc_position,aptos2019_731b19a460ad,False,2.0
aptos2019,train,/kaggle/input/datasets/deepapaneru/aptos2019/train_images/train_images/e1dc02a3dc2a.png,e1dc02a3dc2a.png,e1dc02a3dc2a,right,0.86,estimated_disc_position,aptos2019_e1dc02a3dc2a,False,0.0
aptos2019,train,/kaggle/input/datasets/deepapaneru/aptos2019/train_images/train_images/a8582e346df0.png,a8582e346df0.png,a8582e346df0,right,1.0,estimated_disc_position,aptos2019_a8582e346df0,False,1.0
aptos2019,train,/kaggle/input/datasets/deepapaneru/aptos2019/train_images/train_images/37c4dfe03aba.png,37c4dfe03aba.png,37c4dfe03aba,left,1.0,estimated_disc_position,aptos2019_37c4dfe03aba,False,4.0
aptos2019,train,/kaggle/input/datasets/deepapaneru/aptos2019/train_images/train_images/9cf7c1349673.png,9cf7c1349673.png,9cf7c1349673,right,0.9,estimated_disc_position,aptos2019_9cf7c1349673,False,0.0
aptos2019,train,/kaggle/input/datasets/deepapaneru/aptos2019/train_images/train_images/29b52f64d2db.png,29b52f64d2db.png,29b52f64d2db,left,1.0,estimated_disc_position,aptos2019_29b52f64d2db,False,1.0
aptos2019,train,/kaggle/input/datasets/deepapaneru/aptos2019/train_images/train_images/789f0ec1eab8.png,789f0ec1eab8.png,789f0ec1eab8,left,0.7,estimated_disc_position,aptos2019_789f0ec1eab8,False,0.0
aptos2019,train,/kaggle/input/datasets/deepapaneru/aptos2019/train_images/train_images/aed4e743c230.png,aed4e743c230.png,aed4e743c230,left,1.0,estimated_disc_position,aptos2019_aed4e743c230,False,2.0
aptos2019,train,/kaggle/input/datasets/deepapaneru/aptos2019/train_images/train_images/31452ad8808c.png,31452ad8808c.png,31452ad8808c,right,1.0,estimated_disc_position,aptos2019_31452ad8808c,False,2.0
aptos2019,train,/kaggle/input/datasets/deepapaneru/aptos2019/train_images/train_images/b842b43cb7fb.png,b842b43cb7fb.png,b842b43cb7fb,left,1.0,estimated_disc_position,aptos2019_b842b43cb7fb,False,0.0
aptos2019,train,/kaggle/input/datasets/deepapaneru/aptos2019/train_images/train_images/28dc010a0780.png,28dc010a0780.png,28dc010a0780,left,1.0,estimated_disc_position,aptos2019_28dc010a0780,False,0.0
aptos2019,train,/kaggle/input/datasets/deepapaneru/aptos2019/train_images/train_images/c58e5c0c5b33.png,c58e5c0c5b33.png,c58e5c0c5b33,left,0.9,estimated_disc_position,aptos2019_c58e5c0c5b33,False,0.0
aptos2019,train,/kaggle/input/datasets/deepapaneru/aptos2019/train_images/train_images/a4d41c495666.png,a4d41c495666.png,a4d41c495666,left,1.0,estimated_disc_position,aptos2019_a4d41c495666,False,2.0
aptos2019,train,/kaggle/input/datasets/deepapaneru/aptos2019/train_images/train_images/22d843b2bbd1.png,22d843b2bbd1.png,22d843b2bbd1,right,1.0,estimated_disc_position,aptos2019_22d843b2bbd1,False,0.0
aptos2019,train,/kaggle/input/datasets/deepapaneru/aptos2019/train_images/train_images/c7d0deb71576.png,c7d0deb71576.png,c7d0deb71576,left,0.98,estimated_disc_position,aptos2019_c7d0deb71576,False,0.0
aptos2019,train,/kaggle/input/datasets/deepapaneru/aptos2019/train_images/train_images/44ecf3f4efa5.png,44ecf3f4efa5.png,44ecf3f4efa5,right,1.0,estimated_disc_position,aptos2019_44ecf3f4efa5,False,4.0
aptos2019,train,/kaggle/input/datasets/deepapaneru/aptos2019/train_images/train_images/28824d12d31d.png,28824d12d31d.png,28824d12d31d,left,0.76,estimated_disc_position,aptos2019_28824d12d31d,False,2.0
aptos2019,train,/kaggle/input/datasets/deepapaneru/aptos2019/train_images/train_images/4731e708ede3.png,4731e708ede3.png,4731e708ede3,right,1.0,estimated_disc_position,aptos2019_4731e708ede3,False,0.0
aptos2019,train,/kaggle/input/datasets/deepapaneru/aptos2019/train_images/train_images/20688cb25704.png,20688cb25704.png,20688cb25704,right,1.0,estimated_disc_position,aptos2019_20688cb25704,False,2.0
aptos2019,train,/kaggle/input/datasets/deepapaneru/aptos2019/train_images/train_images/e16af45285e5.png,e16af45285e5.png,e16af45285e5,right,1.0,estimated_disc_position,aptos2019_e16af45285e5,False,0.0
aptos2019,train,/kaggle/input/datasets/deepapaneru/aptos2019/train_images/train_images/7f43becd3e83.png,7f43becd3e83.png,7f43becd3e83,left,0.39,estimated_disc_position,aptos2019_7f43becd3e83,False,0.0
aptos2019,train,/kaggle/input/datasets/deepapaneru/aptos2019/train_images/train_images/d364423ec6f9.png,d364423ec6f9.png,d364423ec6f9,left,0.82,estimated_disc_position,aptos2019_d364423ec6f9,False,2.0
aptos2019,train,/kaggle/input/datasets/deepapaneru/aptos2019/train_images/train_images/bf87aedf2489.png,bf87aedf2489.png,bf87aedf2489,left,0.51,estimated_disc_position,aptos2019_bf87aedf2489,False,0.0
aptos2019,train,/kaggle/input/datasets/deepapaneru/aptos2019/train_images/train_images/64fedbf97473.png,64fedbf97473.png,64fedbf97473,right,0.85,estimated_disc_position,aptos2019_64fedbf97473,False,4.0
aptos2019,train,/kaggle/input/datasets/deepapaneru/aptos2019/train_images/train_images/29192375ab1b.png,29192375ab1b.png,29192375ab1b,right,1.0,estimated_disc_position,aptos2019_29192375ab1b,False,0.0
aptos2019,train,/kaggle/input/datasets/deepapaneru/aptos2019/train_images/train_images/e4b0df29b96f.png,e4b0df29b96f.png,e4b0df29b96f,left,0.93,estimated_disc_position,aptos2019_e4b0df29b96f,False,0.0
aptos2019,train,/kaggle/input/datasets/deepapaneru/aptos2019/train_images/train_images/8acdf12f412a.png,8acdf12f412a.png,8acdf12f412a,left,1.0,estimated_disc_position,aptos2019_8acdf12f412a,False,0.0
aptos2019,train,/kaggle/input/datasets/deepapaneru/aptos2019/train_images/train_images/9cc6b1f9bcbd.png,9cc6b1f9bcbd.png,9cc6b1f9bcbd,left,0.91,estimated_disc_position,aptos2019_9cc6b1f9bcbd,False,4.0
aptos2019,train,/kaggle/input/datasets/deepapaneru/aptos2019/train_images/train_images/65cf00be6fb4.png,65cf00be6fb4.png,65cf00be6fb4,left,1.0,estimated_disc_position,aptos2019_65cf00be6fb4,False,0.0
aptos2019,train,/kaggle/input/datasets/deepapaneru/aptos2019/train_images/train_images/51da6aebba8f.png,51da6aebba8f.png,51da6aebba8f,uncertain,0.12,estimated_disc_position,aptos2019_51da6aebba8f,True,3.0
aptos2019,train,/kaggle/input/datasets/deepapaneru/aptos2019/train_images/train_images/ad20080452de.png,ad20080452de.png,ad20080452de,right,0.96,estimated_disc_position,aptos2019_ad20080452de,False,0.0
aptos2019,train,/kaggle/input/datasets/deepapaneru/aptos2019/train_images/train_images/ae2c3f6312ef.png,ae2c3f6312ef.png,ae2c3f6312ef,left,1.0,estimated_disc_position,aptos2019_ae2c3f6312ef,False,0.0
aptos2019,train,/kaggle/input/datasets/deepapaneru/aptos2019/train_images/train_images/2209daf71aab.png,2209daf71aab.png,2209daf71aab,right,1.0,estimated_disc_position,aptos2019_2209daf71aab,False,0.0
aptos2019,train,/kaggle/input/datasets/deepapaneru/aptos2019/train_images/train_images/55f7f018c61c.png,55f7f018c61c.png,55f7f018c61c,left,0.98,estimated_disc_position,aptos2019_55f7f018c61c,False,0.0
aptos2019,train,/kaggle/input/datasets/deepapaneru/aptos2019/train_images/train_images/20404ec7b518.png,20404ec7b518.png,20404ec7b518,uncertain,0.13,estimated_disc_position,aptos2019_20404ec7b518,True,2.0
aptos2019,train,/kaggle/input/datasets/deepapaneru/aptos2019/train_images/train_images/2376e5415458.png,2376e5415458.png,2376e5415458,right,1.0,estimated_disc_position,aptos2019_2376e5415458,False,2.0
aptos2019,train,/kaggle/input/datasets/deepapaneru/aptos2019/train_images/train_images/9910c827e2fe.png,9910c827e2fe.png,9910c827e2fe,left,1.0,estimated_disc_position,aptos2019_9910c827e2fe,False,0.0
aptos2019,train,/kaggle/input/datasets/deepapaneru/aptos2019/train_images/train_images/30263a7d5609.png,30263a7d5609.png,30263a7d5609,right,1.0,estimated_disc_position,aptos2019_30263a7d5609,False,0.0
aptos2019,train,/kaggle/input/datasets/deepapaneru/aptos2019/train_images/train_images/8201cab8322d.png,8201cab8322d.png,8201cab8322d,uncertain,0.13,estimated_disc_position,aptos2019_8201cab8322d,True,3.0
aptos2019,train,/kaggle/input/datasets/deepapaneru/aptos2019/train_images/train_images/242fc19be06f.png,242fc19be06f.png,242fc19be06f,right,0.88,estimated_disc_position,aptos2019_242fc19be06f,False,0.0
aptos2019,train,/kaggle/input/datasets/deepapaneru/aptos2019/train_images/train_images/8c0d05233238.png,8c0d05233238.png,8c0d05233238,right,1.0,estimated_disc_position,aptos2019_8c0d05233238,False,3.0
aptos2019,train,/kaggle/input/datasets/deepapaneru/aptos2019/train_images/train_images/3748349334f6.png,3748349334f6.png,3748349334f6,left,1.0,estimated_disc_position,aptos2019_3748349334f6,False,2.0
aptos2019,train,/kaggle/input/datasets/deepapaneru/aptos2019/train_images/train_images/e1fb532f55df.png,e1fb532f55df.png,e1fb532f55df,left,1.0,estimated_disc_position,aptos2019_e1fb532f55df,False,3.0
aptos2019,train,/kaggle/input/datasets/deepapaneru/aptos2019/train_images/train_images/2532613a584a.png,2532613a584a.png,2532613a584a,right,0.35,estimated_disc_position,aptos2019_2532613a584a,True,2.0
aptos2019,train,/kaggle/input/datasets/deepapaneru/aptos2019/train_images/train_images/756b0d6488bb.png,756b0d6488bb.png,756b0d6488bb,left,0.87,estimated_disc_position,aptos2019_756b0d6488bb,False,1.0
aptos2019,train,/kaggle/input/datasets/deepapaneru/aptos2019/train_images/train_images/d9ba044671e1.png,d9ba044671e1.png,d9ba044671e1,right,0.69,estimated_disc_position,aptos2019_d9ba044671e1,False,4.0
aptos2019,train,/kaggle/input/datasets/deepapaneru/aptos2019/train_images/train_images/6ccfdb031184.png,6ccfdb031184.png,6ccfdb031184,uncertain,0.22,estimated_disc_position,aptos2019_6ccfdb031184,True,0.0
aptos2019,train,/kaggle/input/datasets/deepapaneru/aptos2019/train_images/train_images/1e4b3b823b95.png,1e4b3b823b95.png,1e4b3b823b95,uncertain,0.09,estimated_disc_position,aptos2019_1e4b3b823b95,True,2.0
aptos2019,train,/kaggle/input/datasets/deepapaneru/aptos2019/train_images/train_images/8906c9ed54a2.png,8906c9ed54a2.png,8906c9ed54a2,left,1.0,estimated_disc_position,aptos2019_8906c9ed54a2,False,0.0
aptos2019,train,/kaggle/input/datasets/deepapaneru/aptos2019/train_images/train_images/52886bed8a07.png,52886bed8a07.png,52886bed8a07,right,0.34,estimated_disc_position,aptos2019_52886bed8a07,True,2.0
aptos2019,train,/kaggle/input/datasets/deepapaneru/aptos2019/train_images/train_images/df841a0440d8.png,df841a0440d8.png,df841a0440d8,left,1.0,estimated_disc_position,aptos2019_df841a0440d8,False,2.0
aptos2019,train,/kaggle/input/datasets/deepapaneru/aptos2019/train_images/train_images/1d37f1c8b6d8.png,1d37f1c8b6d8.png,1d37f1c8b6d8,left,0.93,estimated_disc_position,aptos2019_1d37f1c8b6d8,False,0.0
aptos2019,train,/kaggle/input/datasets/deepapaneru/aptos2019/train_images/train_images/5c85d22bd0de.png,5c85d22bd0de.png,5c85d22bd0de,left,0.6,estimated_disc_position,aptos2019_5c85d22bd0de,False,0.0
aptos2019,train,/kaggle/input/datasets/deepapaneru/aptos2019/train_images/train_images/79ade634c633.png,79ade634c633.png,79ade634c633,right,1.0,estimated_disc_position,aptos2019_79ade634c633,False,0.0
aptos2019,train,/kaggle/input/datasets/deepapaneru/aptos2019/train_images/train_images/894a37fc3738.png,894a37fc3738.png,894a37fc3738,left,1.0,estimated_disc_position,aptos2019_894a37fc3738,False,0.0
aptos2019,train,/kaggle/input/datasets/deepapaneru/aptos2019/train_images/train_images/50d8249f7bc9.png,50d8249f7bc9.png,50d8249f7bc9,right,1.0,estimated_disc_position,aptos2019_50d8249f7bc9,False,0.0
aptos2019,train,/kaggle/input/datasets/deepapaneru/aptos2019/train_images/train_images/1efa5d443707.png,1efa5d443707.png,1efa5d443707,left,1.0,estimated_disc_position,aptos2019_1efa5d443707,False,4.0
aptos2019,train,/kaggle/input/datasets/deepapaneru/aptos2019/train_images/train_images/c9f0dc2c8b43.png,c9f0dc2c8b43.png,c9f0dc2c8b43,uncertain,0.03,estimated_disc_position,aptos2019_c9f0dc2c8b43,True,2.0
aptos2019,train,/kaggle/input/datasets/deepapaneru/aptos2019/train_images/train_images/78bcdffb8785.png,78bcdffb8785.png,78bcdffb8785,right,0.96,estimated_disc_position,aptos2019_78bcdffb8785,False,1.0
aptos2019,train,/kaggle/input/datasets/deepapaneru/aptos2019/train_images/train_images/a1eb88562239.png,a1eb88562239.png,a1eb88562239,left,0.85,estimated_disc_position,aptos2019_a1eb88562239,False,0.0
aptos2019,train,/kaggle/input/datasets/deepapaneru/aptos2019/train_images/train_images/e1418d28d668.png,e1418d28d668.png,e1418d28d668,uncertain,0.02,estimated_disc_position,aptos2019_e1418d28d668,True,2.0
aptos2019,train,/kaggle/input/datasets/deepapaneru/aptos2019/train_images/train_images/8846b09384a4.png,8846b09384a4.png,8846b09384a4,right,1.0,estimated_disc_position,aptos2019_8846b09384a4,False,0.0
aptos2019,train,/kaggle/input/datasets/deepapaneru/aptos2019/train_images/train_images/2ef4a04aed1b.png,2ef4a04aed1b.png,2ef4a04aed1b,right,0.8,estimated_disc_position,aptos2019_2ef4a04aed1b,False,0.0
aptos2019,train,/kaggle/input/datasets/deepapaneru/aptos2019/train_images/train_images/9be0683649ff.png,9be0683649ff.png,9be0683649ff,right,1.0,estimated_disc_position,aptos2019_9be0683649ff,False,0.0
aptos2019,train,/kaggle/input/datasets/deepapaneru/aptos2019/train_images/train_images/72606afaf3da.png,72606afaf3da.png,72606afaf3da,right,1.0,estimated_disc_position,aptos2019_72606afaf3da,False,0.0
aptos2019,train,/kaggle/input/datasets/deepapaneru/aptos2019/train_images/train_images/4134b290f5f3.png,4134b290f5f3.png,4134b290f5f3,right,1.0,estimated_disc_position,aptos2019_4134b290f5f3,False,0.0
aptos2019,train,/kaggle/input/datasets/deepapaneru/aptos2019/train_images/train_images/c73c5f6ef664.png,c73c5f6ef664.png,c73c5f6ef664,left,1.0,estimated_disc_position,aptos2019_c73c5f6ef664,False,2.0
aptos2019,train,/kaggle/input/datasets/deepapaneru/aptos2019/train_images/train_images/8e4a354e3da2.png,8e4a354e3da2.png,8e4a354e3da2,left,1.0,estimated_disc_position,aptos2019_8e4a354e3da2,False,0.0
aptos2019,train,/kaggle/input/datasets/deepapaneru/aptos2019/train_images/train_images/750e0168399d.png,750e0168399d.png,750e0168399d,right,1.0,estimated_disc_position,aptos2019_750e0168399d,False,0.0
aptos2019,train,/kaggle/input/datasets/deepapaneru/aptos2019/train_images/train_images/4d47300e3ddb.png,4d47300e3ddb.png,4d47300e3ddb,right,0.77,estimated_disc_position,aptos2019_4d47300e3ddb,False,3.0
aptos2019,train,/kaggle/input/datasets/deepapaneru/aptos2019/train_images/train_images/44878f34e31f.png,44878f34e31f.png,44878f34e31f,left,0.57,estimated_disc_position,aptos2019_44878f34e31f,False,0.0
aptos2019,train,/kaggle/input/datasets/deepapaneru/aptos2019/train_images/train_images/b37aae3c8fe1.png,b37aae3c8fe1.png,b37aae3c8fe1,uncertain,0.21,estimated_disc_position,aptos2019_b37aae3c8fe1,True,4.0
aptos2019,train,/kaggle/input/datasets/deepapaneru/aptos2019/train_images/train_images/a81b06f50612.png,a81b06f50612.png,a81b06f50612,left,0.56,estimated_disc_position,aptos2019_a81b06f50612,False,4.0
aptos2019,train,/kaggle/input/datasets/deepapaneru/aptos2019/train_images/train_images/36a1e3c780a0.png,36a1e3c780a0.png,36a1e3c780a0,left,0.87,estimated_disc_position,aptos2019_36a1e3c780a0,False,2.0
aptos2019,train,/kaggle/input/datasets/deepapaneru/aptos2019/train_images/train_images/27933cdbe0cc.png,27933cdbe0cc.png,27933cdbe0cc,left,0.9,estimated_disc_position,aptos2019_27933cdbe0cc,False,0.0
aptos2019,train,/kaggle/input/datasets/deepapaneru/aptos2019/train_images/train_images/bffca6eeb2bf.png,bffca6eeb2bf.png,bffca6eeb2bf,right,1.0,estimated_disc_position,aptos2019_bffca6eeb2bf,False,0.0
aptos2019,train,/kaggle/input/datasets/deepapaneru/aptos2019/train_images/train_images/b09101adb478.png,b09101adb478.png,b09101adb478,right,0.48,estimated_disc_position,aptos2019_b09101adb478,False,0.0
aptos2019,train,/kaggle/input/datasets/deepapaneru/aptos2019/train_images/train_images/9122b31414d3.png,9122b31414d3.png,9122b31414d3,left,0.84,estimated_disc_position,aptos2019_9122b31414d3,False,0.0
aptos2019,train,/kaggle/input/datasets/deepapaneru/aptos2019/train_images/train_images/dd285d9e97fe.png,dd285d9e97fe.png,dd285d9e97fe,right,0.72,estimated_disc_position,aptos2019_dd285d9e97fe,False,0.0
aptos2019,train,/kaggle/input/datasets/deepapaneru/aptos2019/train_images/train_images/92fcf50b3562.png,92fcf50b3562.png,92fcf50b3562,left,1.0,estimated_disc_position,aptos2019_92fcf50b3562,False,0.0
aptos2019,train,/kaggle/input/datasets/deepapaneru/aptos2019/train_images/train_images/9f935fb38440.png,9f935fb38440.png,9f935fb38440,right,1.0,estimated_disc_position,aptos2019_9f935fb38440,False,0.0
aptos2019,train,/kaggle/input/datasets/deepapaneru/aptos2019/train_images/train_images/97d02a9b94f7.png,97d02a9b94f7.png,97d02a9b94f7,left,1.0,estimated_disc_position,aptos2019_97d02a9b94f7,False,0.0
aptos2019,train,/kaggle/input/datasets/deepapaneru/aptos2019/train_images/train_images/e135d7ba9a0e.png,e135d7ba9a0e.png,e135d7ba9a0e,right,0.75,estimated_disc_position,aptos2019_e135d7ba9a0e,False,0.0
aptos2019,train,/kaggle/input/datasets/deepapaneru/aptos2019/train_images/train_images/c3e02d4a1798.png,c3e02d4a1798.png,c3e02d4a1798,left,0.74,estimated_disc_position,aptos2019_c3e02d4a1798,False,2.0
aptos2019,train,/kaggle/input/datasets/deepapaneru/aptos2019/train_images/train_images/735836b1ffa6.png,735836b1ffa6.png,735836b1ffa6,right,1.0,estimated_disc_position,aptos2019_735836b1ffa6,False,0.0
aptos2019,train,/kaggle/input/datasets/deepapaneru/aptos2019/train_images/train_images/52ae917fcea4.png,52ae917fcea4.png,52ae917fcea4,right,0.55,estimated_disc_position,aptos2019_52ae917fcea4,False,1.0
aptos2019,train,/kaggle/input/datasets/deepapaneru/aptos2019/train_images/train_images/86722fcd802c.png,86722fcd802c.png,86722fcd802c,left,1.0,estimated_disc_position,aptos2019_86722fcd802c,False,2.0
aptos2019,train,/kaggle/input/datasets/deepapaneru/aptos2019/train_images/train_images/3796af4d987a.png,3796af4d987a.png,3796af4d987a,right,1.0,estimated_disc_position,aptos2019_3796af4d987a,False,4.0
aptos2019,train,/kaggle/input/datasets/deepapaneru/aptos2019/train_images/train_images/1f543a86c4d4.png,1f543a86c4d4.png,1f543a86c4d4,left,0.8,estimated_disc_position,aptos2019_1f543a86c4d4,False,2.0
aptos2019,train,/kaggle/input/datasets/deepapaneru/aptos2019/train_images/train_images/db3cd58aa315.png,db3cd58aa315.png,db3cd58aa315,right,1.0,estimated_disc_position,aptos2019_db3cd58aa315,False,0.0
aptos2019,train,/kaggle/input/datasets/deepapaneru/aptos2019/train_images/train_images/20f86e068276.png,20f86e068276.png,20f86e068276,left,1.0,estimated_disc_position,aptos2019_20f86e068276,False,0.0
aptos2019,train,/kaggle/input/datasets/deepapaneru/aptos2019/train_images/train_images/282bc792d23a.png,282bc792d23a.png,282bc792d23a,right,1.0,estimated_disc_position,aptos2019_282bc792d23a,False,2.0
aptos2019,train,/kaggle/input/datasets/deepapaneru/aptos2019/train_images/train_images/dbfd238b3468.png,dbfd238b3468.png,dbfd238b3468,left,0.32,estimated_disc_position,aptos2019_dbfd238b3468,True,3.0
aptos2019,train,/kaggle/input/datasets/deepapaneru/aptos2019/train_images/train_images/3cdda8b3df19.png,3cdda8b3df19.png,3cdda8b3df19,left,0.82,estimated_disc_position,aptos2019_3cdda8b3df19,False,2.0
aptos2019,train,/kaggle/input/datasets/deepapaneru/aptos2019/train_images/train_images/52ddde91a349.png,52ddde91a349.png,52ddde91a349,left,0.96,estimated_disc_position,aptos2019_52ddde91a349,False,0.0
aptos2019,train,/kaggle/input/datasets/deepapaneru/aptos2019/train_images/train_images/de778495a1cd.png,de778495a1cd.png,de778495a1cd,right,1.0,estimated_disc_position,aptos2019_de778495a1cd,False,2.0
aptos2019,train,/kaggle/input/datasets/deepapaneru/aptos2019/train_images/train_images/25b0e72705a8.png,25b0e72705a8.png,25b0e72705a8,right,0.63,estimated_disc_position,aptos2019_25b0e72705a8,False,3.0
aptos2019,train,/kaggle/input/datasets/deepapaneru/aptos2019/train_images/train_images/a673193cd5a9.png,a673193cd5a9.png,a673193cd5a9,right,0.88,estimated_disc_position,aptos2019_a673193cd5a9,False,0.0
aptos2019,train,/kaggle/input/datasets/deepapaneru/aptos2019/train_images/train_images/6b00cb764237.png,6b00cb764237.png,6b00cb764237,left,1.0,estimated_disc_position,aptos2019_6b00cb764237,False,1.0
aptos2019,train,/kaggle/input/datasets/deepapaneru/aptos2019/train_images/train_images/369229040a34.png,369229040a34.png,369229040a34,left,1.0,estimated_disc_position,aptos2019_369229040a34,False,0.0
aptos2019,train,/kaggle/input/datasets/deepapaneru/aptos2019/train_images/train_images/77a9538b8362.png,77a9538b8362.png,77a9538b8362,right,1.0,estimated_disc_position,aptos2019_77a9538b8362,False,1.0
aptos2019,train,/kaggle/input/datasets/deepapaneru/aptos2019/train_images/train_images/2fe06bedb2c4.png,2fe06bedb2c4.png,2fe06bedb2c4,left,0.99,estimated_disc_position,aptos2019_2fe06bedb2c4,False,4.0
aptos2019,train,/kaggle/input/datasets/deepapaneru/aptos2019/train_images/train_images/2b5bb6d33959.png,2b5bb6d33959.png,2b5bb6d33959,left,1.0,estimated_disc_position,aptos2019_2b5bb6d33959,False,0.0
aptos2019,train,/kaggle/input/datasets/deepapaneru/aptos2019/train_images/train_images/2b88cb6e31cd.png,2b88cb6e31cd.png,2b88cb6e31cd,right,1.0,estimated_disc_position,aptos2019_2b88cb6e31cd,False,2.0
aptos2019,train,/kaggle/input/datasets/deepapaneru/aptos2019/train_images/train_images/76516f828d88.png,76516f828d88.png,76516f828d88,left,0.6,estimated_disc_position,aptos2019_76516f828d88,False,0.0
aptos2019,train,/kaggle/input/datasets/deepapaneru/aptos2019/train_images/train_images/27e2be850a99.png,27e2be850a99.png,27e2be850a99,right,1.0,estimated_disc_position,aptos2019_27e2be850a99,False,4.0
aptos2019,train,/kaggle/input/datasets/deepapaneru/aptos2019/train_images/train_images/272d9c043c81.png,272d9c043c81.png,272d9c043c81,right,1.0,estimated_disc_position,aptos2019_272d9c043c81,False,2.0
aptos2019,train,/kaggle/input/datasets/deepapaneru/aptos2019/train_images/train_images/82deb07a6618.png,82deb07a6618.png,82deb07a6618,left,1.0,estimated_disc_position,aptos2019_82deb07a6618,False,2.0
aptos2019,train,/kaggle/input/datasets/deepapaneru/aptos2019/train_images/train_images/1c0e5dd1b14c.png,1c0e5dd1b14c.png,1c0e5dd1b14c,left,0.78,estimated_disc_position,aptos2019_1c0e5dd1b14c,False,2.0
aptos2019,train,/kaggle/input/datasets/deepapaneru/aptos2019/train_images/train_images/a08a0133754a.png,a08a0133754a.png,a08a0133754a,right,0.72,estimated_disc_position,aptos2019_a08a0133754a,False,0.0
aptos2019,train,/kaggle/input/datasets/deepapaneru/aptos2019/train_images/train_images/5879285f9d8d.png,5879285f9d8d.png,5879285f9d8d,uncertain,0.12,estimated_disc_position,aptos2019_5879285f9d8d,True,1.0
aptos2019,train,/kaggle/input/datasets/deepapaneru/aptos2019/train_images/train_images/bec0acd539b2.png,bec0acd539b2.png,bec0acd539b2,right,1.0,estimated_disc_position,aptos2019_bec0acd539b2,False,3.0
aptos2019,train,/kaggle/input/datasets/deepapaneru/aptos2019/train_images/train_images/59e5212f7139.png,59e5212f7139.png,59e5212f7139,right,1.0,estimated_disc_position,aptos2019_59e5212f7139,False,1.0
aptos2019,train,/kaggle/input/datasets/deepapaneru/aptos2019/train_images/train_images/6c3589d7ed8d.png,6c3589d7ed8d.png,6c3589d7ed8d,left,0.54,estimated_disc_position,aptos2019_6c3589d7ed8d,False,0.0
aptos2019,train,/kaggle/input/datasets/deepapaneru/aptos2019/train_images/train_images/830e297965a1.png,830e297965a1.png,830e297965a1,right,1.0,estimated_disc_position,aptos2019_830e297965a1,False,0.0
aptos2019,train,/kaggle/input/datasets/deepapaneru/aptos2019/train_images/train_images/b56340f472d2.png,b56340f472d2.png,b56340f472d2,right,1.0,estimated_disc_position,aptos2019_b56340f472d2,False,1.0
aptos2019,train,/kaggle/input/datasets/deepapaneru/aptos2019/train_images/train_images/7d37a2939f12.png,7d37a2939f12.png,7d37a2939f12,right,1.0,estimated_disc_position,aptos2019_7d37a2939f12,False,2.0
aptos2019,train,/kaggle/input/datasets/deepapaneru/aptos2019/train_images/train_images/876e1dd12d38.png,876e1dd12d38.png,876e1dd12d38,right,1.0,estimated_disc_position,aptos2019_876e1dd12d38,False,2.0
aptos2019,train,/kaggle/input/datasets/deepapaneru/aptos2019/train_images/train_images/ccd34029493d.png,ccd34029493d.png,ccd34029493d,right,1.0,estimated_disc_position,aptos2019_ccd34029493d,False,2.0
aptos2019,train,/kaggle/input/datasets/deepapaneru/aptos2019/train_images/train_images/48c49f662f7d.png,48c49f662f7d.png,48c49f662f7d,uncertain,0.09,estimated_disc_position,aptos2019_48c49f662f7d,True,2.0
aptos2019,train,/kaggle/input/datasets/deepapaneru/aptos2019/train_images/train_images/2df07eb5779f.png,2df07eb5779f.png,2df07eb5779f,left,0.82,estimated_disc_position,aptos2019_2df07eb5779f,False,4.0
aptos2019,train,/kaggle/input/datasets/deepapaneru/aptos2019/train_images/train_images/98d41bce73a8.png,98d41bce73a8.png,98d41bce73a8,right,1.0,estimated_disc_position,aptos2019_98d41bce73a8,False,0.0
aptos2019,train,/kaggle/input/datasets/deepapaneru/aptos2019/train_images/train_images/cd1c98ec48b1.png,cd1c98ec48b1.png,cd1c98ec48b1,left,0.94,estimated_disc_position,aptos2019_cd1c98ec48b1,False,0.0
aptos2019,train,/kaggle/input/datasets/deepapaneru/aptos2019/train_images/train_images/81371b0c01ad.png,81371b0c01ad.png,81371b0c01ad,right,1.0,estimated_disc_position,aptos2019_81371b0c01ad,False,0.0
aptos2019,train,/kaggle/input/datasets/deepapaneru/aptos2019/train_images/train_images/7828dd083cdc.png,7828dd083cdc.png,7828dd083cdc,right,1.0,estimated_disc_position,aptos2019_7828dd083cdc,False,0.0
aptos2019,train,/kaggle/input/datasets/deepapaneru/aptos2019/train_images/train_images/983c98354e9c.png,983c98354e9c.png,983c98354e9c,right,0.65,estimated_disc_position,aptos2019_983c98354e9c,False,0.0
aptos2019,train,/kaggle/input/datasets/deepapaneru/aptos2019/train_images/train_images/c0e15e8e2b46.png,c0e15e8e2b46.png,c0e15e8e2b46,right,1.0,estimated_disc_position,aptos2019_c0e15e8e2b46,False,1.0
aptos2019,train,/kaggle/input/datasets/deepapaneru/aptos2019/train_images/train_images/c6916bc42016.png,c6916bc42016.png,c6916bc42016,right,0.52,estimated_disc_position,aptos2019_c6916bc42016,False,0.0
aptos2019,train,/kaggle/input/datasets/deepapaneru/aptos2019/train_images/train_images/3f82631e9080.png,3f82631e9080.png,3f82631e9080,left,1.0,estimated_disc_position,aptos2019_3f82631e9080,False,0.0
aptos2019,train,/kaggle/input/datasets/deepapaneru/aptos2019/train_images/train_images/cf8ae5501bd6.png,cf8ae5501bd6.png,cf8ae5501bd6,left,0.77,estimated_disc_position,aptos2019_cf8ae5501bd6,False,0.0
aptos2019,train,/kaggle/input/datasets/deepapaneru/aptos2019/train_images/train_images/77baa08a1345.png,77baa08a1345.png,77baa08a1345,left,1.0,estimated_disc_position,aptos2019_77baa08a1345,False,2.0
aptos2019,train,/kaggle/input/datasets/deepapaneru/aptos2019/train_images/train_images/6987804eb464.png,6987804eb464.png,6987804eb464,right,0.96,estimated_disc_position,aptos2019_6987804eb464,False,2.0
aptos2019,train,/kaggle/input/datasets/deepapaneru/aptos2019/train_images/train_images/9bafbbd152d2.png,9bafbbd152d2.png,9bafbbd152d2,right,1.0,estimated_disc_position,aptos2019_9bafbbd152d2,False,3.0
aptos2019,train,/kaggle/input/datasets/deepapaneru/aptos2019/train_images/train_images/cc671a73e1cb.png,cc671a73e1cb.png,cc671a73e1cb,right,0.96,estimated_disc_position,aptos2019_cc671a73e1cb,False,0.0
aptos2019,train,/kaggle/input/datasets/deepapaneru/aptos2019/train_images/train_images/a85cda5f725d.png,a85cda5f725d.png,a85cda5f725d,right,0.88,estimated_disc_position,aptos2019_a85cda5f725d,False,0.0
aptos2019,train,/kaggle/input/datasets/deepapaneru/aptos2019/train_images/train_images/726dff37edc0.png,726dff37edc0.png,726dff37edc0,left,1.0,estimated_disc_position,aptos2019_726dff37edc0,False,0.0
aptos2019,train,/kaggle/input/datasets/deepapaneru/aptos2019/train_images/train_images/dad71ba27a9b.png,dad71ba27a9b.png,dad71ba27a9b,left,1.0,estimated_disc_position,aptos2019_dad71ba27a9b,False,4.0
aptos2019,train,/kaggle/input/datasets/deepapaneru/aptos2019/train_images/train_images/4d3de40ced3a.png,4d3de40ced3a.png,4d3de40ced3a,right,1.0,estimated_disc_position,aptos2019_4d3de40ced3a,False,0.0
aptos2019,train,/kaggle/input/datasets/deepapaneru/aptos2019/train_images/train_images/c0202976c670.png,c0202976c670.png,c0202976c670,right,1.0,estimated_disc_position,aptos2019_c0202976c670,False,2.0
aptos2019,train,/kaggle/input/datasets/deepapaneru/aptos2019/train_images/train_images/beb2ad14fd2d.png,beb2ad14fd2d.png,beb2ad14fd2d,uncertain,0.18,estimated_disc_position,aptos2019_beb2ad14fd2d,True,0.0
aptos2019,train,/kaggle/input/datasets/deepapaneru/aptos2019/train_images/train_images/882a71de424e.png,882a71de424e.png,882a71de424e,right,0.72,estimated_disc_position,aptos2019_882a71de424e,False,2.0
aptos2019,train,/kaggle/input/datasets/deepapaneru/aptos2019/train_images/train_images/cbc2e57447c2.png,cbc2e57447c2.png,cbc2e57447c2,right,1.0,estimated_disc_position,aptos2019_cbc2e57447c2,False,2.0
aptos2019,train,/kaggle/input/datasets/deepapaneru/aptos2019/train_images/train_images/93d6d20a5ee3.png,93d6d20a5ee3.png,93d6d20a5ee3,left,0.9,estimated_disc_position,aptos2019_93d6d20a5ee3,False,0.0
aptos2019,train,/kaggle/input/datasets/deepapaneru/aptos2019/train_images/train_images/408ea9d5e082.png,408ea9d5e082.png,408ea9d5e082,left,0.55,estimated_disc_position,aptos2019_408ea9d5e082,False,4.0
aptos2019,train,/kaggle/input/datasets/deepapaneru/aptos2019/train_images/train_images/531b39880c32.png,531b39880c32.png,531b39880c32,left,1.0,estimated_disc_position,aptos2019_531b39880c32,False,1.0
aptos2019,train,/kaggle/input/datasets/deepapaneru/aptos2019/train_images/train_images/b7bd4a6627b6.png,b7bd4a6627b6.png,b7bd4a6627b6,left,0.41,estimated_disc_position,aptos2019_b7bd4a6627b6,False,0.0
aptos2019,train,/kaggle/input/datasets/deepapaneru/aptos2019/train_images/train_images/e33766353db2.png,e33766353db2.png,e33766353db2,right,1.0,estimated_disc_position,aptos2019_e33766353db2,False,0.0
aptos2019,train,/kaggle/input/datasets/deepapaneru/aptos2019/train_images/train_images/abf09c44d5f4.png,abf09c44d5f4.png,abf09c44d5f4,left,0.72,estimated_disc_position,aptos2019_abf09c44d5f4,False,2.0
aptos2019,train,/kaggle/input/datasets/deepapaneru/aptos2019/train_images/train_images/5bf6f2958e53.png,5bf6f2958e53.png,5bf6f2958e53,right,1.0,estimated_disc_position,aptos2019_5bf6f2958e53,False,0.0
aptos2019,train,/kaggle/input/datasets/deepapaneru/aptos2019/train_images/train_images/2923971566fe.png,2923971566fe.png,2923971566fe,uncertain,0.04,estimated_disc_position,aptos2019_2923971566fe,True,0.0
aptos2019,train,/kaggle/input/datasets/deepapaneru/aptos2019/train_images/train_images/4e7694eebb91.png,4e7694eebb91.png,4e7694eebb91,uncertain,0.12,estimated_disc_position,aptos2019_4e7694eebb91,True,2.0
aptos2019,train,/kaggle/input/datasets/deepapaneru/aptos2019/train_images/train_images/d7ac4a0c9760.png,d7ac4a0c9760.png,d7ac4a0c9760,left,1.0,estimated_disc_position,aptos2019_d7ac4a0c9760,False,0.0
aptos2019,train,/kaggle/input/datasets/deepapaneru/aptos2019/train_images/train_images/ca63fe4f4b52.png,ca63fe4f4b52.png,ca63fe4f4b52,right,1.0,estimated_disc_position,aptos2019_ca63fe4f4b52,False,1.0
aptos2019,train,/kaggle/input/datasets/deepapaneru/aptos2019/train_images/train_images/9274e75dc4d5.png,9274e75dc4d5.png,9274e75dc4d5,right,0.85,estimated_disc_position,aptos2019_9274e75dc4d5,False,0.0
aptos2019,train,/kaggle/input/datasets/deepapaneru/aptos2019/train_images/train_images/1c0cf251b426.png,1c0cf251b426.png,1c0cf251b426,right,1.0,estimated_disc_position,aptos2019_1c0cf251b426,False,1.0
aptos2019,train,/kaggle/input/datasets/deepapaneru/aptos2019/train_images/train_images/b72f59b85f7c.png,b72f59b85f7c.png,b72f59b85f7c,right,1.0,estimated_disc_position,aptos2019_b72f59b85f7c,False,0.0
aptos2019,train,/kaggle/input/datasets/deepapaneru/aptos2019/train_images/train_images/dcf109df1a2b.png,dcf109df1a2b.png,dcf109df1a2b,left,1.0,estimated_disc_position,aptos2019_dcf109df1a2b,False,0.0
aptos2019,train,/kaggle/input/datasets/deepapaneru/aptos2019/train_images/train_images/ca6842bfcbc9.png,ca6842bfcbc9.png,ca6842bfcbc9,right,1.0,estimated_disc_position,aptos2019_ca6842bfcbc9,False,1.0
aptos2019,train,/kaggle/input/datasets/deepapaneru/aptos2019/train_images/train_images/6253f23229b1.png,6253f23229b1.png,6253f23229b1,left,0.78,estimated_disc_position,aptos2019_6253f23229b1,False,3.0
aptos2019,train,/kaggle/input/datasets/deepapaneru/aptos2019/train_images/train_images/96c699221180.png,96c699221180.png,96c699221180,uncertain,0.1,estimated_disc_position,aptos2019_96c699221180,True,0.0
aptos2019,train,/kaggle/input/datasets/deepapaneru/aptos2019/train_images/train_images/ca7f5caddf96.png,ca7f5caddf96.png,ca7f5caddf96,left,0.68,estimated_disc_position,aptos2019_ca7f5caddf96,False,2.0
aptos2019,train,/kaggle/input/datasets/deepapaneru/aptos2019/train_images/train_images/c6d4e4a3bd4c.png,c6d4e4a3bd4c.png,c6d4e4a3bd4c,right,0.98,estimated_disc_position,aptos2019_c6d4e4a3bd4c,False,0.0
aptos2019,train,/kaggle/input/datasets/deepapaneru/aptos2019/train_images/train_images/26463a5fb949.png,26463a5fb949.png,26463a5fb949,uncertain,0.24,estimated_disc_position,aptos2019_26463a5fb949,True,4.0
aptos2019,train,/kaggle/input/datasets/deepapaneru/aptos2019/train_images/train_images/5b2648ad455e.png,5b2648ad455e.png,5b2648ad455e,left,1.0,estimated_disc_position,aptos2019_5b2648ad455e,False,0.0
aptos2019,train,/kaggle/input/datasets/deepapaneru/aptos2019/train_images/train_images/5814cbd2e9bf.png,5814cbd2e9bf.png,5814cbd2e9bf,right,0.57,estimated_disc_position,aptos2019_5814cbd2e9bf,False,0.0
aptos2019,train,/kaggle/input/datasets/deepapaneru/aptos2019/train_images/train_images/89d9c071a56f.png,89d9c071a56f.png,89d9c071a56f,right,1.0,estimated_disc_position,aptos2019_89d9c071a56f,False,1.0
aptos2019,train,/kaggle/input/datasets/deepapaneru/aptos2019/train_images/train_images/c0a0828e01b4.png,c0a0828e01b4.png,c0a0828e01b4,right,1.0,estimated_disc_position,aptos2019_c0a0828e01b4,False,3.0
aptos2019,train,/kaggle/input/datasets/deepapaneru/aptos2019/train_images/train_images/36041171f441.png,36041171f441.png,36041171f441,left,1.0,estimated_disc_position,aptos2019_36041171f441,False,1.0
aptos2019,train,/kaggle/input/datasets/deepapaneru/aptos2019/train_images/train_images/6ba5ed791444.png,6ba5ed791444.png,6ba5ed791444,uncertain,0.14,estimated_disc_position,aptos2019_6ba5ed791444,True,2.0
aptos2019,train,/kaggle/input/datasets/deepapaneru/aptos2019/train_images/train_images/8e63fc4ab532.png,8e63fc4ab532.png,8e63fc4ab532,left,1.0,estimated_disc_position,aptos2019_8e63fc4ab532,False,2.0
aptos2019,train,/kaggle/input/datasets/deepapaneru/aptos2019/train_images/train_images/c2a58b2cfd0b.png,c2a58b2cfd0b.png,c2a58b2cfd0b,left,0.8,estimated_disc_position,aptos2019_c2a58b2cfd0b,False,0.0
aptos2019,train,/kaggle/input/datasets/deepapaneru/aptos2019/train_images/train_images/691eeb59b4cb.png,691eeb59b4cb.png,691eeb59b4cb,right,0.9,estimated_disc_position,aptos2019_691eeb59b4cb,False,0.0
aptos2019,train,/kaggle/input/datasets/deepapaneru/aptos2019/train_images/train_images/8660e1864665.png,8660e1864665.png,8660e1864665,right,1.0,estimated_disc_position,aptos2019_8660e1864665,False,0.0
aptos2019,train,/kaggle/input/datasets/deepapaneru/aptos2019/train_images/train_images/973b0facfa9b.png,973b0facfa9b.png,973b0facfa9b,left,1.0,estimated_disc_position,aptos2019_973b0facfa9b,False,0.0
aptos2019,train,/kaggle/input/datasets/deepapaneru/aptos2019/train_images/train_images/b5204c0decc7.png,b5204c0decc7.png,b5204c0decc7,right,0.73,estimated_disc_position,aptos2019_b5204c0decc7,False,0.0
aptos2019,train,/kaggle/input/datasets/deepapaneru/aptos2019/train_images/train_images/7b49041cbf17.png,7b49041cbf17.png,7b49041cbf17,left,0.9,estimated_disc_position,aptos2019_7b49041cbf17,False,3.0
aptos2019,train,/kaggle/input/datasets/deepapaneru/aptos2019/train_images/train_images/63c3c571b8ee.png,63c3c571b8ee.png,63c3c571b8ee,right,1.0,estimated_disc_position,aptos2019_63c3c571b8ee,False,2.0
aptos2019,train,/kaggle/input/datasets/deepapaneru/aptos2019/train_images/train_images/e32a359be36d.png,e32a359be36d.png,e32a359be36d,right,1.0,estimated_disc_position,aptos2019_e32a359be36d,False,3.0
aptos2019,train,/kaggle/input/datasets/deepapaneru/aptos2019/train_images/train_images/aeed1f251ceb.png,aeed1f251ceb.png,aeed1f251ceb,uncertain,0.26,estimated_disc_position,aptos2019_aeed1f251ceb,True,4.0
aptos2019,train,/kaggle/input/datasets/deepapaneru/aptos2019/train_images/train_images/65f5d2a6eb7e.png,65f5d2a6eb7e.png,65f5d2a6eb7e,left,0.98,estimated_disc_position,aptos2019_65f5d2a6eb7e,False,0.0
aptos2019,train,/kaggle/input/datasets/deepapaneru/aptos2019/train_images/train_images/2017cd92c63d.png,2017cd92c63d.png,2017cd92c63d,left,1.0,estimated_disc_position,aptos2019_2017cd92c63d,False,4.0
aptos2019,train,/kaggle/input/datasets/deepapaneru/aptos2019/train_images/train_images/a879c3569552.png,a879c3569552.png,a879c3569552,right,1.0,estimated_disc_position,aptos2019_a879c3569552,False,2.0
aptos2019,train,/kaggle/input/datasets/deepapaneru/aptos2019/train_images/train_images/5cab3ef4b31c.png,5cab3ef4b31c.png,5cab3ef4b31c,left,0.6,estimated_disc_position,aptos2019_5cab3ef4b31c,False,1.0
aptos2019,train,/kaggle/input/datasets/deepapaneru/aptos2019/train_images/train_images/a2b995b81692.png,a2b995b81692.png,a2b995b81692,right,0.83,estimated_disc_position,aptos2019_a2b995b81692,False,0.0
aptos2019,train,/kaggle/input/datasets/deepapaneru/aptos2019/train_images/train_images/7e6e90a93aa5.png,7e6e90a93aa5.png,7e6e90a93aa5,right,1.0,estimated_disc_position,aptos2019_7e6e90a93aa5,False,2.0
aptos2019,train,/kaggle/input/datasets/deepapaneru/aptos2019/train_images/train_images/8241e43408a8.png,8241e43408a8.png,8241e43408a8,right,1.0,estimated_disc_position,aptos2019_8241e43408a8,False,0.0
aptos2019,train,/kaggle/input/datasets/deepapaneru/aptos2019/train_images/train_images/a2811f512c1c.png,a2811f512c1c.png,a2811f512c1c,right,0.81,estimated_disc_position,aptos2019_a2811f512c1c,False,0.0
aptos2019,train,/kaggle/input/datasets/deepapaneru/aptos2019/train_images/train_images/598b8f5b3822.png,598b8f5b3822.png,598b8f5b3822,right,1.0,estimated_disc_position,aptos2019_598b8f5b3822,False,0.0
aptos2019,train,/kaggle/input/datasets/deepapaneru/aptos2019/train_images/train_images/3c78bfca247b.png,3c78bfca247b.png,3c78bfca247b,left,1.0,estimated_disc_position,aptos2019_3c78bfca247b,False,4.0
aptos2019,train,/kaggle/input/datasets/deepapaneru/aptos2019/train_images/train_images/44e951e45dca.png,44e951e45dca.png,44e951e45dca,left,1.0,estimated_disc_position,aptos2019_44e951e45dca,False,2.0
aptos2019,train,/kaggle/input/datasets/deepapaneru/aptos2019/train_images/train_images/3fa4f4d77177.png,3fa4f4d77177.png,3fa4f4d77177,right,0.81,estimated_disc_position,aptos2019_3fa4f4d77177,False,3.0
aptos2019,train,/kaggle/input/datasets/deepapaneru/aptos2019/train_images/train_images/3254e48c8aa0.png,3254e48c8aa0.png,3254e48c8aa0,right,0.81,estimated_disc_position,aptos2019_3254e48c8aa0,False,0.0
aptos2019,train,/kaggle/input/datasets/deepapaneru/aptos2019/train_images/train_images/82bb8a01935f.png,82bb8a01935f.png,82bb8a01935f,left,0.78,estimated_disc_position,aptos2019_82bb8a01935f,False,4.0
aptos2019,train,/kaggle/input/datasets/deepapaneru/aptos2019/train_images/train_images/c12e9ca420a5.png,c12e9ca420a5.png,c12e9ca420a5,left,1.0,estimated_disc_position,aptos2019_c12e9ca420a5,False,0.0
aptos2019,train,/kaggle/input/datasets/deepapaneru/aptos2019/train_images/train_images/b10fca20c885.png,b10fca20c885.png,b10fca20c885,left,1.0,estimated_disc_position,aptos2019_b10fca20c885,False,0.0
aptos2019,train,/kaggle/input/datasets/deepapaneru/aptos2019/train_images/train_images/d4f32b9c07df.png,d4f32b9c07df.png,d4f32b9c07df,right,1.0,estimated_disc_position,aptos2019_d4f32b9c07df,False,1.0
aptos2019,train,/kaggle/input/datasets/deepapaneru/aptos2019/train_images/train_images/905cc86bf100.png,905cc86bf100.png,905cc86bf100,left,1.0,estimated_disc_position,aptos2019_905cc86bf100,False,4.0
aptos2019,train,/kaggle/input/datasets/deepapaneru/aptos2019/train_images/train_images/7e0598cc88a0.png,7e0598cc88a0.png,7e0598cc88a0,right,0.94,estimated_disc_position,aptos2019_7e0598cc88a0,False,4.0
aptos2019,train,/kaggle/input/datasets/deepapaneru/aptos2019/train_images/train_images/58ccba7eec9c.png,58ccba7eec9c.png,58ccba7eec9c,left,1.0,estimated_disc_position,aptos2019_58ccba7eec9c,False,1.0
aptos2019,train,/kaggle/input/datasets/deepapaneru/aptos2019/train_images/train_images/cb28adab4e8a.png,cb28adab4e8a.png,cb28adab4e8a,left,1.0,estimated_disc_position,aptos2019_cb28adab4e8a,False,0.0
aptos2019,train,/kaggle/input/datasets/deepapaneru/aptos2019/train_images/train_images/75238d945315.png,75238d945315.png,75238d945315,right,0.85,estimated_disc_position,aptos2019_75238d945315,False,0.0
aptos2019,train,/kaggle/input/datasets/deepapaneru/aptos2019/train_images/train_images/c096131ad065.png,c096131ad065.png,c096131ad065,left,0.83,estimated_disc_position,aptos2019_c096131ad065,False,0.0
aptos2019,train,/kaggle/input/datasets/deepapaneru/aptos2019/train_images/train_images/4dd71fc7f22b.png,4dd71fc7f22b.png,4dd71fc7f22b,left,1.0,estimated_disc_position,aptos2019_4dd71fc7f22b,False,4.0
aptos2019,train,/kaggle/input/datasets/deepapaneru/aptos2019/train_images/train_images/56e56aa08362.png,56e56aa08362.png,56e56aa08362,left,1.0,estimated_disc_position,aptos2019_56e56aa08362,False,2.0
aptos2019,train,/kaggle/input/datasets/deepapaneru/aptos2019/train_images/train_images/519c6e8f78dc.png,519c6e8f78dc.png,519c6e8f78dc,left,1.0,estimated_disc_position,aptos2019_519c6e8f78dc,False,0.0
aptos2019,train,/kaggle/input/datasets/deepapaneru/aptos2019/train_images/train_images/ab653b8554c0.png,ab653b8554c0.png,ab653b8554c0,right,1.0,estimated_disc_position,aptos2019_ab653b8554c0,False,0.0
aptos2019,train,/kaggle/input/datasets/deepapaneru/aptos2019/train_images/train_images/68ddb15a74de.png,68ddb15a74de.png,68ddb15a74de,right,0.91,estimated_disc_position,aptos2019_68ddb15a74de,False,0.0
aptos2019,train,/kaggle/input/datasets/deepapaneru/aptos2019/train_images/train_images/5671eb95512b.png,5671eb95512b.png,5671eb95512b,left,1.0,estimated_disc_position,aptos2019_5671eb95512b,False,1.0
aptos2019,train,/kaggle/input/datasets/deepapaneru/aptos2019/train_images/train_images/bfe467b7e997.png,bfe467b7e997.png,bfe467b7e997,left,1.0,estimated_disc_position,aptos2019_bfe467b7e997,False,2.0
aptos2019,train,/kaggle/input/datasets/deepapaneru/aptos2019/train_images/train_images/7eeb191ad06b.png,7eeb191ad06b.png,7eeb191ad06b,right,0.81,estimated_disc_position,aptos2019_7eeb191ad06b,False,0.0
aptos2019,train,/kaggle/input/datasets/deepapaneru/aptos2019/train_images/train_images/9a1029536d78.png,9a1029536d78.png,9a1029536d78,right,0.83,estimated_disc_position,aptos2019_9a1029536d78,False,0.0
aptos2019,train,/kaggle/input/datasets/deepapaneru/aptos2019/train_images/train_images/8f06ca4642bd.png,8f06ca4642bd.png,8f06ca4642bd,right,1.0,estimated_disc_position,aptos2019_8f06ca4642bd,False,0.0
aptos2019,train,/kaggle/input/datasets/deepapaneru/aptos2019/train_images/train_images/64a13949e879.png,64a13949e879.png,64a13949e879,left,0.96,estimated_disc_position,aptos2019_64a13949e879,False,2.0
aptos2019,train,/kaggle/input/datasets/deepapaneru/aptos2019/train_images/train_images/a11bf2edd470.png,a11bf2edd470.png,a11bf2edd470,left,1.0,estimated_disc_position,aptos2019_a11bf2edd470,False,4.0
aptos2019,train,/kaggle/input/datasets/deepapaneru/aptos2019/train_images/train_images/ae2e888905ba.png,ae2e888905ba.png,ae2e888905ba,right,1.0,estimated_disc_position,aptos2019_ae2e888905ba,False,0.0
aptos2019,train,/kaggle/input/datasets/deepapaneru/aptos2019/train_images/train_images/a6356a3c5d11.png,a6356a3c5d11.png,a6356a3c5d11,left,0.74,estimated_disc_position,aptos2019_a6356a3c5d11,False,0.0
aptos2019,train,/kaggle/input/datasets/deepapaneru/aptos2019/train_images/train_images/365f8c01d994.png,365f8c01d994.png,365f8c01d994,right,0.93,estimated_disc_position,aptos2019_365f8c01d994,False,1.0
aptos2019,train,/kaggle/input/datasets/deepapaneru/aptos2019/train_images/train_images/c1819db0aece.png,c1819db0aece.png,c1819db0aece,right,0.86,estimated_disc_position,aptos2019_c1819db0aece,False,0.0
aptos2019,train,/kaggle/input/datasets/deepapaneru/aptos2019/train_images/train_images/2db0cd3e30da.png,2db0cd3e30da.png,2db0cd3e30da,left,0.82,estimated_disc_position,aptos2019_2db0cd3e30da,False,0.0
aptos2019,train,/kaggle/input/datasets/deepapaneru/aptos2019/train_images/train_images/5bda2ed09e62.png,5bda2ed09e62.png,5bda2ed09e62,left,1.0,estimated_disc_position,aptos2019_5bda2ed09e62,False,4.0
aptos2019,train,/kaggle/input/datasets/deepapaneru/aptos2019/train_images/train_images/201f6e10c108.png,201f6e10c108.png,201f6e10c108,left,0.98,estimated_disc_position,aptos2019_201f6e10c108,False,0.0
aptos2019,train,/kaggle/input/datasets/deepapaneru/aptos2019/train_images/train_images/e01b7bac822b.png,e01b7bac822b.png,e01b7bac822b,right,0.93,estimated_disc_position,aptos2019_e01b7bac822b,False,0.0
aptos2019,train,/kaggle/input/datasets/deepapaneru/aptos2019/train_images/train_images/80b5a9519aec.png,80b5a9519aec.png,80b5a9519aec,uncertain,0.03,estimated_disc_position,aptos2019_80b5a9519aec,True,2.0
aptos2019,train,/kaggle/input/datasets/deepapaneru/aptos2019/train_images/train_images/72a867980067.png,72a867980067.png,72a867980067,left,1.0,estimated_disc_position,aptos2019_72a867980067,False,0.0
aptos2019,train,/kaggle/input/datasets/deepapaneru/aptos2019/train_images/train_images/79540be95177.png,79540be95177.png,79540be95177,left,0.52,estimated_disc_position,aptos2019_79540be95177,False,2.0
aptos2019,train,/kaggle/input/datasets/deepapaneru/aptos2019/train_images/train_images/68332fdcaa70.png,68332fdcaa70.png,68332fdcaa70,left,1.0,estimated_disc_position,aptos2019_68332fdcaa70,False,1.0
aptos2019,train,/kaggle/input/datasets/deepapaneru/aptos2019/train_images/train_images/44f7f3ef9d50.png,44f7f3ef9d50.png,44f7f3ef9d50,right,1.0,estimated_disc_position,aptos2019_44f7f3ef9d50,False,0.0
aptos2019,train,/kaggle/input/datasets/deepapaneru/aptos2019/train_images/train_images/1ec95179cdfe.png,1ec95179cdfe.png,1ec95179cdfe,right,1.0,estimated_disc_position,aptos2019_1ec95179cdfe,False,0.0
aptos2019,train,/kaggle/input/datasets/deepapaneru/aptos2019/train_images/train_images/7f60f2a083d3.png,7f60f2a083d3.png,7f60f2a083d3,right,0.82,estimated_disc_position,aptos2019_7f60f2a083d3,False,1.0
aptos2019,train,/kaggle/input/datasets/deepapaneru/aptos2019/train_images/train_images/9e7a63b2fc6a.png,9e7a63b2fc6a.png,9e7a63b2fc6a,left,1.0,estimated_disc_position,aptos2019_9e7a63b2fc6a,False,0.0
aptos2019,train,/kaggle/input/datasets/deepapaneru/aptos2019/train_images/train_images/b746a6681ba9.png,b746a6681ba9.png,b746a6681ba9,left,0.54,estimated_disc_position,aptos2019_b746a6681ba9,False,2.0
aptos2019,train,/kaggle/input/datasets/deepapaneru/aptos2019/train_images/train_images/81bc03e2ff2b.png,81bc03e2ff2b.png,81bc03e2ff2b,left,1.0,estimated_disc_position,aptos2019_81bc03e2ff2b,False,2.0
aptos2019,train,/kaggle/input/datasets/deepapaneru/aptos2019/train_images/train_images/39aa3cd93c50.png,39aa3cd93c50.png,39aa3cd93c50,uncertain,0.07,estimated_disc_position,aptos2019_39aa3cd93c50,True,3.0
aptos2019,train,/kaggle/input/datasets/deepapaneru/aptos2019/train_images/train_images/dd19428c3d29.png,dd19428c3d29.png,dd19428c3d29,right,1.0,estimated_disc_position,aptos2019_dd19428c3d29,False,1.0
aptos2019,train,/kaggle/input/datasets/deepapaneru/aptos2019/train_images/train_images/c96f743915b5.png,c96f743915b5.png,c96f743915b5,uncertain,0.31,estimated_disc_position,aptos2019_c96f743915b5,True,1.0
aptos2019,train,/kaggle/input/datasets/deepapaneru/aptos2019/train_images/train_images/c9485c38fdd5.png,c9485c38fdd5.png,c9485c38fdd5,right,1.0,estimated_disc_position,aptos2019_c9485c38fdd5,False,1.0
aptos2019,train,/kaggle/input/datasets/deepapaneru/aptos2019/train_images/train_images/310c27067ac0.png,310c27067ac0.png,310c27067ac0,right,0.36,estimated_disc_position,aptos2019_310c27067ac0,False,2.0
aptos2019,train,/kaggle/input/datasets/deepapaneru/aptos2019/train_images/train_images/cb02bb47fdc5.png,cb02bb47fdc5.png,cb02bb47fdc5,right,1.0,estimated_disc_position,aptos2019_cb02bb47fdc5,False,0.0
aptos2019,train,/kaggle/input/datasets/deepapaneru/aptos2019/train_images/train_images/5548a7961a3e.png,5548a7961a3e.png,5548a7961a3e,right,1.0,estimated_disc_position,aptos2019_5548a7961a3e,False,1.0
aptos2019,train,/kaggle/input/datasets/deepapaneru/aptos2019/train_images/train_images/495106ae3b68.png,495106ae3b68.png,495106ae3b68,left,0.73,estimated_disc_position,aptos2019_495106ae3b68,False,0.0
aptos2019,train,/kaggle/input/datasets/deepapaneru/aptos2019/train_images/train_images/ba2ea9182090.png,ba2ea9182090.png,ba2ea9182090,left,0.59,estimated_disc_position,aptos2019_ba2ea9182090,False,0.0
aptos2019,train,/kaggle/input/datasets/deepapaneru/aptos2019/train_images/train_images/291f581d365e.png,291f581d365e.png,291f581d365e,left,0.92,estimated_disc_position,aptos2019_291f581d365e,False,0.0
aptos2019,train,/kaggle/input/datasets/deepapaneru/aptos2019/train_images/train_images/a3475dc3ac80.png,a3475dc3ac80.png,a3475dc3ac80,right,1.0,estimated_disc_position,aptos2019_a3475dc3ac80,False,2.0
aptos2019,train,/kaggle/input/datasets/deepapaneru/aptos2019/train_images/train_images/6fe67482bfae.png,6fe67482bfae.png,6fe67482bfae,uncertain,0.14,estimated_disc_position,aptos2019_6fe67482bfae,True,4.0
aptos2019,train,/kaggle/input/datasets/deepapaneru/aptos2019/train_images/train_images/286e9981dd9b.png,286e9981dd9b.png,286e9981dd9b,right,1.0,estimated_disc_position,aptos2019_286e9981dd9b,False,0.0
aptos2019,train,/kaggle/input/datasets/deepapaneru/aptos2019/train_images/train_images/7a39c91416e2.png,7a39c91416e2.png,7a39c91416e2,right,0.65,estimated_disc_position,aptos2019_7a39c91416e2,False,0.0
aptos2019,train,/kaggle/input/datasets/deepapaneru/aptos2019/train_images/train_images/6c30dd481717.png,6c30dd481717.png,6c30dd481717,left,1.0,estimated_disc_position,aptos2019_6c30dd481717,False,0.0
aptos2019,train,/kaggle/input/datasets/deepapaneru/aptos2019/train_images/train_images/a56230242a95.png,a56230242a95.png,a56230242a95,left,1.0,estimated_disc_position,aptos2019_a56230242a95,False,2.0
aptos2019,train,/kaggle/input/datasets/deepapaneru/aptos2019/train_images/train_images/d85d052900b4.png,d85d052900b4.png,d85d052900b4,right,1.0,estimated_disc_position,aptos2019_d85d052900b4,False,1.0
aptos2019,train,/kaggle/input/datasets/deepapaneru/aptos2019/train_images/train_images/5a444c32cd9a.png,5a444c32cd9a.png,5a444c32cd9a,left,0.77,estimated_disc_position,aptos2019_5a444c32cd9a,False,0.0
aptos2019,train,/kaggle/input/datasets/deepapaneru/aptos2019/train_images/train_images/47536db39f00.png,47536db39f00.png,47536db39f00,right,1.0,estimated_disc_position,aptos2019_47536db39f00,False,0.0
aptos2019,train,/kaggle/input/datasets/deepapaneru/aptos2019/train_images/train_images/51e656e5a541.png,51e656e5a541.png,51e656e5a541,right,1.0,estimated_disc_position,aptos2019_51e656e5a541,False,0.0
aptos2019,train,/kaggle/input/datasets/deepapaneru/aptos2019/train_images/train_images/609be3ca5ddf.png,609be3ca5ddf.png,609be3ca5ddf,right,1.0,estimated_disc_position,aptos2019_609be3ca5ddf,False,0.0
aptos2019,train,/kaggle/input/datasets/deepapaneru/aptos2019/train_images/train_images/b835b6e31a59.png,b835b6e31a59.png,b835b6e31a59,right,0.77,estimated_disc_position,aptos2019_b835b6e31a59,False,0.0
aptos2019,train,/kaggle/input/datasets/deepapaneru/aptos2019/train_images/train_images/aa31bc6b8f4d.png,aa31bc6b8f4d.png,aa31bc6b8f4d,right,1.0,estimated_disc_position,aptos2019_aa31bc6b8f4d,False,2.0
aptos2019,train,/kaggle/input/datasets/deepapaneru/aptos2019/train_images/train_images/1db18bdd43aa.png,1db18bdd43aa.png,1db18bdd43aa,right,1.0,estimated_disc_position,aptos2019_1db18bdd43aa,False,2.0
aptos2019,train,/kaggle/input/datasets/deepapaneru/aptos2019/train_images/train_images/c5431b81cbc9.png,c5431b81cbc9.png,c5431b81cbc9,left,0.55,estimated_disc_position,aptos2019_c5431b81cbc9,False,2.0
aptos2019,train,/kaggle/input/datasets/deepapaneru/aptos2019/train_images/train_images/d5a39339ff3d.png,d5a39339ff3d.png,d5a39339ff3d,left,0.88,estimated_disc_position,aptos2019_d5a39339ff3d,False,2.0
aptos2019,train,/kaggle/input/datasets/deepapaneru/aptos2019/train_images/train_images/ddb222ff7c1d.png,ddb222ff7c1d.png,ddb222ff7c1d,right,1.0,estimated_disc_position,aptos2019_ddb222ff7c1d,False,0.0
aptos2019,train,/kaggle/input/datasets/deepapaneru/aptos2019/train_images/train_images/be8697eb2078.png,be8697eb2078.png,be8697eb2078,uncertain,0.18,estimated_disc_position,aptos2019_be8697eb2078,True,0.0
aptos2019,train,/kaggle/input/datasets/deepapaneru/aptos2019/train_images/train_images/ba25f947f4ec.png,ba25f947f4ec.png,ba25f947f4ec,left,1.0,estimated_disc_position,aptos2019_ba25f947f4ec,False,2.0
aptos2019,train,/kaggle/input/datasets/deepapaneru/aptos2019/train_images/train_images/7347f5133a6a.png,7347f5133a6a.png,7347f5133a6a,uncertain,0.18,estimated_disc_position,aptos2019_7347f5133a6a,True,1.0
aptos2019,train,/kaggle/input/datasets/deepapaneru/aptos2019/train_images/train_images/dc3c0d8ee20b.png,dc3c0d8ee20b.png,dc3c0d8ee20b,right,1.0,estimated_disc_position,aptos2019_dc3c0d8ee20b,False,2.0
aptos2019,train,/kaggle/input/datasets/deepapaneru/aptos2019/train_images/train_images/b351ae99413a.png,b351ae99413a.png,b351ae99413a,right,0.75,estimated_disc_position,aptos2019_b351ae99413a,False,0.0
aptos2019,train,/kaggle/input/datasets/deepapaneru/aptos2019/train_images/train_images/33596a635b53.png,33596a635b53.png,33596a635b53,right,1.0,estimated_disc_position,aptos2019_33596a635b53,False,0.0
aptos2019,train,/kaggle/input/datasets/deepapaneru/aptos2019/train_images/train_images/3b232b394e4f.png,3b232b394e4f.png,3b232b394e4f,right,1.0,estimated_disc_position,aptos2019_3b232b394e4f,False,4.0
aptos2019,train,/kaggle/input/datasets/deepapaneru/aptos2019/train_images/train_images/992599744a23.png,992599744a23.png,992599744a23,right,1.0,estimated_disc_position,aptos2019_992599744a23,False,0.0
aptos2019,train,/kaggle/input/datasets/deepapaneru/aptos2019/train_images/train_images/423abbaa5fad.png,423abbaa5fad.png,423abbaa5fad,right,0.42,estimated_disc_position,aptos2019_423abbaa5fad,False,2.0
aptos2019,train,/kaggle/input/datasets/deepapaneru/aptos2019/train_images/train_images/9d62478042b6.png,9d62478042b6.png,9d62478042b6,left,1.0,estimated_disc_position,aptos2019_9d62478042b6,False,0.0
aptos2019,train,/kaggle/input/datasets/deepapaneru/aptos2019/train_images/train_images/3325b1fe55d2.png,3325b1fe55d2.png,3325b1fe55d2,left,0.94,estimated_disc_position,aptos2019_3325b1fe55d2,False,0.0
aptos2019,train,/kaggle/input/datasets/deepapaneru/aptos2019/train_images/train_images/4dd9d29eae5d.png,4dd9d29eae5d.png,4dd9d29eae5d,right,1.0,estimated_disc_position,aptos2019_4dd9d29eae5d,False,1.0
aptos2019,train,/kaggle/input/datasets/deepapaneru/aptos2019/train_images/train_images/7247a2c97f71.png,7247a2c97f71.png,7247a2c97f71,right,0.66,estimated_disc_position,aptos2019_7247a2c97f71,False,2.0
aptos2019,train,/kaggle/input/datasets/deepapaneru/aptos2019/train_images/train_images/d41b33fcb94f.png,d41b33fcb94f.png,d41b33fcb94f,left,1.0,estimated_disc_position,aptos2019_d41b33fcb94f,False,2.0
aptos2019,train,/kaggle/input/datasets/deepapaneru/aptos2019/train_images/train_images/cd01672507c9.png,cd01672507c9.png,cd01672507c9,right,1.0,estimated_disc_position,aptos2019_cd01672507c9,False,0.0
aptos2019,train,/kaggle/input/datasets/deepapaneru/aptos2019/train_images/train_images/8dfa629ca74e.png,8dfa629ca74e.png,8dfa629ca74e,left,1.0,estimated_disc_position,aptos2019_8dfa629ca74e,False,2.0
aptos2019,train,/kaggle/input/datasets/deepapaneru/aptos2019/train_images/train_images/d9311f7497cb.png,d9311f7497cb.png,d9311f7497cb,left,0.69,estimated_disc_position,aptos2019_d9311f7497cb,False,2.0
aptos2019,train,/kaggle/input/datasets/deepapaneru/aptos2019/train_images/train_images/8bed09514c3b.png,8bed09514c3b.png,8bed09514c3b,left,1.0,estimated_disc_position,aptos2019_8bed09514c3b,False,4.0
aptos2019,train,/kaggle/input/datasets/deepapaneru/aptos2019/train_images/train_images/7efc91af4ae6.png,7efc91af4ae6.png,7efc91af4ae6,right,1.0,estimated_disc_position,aptos2019_7efc91af4ae6,False,4.0
aptos2019,train,/kaggle/input/datasets/deepapaneru/aptos2019/train_images/train_images/9287e57326d0.png,9287e57326d0.png,9287e57326d0,left,1.0,estimated_disc_position,aptos2019_9287e57326d0,False,0.0
aptos2019,train,/kaggle/input/datasets/deepapaneru/aptos2019/train_images/train_images/d1fa0f744620.png,d1fa0f744620.png,d1fa0f744620,left,0.62,estimated_disc_position,aptos2019_d1fa0f744620,False,0.0
aptos2019,train,/kaggle/input/datasets/deepapaneru/aptos2019/train_images/train_images/ca1036496659.png,ca1036496659.png,ca1036496659,left,0.57,estimated_disc_position,aptos2019_ca1036496659,False,1.0
aptos2019,train,/kaggle/input/datasets/deepapaneru/aptos2019/train_images/train_images/971bb98ab935.png,971bb98ab935.png,971bb98ab935,left,0.9,estimated_disc_position,aptos2019_971bb98ab935,False,0.0
aptos2019,train,/kaggle/input/datasets/deepapaneru/aptos2019/train_images/train_images/b7a1bb106051.png,b7a1bb106051.png,b7a1bb106051,left,1.0,estimated_disc_position,aptos2019_b7a1bb106051,False,0.0
aptos2019,train,/kaggle/input/datasets/deepapaneru/aptos2019/train_images/train_images/d1ca85af57c9.png,d1ca85af57c9.png,d1ca85af57c9,right,0.81,estimated_disc_position,aptos2019_d1ca85af57c9,False,0.0
aptos2019,train,/kaggle/input/datasets/deepapaneru/aptos2019/train_images/train_images/3f5b4c2948e8.png,3f5b4c2948e8.png,3f5b4c2948e8,left,0.7,estimated_disc_position,aptos2019_3f5b4c2948e8,False,2.0
aptos2019,train,/kaggle/input/datasets/deepapaneru/aptos2019/train_images/train_images/821789e9053f.png,821789e9053f.png,821789e9053f,left,1.0,estimated_disc_position,aptos2019_821789e9053f,False,1.0
aptos2019,train,/kaggle/input/datasets/deepapaneru/aptos2019/train_images/train_images/4403538fb50f.png,4403538fb50f.png,4403538fb50f,left,0.64,estimated_disc_position,aptos2019_4403538fb50f,False,0.0
aptos2019,train,/kaggle/input/datasets/deepapaneru/aptos2019/train_images/train_images/da949aa67a4f.png,da949aa67a4f.png,da949aa67a4f,left,1.0,estimated_disc_position,aptos2019_da949aa67a4f,False,0.0
aptos2019,train,/kaggle/input/datasets/deepapaneru/aptos2019/train_images/train_images/25a0a1e41afd.png,25a0a1e41afd.png,25a0a1e41afd,right,0.98,estimated_disc_position,aptos2019_25a0a1e41afd,False,0.0
aptos2019,train,/kaggle/input/datasets/deepapaneru/aptos2019/train_images/train_images/b8ebedd382de.png,b8ebedd382de.png,b8ebedd382de,left,1.0,estimated_disc_position,aptos2019_b8ebedd382de,False,1.0
aptos2019,train,/kaggle/input/datasets/deepapaneru/aptos2019/train_images/train_images/8bdb891661a8.png,8bdb891661a8.png,8bdb891661a8,right,1.0,estimated_disc_position,aptos2019_8bdb891661a8,False,2.0
aptos2019,train,/kaggle/input/datasets/deepapaneru/aptos2019/train_images/train_images/587146a55885.png,587146a55885.png,587146a55885,left,1.0,estimated_disc_position,aptos2019_587146a55885,False,1.0
aptos2019,train,/kaggle/input/datasets/deepapaneru/aptos2019/train_images/train_images/1c9c583c10bf.png,1c9c583c10bf.png,1c9c583c10bf,right,1.0,estimated_disc_position,aptos2019_1c9c583c10bf,False,0.0
aptos2019,train,/kaggle/input/datasets/deepapaneru/aptos2019/train_images/train_images/86d6808f0609.png,86d6808f0609.png,86d6808f0609,left,1.0,estimated_disc_position,aptos2019_86d6808f0609,False,3.0
aptos2019,train,/kaggle/input/datasets/deepapaneru/aptos2019/train_images/train_images/64eb5a79dfdd.png,64eb5a79dfdd.png,64eb5a79dfdd,right,1.0,estimated_disc_position,aptos2019_64eb5a79dfdd,False,1.0
aptos2019,train,/kaggle/input/datasets/deepapaneru/aptos2019/train_images/train_images/493d99f030e2.png,493d99f030e2.png,493d99f030e2,right,0.77,estimated_disc_position,aptos2019_493d99f030e2,False,0.0
aptos2019,train,/kaggle/input/datasets/deepapaneru/aptos2019/train_images/train_images/4cf4d528c08e.png,4cf4d528c08e.png,4cf4d528c08e,left,1.0,estimated_disc_position,aptos2019_4cf4d528c08e,False,0.0
aptos2019,train,/kaggle/input/datasets/deepapaneru/aptos2019/train_images/train_images/4c570172778b.png,4c570172778b.png,4c570172778b,right,0.94,estimated_disc_position,aptos2019_4c570172778b,False,3.0
aptos2019,train,/kaggle/input/datasets/deepapaneru/aptos2019/train_images/train_images/c5ba9e455d5e.png,c5ba9e455d5e.png,c5ba9e455d5e,right,1.0,estimated_disc_position,aptos2019_c5ba9e455d5e,False,3.0
aptos2019,train,/kaggle/input/datasets/deepapaneru/aptos2019/train_images/train_images/9a3109657ac1.png,9a3109657ac1.png,9a3109657ac1,right,0.9,estimated_disc_position,aptos2019_9a3109657ac1,False,1.0
aptos2019,train,/kaggle/input/datasets/deepapaneru/aptos2019/train_images/train_images/33b978734eab.png,33b978734eab.png,33b978734eab,right,1.0,estimated_disc_position,aptos2019_33b978734eab,False,0.0
aptos2019,train,/kaggle/input/datasets/deepapaneru/aptos2019/train_images/train_images/a77eb914b383.png,a77eb914b383.png,a77eb914b383,uncertain,0.02,estimated_disc_position,aptos2019_a77eb914b383,True,0.0
aptos2019,train,/kaggle/input/datasets/deepapaneru/aptos2019/train_images/train_images/c739ff9580d3.png,c739ff9580d3.png,c739ff9580d3,left,0.96,estimated_disc_position,aptos2019_c739ff9580d3,False,1.0
aptos2019,train,/kaggle/input/datasets/deepapaneru/aptos2019/train_images/train_images/3435fd8675a2.png,3435fd8675a2.png,3435fd8675a2,left,0.7,estimated_disc_position,aptos2019_3435fd8675a2,False,3.0
aptos2019,train,/kaggle/input/datasets/deepapaneru/aptos2019/train_images/train_images/ab686895533e.png,ab686895533e.png,ab686895533e,left,1.0,estimated_disc_position,aptos2019_ab686895533e,False,0.0
aptos2019,train,/kaggle/input/datasets/deepapaneru/aptos2019/train_images/train_images/ae8472f8d310.png,ae8472f8d310.png,ae8472f8d310,right,1.0,estimated_disc_position,aptos2019_ae8472f8d310,False,1.0
aptos2019,train,/kaggle/input/datasets/deepapaneru/aptos2019/train_images/train_images/224bb938e2dd.png,224bb938e2dd.png,224bb938e2dd,right,1.0,estimated_disc_position,aptos2019_224bb938e2dd,False,2.0
aptos2019,train,/kaggle/input/datasets/deepapaneru/aptos2019/train_images/train_images/475300735b7f.png,475300735b7f.png,475300735b7f,right,1.0,estimated_disc_position,aptos2019_475300735b7f,False,0.0
aptos2019,train,/kaggle/input/datasets/deepapaneru/aptos2019/train_images/train_images/c0f15fe3b4b7.png,c0f15fe3b4b7.png,c0f15fe3b4b7,left,0.96,estimated_disc_position,aptos2019_c0f15fe3b4b7,False,1.0
aptos2019,train,/kaggle/input/datasets/deepapaneru/aptos2019/train_images/train_images/a66c3165876f.png,a66c3165876f.png,a66c3165876f,left,1.0,estimated_disc_position,aptos2019_a66c3165876f,False,2.0
aptos2019,train,/kaggle/input/datasets/deepapaneru/aptos2019/train_images/train_images/d93b61dc8f64.png,d93b61dc8f64.png,d93b61dc8f64,right,0.99,estimated_disc_position,aptos2019_d93b61dc8f64,False,0.0
aptos2019,train,/kaggle/input/datasets/deepapaneru/aptos2019/train_images/train_images/d0079cc188e9.png,d0079cc188e9.png,d0079cc188e9,left,1.0,estimated_disc_position,aptos2019_d0079cc188e9,False,3.0
aptos2019,train,/kaggle/input/datasets/deepapaneru/aptos2019/train_images/train_images/73881f55a3ec.png,73881f55a3ec.png,73881f55a3ec,right,1.0,estimated_disc_position,aptos2019_73881f55a3ec,False,1.0
aptos2019,train,/kaggle/input/datasets/deepapaneru/aptos2019/train_images/train_images/e34fa07bd64d.png,e34fa07bd64d.png,e34fa07bd64d,right,0.77,estimated_disc_position,aptos2019_e34fa07bd64d,False,2.0
aptos2019,train,/kaggle/input/datasets/deepapaneru/aptos2019/train_images/train_images/e4ae1ee6aada.png,e4ae1ee6aada.png,e4ae1ee6aada,left,1.0,estimated_disc_position,aptos2019_e4ae1ee6aada,False,0.0
aptos2019,train,/kaggle/input/datasets/deepapaneru/aptos2019/train_images/train_images/233d948e2544.png,233d948e2544.png,233d948e2544,left,1.0,estimated_disc_position,aptos2019_233d948e2544,False,0.0
aptos2019,train,/kaggle/input/datasets/deepapaneru/aptos2019/train_images/train_images/68987fb159ab.png,68987fb159ab.png,68987fb159ab,right,0.87,estimated_disc_position,aptos2019_68987fb159ab,False,0.0
aptos2019,train,/kaggle/input/datasets/deepapaneru/aptos2019/train_images/train_images/3a643599f852.png,3a643599f852.png,3a643599f852,right,0.79,estimated_disc_position,aptos2019_3a643599f852,False,0.0
aptos2019,train,/kaggle/input/datasets/deepapaneru/aptos2019/train_images/train_images/d516f77d4516.png,d516f77d4516.png,d516f77d4516,right,1.0,estimated_disc_position,aptos2019_d516f77d4516,False,0.0
aptos2019,train,/kaggle/input/datasets/deepapaneru/aptos2019/train_images/train_images/3286073a976e.png,3286073a976e.png,3286073a976e,right,1.0,estimated_disc_position,aptos2019_3286073a976e,False,0.0
aptos2019,train,/kaggle/input/datasets/deepapaneru/aptos2019/train_images/train_images/b96b518596b3.png,b96b518596b3.png,b96b518596b3,right,0.44,estimated_disc_position,aptos2019_b96b518596b3,False,4.0
aptos2019,train,/kaggle/input/datasets/deepapaneru/aptos2019/train_images/train_images/4158c340fa49.png,4158c340fa49.png,4158c340fa49,left,1.0,estimated_disc_position,aptos2019_4158c340fa49,False,0.0
aptos2019,train,/kaggle/input/datasets/deepapaneru/aptos2019/train_images/train_images/c52bb7343387.png,c52bb7343387.png,c52bb7343387,left,0.98,estimated_disc_position,aptos2019_c52bb7343387,False,2.0
aptos2019,train,/kaggle/input/datasets/deepapaneru/aptos2019/train_images/train_images/cc12453ea915.png,cc12453ea915.png,cc12453ea915,right,1.0,estimated_disc_position,aptos2019_cc12453ea915,False,1.0
aptos2019,train,/kaggle/input/datasets/deepapaneru/aptos2019/train_images/train_images/5b068765e846.png,5b068765e846.png,5b068765e846,right,0.44,estimated_disc_position,aptos2019_5b068765e846,False,1.0
aptos2019,train,/kaggle/input/datasets/deepapaneru/aptos2019/train_images/train_images/3fc219927a97.png,3fc219927a97.png,3fc219927a97,right,1.0,estimated_disc_position,aptos2019_3fc219927a97,False,2.0
aptos2019,train,/kaggle/input/datasets/deepapaneru/aptos2019/train_images/train_images/7743f4e04a6d.png,7743f4e04a6d.png,7743f4e04a6d,left,1.0,estimated_disc_position,aptos2019_7743f4e04a6d,False,2.0
aptos2019,train,/kaggle/input/datasets/deepapaneru/aptos2019/train_images/train_images/7d626a7ffe76.png,7d626a7ffe76.png,7d626a7ffe76,right,1.0,estimated_disc_position,aptos2019_7d626a7ffe76,False,4.0
aptos2019,train,/kaggle/input/datasets/deepapaneru/aptos2019/train_images/train_images/419406328dcd.png,419406328dcd.png,419406328dcd,right,1.0,estimated_disc_position,aptos2019_419406328dcd,False,2.0
aptos2019,train,/kaggle/input/datasets/deepapaneru/aptos2019/train_images/train_images/80b5697f2a5e.png,80b5697f2a5e.png,80b5697f2a5e,right,0.72,estimated_disc_position,aptos2019_80b5697f2a5e,False,0.0
aptos2019,train,/kaggle/input/datasets/deepapaneru/aptos2019/train_images/train_images/38055d8b9f08.png,38055d8b9f08.png,38055d8b9f08,left,1.0,estimated_disc_position,aptos2019_38055d8b9f08,False,3.0
aptos2019,train,/kaggle/input/datasets/deepapaneru/aptos2019/train_images/train_images/1d11794057ff.png,1d11794057ff.png,1d11794057ff,right,1.0,estimated_disc_position,aptos2019_1d11794057ff,False,1.0
aptos2019,train,/kaggle/input/datasets/deepapaneru/aptos2019/train_images/train_images/2fde69f20585.png,2fde69f20585.png,2fde69f20585,uncertain,0.12,estimated_disc_position,aptos2019_2fde69f20585,True,4.0
aptos2019,train,/kaggle/input/datasets/deepapaneru/aptos2019/train_images/train_images/810d3779abd9.png,810d3779abd9.png,810d3779abd9,right,1.0,estimated_disc_position,aptos2019_810d3779abd9,False,3.0
aptos2019,train,/kaggle/input/datasets/deepapaneru/aptos2019/train_images/train_images/bfefa7344e7d.png,bfefa7344e7d.png,bfefa7344e7d,left,0.86,estimated_disc_position,aptos2019_bfefa7344e7d,False,4.0
aptos2019,train,/kaggle/input/datasets/deepapaneru/aptos2019/train_images/train_images/51cd8d2057fa.png,51cd8d2057fa.png,51cd8d2057fa,right,0.67,estimated_disc_position,aptos2019_51cd8d2057fa,False,0.0
aptos2019,train,/kaggle/input/datasets/deepapaneru/aptos2019/train_images/train_images/b7278b4f2448.png,b7278b4f2448.png,b7278b4f2448,right,0.9,estimated_disc_position,aptos2019_b7278b4f2448,False,1.0
aptos2019,train,/kaggle/input/datasets/deepapaneru/aptos2019/train_images/train_images/d911dd40c63b.png,d911dd40c63b.png,d911dd40c63b,left,0.93,estimated_disc_position,aptos2019_d911dd40c63b,False,0.0
aptos2019,train,/kaggle/input/datasets/deepapaneru/aptos2019/train_images/train_images/aebe87a423c8.png,aebe87a423c8.png,aebe87a423c8,right,1.0,estimated_disc_position,aptos2019_aebe87a423c8,False,0.0
aptos2019,train,/kaggle/input/datasets/deepapaneru/aptos2019/train_images/train_images/2700754f71e9.png,2700754f71e9.png,2700754f71e9,right,1.0,estimated_disc_position,aptos2019_2700754f71e9,False,2.0
aptos2019,train,/kaggle/input/datasets/deepapaneru/aptos2019/train_images/train_images/437900a99871.png,437900a99871.png,437900a99871,right,1.0,estimated_disc_position,aptos2019_437900a99871,False,2.0
aptos2019,train,/kaggle/input/datasets/deepapaneru/aptos2019/train_images/train_images/6bb30ec3231a.png,6bb30ec3231a.png,6bb30ec3231a,right,0.64,estimated_disc_position,aptos2019_6bb30ec3231a,False,0.0
aptos2019,train,/kaggle/input/datasets/deepapaneru/aptos2019/train_images/train_images/ab724603ee93.png,ab724603ee93.png,ab724603ee93,left,0.64,estimated_disc_position,aptos2019_ab724603ee93,False,0.0
aptos2019,train,/kaggle/input/datasets/deepapaneru/aptos2019/train_images/train_images/50915e2329a1.png,50915e2329a1.png,50915e2329a1,right,1.0,estimated_disc_position,aptos2019_50915e2329a1,False,0.0
aptos2019,train,/kaggle/input/datasets/deepapaneru/aptos2019/train_images/train_images/e16fc934069f.png,e16fc934069f.png,e16fc934069f,left,0.71,estimated_disc_position,aptos2019_e16fc934069f,False,2.0
aptos2019,train,/kaggle/input/datasets/deepapaneru/aptos2019/train_images/train_images/d38cf0f4a9af.png,d38cf0f4a9af.png,d38cf0f4a9af,left,0.43,estimated_disc_position,aptos2019_d38cf0f4a9af,False,0.0
aptos2019,train,/kaggle/input/datasets/deepapaneru/aptos2019/train_images/train_images/a32886cb31ab.png,a32886cb31ab.png,a32886cb31ab,left,1.0,estimated_disc_position,aptos2019_a32886cb31ab,False,1.0
aptos2019,train,/kaggle/input/datasets/deepapaneru/aptos2019/train_images/train_images/4958bfcc9f38.png,4958bfcc9f38.png,4958bfcc9f38,left,0.57,estimated_disc_position,aptos2019_4958bfcc9f38,False,0.0
aptos2019,train,/kaggle/input/datasets/deepapaneru/aptos2019/train_images/train_images/a015ce4f51ad.png,a015ce4f51ad.png,a015ce4f51ad,left,1.0,estimated_disc_position,aptos2019_a015ce4f51ad,False,2.0
aptos2019,train,/kaggle/input/datasets/deepapaneru/aptos2019/train_images/train_images/d871895742b1.png,d871895742b1.png,d871895742b1,right,1.0,estimated_disc_position,aptos2019_d871895742b1,False,0.0
aptos2019,train,/kaggle/input/datasets/deepapaneru/aptos2019/train_images/train_images/8785b71238d8.png,8785b71238d8.png,8785b71238d8,right,1.0,estimated_disc_position,aptos2019_8785b71238d8,False,4.0
aptos2019,train,/kaggle/input/datasets/deepapaneru/aptos2019/train_images/train_images/916915f01e17.png,916915f01e17.png,916915f01e17,left,0.57,estimated_disc_position,aptos2019_916915f01e17,False,0.0
aptos2019,train,/kaggle/input/datasets/deepapaneru/aptos2019/train_images/train_images/c365c598ad4e.png,c365c598ad4e.png,c365c598ad4e,right,0.93,estimated_disc_position,aptos2019_c365c598ad4e,False,0.0
aptos2019,train,/kaggle/input/datasets/deepapaneru/aptos2019/train_images/train_images/75a071608ea6.png,75a071608ea6.png,75a071608ea6,right,0.8,estimated_disc_position,aptos2019_75a071608ea6,False,0.0
aptos2019,train,/kaggle/input/datasets/deepapaneru/aptos2019/train_images/train_images/5090917a2676.png,5090917a2676.png,5090917a2676,right,1.0,estimated_disc_position,aptos2019_5090917a2676,False,1.0
aptos2019,train,/kaggle/input/datasets/deepapaneru/aptos2019/train_images/train_images/b87f9c59748b.png,b87f9c59748b.png,b87f9c59748b,right,1.0,estimated_disc_position,aptos2019_b87f9c59748b,False,4.0
aptos2019,train,/kaggle/input/datasets/deepapaneru/aptos2019/train_images/train_images/a61723fc38c2.png,a61723fc38c2.png,a61723fc38c2,right,0.99,estimated_disc_position,aptos2019_a61723fc38c2,False,0.0
aptos2019,train,/kaggle/input/datasets/deepapaneru/aptos2019/train_images/train_images/837acf120946.png,837acf120946.png,837acf120946,left,1.0,estimated_disc_position,aptos2019_837acf120946,False,0.0
aptos2019,train,/kaggle/input/datasets/deepapaneru/aptos2019/train_images/train_images/6bcce181be65.png,6bcce181be65.png,6bcce181be65,right,1.0,estimated_disc_position,aptos2019_6bcce181be65,False,0.0
aptos2019,train,/kaggle/input/datasets/deepapaneru/aptos2019/train_images/train_images/7aabd768abff.png,7aabd768abff.png,7aabd768abff,right,0.37,estimated_disc_position,aptos2019_7aabd768abff,False,0.0
aptos2019,train,/kaggle/input/datasets/deepapaneru/aptos2019/train_images/train_images/83038ca49b6d.png,83038ca49b6d.png,83038ca49b6d,left,0.67,estimated_disc_position,aptos2019_83038ca49b6d,False,0.0
aptos2019,train,/kaggle/input/datasets/deepapaneru/aptos2019/train_images/train_images/74eee788edee.png,74eee788edee.png,74eee788edee,left,0.44,estimated_disc_position,aptos2019_74eee788edee,False,3.0
aptos2019,train,/kaggle/input/datasets/deepapaneru/aptos2019/train_images/train_images/64678182d8a8.png,64678182d8a8.png,64678182d8a8,left,1.0,estimated_disc_position,aptos2019_64678182d8a8,False,1.0
aptos2019,train,/kaggle/input/datasets/deepapaneru/aptos2019/train_images/train_images/82ac8463fadd.png,82ac8463fadd.png,82ac8463fadd,right,0.7,estimated_disc_position,aptos2019_82ac8463fadd,False,1.0
aptos2019,train,/kaggle/input/datasets/deepapaneru/aptos2019/train_images/train_images/7c2e852171c0.png,7c2e852171c0.png,7c2e852171c0,left,1.0,estimated_disc_position,aptos2019_7c2e852171c0,False,0.0
aptos2019,train,/kaggle/input/datasets/deepapaneru/aptos2019/train_images/train_images/27b68863349f.png,27b68863349f.png,27b68863349f,right,1.0,estimated_disc_position,aptos2019_27b68863349f,False,2.0
aptos2019,train,/kaggle/input/datasets/deepapaneru/aptos2019/train_images/train_images/992b9a07b25f.png,992b9a07b25f.png,992b9a07b25f,right,1.0,estimated_disc_position,aptos2019_992b9a07b25f,False,0.0
aptos2019,train,/kaggle/input/datasets/deepapaneru/aptos2019/train_images/train_images/2f8d14a7d390.png,2f8d14a7d390.png,2f8d14a7d390,right,1.0,estimated_disc_position,aptos2019_2f8d14a7d390,False,0.0
aptos2019,train,/kaggle/input/datasets/deepapaneru/aptos2019/train_images/train_images/681c3c115684.png,681c3c115684.png,681c3c115684,left,1.0,estimated_disc_position,aptos2019_681c3c115684,False,2.0
aptos2019,train,/kaggle/input/datasets/deepapaneru/aptos2019/train_images/train_images/a9dc80cba9a4.png,a9dc80cba9a4.png,a9dc80cba9a4,right,1.0,estimated_disc_position,aptos2019_a9dc80cba9a4,False,0.0
aptos2019,train,/kaggle/input/datasets/deepapaneru/aptos2019/train_images/train_images/92d8a7c8e718.png,92d8a7c8e718.png,92d8a7c8e718,right,0.93,estimated_disc_position,aptos2019_92d8a7c8e718,False,2.0
aptos2019,train,/kaggle/input/datasets/deepapaneru/aptos2019/train_images/train_images/613bacb35c05.png,613bacb35c05.png,613bacb35c05,left,1.0,estimated_disc_position,aptos2019_613bacb35c05,False,1.0
aptos2019,train,/kaggle/input/datasets/deepapaneru/aptos2019/train_images/train_images/7cc4b7aabe04.png,7cc4b7aabe04.png,7cc4b7aabe04,left,1.0,estimated_disc_position,aptos2019_7cc4b7aabe04,False,4.0
aptos2019,train,/kaggle/input/datasets/deepapaneru/aptos2019/train_images/train_images/5b76117c4bcb.png,5b76117c4bcb.png,5b76117c4bcb,left,1.0,estimated_disc_position,aptos2019_5b76117c4bcb,False,4.0
aptos2019,train,/kaggle/input/datasets/deepapaneru/aptos2019/train_images/train_images/af7a36454670.png,af7a36454670.png,af7a36454670,right,0.81,estimated_disc_position,aptos2019_af7a36454670,False,0.0
aptos2019,train,/kaggle/input/datasets/deepapaneru/aptos2019/train_images/train_images/57f5ad4b5b29.png,57f5ad4b5b29.png,57f5ad4b5b29,right,0.8,estimated_disc_position,aptos2019_57f5ad4b5b29,False,0.0
aptos2019,train,/kaggle/input/datasets/deepapaneru/aptos2019/train_images/train_images/26999ebc21de.png,26999ebc21de.png,26999ebc21de,left,1.0,estimated_disc_position,aptos2019_26999ebc21de,False,2.0
aptos2019,train,/kaggle/input/datasets/deepapaneru/aptos2019/train_images/train_images/e265c870f9b3.png,e265c870f9b3.png,e265c870f9b3,left,1.0,estimated_disc_position,aptos2019_e265c870f9b3,False,2.0
aptos2019,train,/kaggle/input/datasets/deepapaneru/aptos2019/train_images/train_images/50d8a8fb7737.png,50d8a8fb7737.png,50d8a8fb7737,uncertain,0.21,estimated_disc_position,aptos2019_50d8a8fb7737,True,2.0
aptos2019,train,/kaggle/input/datasets/deepapaneru/aptos2019/train_images/train_images/2a3378bcfbcc.png,2a3378bcfbcc.png,2a3378bcfbcc,left,0.4,estimated_disc_position,aptos2019_2a3378bcfbcc,False,2.0
aptos2019,train,/kaggle/input/datasets/deepapaneru/aptos2019/train_images/train_images/c64c0966b4cf.png,c64c0966b4cf.png,c64c0966b4cf,left,0.44,estimated_disc_position,aptos2019_c64c0966b4cf,False,0.0
aptos2019,train,/kaggle/input/datasets/deepapaneru/aptos2019/train_images/train_images/869bbd3170cc.png,869bbd3170cc.png,869bbd3170cc,right,0.96,estimated_disc_position,aptos2019_869bbd3170cc,False,2.0
aptos2019,train,/kaggle/input/datasets/deepapaneru/aptos2019/train_images/train_images/1fddd7c98fd2.png,1fddd7c98fd2.png,1fddd7c98fd2,right,1.0,estimated_disc_position,aptos2019_1fddd7c98fd2,False,0.0
aptos2019,train,/kaggle/input/datasets/deepapaneru/aptos2019/train_images/train_images/97c6cb55866d.png,97c6cb55866d.png,97c6cb55866d,right,1.0,estimated_disc_position,aptos2019_97c6cb55866d,False,0.0
aptos2019,train,/kaggle/input/datasets/deepapaneru/aptos2019/train_images/train_images/ceaa5803d780.png,ceaa5803d780.png,ceaa5803d780,uncertain,0.13,estimated_disc_position,aptos2019_ceaa5803d780,True,2.0
aptos2019,train,/kaggle/input/datasets/deepapaneru/aptos2019/train_images/train_images/3f6c627e2ff2.png,3f6c627e2ff2.png,3f6c627e2ff2,right,0.7,estimated_disc_position,aptos2019_3f6c627e2ff2,False,0.0
aptos2019,train,/kaggle/input/datasets/deepapaneru/aptos2019/train_images/train_images/ba4e62c11cc0.png,ba4e62c11cc0.png,ba4e62c11cc0,right,0.94,estimated_disc_position,aptos2019_ba4e62c11cc0,False,0.0
aptos2019,train,/kaggle/input/datasets/deepapaneru/aptos2019/train_images/train_images/c7c0470bcf87.png,c7c0470bcf87.png,c7c0470bcf87,right,0.73,estimated_disc_position,aptos2019_c7c0470bcf87,False,2.0
aptos2019,train,/kaggle/input/datasets/deepapaneru/aptos2019/train_images/train_images/9d98a0b585f2.png,9d98a0b585f2.png,9d98a0b585f2,left,0.72,estimated_disc_position,aptos2019_9d98a0b585f2,False,2.0
aptos2019,train,/kaggle/input/datasets/deepapaneru/aptos2019/train_images/train_images/8714d17bb6da.png,8714d17bb6da.png,8714d17bb6da,left,0.92,estimated_disc_position,aptos2019_8714d17bb6da,False,1.0
aptos2019,train,/kaggle/input/datasets/deepapaneru/aptos2019/train_images/train_images/753b14c27c83.png,753b14c27c83.png,753b14c27c83,right,1.0,estimated_disc_position,aptos2019_753b14c27c83,False,4.0
aptos2019,train,/kaggle/input/datasets/deepapaneru/aptos2019/train_images/train_images/ceb32a193eff.png,ceb32a193eff.png,ceb32a193eff,uncertain,0.07,estimated_disc_position,aptos2019_ceb32a193eff,True,0.0
aptos2019,train,/kaggle/input/datasets/deepapaneru/aptos2019/train_images/train_images/4289af3afbd2.png,4289af3afbd2.png,4289af3afbd2,right,0.74,estimated_disc_position,aptos2019_4289af3afbd2,False,2.0
aptos2019,train,/kaggle/input/datasets/deepapaneru/aptos2019/train_images/train_images/bacfa2b8e706.png,bacfa2b8e706.png,bacfa2b8e706,right,0.86,estimated_disc_position,aptos2019_bacfa2b8e706,False,0.0
aptos2019,train,/kaggle/input/datasets/deepapaneru/aptos2019/train_images/train_images/8a87dd2a784e.png,8a87dd2a784e.png,8a87dd2a784e,right,1.0,estimated_disc_position,aptos2019_8a87dd2a784e,False,0.0
aptos2019,train,/kaggle/input/datasets/deepapaneru/aptos2019/train_images/train_images/1d14dd912671.png,1d14dd912671.png,1d14dd912671,left,1.0,estimated_disc_position,aptos2019_1d14dd912671,False,2.0
aptos2019,train,/kaggle/input/datasets/deepapaneru/aptos2019/train_images/train_images/912fbe06407e.png,912fbe06407e.png,912fbe06407e,right,0.51,estimated_disc_position,aptos2019_912fbe06407e,False,0.0
aptos2019,train,/kaggle/input/datasets/deepapaneru/aptos2019/train_images/train_images/3fe282197c1c.png,3fe282197c1c.png,3fe282197c1c,right,1.0,estimated_disc_position,aptos2019_3fe282197c1c,False,0.0
aptos2019,train,/kaggle/input/datasets/deepapaneru/aptos2019/train_images/train_images/bd9904495ccd.png,bd9904495ccd.png,bd9904495ccd,right,0.48,estimated_disc_position,aptos2019_bd9904495ccd,False,4.0
aptos2019,train,/kaggle/input/datasets/deepapaneru/aptos2019/train_images/train_images/4e231670b48c.png,4e231670b48c.png,4e231670b48c,left,0.46,estimated_disc_position,aptos2019_4e231670b48c,False,0.0
aptos2019,train,/kaggle/input/datasets/deepapaneru/aptos2019/train_images/train_images/977e1ca77653.png,977e1ca77653.png,977e1ca77653,left,1.0,estimated_disc_position,aptos2019_977e1ca77653,False,1.0
aptos2019,train,/kaggle/input/datasets/deepapaneru/aptos2019/train_images/train_images/a5a2a7003d60.png,a5a2a7003d60.png,a5a2a7003d60,right,1.0,estimated_disc_position,aptos2019_a5a2a7003d60,False,1.0
aptos2019,train,/kaggle/input/datasets/deepapaneru/aptos2019/train_images/train_images/4c635a01593d.png,4c635a01593d.png,4c635a01593d,right,1.0,estimated_disc_position,aptos2019_4c635a01593d,False,0.0
aptos2019,train,/kaggle/input/datasets/deepapaneru/aptos2019/train_images/train_images/bd269a1f0e4d.png,bd269a1f0e4d.png,bd269a1f0e4d,left,1.0,estimated_disc_position,aptos2019_bd269a1f0e4d,False,1.0
aptos2019,train,/kaggle/input/datasets/deepapaneru/aptos2019/train_images/train_images/c3cd0200df79.png,c3cd0200df79.png,c3cd0200df79,left,0.54,estimated_disc_position,aptos2019_c3cd0200df79,False,3.0
aptos2019,train,/kaggle/input/datasets/deepapaneru/aptos2019/train_images/train_images/5173d54fc214.png,5173d54fc214.png,5173d54fc214,right,0.9,estimated_disc_position,aptos2019_5173d54fc214,False,2.0
aptos2019,train,/kaggle/input/datasets/deepapaneru/aptos2019/train_images/train_images/3710ff45299c.png,3710ff45299c.png,3710ff45299c,left,0.91,estimated_disc_position,aptos2019_3710ff45299c,False,0.0
aptos2019,train,/kaggle/input/datasets/deepapaneru/aptos2019/train_images/train_images/98e8adcf085c.png,98e8adcf085c.png,98e8adcf085c,left,1.0,estimated_disc_position,aptos2019_98e8adcf085c,False,2.0
aptos2019,train,/kaggle/input/datasets/deepapaneru/aptos2019/train_images/train_images/42a67337fa8e.png,42a67337fa8e.png,42a67337fa8e,uncertain,0.27,estimated_disc_position,aptos2019_42a67337fa8e,True,2.0
aptos2019,train,/kaggle/input/datasets/deepapaneru/aptos2019/train_images/train_images/6fe67fd7f5d1.png,6fe67fd7f5d1.png,6fe67fd7f5d1,left,0.88,estimated_disc_position,aptos2019_6fe67fd7f5d1,False,0.0
aptos2019,train,/kaggle/input/datasets/deepapaneru/aptos2019/train_images/train_images/a7b03e58a6e1.png,a7b03e58a6e1.png,a7b03e58a6e1,left,1.0,estimated_disc_position,aptos2019_a7b03e58a6e1,False,0.0
aptos2019,train,/kaggle/input/datasets/deepapaneru/aptos2019/train_images/train_images/23148a40ecb0.png,23148a40ecb0.png,23148a40ecb0,left,1.0,estimated_disc_position,aptos2019_23148a40ecb0,False,2.0
aptos2019,train,/kaggle/input/datasets/deepapaneru/aptos2019/train_images/train_images/9a56cfb980ec.png,9a56cfb980ec.png,9a56cfb980ec,left,0.99,estimated_disc_position,aptos2019_9a56cfb980ec,False,0.0
aptos2019,train,/kaggle/input/datasets/deepapaneru/aptos2019/train_images/train_images/54b322c66d01.png,54b322c66d01.png,54b322c66d01,right,1.0,estimated_disc_position,aptos2019_54b322c66d01,False,0.0
aptos2019,train,/kaggle/input/datasets/deepapaneru/aptos2019/train_images/train_images/a06e41bd2634.png,a06e41bd2634.png,a06e41bd2634,right,1.0,estimated_disc_position,aptos2019_a06e41bd2634,False,2.0
aptos2019,train,/kaggle/input/datasets/deepapaneru/aptos2019/train_images/train_images/bacfb1029f6b.png,bacfb1029f6b.png,bacfb1029f6b,left,0.64,estimated_disc_position,aptos2019_bacfb1029f6b,False,1.0
aptos2019,train,/kaggle/input/datasets/deepapaneru/aptos2019/train_images/train_images/a44345b27804.png,a44345b27804.png,a44345b27804,left,0.57,estimated_disc_position,aptos2019_a44345b27804,False,0.0
aptos2019,train,/kaggle/input/datasets/deepapaneru/aptos2019/train_images/train_images/85fce24084da.png,85fce24084da.png,85fce24084da,left,1.0,estimated_disc_position,aptos2019_85fce24084da,False,2.0
aptos2019,train,/kaggle/input/datasets/deepapaneru/aptos2019/train_images/train_images/4a7dc013e802.png,4a7dc013e802.png,4a7dc013e802,uncertain,0.2,estimated_disc_position,aptos2019_4a7dc013e802,True,4.0
aptos2019,train,/kaggle/input/datasets/deepapaneru/aptos2019/train_images/train_images/5b72ff04333d.png,5b72ff04333d.png,5b72ff04333d,left,0.33,estimated_disc_position,aptos2019_5b72ff04333d,True,1.0
aptos2019,train,/kaggle/input/datasets/deepapaneru/aptos2019/train_images/train_images/c027e5482e8c.png,c027e5482e8c.png,c027e5482e8c,right,1.0,estimated_disc_position,aptos2019_c027e5482e8c,False,1.0
aptos2019,train,/kaggle/input/datasets/deepapaneru/aptos2019/train_images/train_images/69591ebb198d.png,69591ebb198d.png,69591ebb198d,right,1.0,estimated_disc_position,aptos2019_69591ebb198d,False,2.0
aptos2019,train,/kaggle/input/datasets/deepapaneru/aptos2019/train_images/train_images/e26bcae6c67b.png,e26bcae6c67b.png,e26bcae6c67b,right,1.0,estimated_disc_position,aptos2019_e26bcae6c67b,False,0.0
aptos2019,train,/kaggle/input/datasets/deepapaneru/aptos2019/train_images/train_images/6e68e742f5bc.png,6e68e742f5bc.png,6e68e742f5bc,right,1.0,estimated_disc_position,aptos2019_6e68e742f5bc,False,2.0
aptos2019,train,/kaggle/input/datasets/deepapaneru/aptos2019/train_images/train_images/66bfec8d6bcd.png,66bfec8d6bcd.png,66bfec8d6bcd,right,0.9,estimated_disc_position,aptos2019_66bfec8d6bcd,False,0.0
aptos2019,train,/kaggle/input/datasets/deepapaneru/aptos2019/train_images/train_images/7ea756985353.png,7ea756985353.png,7ea756985353,uncertain,0.03,estimated_disc_position,aptos2019_7ea756985353,True,1.0
aptos2019,train,/kaggle/input/datasets/deepapaneru/aptos2019/train_images/train_images/1ae8c165fd53.png,1ae8c165fd53.png,1ae8c165fd53,right,1.0,estimated_disc_position,aptos2019_1ae8c165fd53,False,2.0
aptos2019,train,/kaggle/input/datasets/deepapaneru/aptos2019/train_images/train_images/dd3176bacfe2.png,dd3176bacfe2.png,dd3176bacfe2,left,1.0,estimated_disc_position,aptos2019_dd3176bacfe2,False,0.0
aptos2019,train,/kaggle/input/datasets/deepapaneru/aptos2019/train_images/train_images/bb9a3d835a94.png,bb9a3d835a94.png,bb9a3d835a94,right,1.0,estimated_disc_position,aptos2019_bb9a3d835a94,False,1.0
aptos2019,train,/kaggle/input/datasets/deepapaneru/aptos2019/train_images/train_images/bd06028eb7dd.png,bd06028eb7dd.png,bd06028eb7dd,right,0.83,estimated_disc_position,aptos2019_bd06028eb7dd,False,0.0
aptos2019,train,/kaggle/input/datasets/deepapaneru/aptos2019/train_images/train_images/91b6ebaa3678.png,91b6ebaa3678.png,91b6ebaa3678,uncertain,0.08,estimated_disc_position,aptos2019_91b6ebaa3678,True,3.0
aptos2019,train,/kaggle/input/datasets/deepapaneru/aptos2019/train_images/train_images/e4a44f9158dc.png,e4a44f9158dc.png,e4a44f9158dc,right,0.75,estimated_disc_position,aptos2019_e4a44f9158dc,False,0.0
aptos2019,train,/kaggle/input/datasets/deepapaneru/aptos2019/train_images/train_images/266fbefa58fb.png,266fbefa58fb.png,266fbefa58fb,right,1.0,estimated_disc_position,aptos2019_266fbefa58fb,False,0.0
aptos2019,train,/kaggle/input/datasets/deepapaneru/aptos2019/train_images/train_images/b033ab4fb723.png,b033ab4fb723.png,b033ab4fb723,left,1.0,estimated_disc_position,aptos2019_b033ab4fb723,False,2.0
aptos2019,train,/kaggle/input/datasets/deepapaneru/aptos2019/train_images/train_images/4cde86044ad1.png,4cde86044ad1.png,4cde86044ad1,left,0.7,estimated_disc_position,aptos2019_4cde86044ad1,False,0.0
aptos2019,train,/kaggle/input/datasets/deepapaneru/aptos2019/train_images/train_images/6d7d26025122.png,6d7d26025122.png,6d7d26025122,left,1.0,estimated_disc_position,aptos2019_6d7d26025122,False,4.0
aptos2019,train,/kaggle/input/datasets/deepapaneru/aptos2019/train_images/train_images/2da82d14e1b7.png,2da82d14e1b7.png,2da82d14e1b7,left,0.69,estimated_disc_position,aptos2019_2da82d14e1b7,False,0.0
aptos2019,train,/kaggle/input/datasets/deepapaneru/aptos2019/train_images/train_images/a721efb1e049.png,a721efb1e049.png,a721efb1e049,right,1.0,estimated_disc_position,aptos2019_a721efb1e049,False,2.0
aptos2019,train,/kaggle/input/datasets/deepapaneru/aptos2019/train_images/train_images/9b4fc15df3c8.png,9b4fc15df3c8.png,9b4fc15df3c8,right,0.92,estimated_disc_position,aptos2019_9b4fc15df3c8,False,0.0
aptos2019,train,/kaggle/input/datasets/deepapaneru/aptos2019/train_images/train_images/1e7ccd4a1c87.png,1e7ccd4a1c87.png,1e7ccd4a1c87,right,1.0,estimated_disc_position,aptos2019_1e7ccd4a1c87,False,0.0
aptos2019,train,/kaggle/input/datasets/deepapaneru/aptos2019/train_images/train_images/9c14ce27cbfc.png,9c14ce27cbfc.png,9c14ce27cbfc,right,1.0,estimated_disc_position,aptos2019_9c14ce27cbfc,False,0.0
aptos2019,train,/kaggle/input/datasets/deepapaneru/aptos2019/train_images/train_images/3cab32dd6ef9.png,3cab32dd6ef9.png,3cab32dd6ef9,left,1.0,estimated_disc_position,aptos2019_3cab32dd6ef9,False,0.0
aptos2019,train,/kaggle/input/datasets/deepapaneru/aptos2019/train_images/train_images/bcd503c726ba.png,bcd503c726ba.png,bcd503c726ba,right,1.0,estimated_disc_position,aptos2019_bcd503c726ba,False,4.0
aptos2019,train,/kaggle/input/datasets/deepapaneru/aptos2019/train_images/train_images/d0ffa0425ef1.png,d0ffa0425ef1.png,d0ffa0425ef1,right,0.62,estimated_disc_position,aptos2019_d0ffa0425ef1,False,3.0
aptos2019,train,/kaggle/input/datasets/deepapaneru/aptos2019/train_images/train_images/af5a0bc4e1fa.png,af5a0bc4e1fa.png,af5a0bc4e1fa,uncertain,0.1,estimated_disc_position,aptos2019_af5a0bc4e1fa,True,0.0
aptos2019,train,/kaggle/input/datasets/deepapaneru/aptos2019/train_images/train_images/a4359815f152.png,a4359815f152.png,a4359815f152,right,0.71,estimated_disc_position,aptos2019_a4359815f152,False,2.0
aptos2019,train,/kaggle/input/datasets/deepapaneru/aptos2019/train_images/train_images/42cc993f23a9.png,42cc993f23a9.png,42cc993f23a9,left,1.0,estimated_disc_position,aptos2019_42cc993f23a9,False,3.0
aptos2019,train,/kaggle/input/datasets/deepapaneru/aptos2019/train_images/train_images/d91635f380b4.png,d91635f380b4.png,d91635f380b4,left,1.0,estimated_disc_position,aptos2019_d91635f380b4,False,0.0
aptos2019,train,/kaggle/input/datasets/deepapaneru/aptos2019/train_images/train_images/cc9270f06b65.png,cc9270f06b65.png,cc9270f06b65,left,0.79,estimated_disc_position,aptos2019_cc9270f06b65,False,1.0
aptos2019,train,/kaggle/input/datasets/deepapaneru/aptos2019/train_images/train_images/3e1f8fecb06f.png,3e1f8fecb06f.png,3e1f8fecb06f,right,0.8,estimated_disc_position,aptos2019_3e1f8fecb06f,False,2.0
aptos2019,train,/kaggle/input/datasets/deepapaneru/aptos2019/train_images/train_images/b90bc89ce8d8.png,b90bc89ce8d8.png,b90bc89ce8d8,right,1.0,estimated_disc_position,aptos2019_b90bc89ce8d8,False,4.0
aptos2019,train,/kaggle/input/datasets/deepapaneru/aptos2019/train_images/train_images/525d0dd8dc45.png,525d0dd8dc45.png,525d0dd8dc45,right,1.0,estimated_disc_position,aptos2019_525d0dd8dc45,False,0.0
aptos2019,train,/kaggle/input/datasets/deepapaneru/aptos2019/train_images/train_images/8b26d3cd61e8.png,8b26d3cd61e8.png,8b26d3cd61e8,right,1.0,estimated_disc_position,aptos2019_8b26d3cd61e8,False,2.0
aptos2019,train,/kaggle/input/datasets/deepapaneru/aptos2019/train_images/train_images/a1822dd8d05d.png,a1822dd8d05d.png,a1822dd8d05d,right,1.0,estimated_disc_position,aptos2019_a1822dd8d05d,False,0.0
aptos2019,train,/kaggle/input/datasets/deepapaneru/aptos2019/train_images/train_images/3f8d5c940ba4.png,3f8d5c940ba4.png,3f8d5c940ba4,uncertain,0.18,estimated_disc_position,aptos2019_3f8d5c940ba4,True,2.0
aptos2019,train,/kaggle/input/datasets/deepapaneru/aptos2019/train_images/train_images/9a9b21215c55.png,9a9b21215c55.png,9a9b21215c55,right,1.0,estimated_disc_position,aptos2019_9a9b21215c55,False,2.0
aptos2019,train,/kaggle/input/datasets/deepapaneru/aptos2019/train_images/train_images/d06ccd0cf4b8.png,d06ccd0cf4b8.png,d06ccd0cf4b8,right,1.0,estimated_disc_position,aptos2019_d06ccd0cf4b8,False,1.0
aptos2019,train,/kaggle/input/datasets/deepapaneru/aptos2019/train_images/train_images/1f07dae3cadb.png,1f07dae3cadb.png,1f07dae3cadb,right,1.0,estimated_disc_position,aptos2019_1f07dae3cadb,False,2.0
aptos2019,train,/kaggle/input/datasets/deepapaneru/aptos2019/train_images/train_images/b3819a805dca.png,b3819a805dca.png,b3819a805dca,left,1.0,estimated_disc_position,aptos2019_b3819a805dca,False,4.0
aptos2019,train,/kaggle/input/datasets/deepapaneru/aptos2019/train_images/train_images/6b3860e8f64f.png,6b3860e8f64f.png,6b3860e8f64f,right,0.83,estimated_disc_position,aptos2019_6b3860e8f64f,False,0.0
aptos2019,train,/kaggle/input/datasets/deepapaneru/aptos2019/train_images/train_images/71e43b4f8ba6.png,71e43b4f8ba6.png,71e43b4f8ba6,left,0.88,estimated_disc_position,aptos2019_71e43b4f8ba6,False,0.0
aptos2019,train,/kaggle/input/datasets/deepapaneru/aptos2019/train_images/train_images/1e143fa3de57.png,1e143fa3de57.png,1e143fa3de57,left,1.0,estimated_disc_position,aptos2019_1e143fa3de57,False,2.0
aptos2019,train,/kaggle/input/datasets/deepapaneru/aptos2019/train_images/train_images/8ff863f8874f.png,8ff863f8874f.png,8ff863f8874f,left,0.98,estimated_disc_position,aptos2019_8ff863f8874f,False,1.0
aptos2019,train,/kaggle/input/datasets/deepapaneru/aptos2019/train_images/train_images/50ddd7d976df.png,50ddd7d976df.png,50ddd7d976df,left,0.84,estimated_disc_position,aptos2019_50ddd7d976df,False,0.0
aptos2019,train,/kaggle/input/datasets/deepapaneru/aptos2019/train_images/train_images/44a4d04162cc.png,44a4d04162cc.png,44a4d04162cc,right,1.0,estimated_disc_position,aptos2019_44a4d04162cc,False,0.0
aptos2019,train,/kaggle/input/datasets/deepapaneru/aptos2019/train_images/train_images/8a67f1efa315.png,8a67f1efa315.png,8a67f1efa315,right,0.87,estimated_disc_position,aptos2019_8a67f1efa315,False,2.0
aptos2019,train,/kaggle/input/datasets/deepapaneru/aptos2019/train_images/train_images/97a235367f9d.png,97a235367f9d.png,97a235367f9d,left,1.0,estimated_disc_position,aptos2019_97a235367f9d,False,0.0
aptos2019,train,/kaggle/input/datasets/deepapaneru/aptos2019/train_images/train_images/6061f5b7378d.png,6061f5b7378d.png,6061f5b7378d,right,1.0,estimated_disc_position,aptos2019_6061f5b7378d,False,3.0
aptos2019,train,/kaggle/input/datasets/deepapaneru/aptos2019/train_images/train_images/7da558d92100.png,7da558d92100.png,7da558d92100,right,1.0,estimated_disc_position,aptos2019_7da558d92100,False,0.0
aptos2019,train,/kaggle/input/datasets/deepapaneru/aptos2019/train_images/train_images/78d53c82a23e.png,78d53c82a23e.png,78d53c82a23e,left,1.0,estimated_disc_position,aptos2019_78d53c82a23e,False,2.0
aptos2019,train,/kaggle/input/datasets/deepapaneru/aptos2019/train_images/train_images/5ba156a35ff2.png,5ba156a35ff2.png,5ba156a35ff2,right,0.72,estimated_disc_position,aptos2019_5ba156a35ff2,False,0.0
aptos2019,train,/kaggle/input/datasets/deepapaneru/aptos2019/train_images/train_images/80a02014b418.png,80a02014b418.png,80a02014b418,left,1.0,estimated_disc_position,aptos2019_80a02014b418,False,1.0
aptos2019,train,/kaggle/input/datasets/deepapaneru/aptos2019/train_images/train_images/2d04cead4d3a.png,2d04cead4d3a.png,2d04cead4d3a,left,1.0,estimated_disc_position,aptos2019_2d04cead4d3a,False,0.0
aptos2019,train,/kaggle/input/datasets/deepapaneru/aptos2019/train_images/train_images/73e83a07a16d.png,73e83a07a16d.png,73e83a07a16d,right,1.0,estimated_disc_position,aptos2019_73e83a07a16d,False,2.0
aptos2019,train,/kaggle/input/datasets/deepapaneru/aptos2019/train_images/train_images/2608e1dac5b1.png,2608e1dac5b1.png,2608e1dac5b1,left,1.0,estimated_disc_position,aptos2019_2608e1dac5b1,False,2.0
aptos2019,train,/kaggle/input/datasets/deepapaneru/aptos2019/train_images/train_images/35d6c4c50072.png,35d6c4c50072.png,35d6c4c50072,left,1.0,estimated_disc_position,aptos2019_35d6c4c50072,False,1.0
aptos2019,train,/kaggle/input/datasets/deepapaneru/aptos2019/train_images/train_images/5777ef74c9ec.png,5777ef74c9ec.png,5777ef74c9ec,uncertain,0.06,estimated_disc_position,aptos2019_5777ef74c9ec,True,1.0
aptos2019,train,/kaggle/input/datasets/deepapaneru/aptos2019/train_images/train_images/dbee04ae6426.png,dbee04ae6426.png,dbee04ae6426,left,1.0,estimated_disc_position,aptos2019_dbee04ae6426,False,2.0
aptos2019,train,/kaggle/input/datasets/deepapaneru/aptos2019/train_images/train_images/d332d7b8a26e.png,d332d7b8a26e.png,d332d7b8a26e,left,1.0,estimated_disc_position,aptos2019_d332d7b8a26e,False,0.0
aptos2019,train,/kaggle/input/datasets/deepapaneru/aptos2019/train_images/train_images/e29e54ff921e.png,e29e54ff921e.png,e29e54ff921e,right,0.91,estimated_disc_position,aptos2019_e29e54ff921e,False,0.0
aptos2019,train,/kaggle/input/datasets/deepapaneru/aptos2019/train_images/train_images/4dd4a4bf2421.png,4dd4a4bf2421.png,4dd4a4bf2421,left,0.62,estimated_disc_position,aptos2019_4dd4a4bf2421,False,0.0
aptos2019,train,/kaggle/input/datasets/deepapaneru/aptos2019/train_images/train_images/76e589911303.png,76e589911303.png,76e589911303,left,1.0,estimated_disc_position,aptos2019_76e589911303,False,1.0
aptos2019,train,/kaggle/input/datasets/deepapaneru/aptos2019/train_images/train_images/8b8fe3fc8950.png,8b8fe3fc8950.png,8b8fe3fc8950,left,0.86,estimated_disc_position,aptos2019_8b8fe3fc8950,False,0.0
aptos2019,train,/kaggle/input/datasets/deepapaneru/aptos2019/train_images/train_images/9fefe2b44795.png,9fefe2b44795.png,9fefe2b44795,left,0.64,estimated_disc_position,aptos2019_9fefe2b44795,False,3.0
aptos2019,train,/kaggle/input/datasets/deepapaneru/aptos2019/train_images/train_images/82088c6734e6.png,82088c6734e6.png,82088c6734e6,right,0.75,estimated_disc_position,aptos2019_82088c6734e6,False,0.0
aptos2019,train,/kaggle/input/datasets/deepapaneru/aptos2019/train_images/train_images/697538183db5.png,697538183db5.png,697538183db5,left,1.0,estimated_disc_position,aptos2019_697538183db5,False,3.0
aptos2019,train,/kaggle/input/datasets/deepapaneru/aptos2019/train_images/train_images/807135cbc438.png,807135cbc438.png,807135cbc438,left,1.0,estimated_disc_position,aptos2019_807135cbc438,False,2.0
aptos2019,train,/kaggle/input/datasets/deepapaneru/aptos2019/train_images/train_images/43bc7c066dfb.png,43bc7c066dfb.png,43bc7c066dfb,left,0.99,estimated_disc_position,aptos2019_43bc7c066dfb,False,0.0
aptos2019,train,/kaggle/input/datasets/deepapaneru/aptos2019/train_images/train_images/bca2bdc15fc5.png,bca2bdc15fc5.png,bca2bdc15fc5,left,0.43,estimated_disc_position,aptos2019_bca2bdc15fc5,False,2.0
aptos2019,train,/kaggle/input/datasets/deepapaneru/aptos2019/train_images/train_images/c5a0e84e955d.png,c5a0e84e955d.png,c5a0e84e955d,right,1.0,estimated_disc_position,aptos2019_c5a0e84e955d,False,0.0
aptos2019,train,/kaggle/input/datasets/deepapaneru/aptos2019/train_images/train_images/72c31aa48e2c.png,72c31aa48e2c.png,72c31aa48e2c,left,0.57,estimated_disc_position,aptos2019_72c31aa48e2c,False,0.0
aptos2019,train,/kaggle/input/datasets/deepapaneru/aptos2019/train_images/train_images/4e1e252317b5.png,4e1e252317b5.png,4e1e252317b5,right,0.96,estimated_disc_position,aptos2019_4e1e252317b5,False,0.0
aptos2019,train,/kaggle/input/datasets/deepapaneru/aptos2019/train_images/train_images/ad3fc5076852.png,ad3fc5076852.png,ad3fc5076852,right,1.0,estimated_disc_position,aptos2019_ad3fc5076852,False,1.0
aptos2019,train,/kaggle/input/datasets/deepapaneru/aptos2019/train_images/train_images/c9ea9d5eab65.png,c9ea9d5eab65.png,c9ea9d5eab65,left,0.65,estimated_disc_position,aptos2019_c9ea9d5eab65,False,3.0
aptos2019,train,/kaggle/input/datasets/deepapaneru/aptos2019/train_images/train_images/3c9529918097.png,3c9529918097.png,3c9529918097,right,0.77,estimated_disc_position,aptos2019_3c9529918097,False,0.0
aptos2019,train,/kaggle/input/datasets/deepapaneru/aptos2019/train_images/train_images/d7078e8b0349.png,d7078e8b0349.png,d7078e8b0349,left,1.0,estimated_disc_position,aptos2019_d7078e8b0349,False,0.0
aptos2019,train,/kaggle/input/datasets/deepapaneru/aptos2019/train_images/train_images/b98f77098b9d.png,b98f77098b9d.png,b98f77098b9d,right,1.0,estimated_disc_position,aptos2019_b98f77098b9d,False,2.0
aptos2019,train,/kaggle/input/datasets/deepapaneru/aptos2019/train_images/train_images/44c869174e3a.png,44c869174e3a.png,44c869174e3a,right,0.38,estimated_disc_position,aptos2019_44c869174e3a,False,2.0
aptos2019,train,/kaggle/input/datasets/deepapaneru/aptos2019/train_images/train_images/d51c2153d151.png,d51c2153d151.png,d51c2153d151,right,1.0,estimated_disc_position,aptos2019_d51c2153d151,False,0.0
aptos2019,train,/kaggle/input/datasets/deepapaneru/aptos2019/train_images/train_images/84b79243e430.png,84b79243e430.png,84b79243e430,right,0.91,estimated_disc_position,aptos2019_84b79243e430,False,0.0
aptos2019,train,/kaggle/input/datasets/deepapaneru/aptos2019/train_images/train_images/c5a6f432a1ec.png,c5a6f432a1ec.png,c5a6f432a1ec,left,1.0,estimated_disc_position,aptos2019_c5a6f432a1ec,False,0.0
aptos2019,train,/kaggle/input/datasets/deepapaneru/aptos2019/train_images/train_images/cd66754e1b3b.png,cd66754e1b3b.png,cd66754e1b3b,left,1.0,estimated_disc_position,aptos2019_cd66754e1b3b,False,0.0
aptos2019,train,/kaggle/input/datasets/deepapaneru/aptos2019/train_images/train_images/5511f114e7ee.png,5511f114e7ee.png,5511f114e7ee,left,1.0,estimated_disc_position,aptos2019_5511f114e7ee,False,0.0
aptos2019,train,/kaggle/input/datasets/deepapaneru/aptos2019/train_images/train_images/c05b7b4c22fe.png,c05b7b4c22fe.png,c05b7b4c22fe,right,0.51,estimated_disc_position,aptos2019_c05b7b4c22fe,False,2.0
aptos2019,train,/kaggle/input/datasets/deepapaneru/aptos2019/train_images/train_images/c2d2b4f536da.png,c2d2b4f536da.png,c2d2b4f536da,right,1.0,estimated_disc_position,aptos2019_c2d2b4f536da,False,2.0
aptos2019,train,/kaggle/input/datasets/deepapaneru/aptos2019/train_images/train_images/a19507501b40.png,a19507501b40.png,a19507501b40,left,0.63,estimated_disc_position,aptos2019_a19507501b40,False,2.0
aptos2019,train,/kaggle/input/datasets/deepapaneru/aptos2019/train_images/train_images/40e9b5630438.png,40e9b5630438.png,40e9b5630438,right,1.0,estimated_disc_position,aptos2019_40e9b5630438,False,1.0
aptos2019,train,/kaggle/input/datasets/deepapaneru/aptos2019/train_images/train_images/bd375ba756b1.png,bd375ba756b1.png,bd375ba756b1,left,1.0,estimated_disc_position,aptos2019_bd375ba756b1,False,0.0
aptos2019,train,/kaggle/input/datasets/deepapaneru/aptos2019/train_images/train_images/d18aea8238a0.png,d18aea8238a0.png,d18aea8238a0,right,1.0,estimated_disc_position,aptos2019_d18aea8238a0,False,2.0
aptos2019,train,/kaggle/input/datasets/deepapaneru/aptos2019/train_images/train_images/df84e7113003.png,df84e7113003.png,df84e7113003,left,1.0,estimated_disc_position,aptos2019_df84e7113003,False,4.0
aptos2019,train,/kaggle/input/datasets/deepapaneru/aptos2019/train_images/train_images/21d18b022429.png,21d18b022429.png,21d18b022429,left,1.0,estimated_disc_position,aptos2019_21d18b022429,False,4.0
aptos2019,train,/kaggle/input/datasets/deepapaneru/aptos2019/train_images/train_images/7347bd23ba80.png,7347bd23ba80.png,7347bd23ba80,right,0.91,estimated_disc_position,aptos2019_7347bd23ba80,False,0.0
aptos2019,train,/kaggle/input/datasets/deepapaneru/aptos2019/train_images/train_images/cf0575534cec.png,cf0575534cec.png,cf0575534cec,right,0.68,estimated_disc_position,aptos2019_cf0575534cec,False,1.0
aptos2019,train,/kaggle/input/datasets/deepapaneru/aptos2019/train_images/train_images/2bb3c492d6d3.png,2bb3c492d6d3.png,2bb3c492d6d3,left,0.55,estimated_disc_position,aptos2019_2bb3c492d6d3,False,0.0
aptos2019,train,/kaggle/input/datasets/deepapaneru/aptos2019/train_images/train_images/dea7538bb91a.png,dea7538bb91a.png,dea7538bb91a,right,1.0,estimated_disc_position,aptos2019_dea7538bb91a,False,0.0
aptos2019,train,/kaggle/input/datasets/deepapaneru/aptos2019/train_images/train_images/b3a994760537.png,b3a994760537.png,b3a994760537,left,1.0,estimated_disc_position,aptos2019_b3a994760537,False,0.0
aptos2019,train,/kaggle/input/datasets/deepapaneru/aptos2019/train_images/train_images/c102db7634d8.png,c102db7634d8.png,c102db7634d8,right,0.42,estimated_disc_position,aptos2019_c102db7634d8,False,1.0
aptos2019,train,/kaggle/input/datasets/deepapaneru/aptos2019/train_images/train_images/541db13517e2.png,541db13517e2.png,541db13517e2,right,0.86,estimated_disc_position,aptos2019_541db13517e2,False,2.0
aptos2019,train,/kaggle/input/datasets/deepapaneru/aptos2019/train_images/train_images/7f39c36469b5.png,7f39c36469b5.png,7f39c36469b5,right,1.0,estimated_disc_position,aptos2019_7f39c36469b5,False,0.0
aptos2019,train,/kaggle/input/datasets/deepapaneru/aptos2019/train_images/train_images/3ee17aa12e46.png,3ee17aa12e46.png,3ee17aa12e46,right,1.0,estimated_disc_position,aptos2019_3ee17aa12e46,False,1.0
aptos2019,train,/kaggle/input/datasets/deepapaneru/aptos2019/train_images/train_images/3f73c91b7e32.png,3f73c91b7e32.png,3f73c91b7e32,left,1.0,estimated_disc_position,aptos2019_3f73c91b7e32,False,1.0
aptos2019,train,/kaggle/input/datasets/deepapaneru/aptos2019/train_images/train_images/a505981d1cab.png,a505981d1cab.png,a505981d1cab,left,0.86,estimated_disc_position,aptos2019_a505981d1cab,False,2.0
aptos2019,train,/kaggle/input/datasets/deepapaneru/aptos2019/train_images/train_images/5d6239c0fd39.png,5d6239c0fd39.png,5d6239c0fd39,right,0.79,estimated_disc_position,aptos2019_5d6239c0fd39,False,0.0
aptos2019,train,/kaggle/input/datasets/deepapaneru/aptos2019/train_images/train_images/73a07e2ea23e.png,73a07e2ea23e.png,73a07e2ea23e,left,1.0,estimated_disc_position,aptos2019_73a07e2ea23e,False,0.0
aptos2019,train,/kaggle/input/datasets/deepapaneru/aptos2019/train_images/train_images/9785805af1b8.png,9785805af1b8.png,9785805af1b8,left,1.0,estimated_disc_position,aptos2019_9785805af1b8,False,2.0
aptos2019,train,/kaggle/input/datasets/deepapaneru/aptos2019/train_images/train_images/bb5083fae98f.png,bb5083fae98f.png,bb5083fae98f,left,1.0,estimated_disc_position,aptos2019_bb5083fae98f,False,3.0
aptos2019,train,/kaggle/input/datasets/deepapaneru/aptos2019/train_images/train_images/8e3b79e1f1f7.png,8e3b79e1f1f7.png,8e3b79e1f1f7,left,1.0,estimated_disc_position,aptos2019_8e3b79e1f1f7,False,2.0
aptos2019,train,/kaggle/input/datasets/deepapaneru/aptos2019/train_images/train_images/76cb010f7aa0.png,76cb010f7aa0.png,76cb010f7aa0,right,1.0,estimated_disc_position,aptos2019_76cb010f7aa0,False,0.0
aptos2019,train,/kaggle/input/datasets/deepapaneru/aptos2019/train_images/train_images/8a25a080f28f.png,8a25a080f28f.png,8a25a080f28f,left,1.0,estimated_disc_position,aptos2019_8a25a080f28f,False,1.0
aptos2019,train,/kaggle/input/datasets/deepapaneru/aptos2019/train_images/train_images/7ba6b23c4b46.png,7ba6b23c4b46.png,7ba6b23c4b46,right,1.0,estimated_disc_position,aptos2019_7ba6b23c4b46,False,0.0
aptos2019,train,/kaggle/input/datasets/deepapaneru/aptos2019/train_images/train_images/76f3473df8a6.png,76f3473df8a6.png,76f3473df8a6,left,1.0,estimated_disc_position,aptos2019_76f3473df8a6,False,0.0
aptos2019,train,/kaggle/input/datasets/deepapaneru/aptos2019/train_images/train_images/222d0ac042b4.png,222d0ac042b4.png,222d0ac042b4,right,0.8,estimated_disc_position,aptos2019_222d0ac042b4,False,2.0
aptos2019,train,/kaggle/input/datasets/deepapaneru/aptos2019/train_images/train_images/7dee6bf8b9c1.png,7dee6bf8b9c1.png,7dee6bf8b9c1,left,1.0,estimated_disc_position,aptos2019_7dee6bf8b9c1,False,2.0
aptos2019,train,/kaggle/input/datasets/deepapaneru/aptos2019/train_images/train_images/5ca73d28f17f.png,5ca73d28f17f.png,5ca73d28f17f,right,1.0,estimated_disc_position,aptos2019_5ca73d28f17f,False,0.0
aptos2019,train,/kaggle/input/datasets/deepapaneru/aptos2019/train_images/train_images/3580a545016d.png,3580a545016d.png,3580a545016d,left,0.98,estimated_disc_position,aptos2019_3580a545016d,False,0.0
aptos2019,train,/kaggle/input/datasets/deepapaneru/aptos2019/train_images/train_images/e25ccfe38e44.png,e25ccfe38e44.png,e25ccfe38e44,right,0.89,estimated_disc_position,aptos2019_e25ccfe38e44,False,1.0
aptos2019,train,/kaggle/input/datasets/deepapaneru/aptos2019/train_images/train_images/6155cf375354.png,6155cf375354.png,6155cf375354,left,0.72,estimated_disc_position,aptos2019_6155cf375354,False,0.0
aptos2019,train,/kaggle/input/datasets/deepapaneru/aptos2019/train_images/train_images/df4aec4a0eaf.png,df4aec4a0eaf.png,df4aec4a0eaf,right,1.0,estimated_disc_position,aptos2019_df4aec4a0eaf,False,4.0
aptos2019,train,/kaggle/input/datasets/deepapaneru/aptos2019/train_images/train_images/7569ac24762e.png,7569ac24762e.png,7569ac24762e,left,1.0,estimated_disc_position,aptos2019_7569ac24762e,False,0.0
aptos2019,train,/kaggle/input/datasets/deepapaneru/aptos2019/train_images/train_images/b2aaa81cc8f0.png,b2aaa81cc8f0.png,b2aaa81cc8f0,left,1.0,estimated_disc_position,aptos2019_b2aaa81cc8f0,False,2.0
aptos2019,train,/kaggle/input/datasets/deepapaneru/aptos2019/train_images/train_images/4ef0b485a7da.png,4ef0b485a7da.png,4ef0b485a7da,right,1.0,estimated_disc_position,aptos2019_4ef0b485a7da,False,2.0
aptos2019,train,/kaggle/input/datasets/deepapaneru/aptos2019/train_images/train_images/a06a63d866b2.png,a06a63d866b2.png,a06a63d866b2,left,0.72,estimated_disc_position,aptos2019_a06a63d866b2,False,0.0
aptos2019,train,/kaggle/input/datasets/deepapaneru/aptos2019/train_images/train_images/cfed7c1172ec.png,cfed7c1172ec.png,cfed7c1172ec,right,0.75,estimated_disc_position,aptos2019_cfed7c1172ec,False,0.0
aptos2019,train,/kaggle/input/datasets/deepapaneru/aptos2019/train_images/train_images/9ed6c2b25767.png,9ed6c2b25767.png,9ed6c2b25767,right,0.83,estimated_disc_position,aptos2019_9ed6c2b25767,False,0.0
aptos2019,train,/kaggle/input/datasets/deepapaneru/aptos2019/train_images/train_images/b69c224edd6e.png,b69c224edd6e.png,b69c224edd6e,uncertain,0.09,estimated_disc_position,aptos2019_b69c224edd6e,True,0.0
aptos2019,train,/kaggle/input/datasets/deepapaneru/aptos2019/train_images/train_images/e3ec668f6fad.png,e3ec668f6fad.png,e3ec668f6fad,uncertain,0.23,estimated_disc_position,aptos2019_e3ec668f6fad,True,4.0
aptos2019,train,/kaggle/input/datasets/deepapaneru/aptos2019/train_images/train_images/b5c80d0ed0ff.png,b5c80d0ed0ff.png,b5c80d0ed0ff,left,1.0,estimated_disc_position,aptos2019_b5c80d0ed0ff,False,2.0
aptos2019,train,/kaggle/input/datasets/deepapaneru/aptos2019/train_images/train_images/daff5427c9b2.png,daff5427c9b2.png,daff5427c9b2,right,1.0,estimated_disc_position,aptos2019_daff5427c9b2,False,0.0
aptos2019,train,/kaggle/input/datasets/deepapaneru/aptos2019/train_images/train_images/c261b1aaa828.png,c261b1aaa828.png,c261b1aaa828,left,1.0,estimated_disc_position,aptos2019_c261b1aaa828,False,2.0
aptos2019,train,/kaggle/input/datasets/deepapaneru/aptos2019/train_images/train_images/a3d2a0c4cd17.png,a3d2a0c4cd17.png,a3d2a0c4cd17,left,0.56,estimated_disc_position,aptos2019_a3d2a0c4cd17,False,1.0
aptos2019,train,/kaggle/input/datasets/deepapaneru/aptos2019/train_images/train_images/ab1c20a94f3f.png,ab1c20a94f3f.png,ab1c20a94f3f,left,0.63,estimated_disc_position,aptos2019_ab1c20a94f3f,False,4.0
aptos2019,train,/kaggle/input/datasets/deepapaneru/aptos2019/train_images/train_images/684dd88a0d49.png,684dd88a0d49.png,684dd88a0d49,right,1.0,estimated_disc_position,aptos2019_684dd88a0d49,False,0.0
aptos2019,train,/kaggle/input/datasets/deepapaneru/aptos2019/train_images/train_images/de50dfa745f8.png,de50dfa745f8.png,de50dfa745f8,left,0.5,estimated_disc_position,aptos2019_de50dfa745f8,False,2.0
aptos2019,train,/kaggle/input/datasets/deepapaneru/aptos2019/train_images/train_images/7e9458de5707.png,7e9458de5707.png,7e9458de5707,right,1.0,estimated_disc_position,aptos2019_7e9458de5707,False,2.0
aptos2019,train,/kaggle/input/datasets/deepapaneru/aptos2019/train_images/train_images/82e5bc01f8a4.png,82e5bc01f8a4.png,82e5bc01f8a4,left,0.72,estimated_disc_position,aptos2019_82e5bc01f8a4,False,0.0
aptos2019,train,/kaggle/input/datasets/deepapaneru/aptos2019/train_images/train_images/35cd9832fc0a.png,35cd9832fc0a.png,35cd9832fc0a,left,1.0,estimated_disc_position,aptos2019_35cd9832fc0a,False,0.0
aptos2019,train,/kaggle/input/datasets/deepapaneru/aptos2019/train_images/train_images/578109578b46.png,578109578b46.png,578109578b46,right,1.0,estimated_disc_position,aptos2019_578109578b46,False,1.0
aptos2019,train,/kaggle/input/datasets/deepapaneru/aptos2019/train_images/train_images/1c4f3aa4df06.png,1c4f3aa4df06.png,1c4f3aa4df06,left,1.0,estimated_disc_position,aptos2019_1c4f3aa4df06,False,4.0
aptos2019,train,/kaggle/input/datasets/deepapaneru/aptos2019/train_images/train_images/c5e238aa18be.png,c5e238aa18be.png,c5e238aa18be,right,1.0,estimated_disc_position,aptos2019_c5e238aa18be,False,4.0
aptos2019,train,/kaggle/input/datasets/deepapaneru/aptos2019/train_images/train_images/20d5fdd450ae.png,20d5fdd450ae.png,20d5fdd450ae,left,0.78,estimated_disc_position,aptos2019_20d5fdd450ae,False,4.0
aptos2019,train,/kaggle/input/datasets/deepapaneru/aptos2019/train_images/train_images/34723fae6475.png,34723fae6475.png,34723fae6475,left,0.87,estimated_disc_position,aptos2019_34723fae6475,False,2.0
aptos2019,train,/kaggle/input/datasets/deepapaneru/aptos2019/train_images/train_images/1b862fb6f65d.png,1b862fb6f65d.png,1b862fb6f65d,right,1.0,estimated_disc_position,aptos2019_1b862fb6f65d,False,0.0
aptos2019,train,/kaggle/input/datasets/deepapaneru/aptos2019/train_images/train_images/9c893e16c055.png,9c893e16c055.png,9c893e16c055,left,0.9,estimated_disc_position,aptos2019_9c893e16c055,False,0.0
aptos2019,train,/kaggle/input/datasets/deepapaneru/aptos2019/train_images/train_images/633fe9dbaf39.png,633fe9dbaf39.png,633fe9dbaf39,right,1.0,estimated_disc_position,aptos2019_633fe9dbaf39,False,0.0
aptos2019,train,/kaggle/input/datasets/deepapaneru/aptos2019/train_images/train_images/6dfd80748e72.png,6dfd80748e72.png,6dfd80748e72,left,1.0,estimated_disc_position,aptos2019_6dfd80748e72,False,2.0
aptos2019,train,/kaggle/input/datasets/deepapaneru/aptos2019/train_images/train_images/9fa02dfb5553.png,9fa02dfb5553.png,9fa02dfb5553,right,0.81,estimated_disc_position,aptos2019_9fa02dfb5553,False,0.0
aptos2019,train,/kaggle/input/datasets/deepapaneru/aptos2019/train_images/train_images/bb2f89488ecd.png,bb2f89488ecd.png,bb2f89488ecd,left,0.78,estimated_disc_position,aptos2019_bb2f89488ecd,False,0.0
aptos2019,train,/kaggle/input/datasets/deepapaneru/aptos2019/train_images/train_images/8c2f0f04e1ed.png,8c2f0f04e1ed.png,8c2f0f04e1ed,left,1.0,estimated_disc_position,aptos2019_8c2f0f04e1ed,False,1.0
aptos2019,train,/kaggle/input/datasets/deepapaneru/aptos2019/train_images/train_images/c334f8688b77.png,c334f8688b77.png,c334f8688b77,right,0.83,estimated_disc_position,aptos2019_c334f8688b77,False,0.0
aptos2019,train,/kaggle/input/datasets/deepapaneru/aptos2019/train_images/train_images/baaca2f7e1f0.png,baaca2f7e1f0.png,baaca2f7e1f0,left,0.98,estimated_disc_position,aptos2019_baaca2f7e1f0,False,0.0
aptos2019,train,/kaggle/input/datasets/deepapaneru/aptos2019/train_images/train_images/4462fba1d2a1.png,4462fba1d2a1.png,4462fba1d2a1,left,0.84,estimated_disc_position,aptos2019_4462fba1d2a1,False,4.0
aptos2019,train,/kaggle/input/datasets/deepapaneru/aptos2019/train_images/train_images/bda7ff3b1562.png,bda7ff3b1562.png,bda7ff3b1562,right,1.0,estimated_disc_position,aptos2019_bda7ff3b1562,False,2.0
aptos2019,train,/kaggle/input/datasets/deepapaneru/aptos2019/train_images/train_images/7116128c65ab.png,7116128c65ab.png,7116128c65ab,left,0.96,estimated_disc_position,aptos2019_7116128c65ab,False,1.0
aptos2019,train,/kaggle/input/datasets/deepapaneru/aptos2019/train_images/train_images/d2afca74cbc3.png,d2afca74cbc3.png,d2afca74cbc3,right,1.0,estimated_disc_position,aptos2019_d2afca74cbc3,False,0.0
aptos2019,train,/kaggle/input/datasets/deepapaneru/aptos2019/train_images/train_images/2f4e81787d9b.png,2f4e81787d9b.png,2f4e81787d9b,left,1.0,estimated_disc_position,aptos2019_2f4e81787d9b,False,1.0
aptos2019,train,/kaggle/input/datasets/deepapaneru/aptos2019/train_images/train_images/d78b7401096f.png,d78b7401096f.png,d78b7401096f,right,1.0,estimated_disc_position,aptos2019_d78b7401096f,False,0.0
aptos2019,train,/kaggle/input/datasets/deepapaneru/aptos2019/train_images/train_images/ccea49708830.png,ccea49708830.png,ccea49708830,left,0.47,estimated_disc_position,aptos2019_ccea49708830,False,0.0
aptos2019,train,/kaggle/input/datasets/deepapaneru/aptos2019/train_images/train_images/3599029efeb3.png,3599029efeb3.png,3599029efeb3,right,0.99,estimated_disc_position,aptos2019_3599029efeb3,False,0.0
aptos2019,train,/kaggle/input/datasets/deepapaneru/aptos2019/train_images/train_images/c597ef460944.png,c597ef460944.png,c597ef460944,right,1.0,estimated_disc_position,aptos2019_c597ef460944,False,0.0
aptos2019,train,/kaggle/input/datasets/deepapaneru/aptos2019/train_images/train_images/5e97cb2b0888.png,5e97cb2b0888.png,5e97cb2b0888,left,1.0,estimated_disc_position,aptos2019_5e97cb2b0888,False,0.0
aptos2019,train,/kaggle/input/datasets/deepapaneru/aptos2019/train_images/train_images/5d024177e214.png,5d024177e214.png,5d024177e214,left,1.0,estimated_disc_position,aptos2019_5d024177e214,False,2.0
aptos2019,train,/kaggle/input/datasets/deepapaneru/aptos2019/train_images/train_images/ca05f7e7801b.png,ca05f7e7801b.png,ca05f7e7801b,left,0.46,estimated_disc_position,aptos2019_ca05f7e7801b,False,0.0
aptos2019,train,/kaggle/input/datasets/deepapaneru/aptos2019/train_images/train_images/1dfbede13143.png,1dfbede13143.png,1dfbede13143,right,1.0,estimated_disc_position,aptos2019_1dfbede13143,False,2.0
aptos2019,train,/kaggle/input/datasets/deepapaneru/aptos2019/train_images/train_images/315c1a0d87fd.png,315c1a0d87fd.png,315c1a0d87fd,left,1.0,estimated_disc_position,aptos2019_315c1a0d87fd,False,0.0
aptos2019,train,/kaggle/input/datasets/deepapaneru/aptos2019/train_images/train_images/4e4a6224a04e.png,4e4a6224a04e.png,4e4a6224a04e,left,1.0,estimated_disc_position,aptos2019_4e4a6224a04e,False,0.0
aptos2019,train,/kaggle/input/datasets/deepapaneru/aptos2019/train_images/train_images/80ca40196225.png,80ca40196225.png,80ca40196225,right,1.0,estimated_disc_position,aptos2019_80ca40196225,False,3.0
aptos2019,train,/kaggle/input/datasets/deepapaneru/aptos2019/train_images/train_images/3461dc601cc2.png,3461dc601cc2.png,3461dc601cc2,right,0.86,estimated_disc_position,aptos2019_3461dc601cc2,False,1.0
aptos2019,train,/kaggle/input/datasets/deepapaneru/aptos2019/train_images/train_images/a987aa7aac37.png,a987aa7aac37.png,a987aa7aac37,right,0.78,estimated_disc_position,aptos2019_a987aa7aac37,False,0.0
aptos2019,train,/kaggle/input/datasets/deepapaneru/aptos2019/train_images/train_images/2a2274bcb00a.png,2a2274bcb00a.png,2a2274bcb00a,right,1.0,estimated_disc_position,aptos2019_2a2274bcb00a,False,0.0
aptos2019,train,/kaggle/input/datasets/deepapaneru/aptos2019/train_images/train_images/d774692d9919.png,d774692d9919.png,d774692d9919,right,1.0,estimated_disc_position,aptos2019_d774692d9919,False,0.0
aptos2019,train,/kaggle/input/datasets/deepapaneru/aptos2019/train_images/train_images/949710bead24.png,949710bead24.png,949710bead24,right,0.77,estimated_disc_position,aptos2019_949710bead24,False,0.0
aptos2019,train,/kaggle/input/datasets/deepapaneru/aptos2019/train_images/train_images/b9bc81fcb075.png,b9bc81fcb075.png,b9bc81fcb075,left,0.91,estimated_disc_position,aptos2019_b9bc81fcb075,False,0.0
aptos2019,train,/kaggle/input/datasets/deepapaneru/aptos2019/train_images/train_images/4d9fc85a8259.png,4d9fc85a8259.png,4d9fc85a8259,right,1.0,estimated_disc_position,aptos2019_4d9fc85a8259,False,3.0
aptos2019,train,/kaggle/input/datasets/deepapaneru/aptos2019/train_images/train_images/c40976189f22.png,c40976189f22.png,c40976189f22,right,0.96,estimated_disc_position,aptos2019_c40976189f22,False,1.0
aptos2019,train,/kaggle/input/datasets/deepapaneru/aptos2019/train_images/train_images/a86128b601a7.png,a86128b601a7.png,a86128b601a7,right,0.98,estimated_disc_position,aptos2019_a86128b601a7,False,0.0
aptos2019,train,/kaggle/input/datasets/deepapaneru/aptos2019/train_images/train_images/ce207b69ff37.png,ce207b69ff37.png,ce207b69ff37,left,0.96,estimated_disc_position,aptos2019_ce207b69ff37,False,3.0
aptos2019,train,/kaggle/input/datasets/deepapaneru/aptos2019/train_images/train_images/913490237ad4.png,913490237ad4.png,913490237ad4,left,0.95,estimated_disc_position,aptos2019_913490237ad4,False,3.0
aptos2019,train,/kaggle/input/datasets/deepapaneru/aptos2019/train_images/train_images/c947bb6cf9f6.png,c947bb6cf9f6.png,c947bb6cf9f6,left,1.0,estimated_disc_position,aptos2019_c947bb6cf9f6,False,0.0
aptos2019,train,/kaggle/input/datasets/deepapaneru/aptos2019/train_images/train_images/b6304c545f95.png,b6304c545f95.png,b6304c545f95,left,0.61,estimated_disc_position,aptos2019_b6304c545f95,False,2.0
aptos2019,train,/kaggle/input/datasets/deepapaneru/aptos2019/train_images/train_images/525acfea47e8.png,525acfea47e8.png,525acfea47e8,right,1.0,estimated_disc_position,aptos2019_525acfea47e8,False,2.0
aptos2019,train,/kaggle/input/datasets/deepapaneru/aptos2019/train_images/train_images/6d0c0531083f.png,6d0c0531083f.png,6d0c0531083f,left,1.0,estimated_disc_position,aptos2019_6d0c0531083f,False,3.0
aptos2019,train,/kaggle/input/datasets/deepapaneru/aptos2019/train_images/train_images/537e50fdf22e.png,537e50fdf22e.png,537e50fdf22e,left,1.0,estimated_disc_position,aptos2019_537e50fdf22e,False,3.0
aptos2019,train,/kaggle/input/datasets/deepapaneru/aptos2019/train_images/train_images/61f403fdb434.png,61f403fdb434.png,61f403fdb434,left,1.0,estimated_disc_position,aptos2019_61f403fdb434,False,4.0
aptos2019,train,/kaggle/input/datasets/deepapaneru/aptos2019/train_images/train_images/9f1b14dfa14c.png,9f1b14dfa14c.png,9f1b14dfa14c,left,1.0,estimated_disc_position,aptos2019_9f1b14dfa14c,False,0.0
aptos2019,train,/kaggle/input/datasets/deepapaneru/aptos2019/train_images/train_images/a26f50218b84.png,a26f50218b84.png,a26f50218b84,uncertain,0.19,estimated_disc_position,aptos2019_a26f50218b84,True,0.0
aptos2019,train,/kaggle/input/datasets/deepapaneru/aptos2019/train_images/train_images/a0a0cd8af5a6.png,a0a0cd8af5a6.png,a0a0cd8af5a6,right,1.0,estimated_disc_position,aptos2019_a0a0cd8af5a6,False,2.0
aptos2019,train,/kaggle/input/datasets/deepapaneru/aptos2019/train_images/train_images/51aa3361294c.png,51aa3361294c.png,51aa3361294c,left,1.0,estimated_disc_position,aptos2019_51aa3361294c,False,0.0
aptos2019,train,/kaggle/input/datasets/deepapaneru/aptos2019/train_images/train_images/ca25745942b0.png,ca25745942b0.png,ca25745942b0,left,1.0,estimated_disc_position,aptos2019_ca25745942b0,False,1.0
aptos2019,train,/kaggle/input/datasets/deepapaneru/aptos2019/train_images/train_images/360832d84ce0.png,360832d84ce0.png,360832d84ce0,left,1.0,estimated_disc_position,aptos2019_360832d84ce0,False,0.0
aptos2019,train,/kaggle/input/datasets/deepapaneru/aptos2019/train_images/train_images/537e5c578f40.png,537e5c578f40.png,537e5c578f40,uncertain,0.3,estimated_disc_position,aptos2019_537e5c578f40,True,0.0
aptos2019,train,/kaggle/input/datasets/deepapaneru/aptos2019/train_images/train_images/b460ca9fa26f.png,b460ca9fa26f.png,b460ca9fa26f,left,0.99,estimated_disc_position,aptos2019_b460ca9fa26f,False,0.0
aptos2019,train,/kaggle/input/datasets/deepapaneru/aptos2019/train_images/train_images/462937ece243.png,462937ece243.png,462937ece243,left,0.93,estimated_disc_position,aptos2019_462937ece243,False,0.0
aptos2019,train,/kaggle/input/datasets/deepapaneru/aptos2019/train_images/train_images/cd5714db652d.png,cd5714db652d.png,cd5714db652d,right,1.0,estimated_disc_position,aptos2019_cd5714db652d,False,1.0
aptos2019,train,/kaggle/input/datasets/deepapaneru/aptos2019/train_images/train_images/a7ec056502e7.png,a7ec056502e7.png,a7ec056502e7,right,1.0,estimated_disc_position,aptos2019_a7ec056502e7,False,1.0
aptos2019,train,/kaggle/input/datasets/deepapaneru/aptos2019/train_images/train_images/a01024054596.png,a01024054596.png,a01024054596,right,1.0,estimated_disc_position,aptos2019_a01024054596,False,1.0
aptos2019,train,/kaggle/input/datasets/deepapaneru/aptos2019/train_images/train_images/cd972e5639e0.png,cd972e5639e0.png,cd972e5639e0,right,1.0,estimated_disc_position,aptos2019_cd972e5639e0,False,4.0
aptos2019,train,/kaggle/input/datasets/deepapaneru/aptos2019/train_images/train_images/3c326543fff6.png,3c326543fff6.png,3c326543fff6,right,0.8,estimated_disc_position,aptos2019_3c326543fff6,False,0.0
aptos2019,train,/kaggle/input/datasets/deepapaneru/aptos2019/train_images/train_images/7526c59c36d3.png,7526c59c36d3.png,7526c59c36d3,left,1.0,estimated_disc_position,aptos2019_7526c59c36d3,False,0.0
aptos2019,train,/kaggle/input/datasets/deepapaneru/aptos2019/train_images/train_images/51d0034d177d.png,51d0034d177d.png,51d0034d177d,left,1.0,estimated_disc_position,aptos2019_51d0034d177d,False,2.0
aptos2019,train,/kaggle/input/datasets/deepapaneru/aptos2019/train_images/train_images/b2b79b37d314.png,b2b79b37d314.png,b2b79b37d314,left,0.67,estimated_disc_position,aptos2019_b2b79b37d314,False,0.0
aptos2019,train,/kaggle/input/datasets/deepapaneru/aptos2019/train_images/train_images/7bc2e0fa3f72.png,7bc2e0fa3f72.png,7bc2e0fa3f72,uncertain,0.07,estimated_disc_position,aptos2019_7bc2e0fa3f72,True,2.0
aptos2019,train,/kaggle/input/datasets/deepapaneru/aptos2019/train_images/train_images/b13d72ceea26.png,b13d72ceea26.png,b13d72ceea26,uncertain,0.11,estimated_disc_position,aptos2019_b13d72ceea26,True,2.0
aptos2019,train,/kaggle/input/datasets/deepapaneru/aptos2019/train_images/train_images/b65ff67743b2.png,b65ff67743b2.png,b65ff67743b2,left,1.0,estimated_disc_position,aptos2019_b65ff67743b2,False,2.0
aptos2019,train,/kaggle/input/datasets/deepapaneru/aptos2019/train_images/train_images/664b1f9a2087.png,664b1f9a2087.png,664b1f9a2087,right,1.0,estimated_disc_position,aptos2019_664b1f9a2087,False,4.0
aptos2019,train,/kaggle/input/datasets/deepapaneru/aptos2019/train_images/train_images/c56293f53191.png,c56293f53191.png,c56293f53191,right,0.59,estimated_disc_position,aptos2019_c56293f53191,False,0.0
aptos2019,train,/kaggle/input/datasets/deepapaneru/aptos2019/train_images/train_images/606daaf0bfc7.png,606daaf0bfc7.png,606daaf0bfc7,right,1.0,estimated_disc_position,aptos2019_606daaf0bfc7,False,0.0
aptos2019,train,/kaggle/input/datasets/deepapaneru/aptos2019/train_images/train_images/afc744fad65e.png,afc744fad65e.png,afc744fad65e,left,1.0,estimated_disc_position,aptos2019_afc744fad65e,False,0.0
aptos2019,train,/kaggle/input/datasets/deepapaneru/aptos2019/train_images/train_images/38f1901f214a.png,38f1901f214a.png,38f1901f214a,right,1.0,estimated_disc_position,aptos2019_38f1901f214a,False,0.0
aptos2019,train,/kaggle/input/datasets/deepapaneru/aptos2019/train_images/train_images/a0adbe677508.png,a0adbe677508.png,a0adbe677508,right,0.94,estimated_disc_position,aptos2019_a0adbe677508,False,0.0
aptos2019,train,/kaggle/input/datasets/deepapaneru/aptos2019/train_images/train_images/cd3fd04d72f5.png,cd3fd04d72f5.png,cd3fd04d72f5,right,1.0,estimated_disc_position,aptos2019_cd3fd04d72f5,False,2.0
aptos2019,train,/kaggle/input/datasets/deepapaneru/aptos2019/train_images/train_images/6e92b1c5ac8e.png,6e92b1c5ac8e.png,6e92b1c5ac8e,left,1.0,estimated_disc_position,aptos2019_6e92b1c5ac8e,False,3.0
aptos2019,train,/kaggle/input/datasets/deepapaneru/aptos2019/train_images/train_images/cb602182cde3.png,cb602182cde3.png,cb602182cde3,right,1.0,estimated_disc_position,aptos2019_cb602182cde3,False,2.0
aptos2019,train,/kaggle/input/datasets/deepapaneru/aptos2019/train_images/train_images/2408799a09b2.png,2408799a09b2.png,2408799a09b2,left,0.57,estimated_disc_position,aptos2019_2408799a09b2,False,0.0
aptos2019,train,/kaggle/input/datasets/deepapaneru/aptos2019/train_images/train_images/38e111cac46f.png,38e111cac46f.png,38e111cac46f,uncertain,0.0,estimated_disc_position,aptos2019_38e111cac46f,True,2.0
aptos2019,train,/kaggle/input/datasets/deepapaneru/aptos2019/train_images/train_images/937bc1b924b1.png,937bc1b924b1.png,937bc1b924b1,right,0.8,estimated_disc_position,aptos2019_937bc1b924b1,False,0.0
aptos2019,train,/kaggle/input/datasets/deepapaneru/aptos2019/train_images/train_images/8958a4d17b7e.png,8958a4d17b7e.png,8958a4d17b7e,left,1.0,estimated_disc_position,aptos2019_8958a4d17b7e,False,3.0
aptos2019,train,/kaggle/input/datasets/deepapaneru/aptos2019/train_images/train_images/add1d681d712.png,add1d681d712.png,add1d681d712,left,1.0,estimated_disc_position,aptos2019_add1d681d712,False,2.0
aptos2019,train,/kaggle/input/datasets/deepapaneru/aptos2019/train_images/train_images/46acc506fa61.png,46acc506fa61.png,46acc506fa61,right,1.0,estimated_disc_position,aptos2019_46acc506fa61,False,0.0
aptos2019,train,/kaggle/input/datasets/deepapaneru/aptos2019/train_images/train_images/54cab3596214.png,54cab3596214.png,54cab3596214,left,1.0,estimated_disc_position,aptos2019_54cab3596214,False,2.0
aptos2019,train,/kaggle/input/datasets/deepapaneru/aptos2019/train_images/train_images/af6a1508cd95.png,af6a1508cd95.png,af6a1508cd95,left,0.88,estimated_disc_position,aptos2019_af6a1508cd95,False,0.0
aptos2019,train,/kaggle/input/datasets/deepapaneru/aptos2019/train_images/train_images/cb0cc98d7e35.png,cb0cc98d7e35.png,cb0cc98d7e35,left,1.0,estimated_disc_position,aptos2019_cb0cc98d7e35,False,0.0
aptos2019,train,/kaggle/input/datasets/deepapaneru/aptos2019/train_images/train_images/7c629b491d1a.png,7c629b491d1a.png,7c629b491d1a,right,1.0,estimated_disc_position,aptos2019_7c629b491d1a,False,4.0
aptos2019,train,/kaggle/input/datasets/deepapaneru/aptos2019/train_images/train_images/e0d229db881a.png,e0d229db881a.png,e0d229db881a,right,0.6,estimated_disc_position,aptos2019_e0d229db881a,False,0.0
aptos2019,train,/kaggle/input/datasets/deepapaneru/aptos2019/train_images/train_images/a07d571bf7ba.png,a07d571bf7ba.png,a07d571bf7ba,right,0.48,estimated_disc_position,aptos2019_a07d571bf7ba,False,0.0
aptos2019,train,/kaggle/input/datasets/deepapaneru/aptos2019/train_images/train_images/aa841de1ee82.png,aa841de1ee82.png,aa841de1ee82,left,1.0,estimated_disc_position,aptos2019_aa841de1ee82,False,2.0
aptos2019,train,/kaggle/input/datasets/deepapaneru/aptos2019/train_images/train_images/4926dea289f8.png,4926dea289f8.png,4926dea289f8,right,1.0,estimated_disc_position,aptos2019_4926dea289f8,False,0.0
aptos2019,train,/kaggle/input/datasets/deepapaneru/aptos2019/train_images/train_images/be6cbf6e5b10.png,be6cbf6e5b10.png,be6cbf6e5b10,left,0.92,estimated_disc_position,aptos2019_be6cbf6e5b10,False,0.0
aptos2019,train,/kaggle/input/datasets/deepapaneru/aptos2019/train_images/train_images/a80dab8eddf4.png,a80dab8eddf4.png,a80dab8eddf4,left,1.0,estimated_disc_position,aptos2019_a80dab8eddf4,False,3.0
aptos2019,train,/kaggle/input/datasets/deepapaneru/aptos2019/train_images/train_images/8d62ba9cb22a.png,8d62ba9cb22a.png,8d62ba9cb22a,right,0.95,estimated_disc_position,aptos2019_8d62ba9cb22a,False,2.0
aptos2019,train,/kaggle/input/datasets/deepapaneru/aptos2019/train_images/train_images/c26f98f58350.png,c26f98f58350.png,c26f98f58350,right,1.0,estimated_disc_position,aptos2019_c26f98f58350,False,0.0
aptos2019,train,/kaggle/input/datasets/deepapaneru/aptos2019/train_images/train_images/7f6690fa390a.png,7f6690fa390a.png,7f6690fa390a,right,1.0,estimated_disc_position,aptos2019_7f6690fa390a,False,0.0
aptos2019,train,/kaggle/input/datasets/deepapaneru/aptos2019/train_images/train_images/2b21d293fdf2.png,2b21d293fdf2.png,2b21d293fdf2,left,1.0,estimated_disc_position,aptos2019_2b21d293fdf2,False,2.0
aptos2019,train,/kaggle/input/datasets/deepapaneru/aptos2019/train_images/train_images/a8b637abd96b.png,a8b637abd96b.png,a8b637abd96b,right,1.0,estimated_disc_position,aptos2019_a8b637abd96b,False,0.0
aptos2019,train,/kaggle/input/datasets/deepapaneru/aptos2019/train_images/train_images/d81338217fc5.png,d81338217fc5.png,d81338217fc5,right,1.0,estimated_disc_position,aptos2019_d81338217fc5,False,2.0
aptos2019,train,/kaggle/input/datasets/deepapaneru/aptos2019/train_images/train_images/7f6ce40f306b.png,7f6ce40f306b.png,7f6ce40f306b,uncertain,0.07,estimated_disc_position,aptos2019_7f6ce40f306b,True,2.0
aptos2019,train,/kaggle/input/datasets/deepapaneru/aptos2019/train_images/train_images/4242c0d87f57.png,4242c0d87f57.png,4242c0d87f57,uncertain,0.05,estimated_disc_position,aptos2019_4242c0d87f57,True,2.0
aptos2019,train,/kaggle/input/datasets/deepapaneru/aptos2019/train_images/train_images/58a9e0d7f7af.png,58a9e0d7f7af.png,58a9e0d7f7af,left,0.78,estimated_disc_position,aptos2019_58a9e0d7f7af,False,0.0
aptos2019,train,/kaggle/input/datasets/deepapaneru/aptos2019/train_images/train_images/d26bb2ed6e71.png,d26bb2ed6e71.png,d26bb2ed6e71,right,1.0,estimated_disc_position,aptos2019_d26bb2ed6e71,False,0.0
aptos2019,train,/kaggle/input/datasets/deepapaneru/aptos2019/train_images/train_images/1df3e03a8f5f.png,1df3e03a8f5f.png,1df3e03a8f5f,uncertain,0.05,estimated_disc_position,aptos2019_1df3e03a8f5f,True,1.0
aptos2019,train,/kaggle/input/datasets/deepapaneru/aptos2019/train_images/train_images/922586d86cd8.png,922586d86cd8.png,922586d86cd8,left,0.36,estimated_disc_position,aptos2019_922586d86cd8,False,0.0
aptos2019,train,/kaggle/input/datasets/deepapaneru/aptos2019/train_images/train_images/b0acd3593310.png,b0acd3593310.png,b0acd3593310,left,0.99,estimated_disc_position,aptos2019_b0acd3593310,False,0.0
aptos2019,train,/kaggle/input/datasets/deepapaneru/aptos2019/train_images/train_images/a763661f98a5.png,a763661f98a5.png,a763661f98a5,right,0.42,estimated_disc_position,aptos2019_a763661f98a5,False,3.0
aptos2019,train,/kaggle/input/datasets/deepapaneru/aptos2019/train_images/train_images/a9a28c37c8c4.png,a9a28c37c8c4.png,a9a28c37c8c4,left,0.99,estimated_disc_position,aptos2019_a9a28c37c8c4,False,2.0
aptos2019,train,/kaggle/input/datasets/deepapaneru/aptos2019/train_images/train_images/7550966ef777.png,7550966ef777.png,7550966ef777,left,1.0,estimated_disc_position,aptos2019_7550966ef777,False,2.0
aptos2019,train,/kaggle/input/datasets/deepapaneru/aptos2019/train_images/train_images/478fc46eaa49.png,478fc46eaa49.png,478fc46eaa49,right,0.73,estimated_disc_position,aptos2019_478fc46eaa49,False,0.0
aptos2019,train,/kaggle/input/datasets/deepapaneru/aptos2019/train_images/train_images/42b9c1977681.png,42b9c1977681.png,42b9c1977681,right,0.83,estimated_disc_position,aptos2019_42b9c1977681,False,0.0
aptos2019,train,/kaggle/input/datasets/deepapaneru/aptos2019/train_images/train_images/b759cbef90c5.png,b759cbef90c5.png,b759cbef90c5,left,0.98,estimated_disc_position,aptos2019_b759cbef90c5,False,0.0
aptos2019,train,/kaggle/input/datasets/deepapaneru/aptos2019/train_images/train_images/78a577c3e0bf.png,78a577c3e0bf.png,78a577c3e0bf,right,1.0,estimated_disc_position,aptos2019_78a577c3e0bf,False,2.0
aptos2019,train,/kaggle/input/datasets/deepapaneru/aptos2019/train_images/train_images/a150ff5dfe07.png,a150ff5dfe07.png,a150ff5dfe07,left,1.0,estimated_disc_position,aptos2019_a150ff5dfe07,False,2.0
aptos2019,train,/kaggle/input/datasets/deepapaneru/aptos2019/train_images/train_images/3c42512c81e0.png,3c42512c81e0.png,3c42512c81e0,right,0.63,estimated_disc_position,aptos2019_3c42512c81e0,False,0.0
aptos2019,train,/kaggle/input/datasets/deepapaneru/aptos2019/train_images/train_images/79be2ff796bf.png,79be2ff796bf.png,79be2ff796bf,right,0.94,estimated_disc_position,aptos2019_79be2ff796bf,False,2.0
aptos2019,train,/kaggle/input/datasets/deepapaneru/aptos2019/train_images/train_images/62318d514160.png,62318d514160.png,62318d514160,right,0.69,estimated_disc_position,aptos2019_62318d514160,False,4.0
aptos2019,train,/kaggle/input/datasets/deepapaneru/aptos2019/train_images/train_images/d1cf31577a59.png,d1cf31577a59.png,d1cf31577a59,right,1.0,estimated_disc_position,aptos2019_d1cf31577a59,False,0.0
aptos2019,train,/kaggle/input/datasets/deepapaneru/aptos2019/train_images/train_images/b0b3b16fc305.png,b0b3b16fc305.png,b0b3b16fc305,left,0.9,estimated_disc_position,aptos2019_b0b3b16fc305,False,0.0
aptos2019,train,/kaggle/input/datasets/deepapaneru/aptos2019/train_images/train_images/53327edb9e4d.png,53327edb9e4d.png,53327edb9e4d,left,1.0,estimated_disc_position,aptos2019_53327edb9e4d,False,0.0
aptos2019,train,/kaggle/input/datasets/deepapaneru/aptos2019/train_images/train_images/df3adfd6ba36.png,df3adfd6ba36.png,df3adfd6ba36,right,1.0,estimated_disc_position,aptos2019_df3adfd6ba36,False,2.0
aptos2019,train,/kaggle/input/datasets/deepapaneru/aptos2019/train_images/train_images/27fca9f12b3c.png,27fca9f12b3c.png,27fca9f12b3c,right,1.0,estimated_disc_position,aptos2019_27fca9f12b3c,False,2.0
aptos2019,train,/kaggle/input/datasets/deepapaneru/aptos2019/train_images/train_images/ab88081e5654.png,ab88081e5654.png,ab88081e5654,left,1.0,estimated_disc_position,aptos2019_ab88081e5654,False,0.0
aptos2019,train,/kaggle/input/datasets/deepapaneru/aptos2019/train_images/train_images/803120c5d287.png,803120c5d287.png,803120c5d287,right,0.88,estimated_disc_position,aptos2019_803120c5d287,False,2.0
aptos2019,train,/kaggle/input/datasets/deepapaneru/aptos2019/train_images/train_images/e251bdf05b85.png,e251bdf05b85.png,e251bdf05b85,uncertain,0.26,estimated_disc_position,aptos2019_e251bdf05b85,True,0.0
aptos2019,train,/kaggle/input/datasets/deepapaneru/aptos2019/train_images/train_images/34a7dbd3f05c.png,34a7dbd3f05c.png,34a7dbd3f05c,left,1.0,estimated_disc_position,aptos2019_34a7dbd3f05c,False,0.0
aptos2019,train,/kaggle/input/datasets/deepapaneru/aptos2019/train_images/train_images/58b866484a05.png,58b866484a05.png,58b866484a05,right,1.0,estimated_disc_position,aptos2019_58b866484a05,False,4.0
aptos2019,train,/kaggle/input/datasets/deepapaneru/aptos2019/train_images/train_images/838c87c63422.png,838c87c63422.png,838c87c63422,right,1.0,estimated_disc_position,aptos2019_838c87c63422,False,4.0
aptos2019,train,/kaggle/input/datasets/deepapaneru/aptos2019/train_images/train_images/84b4da14bc23.png,84b4da14bc23.png,84b4da14bc23,left,0.81,estimated_disc_position,aptos2019_84b4da14bc23,False,0.0
aptos2019,train,/kaggle/input/datasets/deepapaneru/aptos2019/train_images/train_images/b72a86d61959.png,b72a86d61959.png,b72a86d61959,left,0.72,estimated_disc_position,aptos2019_b72a86d61959,False,0.0
aptos2019,train,/kaggle/input/datasets/deepapaneru/aptos2019/train_images/train_images/d6f6bdfd8011.png,d6f6bdfd8011.png,d6f6bdfd8011,right,0.78,estimated_disc_position,aptos2019_d6f6bdfd8011,False,0.0
aptos2019,train,/kaggle/input/datasets/deepapaneru/aptos2019/train_images/train_images/a821b6ecef33.png,a821b6ecef33.png,a821b6ecef33,left,1.0,estimated_disc_position,aptos2019_a821b6ecef33,False,0.0
aptos2019,train,/kaggle/input/datasets/deepapaneru/aptos2019/train_images/train_images/77543f66a84a.png,77543f66a84a.png,77543f66a84a,left,1.0,estimated_disc_position,aptos2019_77543f66a84a,False,2.0
aptos2019,train,/kaggle/input/datasets/deepapaneru/aptos2019/train_images/train_images/3b5dffe159b6.png,3b5dffe159b6.png,3b5dffe159b6,right,1.0,estimated_disc_position,aptos2019_3b5dffe159b6,False,0.0
aptos2019,train,/kaggle/input/datasets/deepapaneru/aptos2019/train_images/train_images/46c1548d730e.png,46c1548d730e.png,46c1548d730e,right,0.87,estimated_disc_position,aptos2019_46c1548d730e,False,2.0
aptos2019,train,/kaggle/input/datasets/deepapaneru/aptos2019/train_images/train_images/43e9c66eb0f3.png,43e9c66eb0f3.png,43e9c66eb0f3,left,1.0,estimated_disc_position,aptos2019_43e9c66eb0f3,False,0.0
aptos2019,train,/kaggle/input/datasets/deepapaneru/aptos2019/train_images/train_images/36b5b3c9fb32.png,36b5b3c9fb32.png,36b5b3c9fb32,right,1.0,estimated_disc_position,aptos2019_36b5b3c9fb32,False,3.0
aptos2019,train,/kaggle/input/datasets/deepapaneru/aptos2019/train_images/train_images/5257cb536da2.png,5257cb536da2.png,5257cb536da2,right,1.0,estimated_disc_position,aptos2019_5257cb536da2,False,0.0
aptos2019,train,/kaggle/input/datasets/deepapaneru/aptos2019/train_images/train_images/c280730cc211.png,c280730cc211.png,c280730cc211,right,1.0,estimated_disc_position,aptos2019_c280730cc211,False,2.0
aptos2019,train,/kaggle/input/datasets/deepapaneru/aptos2019/train_images/train_images/e0b5a982a018.png,e0b5a982a018.png,e0b5a982a018,left,1.0,estimated_disc_position,aptos2019_e0b5a982a018,False,3.0
aptos2019,train,/kaggle/input/datasets/deepapaneru/aptos2019/train_images/train_images/b7983cb3f270.png,b7983cb3f270.png,b7983cb3f270,left,1.0,estimated_disc_position,aptos2019_b7983cb3f270,False,0.0
aptos2019,train,/kaggle/input/datasets/deepapaneru/aptos2019/train_images/train_images/e39b627cf648.png,e39b627cf648.png,e39b627cf648,right,1.0,estimated_disc_position,aptos2019_e39b627cf648,False,4.0
aptos2019,train,/kaggle/input/datasets/deepapaneru/aptos2019/train_images/train_images/5445255635f0.png,5445255635f0.png,5445255635f0,right,0.98,estimated_disc_position,aptos2019_5445255635f0,False,0.0
aptos2019,train,/kaggle/input/datasets/deepapaneru/aptos2019/train_images/train_images/6daef3e5ca22.png,6daef3e5ca22.png,6daef3e5ca22,right,0.79,estimated_disc_position,aptos2019_6daef3e5ca22,False,4.0
aptos2019,train,/kaggle/input/datasets/deepapaneru/aptos2019/train_images/train_images/9e2058917304.png,9e2058917304.png,9e2058917304,right,0.85,estimated_disc_position,aptos2019_9e2058917304,False,0.0
aptos2019,train,/kaggle/input/datasets/deepapaneru/aptos2019/train_images/train_images/a7673ac44509.png,a7673ac44509.png,a7673ac44509,left,0.99,estimated_disc_position,aptos2019_a7673ac44509,False,0.0
aptos2019,train,/kaggle/input/datasets/deepapaneru/aptos2019/train_images/train_images/da9574d35b82.png,da9574d35b82.png,da9574d35b82,right,1.0,estimated_disc_position,aptos2019_da9574d35b82,False,0.0
aptos2019,train,/kaggle/input/datasets/deepapaneru/aptos2019/train_images/train_images/314862758acf.png,314862758acf.png,314862758acf,right,1.0,estimated_disc_position,aptos2019_314862758acf,False,2.0
aptos2019,train,/kaggle/input/datasets/deepapaneru/aptos2019/train_images/train_images/8eb3337a54e9.png,8eb3337a54e9.png,8eb3337a54e9,left,1.0,estimated_disc_position,aptos2019_8eb3337a54e9,False,2.0
aptos2019,train,/kaggle/input/datasets/deepapaneru/aptos2019/train_images/train_images/d5b4705ac2ee.png,d5b4705ac2ee.png,d5b4705ac2ee,right,0.83,estimated_disc_position,aptos2019_d5b4705ac2ee,False,1.0
aptos2019,train,/kaggle/input/datasets/deepapaneru/aptos2019/train_images/train_images/84b88e8d3bca.png,84b88e8d3bca.png,84b88e8d3bca,left,1.0,estimated_disc_position,aptos2019_84b88e8d3bca,False,0.0
aptos2019,train,/kaggle/input/datasets/deepapaneru/aptos2019/train_images/train_images/5cf9127f251a.png,5cf9127f251a.png,5cf9127f251a,left,1.0,estimated_disc_position,aptos2019_5cf9127f251a,False,2.0
aptos2019,train,/kaggle/input/datasets/deepapaneru/aptos2019/train_images/train_images/840a06a9c690.png,840a06a9c690.png,840a06a9c690,left,0.98,estimated_disc_position,aptos2019_840a06a9c690,False,0.0
aptos2019,train,/kaggle/input/datasets/deepapaneru/aptos2019/train_images/train_images/d952dbfb0fe4.png,d952dbfb0fe4.png,d952dbfb0fe4,left,1.0,estimated_disc_position,aptos2019_d952dbfb0fe4,False,2.0
aptos2019,train,/kaggle/input/datasets/deepapaneru/aptos2019/train_images/train_images/36677b70b1ef.png,36677b70b1ef.png,36677b70b1ef,left,1.0,estimated_disc_position,aptos2019_36677b70b1ef,False,1.0
aptos2019,train,/kaggle/input/datasets/deepapaneru/aptos2019/train_images/train_images/a19ecd0a706e.png,a19ecd0a706e.png,a19ecd0a706e,right,0.58,estimated_disc_position,aptos2019_a19ecd0a706e,False,1.0
aptos2019,train,/kaggle/input/datasets/deepapaneru/aptos2019/train_images/train_images/4e6071b73120.png,4e6071b73120.png,4e6071b73120,left,1.0,estimated_disc_position,aptos2019_4e6071b73120,False,1.0
aptos2019,train,/kaggle/input/datasets/deepapaneru/aptos2019/train_images/train_images/b762c29cf2f3.png,b762c29cf2f3.png,b762c29cf2f3,right,1.0,estimated_disc_position,aptos2019_b762c29cf2f3,False,2.0
aptos2019,train,/kaggle/input/datasets/deepapaneru/aptos2019/train_images/train_images/e2c39ed0c941.png,e2c39ed0c941.png,e2c39ed0c941,right,0.77,estimated_disc_position,aptos2019_e2c39ed0c941,False,0.0
aptos2019,train,/kaggle/input/datasets/deepapaneru/aptos2019/train_images/train_images/c546670d9684.png,c546670d9684.png,c546670d9684,right,1.0,estimated_disc_position,aptos2019_c546670d9684,False,0.0
aptos2019,train,/kaggle/input/datasets/deepapaneru/aptos2019/train_images/train_images/99240ee00485.png,99240ee00485.png,99240ee00485,left,1.0,estimated_disc_position,aptos2019_99240ee00485,False,0.0
aptos2019,train,/kaggle/input/datasets/deepapaneru/aptos2019/train_images/train_images/6cfb7b44ef6f.png,6cfb7b44ef6f.png,6cfb7b44ef6f,left,1.0,estimated_disc_position,aptos2019_6cfb7b44ef6f,False,4.0
aptos2019,train,/kaggle/input/datasets/deepapaneru/aptos2019/train_images/train_images/2821998fc002.png,2821998fc002.png,2821998fc002,left,0.83,estimated_disc_position,aptos2019_2821998fc002,False,0.0
aptos2019,train,/kaggle/input/datasets/deepapaneru/aptos2019/train_images/train_images/42af7282349b.png,42af7282349b.png,42af7282349b,right,1.0,estimated_disc_position,aptos2019_42af7282349b,False,0.0
aptos2019,train,/kaggle/input/datasets/deepapaneru/aptos2019/train_images/train_images/99132193eaa0.png,99132193eaa0.png,99132193eaa0,left,1.0,estimated_disc_position,aptos2019_99132193eaa0,False,1.0
aptos2019,train,/kaggle/input/datasets/deepapaneru/aptos2019/train_images/train_images/222f3ee3a1e8.png,222f3ee3a1e8.png,222f3ee3a1e8,left,1.0,estimated_disc_position,aptos2019_222f3ee3a1e8,False,4.0
aptos2019,train,/kaggle/input/datasets/deepapaneru/aptos2019/train_images/train_images/b95d4dd8e5e2.png,b95d4dd8e5e2.png,b95d4dd8e5e2,right,1.0,estimated_disc_position,aptos2019_b95d4dd8e5e2,False,2.0
aptos2019,train,/kaggle/input/datasets/deepapaneru/aptos2019/train_images/train_images/b22cc1bf0b8a.png,b22cc1bf0b8a.png,b22cc1bf0b8a,right,0.94,estimated_disc_position,aptos2019_b22cc1bf0b8a,False,0.0
aptos2019,train,/kaggle/input/datasets/deepapaneru/aptos2019/train_images/train_images/36ec36c301c1.png,36ec36c301c1.png,36ec36c301c1,uncertain,0.07,estimated_disc_position,aptos2019_36ec36c301c1,True,2.0
aptos2019,train,/kaggle/input/datasets/deepapaneru/aptos2019/train_images/train_images/5069feccd866.png,5069feccd866.png,5069feccd866,left,1.0,estimated_disc_position,aptos2019_5069feccd866,False,0.0
aptos2019,train,/kaggle/input/datasets/deepapaneru/aptos2019/train_images/train_images/a9bc2f892cb3.png,a9bc2f892cb3.png,a9bc2f892cb3,right,0.88,estimated_disc_position,aptos2019_a9bc2f892cb3,False,0.0
aptos2019,train,/kaggle/input/datasets/deepapaneru/aptos2019/train_images/train_images/87b1938994b5.png,87b1938994b5.png,87b1938994b5,right,1.0,estimated_disc_position,aptos2019_87b1938994b5,False,2.0
aptos2019,train,/kaggle/input/datasets/deepapaneru/aptos2019/train_images/train_images/8a8a251770cd.png,8a8a251770cd.png,8a8a251770cd,right,0.57,estimated_disc_position,aptos2019_8a8a251770cd,False,0.0
aptos2019,train,/kaggle/input/datasets/deepapaneru/aptos2019/train_images/train_images/7e4019ac7f5a.png,7e4019ac7f5a.png,7e4019ac7f5a,left,0.68,estimated_disc_position,aptos2019_7e4019ac7f5a,False,4.0
aptos2019,train,/kaggle/input/datasets/deepapaneru/aptos2019/train_images/train_images/47d1603a555b.png,47d1603a555b.png,47d1603a555b,uncertain,0.22,estimated_disc_position,aptos2019_47d1603a555b,True,1.0
aptos2019,train,/kaggle/input/datasets/deepapaneru/aptos2019/train_images/train_images/7d8f67cadc29.png,7d8f67cadc29.png,7d8f67cadc29,right,1.0,estimated_disc_position,aptos2019_7d8f67cadc29,False,2.0
aptos2019,train,/kaggle/input/datasets/deepapaneru/aptos2019/train_images/train_images/74418f620068.png,74418f620068.png,74418f620068,left,1.0,estimated_disc_position,aptos2019_74418f620068,False,2.0
aptos2019,train,/kaggle/input/datasets/deepapaneru/aptos2019/train_images/train_images/20c883d3bd38.png,20c883d3bd38.png,20c883d3bd38,right,1.0,estimated_disc_position,aptos2019_20c883d3bd38,False,2.0
aptos2019,train,/kaggle/input/datasets/deepapaneru/aptos2019/train_images/train_images/2fb3a8606a77.png,2fb3a8606a77.png,2fb3a8606a77,right,1.0,estimated_disc_position,aptos2019_2fb3a8606a77,False,2.0
aptos2019,train,/kaggle/input/datasets/deepapaneru/aptos2019/train_images/train_images/891329021e12.png,891329021e12.png,891329021e12,right,0.83,estimated_disc_position,aptos2019_891329021e12,False,0.0
aptos2019,train,/kaggle/input/datasets/deepapaneru/aptos2019/train_images/train_images/ae975c43bd8b.png,ae975c43bd8b.png,ae975c43bd8b,right,0.54,estimated_disc_position,aptos2019_ae975c43bd8b,False,0.0
aptos2019,train,/kaggle/input/datasets/deepapaneru/aptos2019/train_images/train_images/4704dbb59536.png,4704dbb59536.png,4704dbb59536,left,1.0,estimated_disc_position,aptos2019_4704dbb59536,False,0.0
aptos2019,train,/kaggle/input/datasets/deepapaneru/aptos2019/train_images/train_images/29f9e1ac9507.png,29f9e1ac9507.png,29f9e1ac9507,right,0.85,estimated_disc_position,aptos2019_29f9e1ac9507,False,0.0
aptos2019,train,/kaggle/input/datasets/deepapaneru/aptos2019/train_images/train_images/76e5b50f95a7.png,76e5b50f95a7.png,76e5b50f95a7,left,0.72,estimated_disc_position,aptos2019_76e5b50f95a7,False,0.0
aptos2019,train,/kaggle/input/datasets/deepapaneru/aptos2019/train_images/train_images/494fc9c745a3.png,494fc9c745a3.png,494fc9c745a3,left,1.0,estimated_disc_position,aptos2019_494fc9c745a3,False,1.0
aptos2019,train,/kaggle/input/datasets/deepapaneru/aptos2019/train_images/train_images/cb75210abebe.png,cb75210abebe.png,cb75210abebe,right,1.0,estimated_disc_position,aptos2019_cb75210abebe,False,2.0
aptos2019,train,/kaggle/input/datasets/deepapaneru/aptos2019/train_images/train_images/d994203deb64.png,d994203deb64.png,d994203deb64,left,0.86,estimated_disc_position,aptos2019_d994203deb64,False,2.0
aptos2019,train,/kaggle/input/datasets/deepapaneru/aptos2019/train_images/train_images/97fdee242fea.png,97fdee242fea.png,97fdee242fea,left,0.96,estimated_disc_position,aptos2019_97fdee242fea,False,0.0
aptos2019,train,/kaggle/input/datasets/deepapaneru/aptos2019/train_images/train_images/8ceff4c4c860.png,8ceff4c4c860.png,8ceff4c4c860,left,0.99,estimated_disc_position,aptos2019_8ceff4c4c860,False,0.0
aptos2019,train,/kaggle/input/datasets/deepapaneru/aptos2019/train_images/train_images/2cfe8703f265.png,2cfe8703f265.png,2cfe8703f265,right,1.0,estimated_disc_position,aptos2019_2cfe8703f265,False,0.0
aptos2019,train,/kaggle/input/datasets/deepapaneru/aptos2019/train_images/train_images/9f5a8665cf2e.png,9f5a8665cf2e.png,9f5a8665cf2e,right,1.0,estimated_disc_position,aptos2019_9f5a8665cf2e,False,2.0
aptos2019,train,/kaggle/input/datasets/deepapaneru/aptos2019/train_images/train_images/e3a7671f787b.png,e3a7671f787b.png,e3a7671f787b,uncertain,0.01,estimated_disc_position,aptos2019_e3a7671f787b,True,2.0
aptos2019,train,/kaggle/input/datasets/deepapaneru/aptos2019/train_images/train_images/6b128e648646.png,6b128e648646.png,6b128e648646,left,1.0,estimated_disc_position,aptos2019_6b128e648646,False,3.0
aptos2019,train,/kaggle/input/datasets/deepapaneru/aptos2019/train_images/train_images/ac1667fac512.png,ac1667fac512.png,ac1667fac512,left,0.73,estimated_disc_position,aptos2019_ac1667fac512,False,0.0
aptos2019,train,/kaggle/input/datasets/deepapaneru/aptos2019/train_images/train_images/8e20b8fac7c3.png,8e20b8fac7c3.png,8e20b8fac7c3,left,0.88,estimated_disc_position,aptos2019_8e20b8fac7c3,False,2.0
aptos2019,train,/kaggle/input/datasets/deepapaneru/aptos2019/train_images/train_images/31360e44ac64.png,31360e44ac64.png,31360e44ac64,right,0.84,estimated_disc_position,aptos2019_31360e44ac64,False,0.0
aptos2019,train,/kaggle/input/datasets/deepapaneru/aptos2019/train_images/train_images/86d58f850a0c.png,86d58f850a0c.png,86d58f850a0c,uncertain,0.23,estimated_disc_position,aptos2019_86d58f850a0c,True,0.0
aptos2019,train,/kaggle/input/datasets/deepapaneru/aptos2019/train_images/train_images/5de4615a5161.png,5de4615a5161.png,5de4615a5161,left,1.0,estimated_disc_position,aptos2019_5de4615a5161,False,0.0
aptos2019,train,/kaggle/input/datasets/deepapaneru/aptos2019/train_images/train_images/2fdfb80ea53c.png,2fdfb80ea53c.png,2fdfb80ea53c,left,1.0,estimated_disc_position,aptos2019_2fdfb80ea53c,False,0.0
aptos2019,train,/kaggle/input/datasets/deepapaneru/aptos2019/train_images/train_images/de730033c683.png,de730033c683.png,de730033c683,left,0.62,estimated_disc_position,aptos2019_de730033c683,False,0.0
aptos2019,train,/kaggle/input/datasets/deepapaneru/aptos2019/train_images/train_images/5486da4273d7.png,5486da4273d7.png,5486da4273d7,left,1.0,estimated_disc_position,aptos2019_5486da4273d7,False,2.0
aptos2019,train,/kaggle/input/datasets/deepapaneru/aptos2019/train_images/train_images/2665f72e2dd3.png,2665f72e2dd3.png,2665f72e2dd3,right,1.0,estimated_disc_position,aptos2019_2665f72e2dd3,False,3.0
aptos2019,train,/kaggle/input/datasets/deepapaneru/aptos2019/train_images/train_images/81d79d53ed7b.png,81d79d53ed7b.png,81d79d53ed7b,right,1.0,estimated_disc_position,aptos2019_81d79d53ed7b,False,0.0
aptos2019,train,/kaggle/input/datasets/deepapaneru/aptos2019/train_images/train_images/b2b7ccd34cbd.png,b2b7ccd34cbd.png,b2b7ccd34cbd,right,0.98,estimated_disc_position,aptos2019_b2b7ccd34cbd,False,0.0
aptos2019,train,/kaggle/input/datasets/deepapaneru/aptos2019/train_images/train_images/8bf05909e1e1.png,8bf05909e1e1.png,8bf05909e1e1,uncertain,0.17,estimated_disc_position,aptos2019_8bf05909e1e1,True,0.0
aptos2019,train,/kaggle/input/datasets/deepapaneru/aptos2019/train_images/train_images/cbd0870aa933.png,cbd0870aa933.png,cbd0870aa933,uncertain,0.1,estimated_disc_position,aptos2019_cbd0870aa933,True,4.0
aptos2019,train,/kaggle/input/datasets/deepapaneru/aptos2019/train_images/train_images/8b568d47a1fd.png,8b568d47a1fd.png,8b568d47a1fd,left,1.0,estimated_disc_position,aptos2019_8b568d47a1fd,False,0.0
aptos2019,train,/kaggle/input/datasets/deepapaneru/aptos2019/train_images/train_images/39b5b05d6cd9.png,39b5b05d6cd9.png,39b5b05d6cd9,left,0.78,estimated_disc_position,aptos2019_39b5b05d6cd9,False,2.0
aptos2019,train,/kaggle/input/datasets/deepapaneru/aptos2019/train_images/train_images/b2ffa3e18559.png,b2ffa3e18559.png,b2ffa3e18559,right,0.71,estimated_disc_position,aptos2019_b2ffa3e18559,False,3.0
aptos2019,train,/kaggle/input/datasets/deepapaneru/aptos2019/train_images/train_images/7ccb267fd394.png,7ccb267fd394.png,7ccb267fd394,left,1.0,estimated_disc_position,aptos2019_7ccb267fd394,False,1.0
aptos2019,train,/kaggle/input/datasets/deepapaneru/aptos2019/train_images/train_images/9033f1493da1.png,9033f1493da1.png,9033f1493da1,left,0.9,estimated_disc_position,aptos2019_9033f1493da1,False,2.0
aptos2019,train,/kaggle/input/datasets/deepapaneru/aptos2019/train_images/train_images/a6c9e96a10d7.png,a6c9e96a10d7.png,a6c9e96a10d7,left,1.0,estimated_disc_position,aptos2019_a6c9e96a10d7,False,2.0
aptos2019,train,/kaggle/input/datasets/deepapaneru/aptos2019/train_images/train_images/dc0f6e5b489b.png,dc0f6e5b489b.png,dc0f6e5b489b,right,0.87,estimated_disc_position,aptos2019_dc0f6e5b489b,False,0.0
aptos2019,train,/kaggle/input/datasets/deepapaneru/aptos2019/train_images/train_images/9a326446c431.png,9a326446c431.png,9a326446c431,right,1.0,estimated_disc_position,aptos2019_9a326446c431,False,0.0
aptos2019,train,/kaggle/input/datasets/deepapaneru/aptos2019/train_images/train_images/2a47e5b21791.png,2a47e5b21791.png,2a47e5b21791,right,1.0,estimated_disc_position,aptos2019_2a47e5b21791,False,2.0
aptos2019,train,/kaggle/input/datasets/deepapaneru/aptos2019/train_images/train_images/7e9081e95bf6.png,7e9081e95bf6.png,7e9081e95bf6,right,0.8,estimated_disc_position,aptos2019_7e9081e95bf6,False,0.0
aptos2019,train,/kaggle/input/datasets/deepapaneru/aptos2019/train_images/train_images/55968f0e63c4.png,55968f0e63c4.png,55968f0e63c4,right,0.65,estimated_disc_position,aptos2019_55968f0e63c4,False,0.0
aptos2019,train,/kaggle/input/datasets/deepapaneru/aptos2019/train_images/train_images/6735931000ec.png,6735931000ec.png,6735931000ec,right,1.0,estimated_disc_position,aptos2019_6735931000ec,False,3.0
aptos2019,train,/kaggle/input/datasets/deepapaneru/aptos2019/train_images/train_images/d9c9b9786da3.png,d9c9b9786da3.png,d9c9b9786da3,uncertain,0.3,estimated_disc_position,aptos2019_d9c9b9786da3,True,0.0
aptos2019,train,/kaggle/input/datasets/deepapaneru/aptos2019/train_images/train_images/a4ee03ecff60.png,a4ee03ecff60.png,a4ee03ecff60,left,1.0,estimated_disc_position,aptos2019_a4ee03ecff60,False,0.0
aptos2019,train,/kaggle/input/datasets/deepapaneru/aptos2019/train_images/train_images/39f8935185e6.png,39f8935185e6.png,39f8935185e6,right,0.75,estimated_disc_position,aptos2019_39f8935185e6,False,0.0
aptos2019,train,/kaggle/input/datasets/deepapaneru/aptos2019/train_images/train_images/96a9706b8534.png,96a9706b8534.png,96a9706b8534,uncertain,0.01,estimated_disc_position,aptos2019_96a9706b8534,True,1.0
aptos2019,train,/kaggle/input/datasets/deepapaneru/aptos2019/train_images/train_images/891392c9683c.png,891392c9683c.png,891392c9683c,right,1.0,estimated_disc_position,aptos2019_891392c9683c,False,2.0
aptos2019,train,/kaggle/input/datasets/deepapaneru/aptos2019/train_images/train_images/9ed666e982cd.png,9ed666e982cd.png,9ed666e982cd,right,0.83,estimated_disc_position,aptos2019_9ed666e982cd,False,1.0
aptos2019,train,/kaggle/input/datasets/deepapaneru/aptos2019/train_images/train_images/9ab18a4a957f.png,9ab18a4a957f.png,9ab18a4a957f,right,1.0,estimated_disc_position,aptos2019_9ab18a4a957f,False,0.0
aptos2019,train,/kaggle/input/datasets/deepapaneru/aptos2019/train_images/train_images/a86c6283fd78.png,a86c6283fd78.png,a86c6283fd78,right,1.0,estimated_disc_position,aptos2019_a86c6283fd78,False,2.0
aptos2019,train,/kaggle/input/datasets/deepapaneru/aptos2019/train_images/train_images/c3d12a23f451.png,c3d12a23f451.png,c3d12a23f451,right,1.0,estimated_disc_position,aptos2019_c3d12a23f451,False,4.0
aptos2019,train,/kaggle/input/datasets/deepapaneru/aptos2019/train_images/train_images/69f43381317b.png,69f43381317b.png,69f43381317b,right,0.92,estimated_disc_position,aptos2019_69f43381317b,False,0.0
aptos2019,train,/kaggle/input/datasets/deepapaneru/aptos2019/train_images/train_images/82d364726a58.png,82d364726a58.png,82d364726a58,right,0.95,estimated_disc_position,aptos2019_82d364726a58,False,0.0
aptos2019,train,/kaggle/input/datasets/deepapaneru/aptos2019/train_images/train_images/c87493ed320c.png,c87493ed320c.png,c87493ed320c,uncertain,0.05,estimated_disc_position,aptos2019_c87493ed320c,True,2.0
aptos2019,train,/kaggle/input/datasets/deepapaneru/aptos2019/train_images/train_images/28a4d00927b7.png,28a4d00927b7.png,28a4d00927b7,right,1.0,estimated_disc_position,aptos2019_28a4d00927b7,False,2.0
aptos2019,train,/kaggle/input/datasets/deepapaneru/aptos2019/train_images/train_images/e38f3a65b02b.png,e38f3a65b02b.png,e38f3a65b02b,left,1.0,estimated_disc_position,aptos2019_e38f3a65b02b,False,1.0
aptos2019,train,/kaggle/input/datasets/deepapaneru/aptos2019/train_images/train_images/81b0a2651c45.png,81b0a2651c45.png,81b0a2651c45,left,1.0,estimated_disc_position,aptos2019_81b0a2651c45,False,2.0
aptos2019,train,/kaggle/input/datasets/deepapaneru/aptos2019/train_images/train_images/d7e5fe5245e0.png,d7e5fe5245e0.png,d7e5fe5245e0,left,1.0,estimated_disc_position,aptos2019_d7e5fe5245e0,False,0.0
aptos2019,train,/kaggle/input/datasets/deepapaneru/aptos2019/train_images/train_images/2dc647e00ad3.png,2dc647e00ad3.png,2dc647e00ad3,left,1.0,estimated_disc_position,aptos2019_2dc647e00ad3,False,0.0
aptos2019,train,/kaggle/input/datasets/deepapaneru/aptos2019/train_images/train_images/218c822a3dd9.png,218c822a3dd9.png,218c822a3dd9,right,1.0,estimated_disc_position,aptos2019_218c822a3dd9,False,0.0
aptos2019,train,/kaggle/input/datasets/deepapaneru/aptos2019/train_images/train_images/8ead17dfb6a6.png,8ead17dfb6a6.png,8ead17dfb6a6,right,0.62,estimated_disc_position,aptos2019_8ead17dfb6a6,False,0.0
aptos2019,train,/kaggle/input/datasets/deepapaneru/aptos2019/train_images/train_images/98441214557f.png,98441214557f.png,98441214557f,left,1.0,estimated_disc_position,aptos2019_98441214557f,False,0.0
aptos2019,train,/kaggle/input/datasets/deepapaneru/aptos2019/train_images/train_images/ca7140ecf389.png,ca7140ecf389.png,ca7140ecf389,left,0.42,estimated_disc_position,aptos2019_ca7140ecf389,False,1.0
aptos2019,train,/kaggle/input/datasets/deepapaneru/aptos2019/train_images/train_images/b402b18d99a5.png,b402b18d99a5.png,b402b18d99a5,left,1.0,estimated_disc_position,aptos2019_b402b18d99a5,False,2.0
aptos2019,train,/kaggle/input/datasets/deepapaneru/aptos2019/train_images/train_images/57469423a012.png,57469423a012.png,57469423a012,uncertain,0.07,estimated_disc_position,aptos2019_57469423a012,True,2.0
aptos2019,train,/kaggle/input/datasets/deepapaneru/aptos2019/train_images/train_images/289a47dcbb82.png,289a47dcbb82.png,289a47dcbb82,right,1.0,estimated_disc_position,aptos2019_289a47dcbb82,False,0.0
aptos2019,train,/kaggle/input/datasets/deepapaneru/aptos2019/train_images/train_images/a8aed92940fb.png,a8aed92940fb.png,a8aed92940fb,right,0.9,estimated_disc_position,aptos2019_a8aed92940fb,False,0.0
aptos2019,train,/kaggle/input/datasets/deepapaneru/aptos2019/train_images/train_images/1df0431bfa73.png,1df0431bfa73.png,1df0431bfa73,left,1.0,estimated_disc_position,aptos2019_1df0431bfa73,False,0.0
aptos2019,train,/kaggle/input/datasets/deepapaneru/aptos2019/train_images/train_images/83d6e40c869f.png,83d6e40c869f.png,83d6e40c869f,right,0.72,estimated_disc_position,aptos2019_83d6e40c869f,False,2.0
aptos2019,train,/kaggle/input/datasets/deepapaneru/aptos2019/train_images/train_images/3f0d3629d69e.png,3f0d3629d69e.png,3f0d3629d69e,right,1.0,estimated_disc_position,aptos2019_3f0d3629d69e,False,0.0
aptos2019,train,/kaggle/input/datasets/deepapaneru/aptos2019/train_images/train_images/2c8101f14723.png,2c8101f14723.png,2c8101f14723,right,1.0,estimated_disc_position,aptos2019_2c8101f14723,False,0.0
aptos2019,train,/kaggle/input/datasets/deepapaneru/aptos2019/train_images/train_images/5a93c0f783c4.png,5a93c0f783c4.png,5a93c0f783c4,left,0.98,estimated_disc_position,aptos2019_5a93c0f783c4,False,0.0
aptos2019,train,/kaggle/input/datasets/deepapaneru/aptos2019/train_images/train_images/842d697884f6.png,842d697884f6.png,842d697884f6,right,0.85,estimated_disc_position,aptos2019_842d697884f6,False,2.0
aptos2019,train,/kaggle/input/datasets/deepapaneru/aptos2019/train_images/train_images/359bab5d784b.png,359bab5d784b.png,359bab5d784b,right,1.0,estimated_disc_position,aptos2019_359bab5d784b,False,0.0
aptos2019,train,/kaggle/input/datasets/deepapaneru/aptos2019/train_images/train_images/904b03ad5594.png,904b03ad5594.png,904b03ad5594,right,1.0,estimated_disc_position,aptos2019_904b03ad5594,False,0.0
aptos2019,train,/kaggle/input/datasets/deepapaneru/aptos2019/train_images/train_images/b9519abce0c1.png,b9519abce0c1.png,b9519abce0c1,left,1.0,estimated_disc_position,aptos2019_b9519abce0c1,False,0.0
aptos2019,train,/kaggle/input/datasets/deepapaneru/aptos2019/train_images/train_images/53c874dbc594.png,53c874dbc594.png,53c874dbc594,right,0.59,estimated_disc_position,aptos2019_53c874dbc594,False,0.0
aptos2019,train,/kaggle/input/datasets/deepapaneru/aptos2019/train_images/train_images/98277aeb96a7.png,98277aeb96a7.png,98277aeb96a7,right,1.0,estimated_disc_position,aptos2019_98277aeb96a7,False,0.0
aptos2019,train,/kaggle/input/datasets/deepapaneru/aptos2019/train_images/train_images/61ac9b0dc6b9.png,61ac9b0dc6b9.png,61ac9b0dc6b9,left,1.0,estimated_disc_position,aptos2019_61ac9b0dc6b9,False,2.0
aptos2019,train,/kaggle/input/datasets/deepapaneru/aptos2019/train_images/train_images/92b0d27fc0ec.png,92b0d27fc0ec.png,92b0d27fc0ec,right,0.94,estimated_disc_position,aptos2019_92b0d27fc0ec,False,2.0
aptos2019,train,/kaggle/input/datasets/deepapaneru/aptos2019/train_images/train_images/36865bbc64d6.png,36865bbc64d6.png,36865bbc64d6,left,1.0,estimated_disc_position,aptos2019_36865bbc64d6,False,3.0
aptos2019,train,/kaggle/input/datasets/deepapaneru/aptos2019/train_images/train_images/bebb3f167654.png,bebb3f167654.png,bebb3f167654,right,1.0,estimated_disc_position,aptos2019_bebb3f167654,False,1.0
aptos2019,train,/kaggle/input/datasets/deepapaneru/aptos2019/train_images/train_images/3dec415b188a.png,3dec415b188a.png,3dec415b188a,right,1.0,estimated_disc_position,aptos2019_3dec415b188a,False,0.0
aptos2019,train,/kaggle/input/datasets/deepapaneru/aptos2019/train_images/train_images/9c6512166557.png,9c6512166557.png,9c6512166557,left,1.0,estimated_disc_position,aptos2019_9c6512166557,False,0.0
aptos2019,train,/kaggle/input/datasets/deepapaneru/aptos2019/train_images/train_images/b99afe7137fb.png,b99afe7137fb.png,b99afe7137fb,left,1.0,estimated_disc_position,aptos2019_b99afe7137fb,False,4.0
aptos2019,train,/kaggle/input/datasets/deepapaneru/aptos2019/train_images/train_images/a6d45de20e4d.png,a6d45de20e4d.png,a6d45de20e4d,right,0.8,estimated_disc_position,aptos2019_a6d45de20e4d,False,4.0
aptos2019,train,/kaggle/input/datasets/deepapaneru/aptos2019/train_images/train_images/7f2cce721e19.png,7f2cce721e19.png,7f2cce721e19,left,0.93,estimated_disc_position,aptos2019_7f2cce721e19,False,0.0
aptos2019,train,/kaggle/input/datasets/deepapaneru/aptos2019/train_images/train_images/1b8ad0afe9fb.png,1b8ad0afe9fb.png,1b8ad0afe9fb,left,0.93,estimated_disc_position,aptos2019_1b8ad0afe9fb,False,2.0
aptos2019,train,/kaggle/input/datasets/deepapaneru/aptos2019/train_images/train_images/dd110d2b8c21.png,dd110d2b8c21.png,dd110d2b8c21,right,1.0,estimated_disc_position,aptos2019_dd110d2b8c21,False,2.0
aptos2019,train,/kaggle/input/datasets/deepapaneru/aptos2019/train_images/train_images/8aa3c4681542.png,8aa3c4681542.png,8aa3c4681542,left,0.96,estimated_disc_position,aptos2019_8aa3c4681542,False,0.0
aptos2019,train,/kaggle/input/datasets/deepapaneru/aptos2019/train_images/train_images/39923b29988a.png,39923b29988a.png,39923b29988a,right,0.94,estimated_disc_position,aptos2019_39923b29988a,False,2.0
aptos2019,train,/kaggle/input/datasets/deepapaneru/aptos2019/train_images/train_images/a77dbec966d4.png,a77dbec966d4.png,a77dbec966d4,left,1.0,estimated_disc_position,aptos2019_a77dbec966d4,False,1.0
aptos2019,train,/kaggle/input/datasets/deepapaneru/aptos2019/train_images/train_images/bebfbd907cac.png,bebfbd907cac.png,bebfbd907cac,right,0.73,estimated_disc_position,aptos2019_bebfbd907cac,False,0.0
aptos2019,train,/kaggle/input/datasets/deepapaneru/aptos2019/train_images/train_images/60f15dd68d30.png,60f15dd68d30.png,60f15dd68d30,right,1.0,estimated_disc_position,aptos2019_60f15dd68d30,False,4.0
aptos2019,train,/kaggle/input/datasets/deepapaneru/aptos2019/train_images/train_images/b0d6417bad3e.png,b0d6417bad3e.png,b0d6417bad3e,right,1.0,estimated_disc_position,aptos2019_b0d6417bad3e,False,2.0
aptos2019,train,/kaggle/input/datasets/deepapaneru/aptos2019/train_images/train_images/2221cf5c7935.png,2221cf5c7935.png,2221cf5c7935,left,0.73,estimated_disc_position,aptos2019_2221cf5c7935,False,0.0
aptos2019,train,/kaggle/input/datasets/deepapaneru/aptos2019/train_images/train_images/a8b3c0961d42.png,a8b3c0961d42.png,a8b3c0961d42,left,1.0,estimated_disc_position,aptos2019_a8b3c0961d42,False,0.0
aptos2019,train,/kaggle/input/datasets/deepapaneru/aptos2019/train_images/train_images/9039cbfcbb2f.png,9039cbfcbb2f.png,9039cbfcbb2f,left,1.0,estimated_disc_position,aptos2019_9039cbfcbb2f,False,0.0
aptos2019,train,/kaggle/input/datasets/deepapaneru/aptos2019/train_images/train_images/3b2b91590590.png,3b2b91590590.png,3b2b91590590,right,1.0,estimated_disc_position,aptos2019_3b2b91590590,False,0.0
aptos2019,train,/kaggle/input/datasets/deepapaneru/aptos2019/train_images/train_images/abbb8791785e.png,abbb8791785e.png,abbb8791785e,right,0.78,estimated_disc_position,aptos2019_abbb8791785e,False,0.0
aptos2019,train,/kaggle/input/datasets/deepapaneru/aptos2019/train_images/train_images/c85b79d70079.png,c85b79d70079.png,c85b79d70079,right,1.0,estimated_disc_position,aptos2019_c85b79d70079,False,0.0
aptos2019,train,/kaggle/input/datasets/deepapaneru/aptos2019/train_images/train_images/780f9c237c56.png,780f9c237c56.png,780f9c237c56,right,0.86,estimated_disc_position,aptos2019_780f9c237c56,False,0.0
aptos2019,train,/kaggle/input/datasets/deepapaneru/aptos2019/train_images/train_images/9b57e43b44e7.png,9b57e43b44e7.png,9b57e43b44e7,left,1.0,estimated_disc_position,aptos2019_9b57e43b44e7,False,0.0
aptos2019,train,/kaggle/input/datasets/deepapaneru/aptos2019/train_images/train_images/a3802934bad7.png,a3802934bad7.png,a3802934bad7,uncertain,0.07,estimated_disc_position,aptos2019_a3802934bad7,True,2.0
aptos2019,train,/kaggle/input/datasets/deepapaneru/aptos2019/train_images/train_images/4276b82e4489.png,4276b82e4489.png,4276b82e4489,left,1.0,estimated_disc_position,aptos2019_4276b82e4489,False,0.0
aptos2019,train,/kaggle/input/datasets/deepapaneru/aptos2019/train_images/train_images/57db4781e7ec.png,57db4781e7ec.png,57db4781e7ec,left,0.99,estimated_disc_position,aptos2019_57db4781e7ec,False,0.0
aptos2019,train,/kaggle/input/datasets/deepapaneru/aptos2019/train_images/train_images/9d75de31f1b8.png,9d75de31f1b8.png,9d75de31f1b8,left,1.0,estimated_disc_position,aptos2019_9d75de31f1b8,False,0.0
aptos2019,train,/kaggle/input/datasets/deepapaneru/aptos2019/train_images/train_images/318eb706a134.png,318eb706a134.png,318eb706a134,right,1.0,estimated_disc_position,aptos2019_318eb706a134,False,0.0
aptos2019,train,/kaggle/input/datasets/deepapaneru/aptos2019/train_images/train_images/35beb47fe159.png,35beb47fe159.png,35beb47fe159,left,0.78,estimated_disc_position,aptos2019_35beb47fe159,False,0.0
aptos2019,train,/kaggle/input/datasets/deepapaneru/aptos2019/train_images/train_images/5321ab64f9ea.png,5321ab64f9ea.png,5321ab64f9ea,left,0.65,estimated_disc_position,aptos2019_5321ab64f9ea,False,0.0
aptos2019,train,/kaggle/input/datasets/deepapaneru/aptos2019/train_images/train_images/435414ccccf7.png,435414ccccf7.png,435414ccccf7,left,1.0,estimated_disc_position,aptos2019_435414ccccf7,False,0.0
aptos2019,train,/kaggle/input/datasets/deepapaneru/aptos2019/train_images/train_images/50f5201fd18a.png,50f5201fd18a.png,50f5201fd18a,left,0.77,estimated_disc_position,aptos2019_50f5201fd18a,False,0.0
aptos2019,train,/kaggle/input/datasets/deepapaneru/aptos2019/train_images/train_images/79059d0592c4.png,79059d0592c4.png,79059d0592c4,right,0.94,estimated_disc_position,aptos2019_79059d0592c4,False,2.0
aptos2019,train,/kaggle/input/datasets/deepapaneru/aptos2019/train_images/train_images/683023cda6a5.png,683023cda6a5.png,683023cda6a5,right,1.0,estimated_disc_position,aptos2019_683023cda6a5,False,0.0
aptos2019,train,/kaggle/input/datasets/deepapaneru/aptos2019/train_images/train_images/1eee55494271.png,1eee55494271.png,1eee55494271,left,1.0,estimated_disc_position,aptos2019_1eee55494271,False,0.0
aptos2019,train,/kaggle/input/datasets/deepapaneru/aptos2019/train_images/train_images/b35cad8fe2d7.png,b35cad8fe2d7.png,b35cad8fe2d7,left,1.0,estimated_disc_position,aptos2019_b35cad8fe2d7,False,0.0
aptos2019,train,/kaggle/input/datasets/deepapaneru/aptos2019/train_images/train_images/5b3e7197ac1c.png,5b3e7197ac1c.png,5b3e7197ac1c,left,0.71,estimated_disc_position,aptos2019_5b3e7197ac1c,False,3.0
aptos2019,train,/kaggle/input/datasets/deepapaneru/aptos2019/train_images/train_images/5a11d21c2828.png,5a11d21c2828.png,5a11d21c2828,left,1.0,estimated_disc_position,aptos2019_5a11d21c2828,False,2.0
aptos2019,train,/kaggle/input/datasets/deepapaneru/aptos2019/train_images/train_images/4ab8c0cece7f.png,4ab8c0cece7f.png,4ab8c0cece7f,right,1.0,estimated_disc_position,aptos2019_4ab8c0cece7f,False,0.0
aptos2019,train,/kaggle/input/datasets/deepapaneru/aptos2019/train_images/train_images/6d3d1fe6c32a.png,6d3d1fe6c32a.png,6d3d1fe6c32a,left,0.53,estimated_disc_position,aptos2019_6d3d1fe6c32a,False,2.0
aptos2019,train,/kaggle/input/datasets/deepapaneru/aptos2019/train_images/train_images/8dba09a4e5ed.png,8dba09a4e5ed.png,8dba09a4e5ed,left,1.0,estimated_disc_position,aptos2019_8dba09a4e5ed,False,2.0
aptos2019,train,/kaggle/input/datasets/deepapaneru/aptos2019/train_images/train_images/a14bbd9a583e.png,a14bbd9a583e.png,a14bbd9a583e,left,0.59,estimated_disc_position,aptos2019_a14bbd9a583e,False,3.0
aptos2019,train,/kaggle/input/datasets/deepapaneru/aptos2019/train_images/train_images/2d558de2cabe.png,2d558de2cabe.png,2d558de2cabe,left,0.94,estimated_disc_position,aptos2019_2d558de2cabe,False,0.0
aptos2019,train,/kaggle/input/datasets/deepapaneru/aptos2019/train_images/train_images/2cf18033da31.png,2cf18033da31.png,2cf18033da31,right,1.0,estimated_disc_position,aptos2019_2cf18033da31,False,0.0
aptos2019,train,/kaggle/input/datasets/deepapaneru/aptos2019/train_images/train_images/e387311a840e.png,e387311a840e.png,e387311a840e,right,1.0,estimated_disc_position,aptos2019_e387311a840e,False,2.0
aptos2019,train,/kaggle/input/datasets/deepapaneru/aptos2019/train_images/train_images/7179f85bfd6f.png,7179f85bfd6f.png,7179f85bfd6f,right,0.99,estimated_disc_position,aptos2019_7179f85bfd6f,False,0.0
aptos2019,train,/kaggle/input/datasets/deepapaneru/aptos2019/train_images/train_images/4eabad7948cf.png,4eabad7948cf.png,4eabad7948cf,right,1.0,estimated_disc_position,aptos2019_4eabad7948cf,False,0.0
aptos2019,train,/kaggle/input/datasets/deepapaneru/aptos2019/train_images/train_images/1e036f2e7095.png,1e036f2e7095.png,1e036f2e7095,left,1.0,estimated_disc_position,aptos2019_1e036f2e7095,False,0.0
aptos2019,train,/kaggle/input/datasets/deepapaneru/aptos2019/train_images/train_images/dd90c321d7bc.png,dd90c321d7bc.png,dd90c321d7bc,right,0.34,estimated_disc_position,aptos2019_dd90c321d7bc,True,0.0
aptos2019,train,/kaggle/input/datasets/deepapaneru/aptos2019/train_images/train_images/5728b8aa98ef.png,5728b8aa98ef.png,5728b8aa98ef,left,0.48,estimated_disc_position,aptos2019_5728b8aa98ef,False,0.0
aptos2019,train,/kaggle/input/datasets/deepapaneru/aptos2019/train_images/train_images/c97472ef2c66.png,c97472ef2c66.png,c97472ef2c66,left,1.0,estimated_disc_position,aptos2019_c97472ef2c66,False,0.0
aptos2019,train,/kaggle/input/datasets/deepapaneru/aptos2019/train_images/train_images/40c24aded50c.png,40c24aded50c.png,40c24aded50c,left,0.99,estimated_disc_position,aptos2019_40c24aded50c,False,0.0
aptos2019,train,/kaggle/input/datasets/deepapaneru/aptos2019/train_images/train_images/7a06ea127e02.png,7a06ea127e02.png,7a06ea127e02,left,0.98,estimated_disc_position,aptos2019_7a06ea127e02,False,0.0
aptos2019,train,/kaggle/input/datasets/deepapaneru/aptos2019/train_images/train_images/d97911a32918.png,d97911a32918.png,d97911a32918,right,0.88,estimated_disc_position,aptos2019_d97911a32918,False,0.0
aptos2019,train,/kaggle/input/datasets/deepapaneru/aptos2019/train_images/train_images/8564b7aa3c1a.png,8564b7aa3c1a.png,8564b7aa3c1a,left,0.65,estimated_disc_position,aptos2019_8564b7aa3c1a,False,0.0
aptos2019,train,/kaggle/input/datasets/deepapaneru/aptos2019/train_images/train_images/3d3e288d490e.png,3d3e288d490e.png,3d3e288d490e,right,0.65,estimated_disc_position,aptos2019_3d3e288d490e,False,2.0
aptos2019,train,/kaggle/input/datasets/deepapaneru/aptos2019/train_images/train_images/49a4765f8822.png,49a4765f8822.png,49a4765f8822,right,0.66,estimated_disc_position,aptos2019_49a4765f8822,False,2.0
aptos2019,train,/kaggle/input/datasets/deepapaneru/aptos2019/train_images/train_images/d74ccc796517.png,d74ccc796517.png,d74ccc796517,left,0.91,estimated_disc_position,aptos2019_d74ccc796517,False,0.0
aptos2019,train,/kaggle/input/datasets/deepapaneru/aptos2019/train_images/train_images/3e3a3955b9c5.png,3e3a3955b9c5.png,3e3a3955b9c5,right,1.0,estimated_disc_position,aptos2019_3e3a3955b9c5,False,3.0
aptos2019,train,/kaggle/input/datasets/deepapaneru/aptos2019/train_images/train_images/3f6bccf21ce8.png,3f6bccf21ce8.png,3f6bccf21ce8,left,1.0,estimated_disc_position,aptos2019_3f6bccf21ce8,False,0.0
aptos2019,train,/kaggle/input/datasets/deepapaneru/aptos2019/train_images/train_images/4ec7796df40e.png,4ec7796df40e.png,4ec7796df40e,left,1.0,estimated_disc_position,aptos2019_4ec7796df40e,False,0.0
aptos2019,train,/kaggle/input/datasets/deepapaneru/aptos2019/train_images/train_images/d1cad012a254.png,d1cad012a254.png,d1cad012a254,left,1.0,estimated_disc_position,aptos2019_d1cad012a254,False,1.0
aptos2019,train,/kaggle/input/datasets/deepapaneru/aptos2019/train_images/train_images/9be71d6d7e59.png,9be71d6d7e59.png,9be71d6d7e59,right,0.75,estimated_disc_position,aptos2019_9be71d6d7e59,False,0.0
aptos2019,train,/kaggle/input/datasets/deepapaneru/aptos2019/train_images/train_images/1bf30c84bbad.png,1bf30c84bbad.png,1bf30c84bbad,left,1.0,estimated_disc_position,aptos2019_1bf30c84bbad,False,4.0
aptos2019,train,/kaggle/input/datasets/deepapaneru/aptos2019/train_images/train_images/4c389d033cb0.png,4c389d033cb0.png,4c389d033cb0,right,0.95,estimated_disc_position,aptos2019_4c389d033cb0,False,0.0
aptos2019,train,/kaggle/input/datasets/deepapaneru/aptos2019/train_images/train_images/c3a82acb7d7a.png,c3a82acb7d7a.png,c3a82acb7d7a,right,0.66,estimated_disc_position,aptos2019_c3a82acb7d7a,False,3.0
aptos2019,train,/kaggle/input/datasets/deepapaneru/aptos2019/train_images/train_images/a62ea0043aa7.png,a62ea0043aa7.png,a62ea0043aa7,left,1.0,estimated_disc_position,aptos2019_a62ea0043aa7,False,2.0
aptos2019,train,/kaggle/input/datasets/deepapaneru/aptos2019/train_images/train_images/5f70ad48a525.png,5f70ad48a525.png,5f70ad48a525,left,1.0,estimated_disc_position,aptos2019_5f70ad48a525,False,2.0
aptos2019,train,/kaggle/input/datasets/deepapaneru/aptos2019/train_images/train_images/415d5c5e785f.png,415d5c5e785f.png,415d5c5e785f,right,1.0,estimated_disc_position,aptos2019_415d5c5e785f,False,0.0
aptos2019,train,/kaggle/input/datasets/deepapaneru/aptos2019/train_images/train_images/2f5c9cdfb333.png,2f5c9cdfb333.png,2f5c9cdfb333,right,0.7,estimated_disc_position,aptos2019_2f5c9cdfb333,False,2.0
aptos2019,train,/kaggle/input/datasets/deepapaneru/aptos2019/train_images/train_images/81914ceb4e74.png,81914ceb4e74.png,81914ceb4e74,right,1.0,estimated_disc_position,aptos2019_81914ceb4e74,False,0.0
aptos2019,train,/kaggle/input/datasets/deepapaneru/aptos2019/train_images/train_images/306c841af3fc.png,306c841af3fc.png,306c841af3fc,right,0.85,estimated_disc_position,aptos2019_306c841af3fc,False,0.0
aptos2019,train,/kaggle/input/datasets/deepapaneru/aptos2019/train_images/train_images/7e77b61e1639.png,7e77b61e1639.png,7e77b61e1639,left,0.7,estimated_disc_position,aptos2019_7e77b61e1639,False,0.0
aptos2019,train,/kaggle/input/datasets/deepapaneru/aptos2019/train_images/train_images/848e66b9e199.png,848e66b9e199.png,848e66b9e199,left,1.0,estimated_disc_position,aptos2019_848e66b9e199,False,0.0
aptos2019,train,/kaggle/input/datasets/deepapaneru/aptos2019/train_images/train_images/8fbb2ca39911.png,8fbb2ca39911.png,8fbb2ca39911,left,0.94,estimated_disc_position,aptos2019_8fbb2ca39911,False,0.0
aptos2019,train,/kaggle/input/datasets/deepapaneru/aptos2019/train_images/train_images/45c39ab9e797.png,45c39ab9e797.png,45c39ab9e797,left,1.0,estimated_disc_position,aptos2019_45c39ab9e797,False,2.0
aptos2019,train,/kaggle/input/datasets/deepapaneru/aptos2019/train_images/train_images/999115d9386b.png,999115d9386b.png,999115d9386b,right,1.0,estimated_disc_position,aptos2019_999115d9386b,False,2.0
aptos2019,train,/kaggle/input/datasets/deepapaneru/aptos2019/train_images/train_images/bdf47b9f10c4.png,bdf47b9f10c4.png,bdf47b9f10c4,right,0.99,estimated_disc_position,aptos2019_bdf47b9f10c4,False,0.0
aptos2019,train,/kaggle/input/datasets/deepapaneru/aptos2019/train_images/train_images/511fd66b2df8.png,511fd66b2df8.png,511fd66b2df8,right,1.0,estimated_disc_position,aptos2019_511fd66b2df8,False,0.0
aptos2019,train,/kaggle/input/datasets/deepapaneru/aptos2019/train_images/train_images/69df7ade0575.png,69df7ade0575.png,69df7ade0575,uncertain,0.09,estimated_disc_position,aptos2019_69df7ade0575,True,2.0
aptos2019,train,/kaggle/input/datasets/deepapaneru/aptos2019/train_images/train_images/5f6db235c04d.png,5f6db235c04d.png,5f6db235c04d,right,1.0,estimated_disc_position,aptos2019_5f6db235c04d,False,0.0
aptos2019,train,/kaggle/input/datasets/deepapaneru/aptos2019/train_images/train_images/cd8da43e3069.png,cd8da43e3069.png,cd8da43e3069,left,0.91,estimated_disc_position,aptos2019_cd8da43e3069,False,0.0
aptos2019,train,/kaggle/input/datasets/deepapaneru/aptos2019/train_images/train_images/840527bc6628.png,840527bc6628.png,840527bc6628,right,0.7,estimated_disc_position,aptos2019_840527bc6628,False,2.0
aptos2019,train,/kaggle/input/datasets/deepapaneru/aptos2019/train_images/train_images/66a0bf258013.png,66a0bf258013.png,66a0bf258013,left,1.0,estimated_disc_position,aptos2019_66a0bf258013,False,4.0
aptos2019,train,/kaggle/input/datasets/deepapaneru/aptos2019/train_images/train_images/a1e236fbc863.png,a1e236fbc863.png,a1e236fbc863,left,1.0,estimated_disc_position,aptos2019_a1e236fbc863,False,0.0
aptos2019,train,/kaggle/input/datasets/deepapaneru/aptos2019/train_images/train_images/94111ed3d276.png,94111ed3d276.png,94111ed3d276,left,1.0,estimated_disc_position,aptos2019_94111ed3d276,False,1.0
aptos2019,train,/kaggle/input/datasets/deepapaneru/aptos2019/train_images/train_images/b8297a2291f5.png,b8297a2291f5.png,b8297a2291f5,right,1.0,estimated_disc_position,aptos2019_b8297a2291f5,False,0.0
aptos2019,train,/kaggle/input/datasets/deepapaneru/aptos2019/train_images/train_images/ad1f7445b1a8.png,ad1f7445b1a8.png,ad1f7445b1a8,right,0.72,estimated_disc_position,aptos2019_ad1f7445b1a8,False,1.0
aptos2019,train,/kaggle/input/datasets/deepapaneru/aptos2019/train_images/train_images/aa0afc41ed19.png,aa0afc41ed19.png,aa0afc41ed19,right,1.0,estimated_disc_position,aptos2019_aa0afc41ed19,False,2.0
aptos2019,train,/kaggle/input/datasets/deepapaneru/aptos2019/train_images/train_images/2d07162a13b1.png,2d07162a13b1.png,2d07162a13b1,right,1.0,estimated_disc_position,aptos2019_2d07162a13b1,False,0.0
aptos2019,train,/kaggle/input/datasets/deepapaneru/aptos2019/train_images/train_images/6733544ae7a6.png,6733544ae7a6.png,6733544ae7a6,right,1.0,estimated_disc_position,aptos2019_6733544ae7a6,False,2.0
aptos2019,train,/kaggle/input/datasets/deepapaneru/aptos2019/train_images/train_images/a0e635689259.png,a0e635689259.png,a0e635689259,right,1.0,estimated_disc_position,aptos2019_a0e635689259,False,0.0
aptos2019,train,/kaggle/input/datasets/deepapaneru/aptos2019/train_images/train_images/e150935f66a6.png,e150935f66a6.png,e150935f66a6,left,0.96,estimated_disc_position,aptos2019_e150935f66a6,False,2.0
aptos2019,train,/kaggle/input/datasets/deepapaneru/aptos2019/train_images/train_images/ba735b286d62.png,ba735b286d62.png,ba735b286d62,left,1.0,estimated_disc_position,aptos2019_ba735b286d62,False,4.0
aptos2019,train,/kaggle/input/datasets/deepapaneru/aptos2019/train_images/train_images/55fd453001cc.png,55fd453001cc.png,55fd453001cc,right,1.0,estimated_disc_position,aptos2019_55fd453001cc,False,2.0
aptos2019,train,/kaggle/input/datasets/deepapaneru/aptos2019/train_images/train_images/875d2ffcbf47.png,875d2ffcbf47.png,875d2ffcbf47,left,0.6,estimated_disc_position,aptos2019_875d2ffcbf47,False,0.0
aptos2019,train,/kaggle/input/datasets/deepapaneru/aptos2019/train_images/train_images/aa9cfe639ef1.png,aa9cfe639ef1.png,aa9cfe639ef1,right,1.0,estimated_disc_position,aptos2019_aa9cfe639ef1,False,2.0
aptos2019,train,/kaggle/input/datasets/deepapaneru/aptos2019/train_images/train_images/3b018e8b7303.png,3b018e8b7303.png,3b018e8b7303,left,1.0,estimated_disc_position,aptos2019_3b018e8b7303,False,3.0
aptos2019,train,/kaggle/input/datasets/deepapaneru/aptos2019/train_images/train_images/5eb8fb1aad41.png,5eb8fb1aad41.png,5eb8fb1aad41,left,0.41,estimated_disc_position,aptos2019_5eb8fb1aad41,False,0.0
aptos2019,train,/kaggle/input/datasets/deepapaneru/aptos2019/train_images/train_images/d25b8a8ad3c4.png,d25b8a8ad3c4.png,d25b8a8ad3c4,uncertain,0.24,estimated_disc_position,aptos2019_d25b8a8ad3c4,True,2.0
aptos2019,train,/kaggle/input/datasets/deepapaneru/aptos2019/train_images/train_images/ae5d31979f19.png,ae5d31979f19.png,ae5d31979f19,right,1.0,estimated_disc_position,aptos2019_ae5d31979f19,False,0.0
aptos2019,train,/kaggle/input/datasets/deepapaneru/aptos2019/train_images/train_images/405085b53d7b.png,405085b53d7b.png,405085b53d7b,left,1.0,estimated_disc_position,aptos2019_405085b53d7b,False,0.0
aptos2019,train,/kaggle/input/datasets/deepapaneru/aptos2019/train_images/train_images/e23add229074.png,e23add229074.png,e23add229074,right,0.46,estimated_disc_position,aptos2019_e23add229074,False,4.0
aptos2019,train,/kaggle/input/datasets/deepapaneru/aptos2019/train_images/train_images/527bea76116c.png,527bea76116c.png,527bea76116c,right,0.54,estimated_disc_position,aptos2019_527bea76116c,False,2.0
aptos2019,train,/kaggle/input/datasets/deepapaneru/aptos2019/train_images/train_images/94dcb491143f.png,94dcb491143f.png,94dcb491143f,left,1.0,estimated_disc_position,aptos2019_94dcb491143f,False,2.0
aptos2019,train,/kaggle/input/datasets/deepapaneru/aptos2019/train_images/train_images/e037643244b7.png,e037643244b7.png,e037643244b7,left,1.0,estimated_disc_position,aptos2019_e037643244b7,False,4.0
aptos2019,train,/kaggle/input/datasets/deepapaneru/aptos2019/train_images/train_images/687759336b0d.png,687759336b0d.png,687759336b0d,left,0.65,estimated_disc_position,aptos2019_687759336b0d,False,3.0
aptos2019,train,/kaggle/input/datasets/deepapaneru/aptos2019/train_images/train_images/b50b30aa6e6c.png,b50b30aa6e6c.png,b50b30aa6e6c,uncertain,0.24,estimated_disc_position,aptos2019_b50b30aa6e6c,True,1.0
aptos2019,train,/kaggle/input/datasets/deepapaneru/aptos2019/train_images/train_images/51d780864365.png,51d780864365.png,51d780864365,right,1.0,estimated_disc_position,aptos2019_51d780864365,False,2.0
aptos2019,train,/kaggle/input/datasets/deepapaneru/aptos2019/train_images/train_images/63d217b059b6.png,63d217b059b6.png,63d217b059b6,left,0.53,estimated_disc_position,aptos2019_63d217b059b6,False,2.0
aptos2019,train,/kaggle/input/datasets/deepapaneru/aptos2019/train_images/train_images/1ee1eb7943db.png,1ee1eb7943db.png,1ee1eb7943db,right,1.0,estimated_disc_position,aptos2019_1ee1eb7943db,False,2.0
aptos2019,train,/kaggle/input/datasets/deepapaneru/aptos2019/train_images/train_images/48543037d0b3.png,48543037d0b3.png,48543037d0b3,left,1.0,estimated_disc_position,aptos2019_48543037d0b3,False,2.0
aptos2019,train,/kaggle/input/datasets/deepapaneru/aptos2019/train_images/train_images/a11c62cb3f86.png,a11c62cb3f86.png,a11c62cb3f86,left,1.0,estimated_disc_position,aptos2019_a11c62cb3f86,False,0.0
aptos2019,train,/kaggle/input/datasets/deepapaneru/aptos2019/train_images/train_images/df5ce3ea7820.png,df5ce3ea7820.png,df5ce3ea7820,right,1.0,estimated_disc_position,aptos2019_df5ce3ea7820,False,2.0
aptos2019,train,/kaggle/input/datasets/deepapaneru/aptos2019/train_images/train_images/24b943fe725e.png,24b943fe725e.png,24b943fe725e,right,1.0,estimated_disc_position,aptos2019_24b943fe725e,False,1.0
aptos2019,train,/kaggle/input/datasets/deepapaneru/aptos2019/train_images/train_images/4beeca5cc859.png,4beeca5cc859.png,4beeca5cc859,left,0.33,estimated_disc_position,aptos2019_4beeca5cc859,True,0.0
aptos2019,train,/kaggle/input/datasets/deepapaneru/aptos2019/train_images/train_images/26453eb7e989.png,26453eb7e989.png,26453eb7e989,left,1.0,estimated_disc_position,aptos2019_26453eb7e989,False,2.0
aptos2019,train,/kaggle/input/datasets/deepapaneru/aptos2019/train_images/train_images/3f98be586fe3.png,3f98be586fe3.png,3f98be586fe3,left,0.91,estimated_disc_position,aptos2019_3f98be586fe3,False,0.0
aptos2019,train,/kaggle/input/datasets/deepapaneru/aptos2019/train_images/train_images/5299a532f0e0.png,5299a532f0e0.png,5299a532f0e0,right,1.0,estimated_disc_position,aptos2019_5299a532f0e0,False,0.0
aptos2019,train,/kaggle/input/datasets/deepapaneru/aptos2019/train_images/train_images/201f882365d3.png,201f882365d3.png,201f882365d3,left,0.65,estimated_disc_position,aptos2019_201f882365d3,False,0.0
aptos2019,train,/kaggle/input/datasets/deepapaneru/aptos2019/train_images/train_images/c21eb81de9fc.png,c21eb81de9fc.png,c21eb81de9fc,right,0.95,estimated_disc_position,aptos2019_c21eb81de9fc,False,0.0
aptos2019,train,/kaggle/input/datasets/deepapaneru/aptos2019/train_images/train_images/d264396d8d1a.png,d264396d8d1a.png,d264396d8d1a,left,1.0,estimated_disc_position,aptos2019_d264396d8d1a,False,2.0
aptos2019,train,/kaggle/input/datasets/deepapaneru/aptos2019/train_images/train_images/a1872f9c0cba.png,a1872f9c0cba.png,a1872f9c0cba,right,1.0,estimated_disc_position,aptos2019_a1872f9c0cba,False,0.0
aptos2019,train,/kaggle/input/datasets/deepapaneru/aptos2019/train_images/train_images/8ab3faa3701f.png,8ab3faa3701f.png,8ab3faa3701f,left,1.0,estimated_disc_position,aptos2019_8ab3faa3701f,False,0.0
aptos2019,train,/kaggle/input/datasets/deepapaneru/aptos2019/train_images/train_images/910bfd38e2f5.png,910bfd38e2f5.png,910bfd38e2f5,left,0.49,estimated_disc_position,aptos2019_910bfd38e2f5,False,3.0
aptos2019,train,/kaggle/input/datasets/deepapaneru/aptos2019/train_images/train_images/83df53d58f28.png,83df53d58f28.png,83df53d58f28,right,0.86,estimated_disc_position,aptos2019_83df53d58f28,False,0.0
aptos2019,train,/kaggle/input/datasets/deepapaneru/aptos2019/train_images/train_images/404ede327e98.png,404ede327e98.png,404ede327e98,left,1.0,estimated_disc_position,aptos2019_404ede327e98,False,0.0
aptos2019,train,/kaggle/input/datasets/deepapaneru/aptos2019/train_images/train_images/780f9daaa24b.png,780f9daaa24b.png,780f9daaa24b,right,0.93,estimated_disc_position,aptos2019_780f9daaa24b,False,0.0
aptos2019,train,/kaggle/input/datasets/deepapaneru/aptos2019/train_images/train_images/cb2f3c5d71a7.png,cb2f3c5d71a7.png,cb2f3c5d71a7,right,0.94,estimated_disc_position,aptos2019_cb2f3c5d71a7,False,1.0
aptos2019,train,/kaggle/input/datasets/deepapaneru/aptos2019/train_images/train_images/1b32e1d775ea.png,1b32e1d775ea.png,1b32e1d775ea,uncertain,0.03,estimated_disc_position,aptos2019_1b32e1d775ea,True,4.0
aptos2019,train,/kaggle/input/datasets/deepapaneru/aptos2019/train_images/train_images/857230f64a2e.png,857230f64a2e.png,857230f64a2e,right,1.0,estimated_disc_position,aptos2019_857230f64a2e,False,4.0
aptos2019,train,/kaggle/input/datasets/deepapaneru/aptos2019/train_images/train_images/a96ff96bbae5.png,a96ff96bbae5.png,a96ff96bbae5,right,0.91,estimated_disc_position,aptos2019_a96ff96bbae5,False,0.0
aptos2019,train,/kaggle/input/datasets/deepapaneru/aptos2019/train_images/train_images/2a93334f663a.png,2a93334f663a.png,2a93334f663a,left,0.86,estimated_disc_position,aptos2019_2a93334f663a,False,0.0
aptos2019,train,/kaggle/input/datasets/deepapaneru/aptos2019/train_images/train_images/4faf4063db8c.png,4faf4063db8c.png,4faf4063db8c,left,0.81,estimated_disc_position,aptos2019_4faf4063db8c,False,0.0
aptos2019,train,/kaggle/input/datasets/deepapaneru/aptos2019/train_images/train_images/c4a8f2fcf6e8.png,c4a8f2fcf6e8.png,c4a8f2fcf6e8,left,1.0,estimated_disc_position,aptos2019_c4a8f2fcf6e8,False,1.0
aptos2019,train,/kaggle/input/datasets/deepapaneru/aptos2019/train_images/train_images/5152bf091152.png,5152bf091152.png,5152bf091152,right,1.0,estimated_disc_position,aptos2019_5152bf091152,False,2.0
aptos2019,train,/kaggle/input/datasets/deepapaneru/aptos2019/train_images/train_images/94145d1f42cf.png,94145d1f42cf.png,94145d1f42cf,left,1.0,estimated_disc_position,aptos2019_94145d1f42cf,False,0.0
aptos2019,train,/kaggle/input/datasets/deepapaneru/aptos2019/train_images/train_images/6d5a8362dd1e.png,6d5a8362dd1e.png,6d5a8362dd1e,right,1.0,estimated_disc_position,aptos2019_6d5a8362dd1e,False,0.0
aptos2019,train,/kaggle/input/datasets/deepapaneru/aptos2019/train_images/train_images/29580bed2f7d.png,29580bed2f7d.png,29580bed2f7d,right,0.81,estimated_disc_position,aptos2019_29580bed2f7d,False,2.0
aptos2019,train,/kaggle/input/datasets/deepapaneru/aptos2019/train_images/train_images/5723d0ec895e.png,5723d0ec895e.png,5723d0ec895e,left,0.5,estimated_disc_position,aptos2019_5723d0ec895e,False,2.0
aptos2019,train,/kaggle/input/datasets/deepapaneru/aptos2019/train_images/train_images/702de9dcde32.png,702de9dcde32.png,702de9dcde32,left,1.0,estimated_disc_position,aptos2019_702de9dcde32,False,4.0
aptos2019,train,/kaggle/input/datasets/deepapaneru/aptos2019/train_images/train_images/aa4407aab872.png,aa4407aab872.png,aa4407aab872,left,0.57,estimated_disc_position,aptos2019_aa4407aab872,False,0.0
aptos2019,train,/kaggle/input/datasets/deepapaneru/aptos2019/train_images/train_images/295fdc964f6e.png,295fdc964f6e.png,295fdc964f6e,left,1.0,estimated_disc_position,aptos2019_295fdc964f6e,False,2.0
aptos2019,train,/kaggle/input/datasets/deepapaneru/aptos2019/train_images/train_images/8cb6b0efaaac.png,8cb6b0efaaac.png,8cb6b0efaaac,left,0.71,estimated_disc_position,aptos2019_8cb6b0efaaac,False,2.0
aptos2019,train,/kaggle/input/datasets/deepapaneru/aptos2019/train_images/train_images/79d44db3da2d.png,79d44db3da2d.png,79d44db3da2d,left,0.54,estimated_disc_position,aptos2019_79d44db3da2d,False,4.0
aptos2019,train,/kaggle/input/datasets/deepapaneru/aptos2019/train_images/train_images/c406325360b1.png,c406325360b1.png,c406325360b1,right,0.85,estimated_disc_position,aptos2019_c406325360b1,False,2.0
aptos2019,train,/kaggle/input/datasets/deepapaneru/aptos2019/train_images/train_images/4cae247d9909.png,4cae247d9909.png,4cae247d9909,right,0.91,estimated_disc_position,aptos2019_4cae247d9909,False,1.0
aptos2019,train,/kaggle/input/datasets/deepapaneru/aptos2019/train_images/train_images/4294a14c656a.png,4294a14c656a.png,4294a14c656a,left,1.0,estimated_disc_position,aptos2019_4294a14c656a,False,3.0
aptos2019,train,/kaggle/input/datasets/deepapaneru/aptos2019/train_images/train_images/240b25a7debe.png,240b25a7debe.png,240b25a7debe,left,0.68,estimated_disc_position,aptos2019_240b25a7debe,False,0.0
aptos2019,train,/kaggle/input/datasets/deepapaneru/aptos2019/train_images/train_images/7635921c5efb.png,7635921c5efb.png,7635921c5efb,right,1.0,estimated_disc_position,aptos2019_7635921c5efb,False,0.0
aptos2019,train,/kaggle/input/datasets/deepapaneru/aptos2019/train_images/train_images/5d74f98d62be.png,5d74f98d62be.png,5d74f98d62be,right,1.0,estimated_disc_position,aptos2019_5d74f98d62be,False,4.0
aptos2019,train,/kaggle/input/datasets/deepapaneru/aptos2019/train_images/train_images/3b73a3a4a734.png,3b73a3a4a734.png,3b73a3a4a734,right,1.0,estimated_disc_position,aptos2019_3b73a3a4a734,False,1.0
aptos2019,train,/kaggle/input/datasets/deepapaneru/aptos2019/train_images/train_images/6d6fcf49e515.png,6d6fcf49e515.png,6d6fcf49e515,left,0.93,estimated_disc_position,aptos2019_6d6fcf49e515,False,0.0
aptos2019,train,/kaggle/input/datasets/deepapaneru/aptos2019/train_images/train_images/7d261f986bef.png,7d261f986bef.png,7d261f986bef,left,0.7,estimated_disc_position,aptos2019_7d261f986bef,False,2.0
aptos2019,train,/kaggle/input/datasets/deepapaneru/aptos2019/train_images/train_images/b3f31c371e59.png,b3f31c371e59.png,b3f31c371e59,right,0.9,estimated_disc_position,aptos2019_b3f31c371e59,False,0.0
aptos2019,train,/kaggle/input/datasets/deepapaneru/aptos2019/train_images/train_images/1c13a1483f4a.png,1c13a1483f4a.png,1c13a1483f4a,right,0.81,estimated_disc_position,aptos2019_1c13a1483f4a,False,0.0
aptos2019,train,/kaggle/input/datasets/deepapaneru/aptos2019/train_images/train_images/cd9e2190c73f.png,cd9e2190c73f.png,cd9e2190c73f,right,1.0,estimated_disc_position,aptos2019_cd9e2190c73f,False,2.0
aptos2019,train,/kaggle/input/datasets/deepapaneru/aptos2019/train_images/train_images/59928f999ae7.png,59928f999ae7.png,59928f999ae7,left,1.0,estimated_disc_position,aptos2019_59928f999ae7,False,0.0
aptos2019,train,/kaggle/input/datasets/deepapaneru/aptos2019/train_images/train_images/88e5051f65bd.png,88e5051f65bd.png,88e5051f65bd,right,1.0,estimated_disc_position,aptos2019_88e5051f65bd,False,0.0
aptos2019,train,/kaggle/input/datasets/deepapaneru/aptos2019/train_images/train_images/5d5b5da5f939.png,5d5b5da5f939.png,5d5b5da5f939,right,0.91,estimated_disc_position,aptos2019_5d5b5da5f939,False,0.0
aptos2019,train,/kaggle/input/datasets/deepapaneru/aptos2019/train_images/train_images/9ac2e3e9fca5.png,9ac2e3e9fca5.png,9ac2e3e9fca5,right,1.0,estimated_disc_position,aptos2019_9ac2e3e9fca5,False,0.0
aptos2019,train,/kaggle/input/datasets/deepapaneru/aptos2019/train_images/train_images/7ef5ff774a48.png,7ef5ff774a48.png,7ef5ff774a48,right,1.0,estimated_disc_position,aptos2019_7ef5ff774a48,False,1.0
aptos2019,train,/kaggle/input/datasets/deepapaneru/aptos2019/train_images/train_images/2463bb04ebc3.png,2463bb04ebc3.png,2463bb04ebc3,left,0.86,estimated_disc_position,aptos2019_2463bb04ebc3,False,2.0
aptos2019,train,/kaggle/input/datasets/deepapaneru/aptos2019/train_images/train_images/99c6a123ed6a.png,99c6a123ed6a.png,99c6a123ed6a,right,0.81,estimated_disc_position,aptos2019_99c6a123ed6a,False,0.0
aptos2019,train,/kaggle/input/datasets/deepapaneru/aptos2019/train_images/train_images/48fda42bd5d4.png,48fda42bd5d4.png,48fda42bd5d4,right,0.83,estimated_disc_position,aptos2019_48fda42bd5d4,False,2.0
aptos2019,train,/kaggle/input/datasets/deepapaneru/aptos2019/train_images/train_images/d2dc86021c67.png,d2dc86021c67.png,d2dc86021c67,left,1.0,estimated_disc_position,aptos2019_d2dc86021c67,False,0.0
aptos2019,train,/kaggle/input/datasets/deepapaneru/aptos2019/train_images/train_images/acf976efd7ce.png,acf976efd7ce.png,acf976efd7ce,right,1.0,estimated_disc_position,aptos2019_acf976efd7ce,False,0.0
aptos2019,train,/kaggle/input/datasets/deepapaneru/aptos2019/train_images/train_images/a476fd984005.png,a476fd984005.png,a476fd984005,left,1.0,estimated_disc_position,aptos2019_a476fd984005,False,2.0
aptos2019,train,/kaggle/input/datasets/deepapaneru/aptos2019/train_images/train_images/d881c04f01fe.png,d881c04f01fe.png,d881c04f01fe,left,0.6,estimated_disc_position,aptos2019_d881c04f01fe,False,0.0
aptos2019,train,/kaggle/input/datasets/deepapaneru/aptos2019/train_images/train_images/86410aa13b3e.png,86410aa13b3e.png,86410aa13b3e,left,0.96,estimated_disc_position,aptos2019_86410aa13b3e,False,0.0
aptos2019,train,/kaggle/input/datasets/deepapaneru/aptos2019/train_images/train_images/5b32ece9c627.png,5b32ece9c627.png,5b32ece9c627,right,0.77,estimated_disc_position,aptos2019_5b32ece9c627,False,0.0
aptos2019,train,/kaggle/input/datasets/deepapaneru/aptos2019/train_images/train_images/2585bbc91909.png,2585bbc91909.png,2585bbc91909,right,1.0,estimated_disc_position,aptos2019_2585bbc91909,False,0.0
aptos2019,train,/kaggle/input/datasets/deepapaneru/aptos2019/train_images/train_images/c1e6fa1ad314.png,c1e6fa1ad314.png,c1e6fa1ad314,right,1.0,estimated_disc_position,aptos2019_c1e6fa1ad314,False,1.0
aptos2019,train,/kaggle/input/datasets/deepapaneru/aptos2019/train_images/train_images/cd01f4f83336.png,cd01f4f83336.png,cd01f4f83336,right,1.0,estimated_disc_position,aptos2019_cd01f4f83336,False,0.0
aptos2019,train,/kaggle/input/datasets/deepapaneru/aptos2019/train_images/train_images/60edda7b4871.png,60edda7b4871.png,60edda7b4871,left,1.0,estimated_disc_position,aptos2019_60edda7b4871,False,0.0
aptos2019,train,/kaggle/input/datasets/deepapaneru/aptos2019/train_images/train_images/3232b34cbe99.png,3232b34cbe99.png,3232b34cbe99,left,1.0,estimated_disc_position,aptos2019_3232b34cbe99,False,0.0
aptos2019,train,/kaggle/input/datasets/deepapaneru/aptos2019/train_images/train_images/bda91b76095b.png,bda91b76095b.png,bda91b76095b,left,1.0,estimated_disc_position,aptos2019_bda91b76095b,False,0.0
aptos2019,train,/kaggle/input/datasets/deepapaneru/aptos2019/train_images/train_images/8f10e41a2f02.png,8f10e41a2f02.png,8f10e41a2f02,left,0.91,estimated_disc_position,aptos2019_8f10e41a2f02,False,0.0
aptos2019,train,/kaggle/input/datasets/deepapaneru/aptos2019/train_images/train_images/e2265c383348.png,e2265c383348.png,e2265c383348,right,1.0,estimated_disc_position,aptos2019_e2265c383348,False,0.0
aptos2019,train,/kaggle/input/datasets/deepapaneru/aptos2019/train_images/train_images/6f923b60934b.png,6f923b60934b.png,6f923b60934b,left,1.0,estimated_disc_position,aptos2019_6f923b60934b,False,4.0
aptos2019,train,/kaggle/input/datasets/deepapaneru/aptos2019/train_images/train_images/7a46cfa69bae.png,7a46cfa69bae.png,7a46cfa69bae,right,0.99,estimated_disc_position,aptos2019_7a46cfa69bae,False,0.0
aptos2019,train,/kaggle/input/datasets/deepapaneru/aptos2019/train_images/train_images/64c6c6ee0d98.png,64c6c6ee0d98.png,64c6c6ee0d98,right,1.0,estimated_disc_position,aptos2019_64c6c6ee0d98,False,0.0
aptos2019,train,/kaggle/input/datasets/deepapaneru/aptos2019/train_images/train_images/dccdf750c962.png,dccdf750c962.png,dccdf750c962,left,0.91,estimated_disc_position,aptos2019_dccdf750c962,False,0.0
aptos2019,train,/kaggle/input/datasets/deepapaneru/aptos2019/train_images/train_images/66366a90d1ef.png,66366a90d1ef.png,66366a90d1ef,right,1.0,estimated_disc_position,aptos2019_66366a90d1ef,False,0.0
aptos2019,train,/kaggle/input/datasets/deepapaneru/aptos2019/train_images/train_images/ca30a97e9d13.png,ca30a97e9d13.png,ca30a97e9d13,left,0.84,estimated_disc_position,aptos2019_ca30a97e9d13,False,1.0
aptos2019,train,/kaggle/input/datasets/deepapaneru/aptos2019/train_images/train_images/4a0bba3b7d83.png,4a0bba3b7d83.png,4a0bba3b7d83,right,1.0,estimated_disc_position,aptos2019_4a0bba3b7d83,False,2.0
aptos2019,train,/kaggle/input/datasets/deepapaneru/aptos2019/train_images/train_images/ac81fc200162.png,ac81fc200162.png,ac81fc200162,right,1.0,estimated_disc_position,aptos2019_ac81fc200162,False,0.0
aptos2019,train,/kaggle/input/datasets/deepapaneru/aptos2019/train_images/train_images/269f0792f11f.png,269f0792f11f.png,269f0792f11f,left,1.0,estimated_disc_position,aptos2019_269f0792f11f,False,2.0
aptos2019,train,/kaggle/input/datasets/deepapaneru/aptos2019/train_images/train_images/3e86335bc2fd.png,3e86335bc2fd.png,3e86335bc2fd,right,0.89,estimated_disc_position,aptos2019_3e86335bc2fd,False,2.0
aptos2019,train,/kaggle/input/datasets/deepapaneru/aptos2019/train_images/train_images/af345c68e836.png,af345c68e836.png,af345c68e836,right,1.0,estimated_disc_position,aptos2019_af345c68e836,False,0.0
aptos2019,train,/kaggle/input/datasets/deepapaneru/aptos2019/train_images/train_images/bf9cba745efc.png,bf9cba745efc.png,bf9cba745efc,right,0.93,estimated_disc_position,aptos2019_bf9cba745efc,False,2.0
aptos2019,train,/kaggle/input/datasets/deepapaneru/aptos2019/train_images/train_images/682312e82ee3.png,682312e82ee3.png,682312e82ee3,right,0.91,estimated_disc_position,aptos2019_682312e82ee3,False,0.0
aptos2019,train,/kaggle/input/datasets/deepapaneru/aptos2019/train_images/train_images/b0f0fa677d5f.png,b0f0fa677d5f.png,b0f0fa677d5f,left,0.96,estimated_disc_position,aptos2019_b0f0fa677d5f,False,0.0
aptos2019,train,/kaggle/input/datasets/deepapaneru/aptos2019/train_images/train_images/6cee2e148520.png,6cee2e148520.png,6cee2e148520,left,1.0,estimated_disc_position,aptos2019_6cee2e148520,False,0.0
aptos2019,train,/kaggle/input/datasets/deepapaneru/aptos2019/train_images/train_images/b11dcdcbc8c8.png,b11dcdcbc8c8.png,b11dcdcbc8c8,left,0.8,estimated_disc_position,aptos2019_b11dcdcbc8c8,False,0.0
aptos2019,train,/kaggle/input/datasets/deepapaneru/aptos2019/train_images/train_images/da2bdf4236ac.png,da2bdf4236ac.png,da2bdf4236ac,left,1.0,estimated_disc_position,aptos2019_da2bdf4236ac,False,0.0
aptos2019,train,/kaggle/input/datasets/deepapaneru/aptos2019/train_images/train_images/8d8aca52c07b.png,8d8aca52c07b.png,8d8aca52c07b,left,1.0,estimated_disc_position,aptos2019_8d8aca52c07b,False,4.0
aptos2019,train,/kaggle/input/datasets/deepapaneru/aptos2019/train_images/train_images/bb752b179751.png,bb752b179751.png,bb752b179751,left,0.98,estimated_disc_position,aptos2019_bb752b179751,False,0.0
aptos2019,train,/kaggle/input/datasets/deepapaneru/aptos2019/train_images/train_images/c06024f05a16.png,c06024f05a16.png,c06024f05a16,left,0.77,estimated_disc_position,aptos2019_c06024f05a16,False,0.0
aptos2019,train,/kaggle/input/datasets/deepapaneru/aptos2019/train_images/train_images/76fe19ff64fb.png,76fe19ff64fb.png,76fe19ff64fb,right,1.0,estimated_disc_position,aptos2019_76fe19ff64fb,False,2.0
aptos2019,train,/kaggle/input/datasets/deepapaneru/aptos2019/train_images/train_images/bab776139279.png,bab776139279.png,bab776139279,left,0.48,estimated_disc_position,aptos2019_bab776139279,False,0.0
aptos2019,train,/kaggle/input/datasets/deepapaneru/aptos2019/train_images/train_images/7fc3a8bb40de.png,7fc3a8bb40de.png,7fc3a8bb40de,right,0.77,estimated_disc_position,aptos2019_7fc3a8bb40de,False,0.0
aptos2019,train,/kaggle/input/datasets/deepapaneru/aptos2019/train_images/train_images/c01eae4b4939.png,c01eae4b4939.png,c01eae4b4939,right,0.56,estimated_disc_position,aptos2019_c01eae4b4939,False,4.0
aptos2019,train,/kaggle/input/datasets/deepapaneru/aptos2019/train_images/train_images/d0926ed2c8e5.png,d0926ed2c8e5.png,d0926ed2c8e5,left,0.88,estimated_disc_position,aptos2019_d0926ed2c8e5,False,0.0
aptos2019,train,/kaggle/input/datasets/deepapaneru/aptos2019/train_images/train_images/4df6a81b476e.png,4df6a81b476e.png,4df6a81b476e,right,1.0,estimated_disc_position,aptos2019_4df6a81b476e,False,3.0
aptos2019,train,/kaggle/input/datasets/deepapaneru/aptos2019/train_images/train_images/e3ab63dc9a60.png,e3ab63dc9a60.png,e3ab63dc9a60,right,1.0,estimated_disc_position,aptos2019_e3ab63dc9a60,False,4.0
aptos2019,train,/kaggle/input/datasets/deepapaneru/aptos2019/train_images/train_images/b5e6ae31493c.png,b5e6ae31493c.png,b5e6ae31493c,left,1.0,estimated_disc_position,aptos2019_b5e6ae31493c,False,0.0
aptos2019,train,/kaggle/input/datasets/deepapaneru/aptos2019/train_images/train_images/e19936582c61.png,e19936582c61.png,e19936582c61,right,1.0,estimated_disc_position,aptos2019_e19936582c61,False,3.0
aptos2019,train,/kaggle/input/datasets/deepapaneru/aptos2019/train_images/train_images/9f1efb799b7b.png,9f1efb799b7b.png,9f1efb799b7b,left,1.0,estimated_disc_position,aptos2019_9f1efb799b7b,False,2.0
aptos2019,train,/kaggle/input/datasets/deepapaneru/aptos2019/train_images/train_images/b5834ee64541.png,b5834ee64541.png,b5834ee64541,left,0.6,estimated_disc_position,aptos2019_b5834ee64541,False,3.0
aptos2019,train,/kaggle/input/datasets/deepapaneru/aptos2019/train_images/train_images/8ae049175db6.png,8ae049175db6.png,8ae049175db6,right,0.54,estimated_disc_position,aptos2019_8ae049175db6,False,4.0
aptos2019,train,/kaggle/input/datasets/deepapaneru/aptos2019/train_images/train_images/c18a006f7f1d.png,c18a006f7f1d.png,c18a006f7f1d,right,0.85,estimated_disc_position,aptos2019_c18a006f7f1d,False,0.0
aptos2019,train,/kaggle/input/datasets/deepapaneru/aptos2019/train_images/train_images/da1fb35f5df9.png,da1fb35f5df9.png,da1fb35f5df9,right,1.0,estimated_disc_position,aptos2019_da1fb35f5df9,False,1.0
aptos2019,train,/kaggle/input/datasets/deepapaneru/aptos2019/train_images/train_images/cad5b1a82e60.png,cad5b1a82e60.png,cad5b1a82e60,right,1.0,estimated_disc_position,aptos2019_cad5b1a82e60,False,0.0
aptos2019,train,/kaggle/input/datasets/deepapaneru/aptos2019/train_images/train_images/96c3e3db68bc.png,96c3e3db68bc.png,96c3e3db68bc,left,1.0,estimated_disc_position,aptos2019_96c3e3db68bc,False,2.0
aptos2019,train,/kaggle/input/datasets/deepapaneru/aptos2019/train_images/train_images/54bbe3da103e.png,54bbe3da103e.png,54bbe3da103e,left,1.0,estimated_disc_position,aptos2019_54bbe3da103e,False,2.0
aptos2019,train,/kaggle/input/datasets/deepapaneru/aptos2019/train_images/train_images/2bb063318cf1.png,2bb063318cf1.png,2bb063318cf1,left,1.0,estimated_disc_position,aptos2019_2bb063318cf1,False,3.0
aptos2019,train,/kaggle/input/datasets/deepapaneru/aptos2019/train_images/train_images/5e7630f8438e.png,5e7630f8438e.png,5e7630f8438e,right,0.82,estimated_disc_position,aptos2019_5e7630f8438e,False,2.0
aptos2019,train,/kaggle/input/datasets/deepapaneru/aptos2019/train_images/train_images/3486f7096276.png,3486f7096276.png,3486f7096276,right,1.0,estimated_disc_position,aptos2019_3486f7096276,False,0.0
aptos2019,train,/kaggle/input/datasets/deepapaneru/aptos2019/train_images/train_images/b99c825b93c5.png,b99c825b93c5.png,b99c825b93c5,right,1.0,estimated_disc_position,aptos2019_b99c825b93c5,False,2.0
aptos2019,train,/kaggle/input/datasets/deepapaneru/aptos2019/train_images/train_images/8e76054f0831.png,8e76054f0831.png,8e76054f0831,right,0.99,estimated_disc_position,aptos2019_8e76054f0831,False,0.0
aptos2019,train,/kaggle/input/datasets/deepapaneru/aptos2019/train_images/train_images/a4012932e18d.png,a4012932e18d.png,a4012932e18d,left,1.0,estimated_disc_position,aptos2019_a4012932e18d,False,0.0
aptos2019,train,/kaggle/input/datasets/deepapaneru/aptos2019/train_images/train_images/8dc22e65c06f.png,8dc22e65c06f.png,8dc22e65c06f,left,1.0,estimated_disc_position,aptos2019_8dc22e65c06f,False,1.0
aptos2019,train,/kaggle/input/datasets/deepapaneru/aptos2019/train_images/train_images/7b87b0015282.png,7b87b0015282.png,7b87b0015282,right,0.93,estimated_disc_position,aptos2019_7b87b0015282,False,0.0
aptos2019,train,/kaggle/input/datasets/deepapaneru/aptos2019/train_images/train_images/510aa0a898fa.png,510aa0a898fa.png,510aa0a898fa,right,1.0,estimated_disc_position,aptos2019_510aa0a898fa,False,2.0
aptos2019,train,/kaggle/input/datasets/deepapaneru/aptos2019/train_images/train_images/46f56c38051f.png,46f56c38051f.png,46f56c38051f,right,1.0,estimated_disc_position,aptos2019_46f56c38051f,False,2.0
aptos2019,train,/kaggle/input/datasets/deepapaneru/aptos2019/train_images/train_images/8bc6716c2238.png,8bc6716c2238.png,8bc6716c2238,right,1.0,estimated_disc_position,aptos2019_8bc6716c2238,False,1.0
aptos2019,train,/kaggle/input/datasets/deepapaneru/aptos2019/train_images/train_images/80e6e425f966.png,80e6e425f966.png,80e6e425f966,left,1.0,estimated_disc_position,aptos2019_80e6e425f966,False,0.0
aptos2019,train,/kaggle/input/datasets/deepapaneru/aptos2019/train_images/train_images/b665041e1633.png,b665041e1633.png,b665041e1633,left,1.0,estimated_disc_position,aptos2019_b665041e1633,False,2.0
aptos2019,train,/kaggle/input/datasets/deepapaneru/aptos2019/train_images/train_images/e17507a4a1f5.png,e17507a4a1f5.png,e17507a4a1f5,left,1.0,estimated_disc_position,aptos2019_e17507a4a1f5,False,2.0
aptos2019,train,/kaggle/input/datasets/deepapaneru/aptos2019/train_images/train_images/917f76f360b6.png,917f76f360b6.png,917f76f360b6,right,1.0,estimated_disc_position,aptos2019_917f76f360b6,False,2.0
aptos2019,train,/kaggle/input/datasets/deepapaneru/aptos2019/train_images/train_images/1faf8664816c.png,1faf8664816c.png,1faf8664816c,left,0.9,estimated_disc_position,aptos2019_1faf8664816c,False,0.0
aptos2019,train,/kaggle/input/datasets/deepapaneru/aptos2019/train_images/train_images/7d11dbc1e738.png,7d11dbc1e738.png,7d11dbc1e738,left,1.0,estimated_disc_position,aptos2019_7d11dbc1e738,False,0.0
aptos2019,train,/kaggle/input/datasets/deepapaneru/aptos2019/train_images/train_images/7ad0c4975890.png,7ad0c4975890.png,7ad0c4975890,right,1.0,estimated_disc_position,aptos2019_7ad0c4975890,False,0.0
aptos2019,train,/kaggle/input/datasets/deepapaneru/aptos2019/train_images/train_images/db6207e62c7b.png,db6207e62c7b.png,db6207e62c7b,right,1.0,estimated_disc_position,aptos2019_db6207e62c7b,False,0.0
aptos2019,train,/kaggle/input/datasets/deepapaneru/aptos2019/train_images/train_images/7e980424868e.png,7e980424868e.png,7e980424868e,left,1.0,estimated_disc_position,aptos2019_7e980424868e,False,0.0
aptos2019,train,/kaggle/input/datasets/deepapaneru/aptos2019/train_images/train_images/9a4f370d341b.png,9a4f370d341b.png,9a4f370d341b,left,1.0,estimated_disc_position,aptos2019_9a4f370d341b,False,2.0
aptos2019,train,/kaggle/input/datasets/deepapaneru/aptos2019/train_images/train_images/a95858e052d6.png,a95858e052d6.png,a95858e052d6,left,1.0,estimated_disc_position,aptos2019_a95858e052d6,False,1.0
aptos2019,train,/kaggle/input/datasets/deepapaneru/aptos2019/train_images/train_images/8ac0c44bbf24.png,8ac0c44bbf24.png,8ac0c44bbf24,left,0.78,estimated_disc_position,aptos2019_8ac0c44bbf24,False,4.0
aptos2019,train,/kaggle/input/datasets/deepapaneru/aptos2019/train_images/train_images/a14fcf84bfe1.png,a14fcf84bfe1.png,a14fcf84bfe1,right,0.7,estimated_disc_position,aptos2019_a14fcf84bfe1,False,3.0
aptos2019,train,/kaggle/input/datasets/deepapaneru/aptos2019/train_images/train_images/96d48b073f18.png,96d48b073f18.png,96d48b073f18,left,1.0,estimated_disc_position,aptos2019_96d48b073f18,False,2.0
aptos2019,train,/kaggle/input/datasets/deepapaneru/aptos2019/train_images/train_images/6e1db8711879.png,6e1db8711879.png,6e1db8711879,right,0.94,estimated_disc_position,aptos2019_6e1db8711879,False,0.0
aptos2019,train,/kaggle/input/datasets/deepapaneru/aptos2019/train_images/train_images/8c7c26c52a6c.png,8c7c26c52a6c.png,8c7c26c52a6c,right,0.53,estimated_disc_position,aptos2019_8c7c26c52a6c,False,4.0
aptos2019,train,/kaggle/input/datasets/deepapaneru/aptos2019/train_images/train_images/5eb311bcb5f9.png,5eb311bcb5f9.png,5eb311bcb5f9,left,1.0,estimated_disc_position,aptos2019_5eb311bcb5f9,False,2.0
aptos2019,train,/kaggle/input/datasets/deepapaneru/aptos2019/train_images/train_images/658ad9f09f5d.png,658ad9f09f5d.png,658ad9f09f5d,right,0.95,estimated_disc_position,aptos2019_658ad9f09f5d,False,0.0
aptos2019,train,/kaggle/input/datasets/deepapaneru/aptos2019/train_images/train_images/b8e9a8f4617d.png,b8e9a8f4617d.png,b8e9a8f4617d,right,0.62,estimated_disc_position,aptos2019_b8e9a8f4617d,False,0.0
aptos2019,train,/kaggle/input/datasets/deepapaneru/aptos2019/train_images/train_images/2399d68d407f.png,2399d68d407f.png,2399d68d407f,right,1.0,estimated_disc_position,aptos2019_2399d68d407f,False,0.0
aptos2019,train,/kaggle/input/datasets/deepapaneru/aptos2019/train_images/train_images/72595230840c.png,72595230840c.png,72595230840c,uncertain,0.01,estimated_disc_position,aptos2019_72595230840c,True,3.0
aptos2019,train,/kaggle/input/datasets/deepapaneru/aptos2019/train_images/train_images/28f98cfe3858.png,28f98cfe3858.png,28f98cfe3858,left,1.0,estimated_disc_position,aptos2019_28f98cfe3858,False,1.0
aptos2019,train,/kaggle/input/datasets/deepapaneru/aptos2019/train_images/train_images/4fa26d065ad3.png,4fa26d065ad3.png,4fa26d065ad3,right,0.72,estimated_disc_position,aptos2019_4fa26d065ad3,False,1.0
aptos2019,train,/kaggle/input/datasets/deepapaneru/aptos2019/train_images/train_images/7c2f820a6425.png,7c2f820a6425.png,7c2f820a6425,left,1.0,estimated_disc_position,aptos2019_7c2f820a6425,False,2.0
aptos2019,train,/kaggle/input/datasets/deepapaneru/aptos2019/train_images/train_images/c81c6911f5e0.png,c81c6911f5e0.png,c81c6911f5e0,left,1.0,estimated_disc_position,aptos2019_c81c6911f5e0,False,0.0
aptos2019,train,/kaggle/input/datasets/deepapaneru/aptos2019/train_images/train_images/45693d027798.png,45693d027798.png,45693d027798,right,0.81,estimated_disc_position,aptos2019_45693d027798,False,0.0
aptos2019,train,/kaggle/input/datasets/deepapaneru/aptos2019/train_images/train_images/d271d3a2b552.png,d271d3a2b552.png,d271d3a2b552,right,0.42,estimated_disc_position,aptos2019_d271d3a2b552,False,4.0
aptos2019,train,/kaggle/input/datasets/deepapaneru/aptos2019/train_images/train_images/500aad15b7c8.png,500aad15b7c8.png,500aad15b7c8,left,1.0,estimated_disc_position,aptos2019_500aad15b7c8,False,0.0
aptos2019,train,/kaggle/input/datasets/deepapaneru/aptos2019/train_images/train_images/d1f7ea924a01.png,d1f7ea924a01.png,d1f7ea924a01,right,0.87,estimated_disc_position,aptos2019_d1f7ea924a01,False,0.0
aptos2019,train,/kaggle/input/datasets/deepapaneru/aptos2019/train_images/train_images/ce754234d760.png,ce754234d760.png,ce754234d760,left,1.0,estimated_disc_position,aptos2019_ce754234d760,False,0.0
aptos2019,train,/kaggle/input/datasets/deepapaneru/aptos2019/train_images/train_images/711d1480d2e3.png,711d1480d2e3.png,711d1480d2e3,right,1.0,estimated_disc_position,aptos2019_711d1480d2e3,False,2.0
aptos2019,train,/kaggle/input/datasets/deepapaneru/aptos2019/train_images/train_images/50a2aef380c8.png,50a2aef380c8.png,50a2aef380c8,right,1.0,estimated_disc_position,aptos2019_50a2aef380c8,False,3.0
aptos2019,train,/kaggle/input/datasets/deepapaneru/aptos2019/train_images/train_images/5b994ff78547.png,5b994ff78547.png,5b994ff78547,right,0.73,estimated_disc_position,aptos2019_5b994ff78547,False,0.0
aptos2019,train,/kaggle/input/datasets/deepapaneru/aptos2019/train_images/train_images/2628305cbb29.png,2628305cbb29.png,2628305cbb29,left,1.0,estimated_disc_position,aptos2019_2628305cbb29,False,4.0
aptos2019,train,/kaggle/input/datasets/deepapaneru/aptos2019/train_images/train_images/9f37c98b8187.png,9f37c98b8187.png,9f37c98b8187,uncertain,0.29,estimated_disc_position,aptos2019_9f37c98b8187,True,3.0
aptos2019,train,/kaggle/input/datasets/deepapaneru/aptos2019/train_images/train_images/b66f23ffa730.png,b66f23ffa730.png,b66f23ffa730,left,1.0,estimated_disc_position,aptos2019_b66f23ffa730,False,0.0
aptos2019,train,/kaggle/input/datasets/deepapaneru/aptos2019/train_images/train_images/7e5a76c4e103.png,7e5a76c4e103.png,7e5a76c4e103,right,1.0,estimated_disc_position,aptos2019_7e5a76c4e103,False,0.0
aptos2019,train,/kaggle/input/datasets/deepapaneru/aptos2019/train_images/train_images/9a3c03a5ad0f.png,9a3c03a5ad0f.png,9a3c03a5ad0f,right,1.0,estimated_disc_position,aptos2019_9a3c03a5ad0f,False,2.0
aptos2019,train,/kaggle/input/datasets/deepapaneru/aptos2019/train_images/train_images/571bbdbf585e.png,571bbdbf585e.png,571bbdbf585e,right,0.85,estimated_disc_position,aptos2019_571bbdbf585e,False,0.0
aptos2019,train,/kaggle/input/datasets/deepapaneru/aptos2019/train_images/train_images/93be637084a2.png,93be637084a2.png,93be637084a2,left,1.0,estimated_disc_position,aptos2019_93be637084a2,False,1.0
aptos2019,train,/kaggle/input/datasets/deepapaneru/aptos2019/train_images/train_images/4b1001050f1d.png,4b1001050f1d.png,4b1001050f1d,right,0.74,estimated_disc_position,aptos2019_4b1001050f1d,False,2.0
aptos2019,train,/kaggle/input/datasets/deepapaneru/aptos2019/train_images/train_images/e0313be77035.png,e0313be77035.png,e0313be77035,right,0.85,estimated_disc_position,aptos2019_e0313be77035,False,0.0
aptos2019,train,/kaggle/input/datasets/deepapaneru/aptos2019/train_images/train_images/475c7ded0f7a.png,475c7ded0f7a.png,475c7ded0f7a,left,0.9,estimated_disc_position,aptos2019_475c7ded0f7a,False,2.0
aptos2019,train,/kaggle/input/datasets/deepapaneru/aptos2019/train_images/train_images/65e530ee2e79.png,65e530ee2e79.png,65e530ee2e79,right,0.89,estimated_disc_position,aptos2019_65e530ee2e79,False,2.0
aptos2019,train,/kaggle/input/datasets/deepapaneru/aptos2019/train_images/train_images/d3dfd0a2dee6.png,d3dfd0a2dee6.png,d3dfd0a2dee6,right,1.0,estimated_disc_position,aptos2019_d3dfd0a2dee6,False,0.0
aptos2019,train,/kaggle/input/datasets/deepapaneru/aptos2019/train_images/train_images/94ef1d14597f.png,94ef1d14597f.png,94ef1d14597f,left,1.0,estimated_disc_position,aptos2019_94ef1d14597f,False,4.0
aptos2019,train,/kaggle/input/datasets/deepapaneru/aptos2019/train_images/train_images/668a319c2d23.png,668a319c2d23.png,668a319c2d23,right,1.0,estimated_disc_position,aptos2019_668a319c2d23,False,0.0
aptos2019,train,/kaggle/input/datasets/deepapaneru/aptos2019/train_images/train_images/4ad6109706e8.png,4ad6109706e8.png,4ad6109706e8,right,0.82,estimated_disc_position,aptos2019_4ad6109706e8,False,2.0
aptos2019,train,/kaggle/input/datasets/deepapaneru/aptos2019/train_images/train_images/cbf0394039f8.png,cbf0394039f8.png,cbf0394039f8,right,0.47,estimated_disc_position,aptos2019_cbf0394039f8,False,2.0
aptos2019,train,/kaggle/input/datasets/deepapaneru/aptos2019/train_images/train_images/9878db94d9f3.png,9878db94d9f3.png,9878db94d9f3,right,0.53,estimated_disc_position,aptos2019_9878db94d9f3,False,3.0
aptos2019,train,/kaggle/input/datasets/deepapaneru/aptos2019/train_images/train_images/a15470303941.png,a15470303941.png,a15470303941,left,1.0,estimated_disc_position,aptos2019_a15470303941,False,2.0
aptos2019,train,/kaggle/input/datasets/deepapaneru/aptos2019/train_images/train_images/785777558f05.png,785777558f05.png,785777558f05,right,1.0,estimated_disc_position,aptos2019_785777558f05,False,4.0
aptos2019,train,/kaggle/input/datasets/deepapaneru/aptos2019/train_images/train_images/555d0bef3c5b.png,555d0bef3c5b.png,555d0bef3c5b,right,0.64,estimated_disc_position,aptos2019_555d0bef3c5b,False,0.0
aptos2019,train,/kaggle/input/datasets/deepapaneru/aptos2019/train_images/train_images/436e1793d240.png,436e1793d240.png,436e1793d240,left,1.0,estimated_disc_position,aptos2019_436e1793d240,False,2.0
aptos2019,train,/kaggle/input/datasets/deepapaneru/aptos2019/train_images/train_images/ad1aa75d5630.png,ad1aa75d5630.png,ad1aa75d5630,left,0.8,estimated_disc_position,aptos2019_ad1aa75d5630,False,0.0
aptos2019,train,/kaggle/input/datasets/deepapaneru/aptos2019/train_images/train_images/b310bd564329.png,b310bd564329.png,b310bd564329,right,1.0,estimated_disc_position,aptos2019_b310bd564329,False,3.0
aptos2019,train,/kaggle/input/datasets/deepapaneru/aptos2019/train_images/train_images/c7c3d363bc86.png,c7c3d363bc86.png,c7c3d363bc86,left,1.0,estimated_disc_position,aptos2019_c7c3d363bc86,False,0.0
aptos2019,train,/kaggle/input/datasets/deepapaneru/aptos2019/train_images/train_images/4b5ffea77373.png,4b5ffea77373.png,4b5ffea77373,right,1.0,estimated_disc_position,aptos2019_4b5ffea77373,False,2.0
aptos2019,train,/kaggle/input/datasets/deepapaneru/aptos2019/train_images/train_images/53f6c1c65c04.png,53f6c1c65c04.png,53f6c1c65c04,right,0.97,estimated_disc_position,aptos2019_53f6c1c65c04,False,1.0
aptos2019,train,/kaggle/input/datasets/deepapaneru/aptos2019/train_images/train_images/6d4f6c9a8406.png,6d4f6c9a8406.png,6d4f6c9a8406,left,1.0,estimated_disc_position,aptos2019_6d4f6c9a8406,False,0.0
aptos2019,train,/kaggle/input/datasets/deepapaneru/aptos2019/train_images/train_images/7fdb177b8f7d.png,7fdb177b8f7d.png,7fdb177b8f7d,left,0.49,estimated_disc_position,aptos2019_7fdb177b8f7d,False,0.0
aptos2019,train,/kaggle/input/datasets/deepapaneru/aptos2019/train_images/train_images/8d4ff745a409.png,8d4ff745a409.png,8d4ff745a409,right,1.0,estimated_disc_position,aptos2019_8d4ff745a409,False,0.0
aptos2019,train,/kaggle/input/datasets/deepapaneru/aptos2019/train_images/train_images/4da6e2089d57.png,4da6e2089d57.png,4da6e2089d57,uncertain,0.12,estimated_disc_position,aptos2019_4da6e2089d57,True,2.0
aptos2019,train,/kaggle/input/datasets/deepapaneru/aptos2019/train_images/train_images/7356dd08b0ae.png,7356dd08b0ae.png,7356dd08b0ae,right,1.0,estimated_disc_position,aptos2019_7356dd08b0ae,False,2.0
aptos2019,train,/kaggle/input/datasets/deepapaneru/aptos2019/train_images/train_images/bc23f74e14dd.png,bc23f74e14dd.png,bc23f74e14dd,left,1.0,estimated_disc_position,aptos2019_bc23f74e14dd,False,2.0
aptos2019,train,/kaggle/input/datasets/deepapaneru/aptos2019/train_images/train_images/7c3747c0b2c3.png,7c3747c0b2c3.png,7c3747c0b2c3,right,1.0,estimated_disc_position,aptos2019_7c3747c0b2c3,False,0.0
aptos2019,train,/kaggle/input/datasets/deepapaneru/aptos2019/train_images/train_images/a47432cd41e7.png,a47432cd41e7.png,a47432cd41e7,left,1.0,estimated_disc_position,aptos2019_a47432cd41e7,False,1.0
aptos2019,train,/kaggle/input/datasets/deepapaneru/aptos2019/train_images/train_images/d51e5d7484ea.png,d51e5d7484ea.png,d51e5d7484ea,right,1.0,estimated_disc_position,aptos2019_d51e5d7484ea,False,0.0
aptos2019,train,/kaggle/input/datasets/deepapaneru/aptos2019/train_images/train_images/810ed108f5b7.png,810ed108f5b7.png,810ed108f5b7,left,1.0,estimated_disc_position,aptos2019_810ed108f5b7,False,0.0
aptos2019,train,/kaggle/input/datasets/deepapaneru/aptos2019/train_images/train_images/76df141d966b.png,76df141d966b.png,76df141d966b,left,1.0,estimated_disc_position,aptos2019_76df141d966b,False,0.0
aptos2019,train,/kaggle/input/datasets/deepapaneru/aptos2019/train_images/train_images/6c4ec95dd8ba.png,6c4ec95dd8ba.png,6c4ec95dd8ba,left,0.74,estimated_disc_position,aptos2019_6c4ec95dd8ba,False,0.0
aptos2019,train,/kaggle/input/datasets/deepapaneru/aptos2019/train_images/train_images/b6fd109b1bc9.png,b6fd109b1bc9.png,b6fd109b1bc9,uncertain,0.2,estimated_disc_position,aptos2019_b6fd109b1bc9,True,0.0
aptos2019,train,/kaggle/input/datasets/deepapaneru/aptos2019/train_images/train_images/b019a49787c1.png,b019a49787c1.png,b019a49787c1,left,1.0,estimated_disc_position,aptos2019_b019a49787c1,False,3.0
aptos2019,train,/kaggle/input/datasets/deepapaneru/aptos2019/train_images/train_images/67c03349bb31.png,67c03349bb31.png,67c03349bb31,right,1.0,estimated_disc_position,aptos2019_67c03349bb31,False,2.0
aptos2019,train,/kaggle/input/datasets/deepapaneru/aptos2019/train_images/train_images/aa5ce75edcf5.png,aa5ce75edcf5.png,aa5ce75edcf5,left,1.0,estimated_disc_position,aptos2019_aa5ce75edcf5,False,2.0
aptos2019,train,/kaggle/input/datasets/deepapaneru/aptos2019/train_images/train_images/461fa5292fda.png,461fa5292fda.png,461fa5292fda,left,1.0,estimated_disc_position,aptos2019_461fa5292fda,False,0.0
aptos2019,train,/kaggle/input/datasets/deepapaneru/aptos2019/train_images/train_images/43823561c3f0.png,43823561c3f0.png,43823561c3f0,right,1.0,estimated_disc_position,aptos2019_43823561c3f0,False,0.0
aptos2019,train,/kaggle/input/datasets/deepapaneru/aptos2019/train_images/train_images/9b0eb9f41da4.png,9b0eb9f41da4.png,9b0eb9f41da4,uncertain,0.26,estimated_disc_position,aptos2019_9b0eb9f41da4,True,2.0
aptos2019,train,/kaggle/input/datasets/deepapaneru/aptos2019/train_images/train_images/9a496b1e20f9.png,9a496b1e20f9.png,9a496b1e20f9,right,1.0,estimated_disc_position,aptos2019_9a496b1e20f9,False,4.0
aptos2019,train,/kaggle/input/datasets/deepapaneru/aptos2019/train_images/train_images/3fd7df6099e3.png,3fd7df6099e3.png,3fd7df6099e3,right,1.0,estimated_disc_position,aptos2019_3fd7df6099e3,False,2.0
aptos2019,train,/kaggle/input/datasets/deepapaneru/aptos2019/train_images/train_images/3a4cfea0a766.png,3a4cfea0a766.png,3a4cfea0a766,right,1.0,estimated_disc_position,aptos2019_3a4cfea0a766,False,0.0
aptos2019,train,/kaggle/input/datasets/deepapaneru/aptos2019/train_images/train_images/80ed04a84a16.png,80ed04a84a16.png,80ed04a84a16,left,1.0,estimated_disc_position,aptos2019_80ed04a84a16,False,0.0
aptos2019,train,/kaggle/input/datasets/deepapaneru/aptos2019/train_images/train_images/6028a575dc27.png,6028a575dc27.png,6028a575dc27,left,1.0,estimated_disc_position,aptos2019_6028a575dc27,False,1.0
aptos2019,train,/kaggle/input/datasets/deepapaneru/aptos2019/train_images/train_images/65e51e18242b.png,65e51e18242b.png,65e51e18242b,right,1.0,estimated_disc_position,aptos2019_65e51e18242b,False,1.0
aptos2019,train,/kaggle/input/datasets/deepapaneru/aptos2019/train_images/train_images/1b4625877527.png,1b4625877527.png,1b4625877527,right,0.89,estimated_disc_position,aptos2019_1b4625877527,False,2.0
aptos2019,train,/kaggle/input/datasets/deepapaneru/aptos2019/train_images/train_images/a6b6d27c1b32.png,a6b6d27c1b32.png,a6b6d27c1b32,left,1.0,estimated_disc_position,aptos2019_a6b6d27c1b32,False,0.0
aptos2019,train,/kaggle/input/datasets/deepapaneru/aptos2019/train_images/train_images/39134907127a.png,39134907127a.png,39134907127a,left,1.0,estimated_disc_position,aptos2019_39134907127a,False,2.0
aptos2019,train,/kaggle/input/datasets/deepapaneru/aptos2019/train_images/train_images/e03a74e7d74f.png,e03a74e7d74f.png,e03a74e7d74f,left,1.0,estimated_disc_position,aptos2019_e03a74e7d74f,False,0.0
aptos2019,train,/kaggle/input/datasets/deepapaneru/aptos2019/train_images/train_images/ad944bd56bb6.png,ad944bd56bb6.png,ad944bd56bb6,right,1.0,estimated_disc_position,aptos2019_ad944bd56bb6,False,0.0
aptos2019,train,/kaggle/input/datasets/deepapaneru/aptos2019/train_images/train_images/959dc602febc.png,959dc602febc.png,959dc602febc,right,1.0,estimated_disc_position,aptos2019_959dc602febc,False,2.0
aptos2019,train,/kaggle/input/datasets/deepapaneru/aptos2019/train_images/train_images/a386ec9aabde.png,a386ec9aabde.png,a386ec9aabde,right,0.96,estimated_disc_position,aptos2019_a386ec9aabde,False,2.0
aptos2019,train,/kaggle/input/datasets/deepapaneru/aptos2019/train_images/train_images/e03e70bc8bba.png,e03e70bc8bba.png,e03e70bc8bba,right,1.0,estimated_disc_position,aptos2019_e03e70bc8bba,False,2.0
aptos2019,train,/kaggle/input/datasets/deepapaneru/aptos2019/train_images/train_images/720b5f62ce80.png,720b5f62ce80.png,720b5f62ce80,left,1.0,estimated_disc_position,aptos2019_720b5f62ce80,False,0.0
aptos2019,train,/kaggle/input/datasets/deepapaneru/aptos2019/train_images/train_images/3ffa14d60b24.png,3ffa14d60b24.png,3ffa14d60b24,left,0.92,estimated_disc_position,aptos2019_3ffa14d60b24,False,2.0
aptos2019,train,/kaggle/input/datasets/deepapaneru/aptos2019/train_images/train_images/523ff163211b.png,523ff163211b.png,523ff163211b,right,1.0,estimated_disc_position,aptos2019_523ff163211b,False,2.0
aptos2019,train,/kaggle/input/datasets/deepapaneru/aptos2019/train_images/train_images/3a1ecf5e2839.png,3a1ecf5e2839.png,3a1ecf5e2839,right,1.0,estimated_disc_position,aptos2019_3a1ecf5e2839,False,4.0
aptos2019,train,/kaggle/input/datasets/deepapaneru/aptos2019/train_images/train_images/8273fdb4405e.png,8273fdb4405e.png,8273fdb4405e,left,1.0,estimated_disc_position,aptos2019_8273fdb4405e,False,1.0
aptos2019,train,/kaggle/input/datasets/deepapaneru/aptos2019/train_images/train_images/7877be80901c.png,7877be80901c.png,7877be80901c,left,0.5,estimated_disc_position,aptos2019_7877be80901c,False,2.0
aptos2019,train,/kaggle/input/datasets/deepapaneru/aptos2019/train_images/train_images/7ee6de71c140.png,7ee6de71c140.png,7ee6de71c140,left,1.0,estimated_disc_position,aptos2019_7ee6de71c140,False,0.0
aptos2019,train,/kaggle/input/datasets/deepapaneru/aptos2019/train_images/train_images/af828dab3ffc.png,af828dab3ffc.png,af828dab3ffc,left,0.8,estimated_disc_position,aptos2019_af828dab3ffc,False,2.0
aptos2019,train,/kaggle/input/datasets/deepapaneru/aptos2019/train_images/train_images/c48ae5da188e.png,c48ae5da188e.png,c48ae5da188e,right,1.0,estimated_disc_position,aptos2019_c48ae5da188e,False,2.0
aptos2019,train,/kaggle/input/datasets/deepapaneru/aptos2019/train_images/train_images/9bf060db8376.png,9bf060db8376.png,9bf060db8376,right,1.0,estimated_disc_position,aptos2019_9bf060db8376,False,3.0
aptos2019,train,/kaggle/input/datasets/deepapaneru/aptos2019/train_images/train_images/5712e2aa73a2.png,5712e2aa73a2.png,5712e2aa73a2,right,1.0,estimated_disc_position,aptos2019_5712e2aa73a2,False,1.0
aptos2019,train,/kaggle/input/datasets/deepapaneru/aptos2019/train_images/train_images/8d4d14a4ab07.png,8d4d14a4ab07.png,8d4d14a4ab07,left,0.77,estimated_disc_position,aptos2019_8d4d14a4ab07,False,0.0
aptos2019,train,/kaggle/input/datasets/deepapaneru/aptos2019/train_images/train_images/7b20210d9120.png,7b20210d9120.png,7b20210d9120,right,1.0,estimated_disc_position,aptos2019_7b20210d9120,False,1.0
aptos2019,train,/kaggle/input/datasets/deepapaneru/aptos2019/train_images/train_images/b82dfa63a75f.png,b82dfa63a75f.png,b82dfa63a75f,right,1.0,estimated_disc_position,aptos2019_b82dfa63a75f,False,0.0
aptos2019,train,/kaggle/input/datasets/deepapaneru/aptos2019/train_images/train_images/e06d3d4733f0.png,e06d3d4733f0.png,e06d3d4733f0,right,1.0,estimated_disc_position,aptos2019_e06d3d4733f0,False,2.0
aptos2019,train,/kaggle/input/datasets/deepapaneru/aptos2019/train_images/train_images/387138ddf43d.png,387138ddf43d.png,387138ddf43d,right,1.0,estimated_disc_position,aptos2019_387138ddf43d,False,0.0
aptos2019,train,/kaggle/input/datasets/deepapaneru/aptos2019/train_images/train_images/b1f4122fd36a.png,b1f4122fd36a.png,b1f4122fd36a,uncertain,0.04,estimated_disc_position,aptos2019_b1f4122fd36a,True,2.0
aptos2019,train,/kaggle/input/datasets/deepapaneru/aptos2019/train_images/train_images/956765d5f46d.png,956765d5f46d.png,956765d5f46d,left,0.74,estimated_disc_position,aptos2019_956765d5f46d,False,0.0
aptos2019,train,/kaggle/input/datasets/deepapaneru/aptos2019/train_images/train_images/5a03fe3ed15c.png,5a03fe3ed15c.png,5a03fe3ed15c,left,1.0,estimated_disc_position,aptos2019_5a03fe3ed15c,False,2.0
aptos2019,train,/kaggle/input/datasets/deepapaneru/aptos2019/train_images/train_images/d160ebef4117.png,d160ebef4117.png,d160ebef4117,right,0.96,estimated_disc_position,aptos2019_d160ebef4117,False,0.0
aptos2019,train,/kaggle/input/datasets/deepapaneru/aptos2019/train_images/train_images/789c60cba801.png,789c60cba801.png,789c60cba801,left,1.0,estimated_disc_position,aptos2019_789c60cba801,False,0.0
aptos2019,train,/kaggle/input/datasets/deepapaneru/aptos2019/train_images/train_images/d16e59a2b33a.png,d16e59a2b33a.png,d16e59a2b33a,right,0.9,estimated_disc_position,aptos2019_d16e59a2b33a,False,0.0
aptos2019,train,/kaggle/input/datasets/deepapaneru/aptos2019/train_images/train_images/5b0e53f53ef3.png,5b0e53f53ef3.png,5b0e53f53ef3,left,1.0,estimated_disc_position,aptos2019_5b0e53f53ef3,False,1.0
aptos2019,train,/kaggle/input/datasets/deepapaneru/aptos2019/train_images/train_images/67f5d89da548.png,67f5d89da548.png,67f5d89da548,right,1.0,estimated_disc_position,aptos2019_67f5d89da548,False,1.0
aptos2019,train,/kaggle/input/datasets/deepapaneru/aptos2019/train_images/train_images/a2ddabee14e9.png,a2ddabee14e9.png,a2ddabee14e9,left,1.0,estimated_disc_position,aptos2019_a2ddabee14e9,False,4.0
aptos2019,train,/kaggle/input/datasets/deepapaneru/aptos2019/train_images/train_images/30cab14951ac.png,30cab14951ac.png,30cab14951ac,right,1.0,estimated_disc_position,aptos2019_30cab14951ac,False,1.0
aptos2019,train,/kaggle/input/datasets/deepapaneru/aptos2019/train_images/train_images/6d6be4cfc73f.png,6d6be4cfc73f.png,6d6be4cfc73f,right,0.51,estimated_disc_position,aptos2019_6d6be4cfc73f,False,0.0
aptos2019,train,/kaggle/input/datasets/deepapaneru/aptos2019/train_images/train_images/72d98188648f.png,72d98188648f.png,72d98188648f,left,1.0,estimated_disc_position,aptos2019_72d98188648f,False,4.0
aptos2019,train,/kaggle/input/datasets/deepapaneru/aptos2019/train_images/train_images/259d30f693b6.png,259d30f693b6.png,259d30f693b6,left,0.36,estimated_disc_position,aptos2019_259d30f693b6,False,1.0
aptos2019,train,/kaggle/input/datasets/deepapaneru/aptos2019/train_images/train_images/4036471a1bb7.png,4036471a1bb7.png,4036471a1bb7,right,1.0,estimated_disc_position,aptos2019_4036471a1bb7,False,0.0
aptos2019,train,/kaggle/input/datasets/deepapaneru/aptos2019/train_images/train_images/9ae54843c69a.png,9ae54843c69a.png,9ae54843c69a,left,1.0,estimated_disc_position,aptos2019_9ae54843c69a,False,0.0
aptos2019,train,/kaggle/input/datasets/deepapaneru/aptos2019/train_images/train_images/83a63c4a3e4a.png,83a63c4a3e4a.png,83a63c4a3e4a,left,0.54,estimated_disc_position,aptos2019_83a63c4a3e4a,False,0.0
aptos2019,train,/kaggle/input/datasets/deepapaneru/aptos2019/train_images/train_images/25dc1b41ed9c.png,25dc1b41ed9c.png,25dc1b41ed9c,right,1.0,estimated_disc_position,aptos2019_25dc1b41ed9c,False,2.0
aptos2019,train,/kaggle/input/datasets/deepapaneru/aptos2019/train_images/train_images/3c53198519f7.png,3c53198519f7.png,3c53198519f7,right,1.0,estimated_disc_position,aptos2019_3c53198519f7,False,2.0
aptos2019,train,/kaggle/input/datasets/deepapaneru/aptos2019/train_images/train_images/38e0e28d35d3.png,38e0e28d35d3.png,38e0e28d35d3,left,1.0,estimated_disc_position,aptos2019_38e0e28d35d3,False,1.0
aptos2019,train,/kaggle/input/datasets/deepapaneru/aptos2019/train_images/train_images/da6bbb76d562.png,da6bbb76d562.png,da6bbb76d562,left,1.0,estimated_disc_position,aptos2019_da6bbb76d562,False,0.0
aptos2019,train,/kaggle/input/datasets/deepapaneru/aptos2019/train_images/train_images/2d552318eb07.png,2d552318eb07.png,2d552318eb07,left,1.0,estimated_disc_position,aptos2019_2d552318eb07,False,2.0
aptos2019,train,/kaggle/input/datasets/deepapaneru/aptos2019/train_images/train_images/61bbc11fe503.png,61bbc11fe503.png,61bbc11fe503,right,1.0,estimated_disc_position,aptos2019_61bbc11fe503,False,4.0
aptos2019,train,/kaggle/input/datasets/deepapaneru/aptos2019/train_images/train_images/1d2472849dce.png,1d2472849dce.png,1d2472849dce,right,0.86,estimated_disc_position,aptos2019_1d2472849dce,False,0.0
aptos2019,train,/kaggle/input/datasets/deepapaneru/aptos2019/train_images/train_images/90a9a41eec6d.png,90a9a41eec6d.png,90a9a41eec6d,right,1.0,estimated_disc_position,aptos2019_90a9a41eec6d,False,0.0
aptos2019,train,/kaggle/input/datasets/deepapaneru/aptos2019/train_images/train_images/5e7cc6ab4ac4.png,5e7cc6ab4ac4.png,5e7cc6ab4ac4,right,1.0,estimated_disc_position,aptos2019_5e7cc6ab4ac4,False,2.0
aptos2019,train,/kaggle/input/datasets/deepapaneru/aptos2019/train_images/train_images/b6bfe9db60e5.png,b6bfe9db60e5.png,b6bfe9db60e5,left,0.98,estimated_disc_position,aptos2019_b6bfe9db60e5,False,3.0
aptos2019,train,/kaggle/input/datasets/deepapaneru/aptos2019/train_images/train_images/8ab8d9b3ce3f.png,8ab8d9b3ce3f.png,8ab8d9b3ce3f,right,1.0,estimated_disc_position,aptos2019_8ab8d9b3ce3f,False,2.0
aptos2019,train,/kaggle/input/datasets/deepapaneru/aptos2019/train_images/train_images/2c77bf969079.png,2c77bf969079.png,2c77bf969079,left,1.0,estimated_disc_position,aptos2019_2c77bf969079,False,0.0
aptos2019,train,/kaggle/input/datasets/deepapaneru/aptos2019/train_images/train_images/b71428739d4e.png,b71428739d4e.png,b71428739d4e,left,1.0,estimated_disc_position,aptos2019_b71428739d4e,False,1.0
aptos2019,train,/kaggle/input/datasets/deepapaneru/aptos2019/train_images/train_images/3178559fbf57.png,3178559fbf57.png,3178559fbf57,right,1.0,estimated_disc_position,aptos2019_3178559fbf57,False,0.0
aptos2019,train,/kaggle/input/datasets/deepapaneru/aptos2019/train_images/train_images/87295c5fa1cc.png,87295c5fa1cc.png,87295c5fa1cc,right,1.0,estimated_disc_position,aptos2019_87295c5fa1cc,False,0.0
aptos2019,train,/kaggle/input/datasets/deepapaneru/aptos2019/train_images/train_images/b3d135bd3bb5.png,b3d135bd3bb5.png,b3d135bd3bb5,right,0.71,estimated_disc_position,aptos2019_b3d135bd3bb5,False,3.0
aptos2019,train,/kaggle/input/datasets/deepapaneru/aptos2019/train_images/train_images/441848e0f308.png,441848e0f308.png,441848e0f308,left,1.0,estimated_disc_position,aptos2019_441848e0f308,False,0.0
aptos2019,train,/kaggle/input/datasets/deepapaneru/aptos2019/train_images/train_images/e2856afe62c5.png,e2856afe62c5.png,e2856afe62c5,left,1.0,estimated_disc_position,aptos2019_e2856afe62c5,False,2.0
aptos2019,train,/kaggle/input/datasets/deepapaneru/aptos2019/train_images/train_images/331121c65e88.png,331121c65e88.png,331121c65e88,right,1.0,estimated_disc_position,aptos2019_331121c65e88,False,0.0
aptos2019,train,/kaggle/input/datasets/deepapaneru/aptos2019/train_images/train_images/a88365134c3c.png,a88365134c3c.png,a88365134c3c,right,0.81,estimated_disc_position,aptos2019_a88365134c3c,False,0.0
aptos2019,train,/kaggle/input/datasets/deepapaneru/aptos2019/train_images/train_images/af133a85ea0c.png,af133a85ea0c.png,af133a85ea0c,right,0.88,estimated_disc_position,aptos2019_af133a85ea0c,False,1.0
aptos2019,train,/kaggle/input/datasets/deepapaneru/aptos2019/train_images/train_images/acc9f29538c4.png,acc9f29538c4.png,acc9f29538c4,right,1.0,estimated_disc_position,aptos2019_acc9f29538c4,False,2.0
aptos2019,train,/kaggle/input/datasets/deepapaneru/aptos2019/train_images/train_images/4b618537d52f.png,4b618537d52f.png,4b618537d52f,right,0.67,estimated_disc_position,aptos2019_4b618537d52f,False,3.0
aptos2019,train,/kaggle/input/datasets/deepapaneru/aptos2019/train_images/train_images/4b237b958555.png,4b237b958555.png,4b237b958555,right,0.38,estimated_disc_position,aptos2019_4b237b958555,False,0.0
aptos2019,train,/kaggle/input/datasets/deepapaneru/aptos2019/train_images/train_images/67844c46bc61.png,67844c46bc61.png,67844c46bc61,right,1.0,estimated_disc_position,aptos2019_67844c46bc61,False,2.0
aptos2019,train,/kaggle/input/datasets/deepapaneru/aptos2019/train_images/train_images/a00b4cb250a7.png,a00b4cb250a7.png,a00b4cb250a7,right,1.0,estimated_disc_position,aptos2019_a00b4cb250a7,False,1.0
aptos2019,train,/kaggle/input/datasets/deepapaneru/aptos2019/train_images/train_images/b8dab47a260e.png,b8dab47a260e.png,b8dab47a260e,right,0.96,estimated_disc_position,aptos2019_b8dab47a260e,False,0.0
aptos2019,train,/kaggle/input/datasets/deepapaneru/aptos2019/train_images/train_images/b3c0c3330278.png,b3c0c3330278.png,b3c0c3330278,right,1.0,estimated_disc_position,aptos2019_b3c0c3330278,False,2.0
aptos2019,train,/kaggle/input/datasets/deepapaneru/aptos2019/train_images/train_images/ab3c505b624f.png,ab3c505b624f.png,ab3c505b624f,left,1.0,estimated_disc_position,aptos2019_ab3c505b624f,False,0.0
aptos2019,train,/kaggle/input/datasets/deepapaneru/aptos2019/train_images/train_images/da0a1043abf7.png,da0a1043abf7.png,da0a1043abf7,uncertain,0.11,estimated_disc_position,aptos2019_da0a1043abf7,True,2.0
aptos2019,train,/kaggle/input/datasets/deepapaneru/aptos2019/train_images/train_images/7831ce1d895e.png,7831ce1d895e.png,7831ce1d895e,right,1.0,estimated_disc_position,aptos2019_7831ce1d895e,False,0.0
aptos2019,train,/kaggle/input/datasets/deepapaneru/aptos2019/train_images/train_images/addf66a50f42.png,addf66a50f42.png,addf66a50f42,right,0.65,estimated_disc_position,aptos2019_addf66a50f42,False,0.0
aptos2019,train,/kaggle/input/datasets/deepapaneru/aptos2019/train_images/train_images/b7f0bc7d399e.png,b7f0bc7d399e.png,b7f0bc7d399e,right,1.0,estimated_disc_position,aptos2019_b7f0bc7d399e,False,0.0
aptos2019,train,/kaggle/input/datasets/deepapaneru/aptos2019/train_images/train_images/7b9d519cbd66.png,7b9d519cbd66.png,7b9d519cbd66,right,1.0,estimated_disc_position,aptos2019_7b9d519cbd66,False,0.0
aptos2019,train,/kaggle/input/datasets/deepapaneru/aptos2019/train_images/train_images/70d0392397de.png,70d0392397de.png,70d0392397de,uncertain,0.13,estimated_disc_position,aptos2019_70d0392397de,True,0.0
aptos2019,train,/kaggle/input/datasets/deepapaneru/aptos2019/train_images/train_images/a47878630dc2.png,a47878630dc2.png,a47878630dc2,right,1.0,estimated_disc_position,aptos2019_a47878630dc2,False,2.0
aptos2019,train,/kaggle/input/datasets/deepapaneru/aptos2019/train_images/train_images/936299166bea.png,936299166bea.png,936299166bea,right,1.0,estimated_disc_position,aptos2019_936299166bea,False,0.0
aptos2019,train,/kaggle/input/datasets/deepapaneru/aptos2019/train_images/train_images/6b91e99c9408.png,6b91e99c9408.png,6b91e99c9408,left,1.0,estimated_disc_position,aptos2019_6b91e99c9408,False,0.0
aptos2019,train,/kaggle/input/datasets/deepapaneru/aptos2019/train_images/train_images/4a0890b08532.png,4a0890b08532.png,4a0890b08532,uncertain,0.08,estimated_disc_position,aptos2019_4a0890b08532,True,2.0
aptos2019,train,/kaggle/input/datasets/deepapaneru/aptos2019/train_images/train_images/780be525036d.png,780be525036d.png,780be525036d,right,1.0,estimated_disc_position,aptos2019_780be525036d,False,0.0
aptos2019,train,/kaggle/input/datasets/deepapaneru/aptos2019/train_images/train_images/b7e0f95353f2.png,b7e0f95353f2.png,b7e0f95353f2,right,0.34,estimated_disc_position,aptos2019_b7e0f95353f2,True,3.0
aptos2019,train,/kaggle/input/datasets/deepapaneru/aptos2019/train_images/train_images/d2cd47ed2c1d.png,d2cd47ed2c1d.png,d2cd47ed2c1d,left,1.0,estimated_disc_position,aptos2019_d2cd47ed2c1d,False,0.0
aptos2019,train,/kaggle/input/datasets/deepapaneru/aptos2019/train_images/train_images/6efa36d59ada.png,6efa36d59ada.png,6efa36d59ada,right,0.35,estimated_disc_position,aptos2019_6efa36d59ada,False,3.0
aptos2019,train,/kaggle/input/datasets/deepapaneru/aptos2019/train_images/train_images/a2d349f567a6.png,a2d349f567a6.png,a2d349f567a6,left,0.91,estimated_disc_position,aptos2019_a2d349f567a6,False,2.0
aptos2019,train,/kaggle/input/datasets/deepapaneru/aptos2019/train_images/train_images/de4cdabbce6d.png,de4cdabbce6d.png,de4cdabbce6d,right,1.0,estimated_disc_position,aptos2019_de4cdabbce6d,False,0.0
aptos2019,train,/kaggle/input/datasets/deepapaneru/aptos2019/train_images/train_images/929cd3867815.png,929cd3867815.png,929cd3867815,right,1.0,estimated_disc_position,aptos2019_929cd3867815,False,2.0
aptos2019,train,/kaggle/input/datasets/deepapaneru/aptos2019/train_images/train_images/98f7136d2e7a.png,98f7136d2e7a.png,98f7136d2e7a,left,1.0,estimated_disc_position,aptos2019_98f7136d2e7a,False,2.0
aptos2019,train,/kaggle/input/datasets/deepapaneru/aptos2019/train_images/train_images/df4913ca3712.png,df4913ca3712.png,df4913ca3712,left,1.0,estimated_disc_position,aptos2019_df4913ca3712,False,4.0
aptos2019,train,/kaggle/input/datasets/deepapaneru/aptos2019/train_images/train_images/668e853258cd.png,668e853258cd.png,668e853258cd,right,1.0,estimated_disc_position,aptos2019_668e853258cd,False,2.0
aptos2019,train,/kaggle/input/datasets/deepapaneru/aptos2019/train_images/train_images/dc6fa1b38b83.png,dc6fa1b38b83.png,dc6fa1b38b83,left,1.0,estimated_disc_position,aptos2019_dc6fa1b38b83,False,2.0
aptos2019,train,/kaggle/input/datasets/deepapaneru/aptos2019/train_images/train_images/cca626a0e19a.png,cca626a0e19a.png,cca626a0e19a,left,1.0,estimated_disc_position,aptos2019_cca626a0e19a,False,2.0
aptos2019,train,/kaggle/input/datasets/deepapaneru/aptos2019/train_images/train_images/6df8b7b6e837.png,6df8b7b6e837.png,6df8b7b6e837,right,1.0,estimated_disc_position,aptos2019_6df8b7b6e837,False,0.0
aptos2019,train,/kaggle/input/datasets/deepapaneru/aptos2019/train_images/train_images/3128eb593012.png,3128eb593012.png,3128eb593012,right,1.0,estimated_disc_position,aptos2019_3128eb593012,False,2.0
aptos2019,train,/kaggle/input/datasets/deepapaneru/aptos2019/train_images/train_images/e42d9a94a66d.png,e42d9a94a66d.png,e42d9a94a66d,right,0.48,estimated_disc_position,aptos2019_e42d9a94a66d,False,0.0
aptos2019,train,/kaggle/input/datasets/deepapaneru/aptos2019/train_images/train_images/29bc0e721cfe.png,29bc0e721cfe.png,29bc0e721cfe,right,0.48,estimated_disc_position,aptos2019_29bc0e721cfe,False,4.0
aptos2019,train,/kaggle/input/datasets/deepapaneru/aptos2019/train_images/train_images/b77b88926843.png,b77b88926843.png,b77b88926843,right,0.7,estimated_disc_position,aptos2019_b77b88926843,False,0.0
aptos2019,train,/kaggle/input/datasets/deepapaneru/aptos2019/train_images/train_images/a790a3b36390.png,a790a3b36390.png,a790a3b36390,right,1.0,estimated_disc_position,aptos2019_a790a3b36390,False,2.0
aptos2019,train,/kaggle/input/datasets/deepapaneru/aptos2019/train_images/train_images/d85a842d20bd.png,d85a842d20bd.png,d85a842d20bd,left,0.35,estimated_disc_position,aptos2019_d85a842d20bd,True,2.0
aptos2019,train,/kaggle/input/datasets/deepapaneru/aptos2019/train_images/train_images/b8f1b30877db.png,b8f1b30877db.png,b8f1b30877db,left,1.0,estimated_disc_position,aptos2019_b8f1b30877db,False,2.0
aptos2019,train,/kaggle/input/datasets/deepapaneru/aptos2019/train_images/train_images/486e852a3b4d.png,486e852a3b4d.png,486e852a3b4d,left,1.0,estimated_disc_position,aptos2019_486e852a3b4d,False,0.0
aptos2019,train,/kaggle/input/datasets/deepapaneru/aptos2019/train_images/train_images/dfc7ec7db0e0.png,dfc7ec7db0e0.png,dfc7ec7db0e0,right,0.8,estimated_disc_position,aptos2019_dfc7ec7db0e0,False,0.0
aptos2019,train,/kaggle/input/datasets/deepapaneru/aptos2019/train_images/train_images/ac0a48ccbf70.png,ac0a48ccbf70.png,ac0a48ccbf70,left,1.0,estimated_disc_position,aptos2019_ac0a48ccbf70,False,0.0
aptos2019,train,/kaggle/input/datasets/deepapaneru/aptos2019/train_images/train_images/4210809074c1.png,4210809074c1.png,4210809074c1,right,0.9,estimated_disc_position,aptos2019_4210809074c1,False,0.0
aptos2019,train,/kaggle/input/datasets/deepapaneru/aptos2019/train_images/train_images/4cddfc22b0ad.png,4cddfc22b0ad.png,4cddfc22b0ad,left,1.0,estimated_disc_position,aptos2019_4cddfc22b0ad,False,0.0
aptos2019,train,/kaggle/input/datasets/deepapaneru/aptos2019/train_images/train_images/76cfe8967f7d.png,76cfe8967f7d.png,76cfe8967f7d,left,0.78,estimated_disc_position,aptos2019_76cfe8967f7d,False,2.0
aptos2019,train,/kaggle/input/datasets/deepapaneru/aptos2019/train_images/train_images/1da4a17c18c9.png,1da4a17c18c9.png,1da4a17c18c9,left,0.98,estimated_disc_position,aptos2019_1da4a17c18c9,False,0.0
aptos2019,train,/kaggle/input/datasets/deepapaneru/aptos2019/train_images/train_images/e2c3b037413b.png,e2c3b037413b.png,e2c3b037413b,right,1.0,estimated_disc_position,aptos2019_e2c3b037413b,False,0.0
aptos2019,train,/kaggle/input/datasets/deepapaneru/aptos2019/train_images/train_images/aec51513cf45.png,aec51513cf45.png,aec51513cf45,left,1.0,estimated_disc_position,aptos2019_aec51513cf45,False,0.0
aptos2019,train,/kaggle/input/datasets/deepapaneru/aptos2019/train_images/train_images/92889b863ae6.png,92889b863ae6.png,92889b863ae6,right,1.0,estimated_disc_position,aptos2019_92889b863ae6,False,0.0
aptos2019,train,/kaggle/input/datasets/deepapaneru/aptos2019/train_images/train_images/dde43aa22ae6.png,dde43aa22ae6.png,dde43aa22ae6,uncertain,0.06,estimated_disc_position,aptos2019_dde43aa22ae6,True,2.0
aptos2019,train,/kaggle/input/datasets/deepapaneru/aptos2019/train_images/train_images/c1437a7a52c9.png,c1437a7a52c9.png,c1437a7a52c9,right,1.0,estimated_disc_position,aptos2019_c1437a7a52c9,False,0.0
aptos2019,train,/kaggle/input/datasets/deepapaneru/aptos2019/train_images/train_images/dee31065f8fe.png,dee31065f8fe.png,dee31065f8fe,left,0.85,estimated_disc_position,aptos2019_dee31065f8fe,False,0.0
aptos2019,train,/kaggle/input/datasets/deepapaneru/aptos2019/train_images/train_images/5293576816aa.png,5293576816aa.png,5293576816aa,left,0.36,estimated_disc_position,aptos2019_5293576816aa,False,0.0
aptos2019,train,/kaggle/input/datasets/deepapaneru/aptos2019/train_images/train_images/a3132c8828e4.png,a3132c8828e4.png,a3132c8828e4,left,1.0,estimated_disc_position,aptos2019_a3132c8828e4,False,0.0
aptos2019,train,/kaggle/input/datasets/deepapaneru/aptos2019/train_images/train_images/c613db1cab27.png,c613db1cab27.png,c613db1cab27,right,1.0,estimated_disc_position,aptos2019_c613db1cab27,False,2.0
aptos2019,train,/kaggle/input/datasets/deepapaneru/aptos2019/train_images/train_images/4dd7b322f342.png,4dd7b322f342.png,4dd7b322f342,right,0.68,estimated_disc_position,aptos2019_4dd7b322f342,False,0.0
aptos2019,train,/kaggle/input/datasets/deepapaneru/aptos2019/train_images/train_images/ac5b5dddf91b.png,ac5b5dddf91b.png,ac5b5dddf91b,uncertain,0.21,estimated_disc_position,aptos2019_ac5b5dddf91b,True,2.0
aptos2019,train,/kaggle/input/datasets/deepapaneru/aptos2019/train_images/train_images/3bf2deaa5ef0.png,3bf2deaa5ef0.png,3bf2deaa5ef0,left,1.0,estimated_disc_position,aptos2019_3bf2deaa5ef0,False,0.0
aptos2019,train,/kaggle/input/datasets/deepapaneru/aptos2019/train_images/train_images/35ac70c0d08f.png,35ac70c0d08f.png,35ac70c0d08f,right,0.9,estimated_disc_position,aptos2019_35ac70c0d08f,False,0.0
aptos2019,train,/kaggle/input/datasets/deepapaneru/aptos2019/train_images/train_images/4478b870e549.png,4478b870e549.png,4478b870e549,left,1.0,estimated_disc_position,aptos2019_4478b870e549,False,2.0
aptos2019,train,/kaggle/input/datasets/deepapaneru/aptos2019/train_images/train_images/9ce46d400cd6.png,9ce46d400cd6.png,9ce46d400cd6,right,1.0,estimated_disc_position,aptos2019_9ce46d400cd6,False,0.0
aptos2019,train,/kaggle/input/datasets/deepapaneru/aptos2019/train_images/train_images/8c4ceddeb1c6.png,8c4ceddeb1c6.png,8c4ceddeb1c6,left,1.0,estimated_disc_position,aptos2019_8c4ceddeb1c6,False,0.0
aptos2019,train,/kaggle/input/datasets/deepapaneru/aptos2019/train_images/train_images/be197b663520.png,be197b663520.png,be197b663520,right,0.35,estimated_disc_position,aptos2019_be197b663520,True,0.0
aptos2019,train,/kaggle/input/datasets/deepapaneru/aptos2019/train_images/train_images/ae1344610ebe.png,ae1344610ebe.png,ae1344610ebe,left,1.0,estimated_disc_position,aptos2019_ae1344610ebe,False,2.0
aptos2019,train,/kaggle/input/datasets/deepapaneru/aptos2019/train_images/train_images/bdff5d8bddf8.png,bdff5d8bddf8.png,bdff5d8bddf8,right,1.0,estimated_disc_position,aptos2019_bdff5d8bddf8,False,4.0
aptos2019,train,/kaggle/input/datasets/deepapaneru/aptos2019/train_images/train_images/941d874c8afb.png,941d874c8afb.png,941d874c8afb,right,0.94,estimated_disc_position,aptos2019_941d874c8afb,False,0.0
aptos2019,train,/kaggle/input/datasets/deepapaneru/aptos2019/train_images/train_images/3cd9713c0ecb.png,3cd9713c0ecb.png,3cd9713c0ecb,left,0.96,estimated_disc_position,aptos2019_3cd9713c0ecb,False,0.0
aptos2019,train,/kaggle/input/datasets/deepapaneru/aptos2019/train_images/train_images/677f087cd697.png,677f087cd697.png,677f087cd697,right,1.0,estimated_disc_position,aptos2019_677f087cd697,False,1.0
aptos2019,train,/kaggle/input/datasets/deepapaneru/aptos2019/train_images/train_images/81704925f759.png,81704925f759.png,81704925f759,left,1.0,estimated_disc_position,aptos2019_81704925f759,False,0.0
aptos2019,train,/kaggle/input/datasets/deepapaneru/aptos2019/train_images/train_images/a93f1ea3ff4a.png,a93f1ea3ff4a.png,a93f1ea3ff4a,left,1.0,estimated_disc_position,aptos2019_a93f1ea3ff4a,False,2.0
aptos2019,train,/kaggle/input/datasets/deepapaneru/aptos2019/train_images/train_images/1c5ad36fb799.png,1c5ad36fb799.png,1c5ad36fb799,left,1.0,estimated_disc_position,aptos2019_1c5ad36fb799,False,2.0
aptos2019,train,/kaggle/input/datasets/deepapaneru/aptos2019/train_images/train_images/c0968d41eb93.png,c0968d41eb93.png,c0968d41eb93,left,1.0,estimated_disc_position,aptos2019_c0968d41eb93,False,1.0
aptos2019,train,/kaggle/input/datasets/deepapaneru/aptos2019/train_images/train_images/a94da3d3b5c0.png,a94da3d3b5c0.png,a94da3d3b5c0,right,1.0,estimated_disc_position,aptos2019_a94da3d3b5c0,False,0.0
aptos2019,train,/kaggle/input/datasets/deepapaneru/aptos2019/train_images/train_images/8693ab1fd2be.png,8693ab1fd2be.png,8693ab1fd2be,left,1.0,estimated_disc_position,aptos2019_8693ab1fd2be,False,0.0
aptos2019,train,/kaggle/input/datasets/deepapaneru/aptos2019/train_images/train_images/51cfeccaf40d.png,51cfeccaf40d.png,51cfeccaf40d,right,1.0,estimated_disc_position,aptos2019_51cfeccaf40d,False,2.0
aptos2019,train,/kaggle/input/datasets/deepapaneru/aptos2019/train_images/train_images/d6803e467592.png,d6803e467592.png,d6803e467592,uncertain,0.28,estimated_disc_position,aptos2019_d6803e467592,True,0.0
aptos2019,train,/kaggle/input/datasets/deepapaneru/aptos2019/train_images/train_images/e32dc722eca5.png,e32dc722eca5.png,e32dc722eca5,right,1.0,estimated_disc_position,aptos2019_e32dc722eca5,False,4.0
aptos2019,train,/kaggle/input/datasets/deepapaneru/aptos2019/train_images/train_images/8c29a76fa08c.png,8c29a76fa08c.png,8c29a76fa08c,left,0.79,estimated_disc_position,aptos2019_8c29a76fa08c,False,0.0
aptos2019,train,/kaggle/input/datasets/deepapaneru/aptos2019/train_images/train_images/a9d0c900b6a9.png,a9d0c900b6a9.png,a9d0c900b6a9,uncertain,0.13,estimated_disc_position,aptos2019_a9d0c900b6a9,True,2.0
aptos2019,train,/kaggle/input/datasets/deepapaneru/aptos2019/train_images/train_images/53ddae6a619e.png,53ddae6a619e.png,53ddae6a619e,left,0.84,estimated_disc_position,aptos2019_53ddae6a619e,False,0.0
aptos2019,train,/kaggle/input/datasets/deepapaneru/aptos2019/train_images/train_images/6107a2e9f60e.png,6107a2e9f60e.png,6107a2e9f60e,left,0.4,estimated_disc_position,aptos2019_6107a2e9f60e,False,0.0
aptos2019,train,/kaggle/input/datasets/deepapaneru/aptos2019/train_images/train_images/d6b109c82067.png,d6b109c82067.png,d6b109c82067,right,1.0,estimated_disc_position,aptos2019_d6b109c82067,False,0.0
aptos2019,train,/kaggle/input/datasets/deepapaneru/aptos2019/train_images/train_images/5b3d41626ec5.png,5b3d41626ec5.png,5b3d41626ec5,right,0.96,estimated_disc_position,aptos2019_5b3d41626ec5,False,0.0
aptos2019,train,/kaggle/input/datasets/deepapaneru/aptos2019/train_images/train_images/92587e494d51.png,92587e494d51.png,92587e494d51,right,0.44,estimated_disc_position,aptos2019_92587e494d51,False,0.0
aptos2019,train,/kaggle/input/datasets/deepapaneru/aptos2019/train_images/train_images/8650d32f4a9e.png,8650d32f4a9e.png,8650d32f4a9e,right,1.0,estimated_disc_position,aptos2019_8650d32f4a9e,False,0.0
aptos2019,train,/kaggle/input/datasets/deepapaneru/aptos2019/train_images/train_images/217dad18a5ed.png,217dad18a5ed.png,217dad18a5ed,right,0.47,estimated_disc_position,aptos2019_217dad18a5ed,False,2.0
aptos2019,train,/kaggle/input/datasets/deepapaneru/aptos2019/train_images/train_images/3ac3fbfca7d4.png,3ac3fbfca7d4.png,3ac3fbfca7d4,right,1.0,estimated_disc_position,aptos2019_3ac3fbfca7d4,False,4.0
aptos2019,train,/kaggle/input/datasets/deepapaneru/aptos2019/train_images/train_images/dec5595e6154.png,dec5595e6154.png,dec5595e6154,right,1.0,estimated_disc_position,aptos2019_dec5595e6154,False,0.0
aptos2019,train,/kaggle/input/datasets/deepapaneru/aptos2019/train_images/train_images/d5c63a8d9e94.png,d5c63a8d9e94.png,d5c63a8d9e94,left,0.98,estimated_disc_position,aptos2019_d5c63a8d9e94,False,0.0
aptos2019,train,/kaggle/input/datasets/deepapaneru/aptos2019/train_images/train_images/838b3e4d0bb4.png,838b3e4d0bb4.png,838b3e4d0bb4,left,0.99,estimated_disc_position,aptos2019_838b3e4d0bb4,False,0.0
aptos2019,train,/kaggle/input/datasets/deepapaneru/aptos2019/train_images/train_images/ad12cde115ab.png,ad12cde115ab.png,ad12cde115ab,right,1.0,estimated_disc_position,aptos2019_ad12cde115ab,False,0.0
aptos2019,train,/kaggle/input/datasets/deepapaneru/aptos2019/train_images/train_images/3cdef7c591cc.png,3cdef7c591cc.png,3cdef7c591cc,right,1.0,estimated_disc_position,aptos2019_3cdef7c591cc,False,0.0
aptos2019,train,/kaggle/input/datasets/deepapaneru/aptos2019/train_images/train_images/4c52922f3bfd.png,4c52922f3bfd.png,4c52922f3bfd,uncertain,0.21,estimated_disc_position,aptos2019_4c52922f3bfd,True,2.0
aptos2019,train,/kaggle/input/datasets/deepapaneru/aptos2019/train_images/train_images/5264a54e1830.png,5264a54e1830.png,5264a54e1830,left,1.0,estimated_disc_position,aptos2019_5264a54e1830,False,0.0
aptos2019,train,/kaggle/input/datasets/deepapaneru/aptos2019/train_images/train_images/653534ded339.png,653534ded339.png,653534ded339,left,0.69,estimated_disc_position,aptos2019_653534ded339,False,2.0
aptos2019,train,/kaggle/input/datasets/deepapaneru/aptos2019/train_images/train_images/3f47f83217b5.png,3f47f83217b5.png,3f47f83217b5,right,1.0,estimated_disc_position,aptos2019_3f47f83217b5,False,2.0
aptos2019,train,/kaggle/input/datasets/deepapaneru/aptos2019/train_images/train_images/4661006f3ba6.png,4661006f3ba6.png,4661006f3ba6,right,1.0,estimated_disc_position,aptos2019_4661006f3ba6,False,1.0
aptos2019,train,/kaggle/input/datasets/deepapaneru/aptos2019/train_images/train_images/1b495ac025b7.png,1b495ac025b7.png,1b495ac025b7,left,0.53,estimated_disc_position,aptos2019_1b495ac025b7,False,3.0
aptos2019,train,/kaggle/input/datasets/deepapaneru/aptos2019/train_images/train_images/bf7221a016b5.png,bf7221a016b5.png,bf7221a016b5,left,1.0,estimated_disc_position,aptos2019_bf7221a016b5,False,0.0
aptos2019,train,/kaggle/input/datasets/deepapaneru/aptos2019/train_images/train_images/ad2f0b9d059c.png,ad2f0b9d059c.png,ad2f0b9d059c,left,1.0,estimated_disc_position,aptos2019_ad2f0b9d059c,False,3.0
aptos2019,train,/kaggle/input/datasets/deepapaneru/aptos2019/train_images/train_images/6cdd0f985270.png,6cdd0f985270.png,6cdd0f985270,right,1.0,estimated_disc_position,aptos2019_6cdd0f985270,False,1.0
aptos2019,train,/kaggle/input/datasets/deepapaneru/aptos2019/train_images/train_images/cd29c88c9e36.png,cd29c88c9e36.png,cd29c88c9e36,uncertain,0.3,estimated_disc_position,aptos2019_cd29c88c9e36,True,2.0
aptos2019,train,/kaggle/input/datasets/deepapaneru/aptos2019/train_images/train_images/b9c7c5182075.png,b9c7c5182075.png,b9c7c5182075,right,1.0,estimated_disc_position,aptos2019_b9c7c5182075,False,0.0
aptos2019,train,/kaggle/input/datasets/deepapaneru/aptos2019/train_images/train_images/bfdee9be1f1d.png,bfdee9be1f1d.png,bfdee9be1f1d,left,0.99,estimated_disc_position,aptos2019_bfdee9be1f1d,False,4.0
aptos2019,train,/kaggle/input/datasets/deepapaneru/aptos2019/train_images/train_images/9858cc2ae073.png,9858cc2ae073.png,9858cc2ae073,right,1.0,estimated_disc_position,aptos2019_9858cc2ae073,False,0.0
aptos2019,train,/kaggle/input/datasets/deepapaneru/aptos2019/train_images/train_images/bb45257258cc.png,bb45257258cc.png,bb45257258cc,right,1.0,estimated_disc_position,aptos2019_bb45257258cc,False,1.0
aptos2019,train,/kaggle/input/datasets/deepapaneru/aptos2019/train_images/train_images/bf18ff30a8f6.png,bf18ff30a8f6.png,bf18ff30a8f6,right,0.92,estimated_disc_position,aptos2019_bf18ff30a8f6,False,1.0
aptos2019,train,/kaggle/input/datasets/deepapaneru/aptos2019/train_images/train_images/281d7b7c7676.png,281d7b7c7676.png,281d7b7c7676,right,0.68,estimated_disc_position,aptos2019_281d7b7c7676,False,4.0
aptos2019,train,/kaggle/input/datasets/deepapaneru/aptos2019/train_images/train_images/62e6f814c8f5.png,62e6f814c8f5.png,62e6f814c8f5,left,1.0,estimated_disc_position,aptos2019_62e6f814c8f5,False,2.0
aptos2019,train,/kaggle/input/datasets/deepapaneru/aptos2019/train_images/train_images/de2eb5c8aa83.png,de2eb5c8aa83.png,de2eb5c8aa83,left,1.0,estimated_disc_position,aptos2019_de2eb5c8aa83,False,0.0
aptos2019,train,/kaggle/input/datasets/deepapaneru/aptos2019/train_images/train_images/c6e1e9fbf39b.png,c6e1e9fbf39b.png,c6e1e9fbf39b,left,0.33,estimated_disc_position,aptos2019_c6e1e9fbf39b,True,2.0
aptos2019,train,/kaggle/input/datasets/deepapaneru/aptos2019/train_images/train_images/7c6594b50690.png,7c6594b50690.png,7c6594b50690,left,1.0,estimated_disc_position,aptos2019_7c6594b50690,False,0.0
aptos2019,train,/kaggle/input/datasets/deepapaneru/aptos2019/train_images/train_images/93421787f520.png,93421787f520.png,93421787f520,left,0.51,estimated_disc_position,aptos2019_93421787f520,False,0.0
aptos2019,train,/kaggle/input/datasets/deepapaneru/aptos2019/train_images/train_images/5a179c123fd8.png,5a179c123fd8.png,5a179c123fd8,left,1.0,estimated_disc_position,aptos2019_5a179c123fd8,False,0.0
aptos2019,train,/kaggle/input/datasets/deepapaneru/aptos2019/train_images/train_images/6baafa56895c.png,6baafa56895c.png,6baafa56895c,right,1.0,estimated_disc_position,aptos2019_6baafa56895c,False,3.0
aptos2019,train,/kaggle/input/datasets/deepapaneru/aptos2019/train_images/train_images/1e742358e0b9.png,1e742358e0b9.png,1e742358e0b9,left,1.0,estimated_disc_position,aptos2019_1e742358e0b9,False,0.0
aptos2019,train,/kaggle/input/datasets/deepapaneru/aptos2019/train_images/train_images/7a6495a39d87.png,7a6495a39d87.png,7a6495a39d87,right,1.0,estimated_disc_position,aptos2019_7a6495a39d87,False,0.0
aptos2019,train,/kaggle/input/datasets/deepapaneru/aptos2019/train_images/train_images/9e99ae6ee7af.png,9e99ae6ee7af.png,9e99ae6ee7af,right,1.0,estimated_disc_position,aptos2019_9e99ae6ee7af,False,0.0
aptos2019,train,/kaggle/input/datasets/deepapaneru/aptos2019/train_images/train_images/d6dbb0820ea5.png,d6dbb0820ea5.png,d6dbb0820ea5,right,0.86,estimated_disc_position,aptos2019_d6dbb0820ea5,False,0.0
aptos2019,train,/kaggle/input/datasets/deepapaneru/aptos2019/train_images/train_images/8fc09fecd22f.png,8fc09fecd22f.png,8fc09fecd22f,left,1.0,estimated_disc_position,aptos2019_8fc09fecd22f,False,1.0
aptos2019,train,/kaggle/input/datasets/deepapaneru/aptos2019/train_images/train_images/4e43d05cc2ef.png,4e43d05cc2ef.png,4e43d05cc2ef,left,0.37,estimated_disc_position,aptos2019_4e43d05cc2ef,False,2.0
aptos2019,train,/kaggle/input/datasets/deepapaneru/aptos2019/train_images/train_images/5cc6dea19614.png,5cc6dea19614.png,5cc6dea19614,uncertain,0.29,estimated_disc_position,aptos2019_5cc6dea19614,True,2.0
aptos2019,train,/kaggle/input/datasets/deepapaneru/aptos2019/train_images/train_images/c3aa424eff9a.png,c3aa424eff9a.png,c3aa424eff9a,left,1.0,estimated_disc_position,aptos2019_c3aa424eff9a,False,0.0
aptos2019,train,/kaggle/input/datasets/deepapaneru/aptos2019/train_images/train_images/bc8c6a778cde.png,bc8c6a778cde.png,bc8c6a778cde,left,1.0,estimated_disc_position,aptos2019_bc8c6a778cde,False,0.0
aptos2019,train,/kaggle/input/datasets/deepapaneru/aptos2019/train_images/train_images/daad7b617f21.png,daad7b617f21.png,daad7b617f21,left,0.97,estimated_disc_position,aptos2019_daad7b617f21,False,0.0
aptos2019,train,/kaggle/input/datasets/deepapaneru/aptos2019/train_images/train_images/de38adaae009.png,de38adaae009.png,de38adaae009,right,1.0,estimated_disc_position,aptos2019_de38adaae009,False,0.0
aptos2019,train,/kaggle/input/datasets/deepapaneru/aptos2019/train_images/train_images/c6c2bad91f23.png,c6c2bad91f23.png,c6c2bad91f23,left,1.0,estimated_disc_position,aptos2019_c6c2bad91f23,False,2.0
aptos2019,train,/kaggle/input/datasets/deepapaneru/aptos2019/train_images/train_images/6e44f6d04fc9.png,6e44f6d04fc9.png,6e44f6d04fc9,left,0.81,estimated_disc_position,aptos2019_6e44f6d04fc9,False,0.0
aptos2019,train,/kaggle/input/datasets/deepapaneru/aptos2019/train_images/train_images/6194e0fff071.png,6194e0fff071.png,6194e0fff071,left,1.0,estimated_disc_position,aptos2019_6194e0fff071,False,4.0
aptos2019,train,/kaggle/input/datasets/deepapaneru/aptos2019/train_images/train_images/8aab201c0691.png,8aab201c0691.png,8aab201c0691,left,1.0,estimated_disc_position,aptos2019_8aab201c0691,False,2.0
aptos2019,train,/kaggle/input/datasets/deepapaneru/aptos2019/train_images/train_images/c1896142a20a.png,c1896142a20a.png,c1896142a20a,left,1.0,estimated_disc_position,aptos2019_c1896142a20a,False,4.0
aptos2019,train,/kaggle/input/datasets/deepapaneru/aptos2019/train_images/train_images/3e6bfc4d5c65.png,3e6bfc4d5c65.png,3e6bfc4d5c65,right,1.0,estimated_disc_position,aptos2019_3e6bfc4d5c65,False,2.0
aptos2019,train,/kaggle/input/datasets/deepapaneru/aptos2019/train_images/train_images/59bd19c1c5bb.png,59bd19c1c5bb.png,59bd19c1c5bb,left,0.72,estimated_disc_position,aptos2019_59bd19c1c5bb,False,0.0
aptos2019,train,/kaggle/input/datasets/deepapaneru/aptos2019/train_images/train_images/5d3c8c1f57da.png,5d3c8c1f57da.png,5d3c8c1f57da,right,1.0,estimated_disc_position,aptos2019_5d3c8c1f57da,False,0.0
aptos2019,train,/kaggle/input/datasets/deepapaneru/aptos2019/train_images/train_images/29f44aea93a4.png,29f44aea93a4.png,29f44aea93a4,left,1.0,estimated_disc_position,aptos2019_29f44aea93a4,False,2.0
aptos2019,train,/kaggle/input/datasets/deepapaneru/aptos2019/train_images/train_images/cc964bf04dbc.png,cc964bf04dbc.png,cc964bf04dbc,left,0.78,estimated_disc_position,aptos2019_cc964bf04dbc,False,0.0
aptos2019,train,/kaggle/input/datasets/deepapaneru/aptos2019/train_images/train_images/cffc50047828.png,cffc50047828.png,cffc50047828,right,1.0,estimated_disc_position,aptos2019_cffc50047828,False,0.0
aptos2019,train,/kaggle/input/datasets/deepapaneru/aptos2019/train_images/train_images/8114d6a160df.png,8114d6a160df.png,8114d6a160df,left,1.0,estimated_disc_position,aptos2019_8114d6a160df,False,1.0
aptos2019,train,/kaggle/input/datasets/deepapaneru/aptos2019/train_images/train_images/66b88a4bc474.png,66b88a4bc474.png,66b88a4bc474,right,1.0,estimated_disc_position,aptos2019_66b88a4bc474,False,0.0
aptos2019,train,/kaggle/input/datasets/deepapaneru/aptos2019/train_images/train_images/879744b9dc65.png,879744b9dc65.png,879744b9dc65,uncertain,0.3,estimated_disc_position,aptos2019_879744b9dc65,True,2.0
aptos2019,train,/kaggle/input/datasets/deepapaneru/aptos2019/train_images/train_images/a0fd94e2ad76.png,a0fd94e2ad76.png,a0fd94e2ad76,left,1.0,estimated_disc_position,aptos2019_a0fd94e2ad76,False,0.0
aptos2019,train,/kaggle/input/datasets/deepapaneru/aptos2019/train_images/train_images/c6a8f8f998a2.png,c6a8f8f998a2.png,c6a8f8f998a2,right,1.0,estimated_disc_position,aptos2019_c6a8f8f998a2,False,0.0
aptos2019,train,/kaggle/input/datasets/deepapaneru/aptos2019/train_images/train_images/2c2aa057afc5.png,2c2aa057afc5.png,2c2aa057afc5,uncertain,0.03,estimated_disc_position,aptos2019_2c2aa057afc5,True,2.0
aptos2019,train,/kaggle/input/datasets/deepapaneru/aptos2019/train_images/train_images/1ca62b3e4fd3.png,1ca62b3e4fd3.png,1ca62b3e4fd3,left,1.0,estimated_disc_position,aptos2019_1ca62b3e4fd3,False,0.0
aptos2019,train,/kaggle/input/datasets/deepapaneru/aptos2019/train_images/train_images/bc34f52c37c7.png,bc34f52c37c7.png,bc34f52c37c7,left,1.0,estimated_disc_position,aptos2019_bc34f52c37c7,False,0.0
aptos2019,train,/kaggle/input/datasets/deepapaneru/aptos2019/train_images/train_images/cd93a472e5cd.png,cd93a472e5cd.png,cd93a472e5cd,right,0.77,estimated_disc_position,aptos2019_cd93a472e5cd,False,4.0
aptos2019,train,/kaggle/input/datasets/deepapaneru/aptos2019/train_images/train_images/a15652b22ab8.png,a15652b22ab8.png,a15652b22ab8,right,1.0,estimated_disc_position,aptos2019_a15652b22ab8,False,2.0
aptos2019,train,/kaggle/input/datasets/deepapaneru/aptos2019/train_images/train_images/523b3f0fc646.png,523b3f0fc646.png,523b3f0fc646,left,1.0,estimated_disc_position,aptos2019_523b3f0fc646,False,1.0
aptos2019,train,/kaggle/input/datasets/deepapaneru/aptos2019/train_images/train_images/42b93b574f23.png,42b93b574f23.png,42b93b574f23,right,0.72,estimated_disc_position,aptos2019_42b93b574f23,False,2.0
aptos2019,train,/kaggle/input/datasets/deepapaneru/aptos2019/train_images/train_images/2a099b247b10.png,2a099b247b10.png,2a099b247b10,left,1.0,estimated_disc_position,aptos2019_2a099b247b10,False,2.0
aptos2019,train,/kaggle/input/datasets/deepapaneru/aptos2019/train_images/train_images/384e6c915722.png,384e6c915722.png,384e6c915722,right,1.0,estimated_disc_position,aptos2019_384e6c915722,False,0.0
aptos2019,train,/kaggle/input/datasets/deepapaneru/aptos2019/train_images/train_images/599b89048034.png,599b89048034.png,599b89048034,left,0.53,estimated_disc_position,aptos2019_599b89048034,False,2.0
aptos2019,train,/kaggle/input/datasets/deepapaneru/aptos2019/train_images/train_images/96b5474ae604.png,96b5474ae604.png,96b5474ae604,left,1.0,estimated_disc_position,aptos2019_96b5474ae604,False,0.0
aptos2019,train,/kaggle/input/datasets/deepapaneru/aptos2019/train_images/train_images/ab78a66dee6a.png,ab78a66dee6a.png,ab78a66dee6a,left,0.68,estimated_disc_position,aptos2019_ab78a66dee6a,False,0.0
aptos2019,train,/kaggle/input/datasets/deepapaneru/aptos2019/train_images/train_images/32d7d360d891.png,32d7d360d891.png,32d7d360d891,right,0.94,estimated_disc_position,aptos2019_32d7d360d891,False,0.0
aptos2019,train,/kaggle/input/datasets/deepapaneru/aptos2019/train_images/train_images/51269b77d312.png,51269b77d312.png,51269b77d312,left,1.0,estimated_disc_position,aptos2019_51269b77d312,False,3.0
aptos2019,train,/kaggle/input/datasets/deepapaneru/aptos2019/train_images/train_images/8e2a3978c244.png,8e2a3978c244.png,8e2a3978c244,left,0.44,estimated_disc_position,aptos2019_8e2a3978c244,False,0.0
aptos2019,train,/kaggle/input/datasets/deepapaneru/aptos2019/train_images/train_images/5bf3357a2823.png,5bf3357a2823.png,5bf3357a2823,right,1.0,estimated_disc_position,aptos2019_5bf3357a2823,False,0.0
aptos2019,train,/kaggle/input/datasets/deepapaneru/aptos2019/train_images/train_images/a528be013a04.png,a528be013a04.png,a528be013a04,left,1.0,estimated_disc_position,aptos2019_a528be013a04,False,0.0
aptos2019,train,/kaggle/input/datasets/deepapaneru/aptos2019/train_images/train_images/7b211d8bd249.png,7b211d8bd249.png,7b211d8bd249,left,1.0,estimated_disc_position,aptos2019_7b211d8bd249,False,4.0
aptos2019,train,/kaggle/input/datasets/deepapaneru/aptos2019/train_images/train_images/9e2ba2b979f1.png,9e2ba2b979f1.png,9e2ba2b979f1,right,1.0,estimated_disc_position,aptos2019_9e2ba2b979f1,False,0.0
aptos2019,train,/kaggle/input/datasets/deepapaneru/aptos2019/train_images/train_images/3c72f580d4ba.png,3c72f580d4ba.png,3c72f580d4ba,left,0.98,estimated_disc_position,aptos2019_3c72f580d4ba,False,1.0
aptos2019,train,/kaggle/input/datasets/deepapaneru/aptos2019/train_images/train_images/bb733062f494.png,bb733062f494.png,bb733062f494,left,1.0,estimated_disc_position,aptos2019_bb733062f494,False,2.0
aptos2019,train,/kaggle/input/datasets/deepapaneru/aptos2019/train_images/train_images/d67374d3fa2a.png,d67374d3fa2a.png,d67374d3fa2a,left,0.93,estimated_disc_position,aptos2019_d67374d3fa2a,False,2.0
aptos2019,train,/kaggle/input/datasets/deepapaneru/aptos2019/train_images/train_images/32a3eb37ff40.png,32a3eb37ff40.png,32a3eb37ff40,right,1.0,estimated_disc_position,aptos2019_32a3eb37ff40,False,2.0
aptos2019,train,/kaggle/input/datasets/deepapaneru/aptos2019/train_images/train_images/a07efb1ecfc0.png,a07efb1ecfc0.png,a07efb1ecfc0,left,1.0,estimated_disc_position,aptos2019_a07efb1ecfc0,False,0.0
aptos2019,train,/kaggle/input/datasets/deepapaneru/aptos2019/train_images/train_images/1d0b93317aa8.png,1d0b93317aa8.png,1d0b93317aa8,left,1.0,estimated_disc_position,aptos2019_1d0b93317aa8,False,0.0
aptos2019,train,/kaggle/input/datasets/deepapaneru/aptos2019/train_images/train_images/3b4a5fcbe5e0.png,3b4a5fcbe5e0.png,3b4a5fcbe5e0,left,1.0,estimated_disc_position,aptos2019_3b4a5fcbe5e0,False,4.0
aptos2019,train,/kaggle/input/datasets/deepapaneru/aptos2019/train_images/train_images/9232dc06cfdc.png,9232dc06cfdc.png,9232dc06cfdc,right,1.0,estimated_disc_position,aptos2019_9232dc06cfdc,False,0.0
aptos2019,train,/kaggle/input/datasets/deepapaneru/aptos2019/train_images/train_images/d9e58e4d8689.png,d9e58e4d8689.png,d9e58e4d8689,right,1.0,estimated_disc_position,aptos2019_d9e58e4d8689,False,0.0
aptos2019,train,/kaggle/input/datasets/deepapaneru/aptos2019/train_images/train_images/d4583e9525dc.png,d4583e9525dc.png,d4583e9525dc,right,1.0,estimated_disc_position,aptos2019_d4583e9525dc,False,0.0
aptos2019,train,/kaggle/input/datasets/deepapaneru/aptos2019/train_images/train_images/9688c6ef5dc5.png,9688c6ef5dc5.png,9688c6ef5dc5,left,0.86,estimated_disc_position,aptos2019_9688c6ef5dc5,False,0.0
aptos2019,train,/kaggle/input/datasets/deepapaneru/aptos2019/train_images/train_images/4fecf87184e6.png,4fecf87184e6.png,4fecf87184e6,right,1.0,estimated_disc_position,aptos2019_4fecf87184e6,False,3.0
aptos2019,train,/kaggle/input/datasets/deepapaneru/aptos2019/train_images/train_images/2b2f5a0f880d.png,2b2f5a0f880d.png,2b2f5a0f880d,left,1.0,estimated_disc_position,aptos2019_2b2f5a0f880d,False,0.0
aptos2019,train,/kaggle/input/datasets/deepapaneru/aptos2019/train_images/train_images/237c078d00fc.png,237c078d00fc.png,237c078d00fc,right,1.0,estimated_disc_position,aptos2019_237c078d00fc,False,3.0
aptos2019,train,/kaggle/input/datasets/deepapaneru/aptos2019/train_images/train_images/384631079d1e.png,384631079d1e.png,384631079d1e,left,1.0,estimated_disc_position,aptos2019_384631079d1e,False,1.0
aptos2019,train,/kaggle/input/datasets/deepapaneru/aptos2019/train_images/train_images/af831c158744.png,af831c158744.png,af831c158744,left,1.0,estimated_disc_position,aptos2019_af831c158744,False,2.0
aptos2019,train,/kaggle/input/datasets/deepapaneru/aptos2019/train_images/train_images/357f02a779d7.png,357f02a779d7.png,357f02a779d7,left,1.0,estimated_disc_position,aptos2019_357f02a779d7,False,0.0
aptos2019,train,/kaggle/input/datasets/deepapaneru/aptos2019/train_images/train_images/4464bb62bf20.png,4464bb62bf20.png,4464bb62bf20,uncertain,0.15,estimated_disc_position,aptos2019_4464bb62bf20,True,0.0
aptos2019,train,/kaggle/input/datasets/deepapaneru/aptos2019/train_images/train_images/aea59ebec445.png,aea59ebec445.png,aea59ebec445,uncertain,0.08,estimated_disc_position,aptos2019_aea59ebec445,True,3.0
aptos2019,train,/kaggle/input/datasets/deepapaneru/aptos2019/train_images/train_images/bf7b4eae7ad0.png,bf7b4eae7ad0.png,bf7b4eae7ad0,right,1.0,estimated_disc_position,aptos2019_bf7b4eae7ad0,False,0.0
aptos2019,train,/kaggle/input/datasets/deepapaneru/aptos2019/train_images/train_images/1e1fb019710d.png,1e1fb019710d.png,1e1fb019710d,left,0.78,estimated_disc_position,aptos2019_1e1fb019710d,False,2.0
aptos2019,train,/kaggle/input/datasets/deepapaneru/aptos2019/train_images/train_images/2a5a8b744f08.png,2a5a8b744f08.png,2a5a8b744f08,right,1.0,estimated_disc_position,aptos2019_2a5a8b744f08,False,2.0
aptos2019,train,/kaggle/input/datasets/deepapaneru/aptos2019/train_images/train_images/757572337fd0.png,757572337fd0.png,757572337fd0,right,1.0,estimated_disc_position,aptos2019_757572337fd0,False,2.0
aptos2019,train,/kaggle/input/datasets/deepapaneru/aptos2019/train_images/train_images/d48178e4a49b.png,d48178e4a49b.png,d48178e4a49b,right,1.0,estimated_disc_position,aptos2019_d48178e4a49b,False,4.0
aptos2019,train,/kaggle/input/datasets/deepapaneru/aptos2019/train_images/train_images/4f0866b90c27.png,4f0866b90c27.png,4f0866b90c27,left,0.52,estimated_disc_position,aptos2019_4f0866b90c27,False,3.0
aptos2019,train,/kaggle/input/datasets/deepapaneru/aptos2019/train_images/train_images/35df2bc6ae95.png,35df2bc6ae95.png,35df2bc6ae95,left,0.9,estimated_disc_position,aptos2019_35df2bc6ae95,False,0.0
aptos2019,train,/kaggle/input/datasets/deepapaneru/aptos2019/train_images/train_images/9568eb7e9c08.png,9568eb7e9c08.png,9568eb7e9c08,right,1.0,estimated_disc_position,aptos2019_9568eb7e9c08,False,2.0
aptos2019,train,/kaggle/input/datasets/deepapaneru/aptos2019/train_images/train_images/c561bcd519e9.png,c561bcd519e9.png,c561bcd519e9,left,1.0,estimated_disc_position,aptos2019_c561bcd519e9,False,2.0
aptos2019,train,/kaggle/input/datasets/deepapaneru/aptos2019/train_images/train_images/bd5013540a13.png,bd5013540a13.png,bd5013540a13,right,0.99,estimated_disc_position,aptos2019_bd5013540a13,False,4.0
aptos2019,train,/kaggle/input/datasets/deepapaneru/aptos2019/train_images/train_images/b1b3e7d0a5f3.png,b1b3e7d0a5f3.png,b1b3e7d0a5f3,right,1.0,estimated_disc_position,aptos2019_b1b3e7d0a5f3,False,4.0
aptos2019,train,/kaggle/input/datasets/deepapaneru/aptos2019/train_images/train_images/67ed8cc78b97.png,67ed8cc78b97.png,67ed8cc78b97,left,1.0,estimated_disc_position,aptos2019_67ed8cc78b97,False,0.0
aptos2019,train,/kaggle/input/datasets/deepapaneru/aptos2019/train_images/train_images/c5b58cc992af.png,c5b58cc992af.png,c5b58cc992af,right,1.0,estimated_disc_position,aptos2019_c5b58cc992af,False,0.0
aptos2019,train,/kaggle/input/datasets/deepapaneru/aptos2019/train_images/train_images/665ce639a331.png,665ce639a331.png,665ce639a331,left,1.0,estimated_disc_position,aptos2019_665ce639a331,False,1.0
aptos2019,train,/kaggle/input/datasets/deepapaneru/aptos2019/train_images/train_images/4d1cf360b2d7.png,4d1cf360b2d7.png,4d1cf360b2d7,left,1.0,estimated_disc_position,aptos2019_4d1cf360b2d7,False,2.0
aptos2019,train,/kaggle/input/datasets/deepapaneru/aptos2019/train_images/train_images/4aa07d720638.png,4aa07d720638.png,4aa07d720638,right,0.69,estimated_disc_position,aptos2019_4aa07d720638,False,1.0
aptos2019,train,/kaggle/input/datasets/deepapaneru/aptos2019/train_images/train_images/686ed1dbae20.png,686ed1dbae20.png,686ed1dbae20,left,0.66,estimated_disc_position,aptos2019_686ed1dbae20,False,2.0
aptos2019,train,/kaggle/input/datasets/deepapaneru/aptos2019/train_images/train_images/8db2ce991101.png,8db2ce991101.png,8db2ce991101,uncertain,0.26,estimated_disc_position,aptos2019_8db2ce991101,True,4.0
aptos2019,train,/kaggle/input/datasets/deepapaneru/aptos2019/train_images/train_images/83fda7c0500b.png,83fda7c0500b.png,83fda7c0500b,right,1.0,estimated_disc_position,aptos2019_83fda7c0500b,False,0.0
aptos2019,train,/kaggle/input/datasets/deepapaneru/aptos2019/train_images/train_images/6a91eb157f47.png,6a91eb157f47.png,6a91eb157f47,uncertain,0.13,estimated_disc_position,aptos2019_6a91eb157f47,True,2.0
aptos2019,train,/kaggle/input/datasets/deepapaneru/aptos2019/train_images/train_images/4c9f0fdaaef7.png,4c9f0fdaaef7.png,4c9f0fdaaef7,left,1.0,estimated_disc_position,aptos2019_4c9f0fdaaef7,False,3.0
aptos2019,train,/kaggle/input/datasets/deepapaneru/aptos2019/train_images/train_images/d1fb4efb117c.png,d1fb4efb117c.png,d1fb4efb117c,left,1.0,estimated_disc_position,aptos2019_d1fb4efb117c,False,2.0
aptos2019,train,/kaggle/input/datasets/deepapaneru/aptos2019/train_images/train_images/6f0463c1ff18.png,6f0463c1ff18.png,6f0463c1ff18,left,0.88,estimated_disc_position,aptos2019_6f0463c1ff18,False,2.0
aptos2019,train,/kaggle/input/datasets/deepapaneru/aptos2019/train_images/train_images/94f9ecf4b8d2.png,94f9ecf4b8d2.png,94f9ecf4b8d2,left,0.86,estimated_disc_position,aptos2019_94f9ecf4b8d2,False,0.0
aptos2019,train,/kaggle/input/datasets/deepapaneru/aptos2019/train_images/train_images/54dc6e8107cd.png,54dc6e8107cd.png,54dc6e8107cd,right,1.0,estimated_disc_position,aptos2019_54dc6e8107cd,False,2.0
aptos2019,train,/kaggle/input/datasets/deepapaneru/aptos2019/train_images/train_images/7214fc7cbe03.png,7214fc7cbe03.png,7214fc7cbe03,left,1.0,estimated_disc_position,aptos2019_7214fc7cbe03,False,0.0
aptos2019,train,/kaggle/input/datasets/deepapaneru/aptos2019/train_images/train_images/5c817060c0ed.png,5c817060c0ed.png,5c817060c0ed,right,0.93,estimated_disc_position,aptos2019_5c817060c0ed,False,0.0
aptos2019,train,/kaggle/input/datasets/deepapaneru/aptos2019/train_images/train_images/b085caa513a8.png,b085caa513a8.png,b085caa513a8,right,0.86,estimated_disc_position,aptos2019_b085caa513a8,False,0.0
aptos2019,train,/kaggle/input/datasets/deepapaneru/aptos2019/train_images/train_images/962cf85e4f6d.png,962cf85e4f6d.png,962cf85e4f6d,right,0.37,estimated_disc_position,aptos2019_962cf85e4f6d,False,2.0
aptos2019,train,/kaggle/input/datasets/deepapaneru/aptos2019/train_images/train_images/2f2e1949ad56.png,2f2e1949ad56.png,2f2e1949ad56,right,1.0,estimated_disc_position,aptos2019_2f2e1949ad56,False,1.0
aptos2019,train,/kaggle/input/datasets/deepapaneru/aptos2019/train_images/train_images/8bad12d70368.png,8bad12d70368.png,8bad12d70368,uncertain,0.05,estimated_disc_position,aptos2019_8bad12d70368,True,4.0
aptos2019,train,/kaggle/input/datasets/deepapaneru/aptos2019/train_images/train_images/8a7765e785fb.png,8a7765e785fb.png,8a7765e785fb,right,0.97,estimated_disc_position,aptos2019_8a7765e785fb,False,0.0
aptos2019,train,/kaggle/input/datasets/deepapaneru/aptos2019/train_images/train_images/674057ab250c.png,674057ab250c.png,674057ab250c,right,1.0,estimated_disc_position,aptos2019_674057ab250c,False,2.0
aptos2019,train,/kaggle/input/datasets/deepapaneru/aptos2019/train_images/train_images/5baed382f062.png,5baed382f062.png,5baed382f062,right,1.0,estimated_disc_position,aptos2019_5baed382f062,False,0.0
aptos2019,train,/kaggle/input/datasets/deepapaneru/aptos2019/train_images/train_images/83e529e95b0e.png,83e529e95b0e.png,83e529e95b0e,left,1.0,estimated_disc_position,aptos2019_83e529e95b0e,False,1.0
aptos2019,train,/kaggle/input/datasets/deepapaneru/aptos2019/train_images/train_images/6de39b94f634.png,6de39b94f634.png,6de39b94f634,right,1.0,estimated_disc_position,aptos2019_6de39b94f634,False,0.0
aptos2019,train,/kaggle/input/datasets/deepapaneru/aptos2019/train_images/train_images/9b95d6203406.png,9b95d6203406.png,9b95d6203406,left,1.0,estimated_disc_position,aptos2019_9b95d6203406,False,2.0
aptos2019,train,/kaggle/input/datasets/deepapaneru/aptos2019/train_images/train_images/cb2201c226d6.png,cb2201c226d6.png,cb2201c226d6,left,1.0,estimated_disc_position,aptos2019_cb2201c226d6,False,0.0
aptos2019,train,/kaggle/input/datasets/deepapaneru/aptos2019/train_images/train_images/65f69234c8a7.png,65f69234c8a7.png,65f69234c8a7,right,0.85,estimated_disc_position,aptos2019_65f69234c8a7,False,0.0
aptos2019,train,/kaggle/input/datasets/deepapaneru/aptos2019/train_images/train_images/d844a7252f4e.png,d844a7252f4e.png,d844a7252f4e,left,1.0,estimated_disc_position,aptos2019_d844a7252f4e,False,0.0
aptos2019,train,/kaggle/input/datasets/deepapaneru/aptos2019/train_images/train_images/bff51afc76d4.png,bff51afc76d4.png,bff51afc76d4,right,1.0,estimated_disc_position,aptos2019_bff51afc76d4,False,0.0
aptos2019,train,/kaggle/input/datasets/deepapaneru/aptos2019/train_images/train_images/69fff98cb32a.png,69fff98cb32a.png,69fff98cb32a,left,1.0,estimated_disc_position,aptos2019_69fff98cb32a,False,4.0
aptos2019,train,/kaggle/input/datasets/deepapaneru/aptos2019/train_images/train_images/c80b0f27541a.png,c80b0f27541a.png,c80b0f27541a,right,1.0,estimated_disc_position,aptos2019_c80b0f27541a,False,0.0
aptos2019,train,/kaggle/input/datasets/deepapaneru/aptos2019/train_images/train_images/cfb17a7cc8d4.png,cfb17a7cc8d4.png,cfb17a7cc8d4,left,1.0,estimated_disc_position,aptos2019_cfb17a7cc8d4,False,0.0
aptos2019,train,/kaggle/input/datasets/deepapaneru/aptos2019/train_images/train_images/c1799a6f5c65.png,c1799a6f5c65.png,c1799a6f5c65,left,1.0,estimated_disc_position,aptos2019_c1799a6f5c65,False,4.0
aptos2019,train,/kaggle/input/datasets/deepapaneru/aptos2019/train_images/train_images/594f69b503ad.png,594f69b503ad.png,594f69b503ad,left,0.78,estimated_disc_position,aptos2019_594f69b503ad,False,2.0
aptos2019,train,/kaggle/input/datasets/deepapaneru/aptos2019/train_images/train_images/1da25637859b.png,1da25637859b.png,1da25637859b,left,1.0,estimated_disc_position,aptos2019_1da25637859b,False,2.0
aptos2019,train,/kaggle/input/datasets/deepapaneru/aptos2019/train_images/train_images/291e2ff3d834.png,291e2ff3d834.png,291e2ff3d834,left,1.0,estimated_disc_position,aptos2019_291e2ff3d834,False,2.0
aptos2019,train,/kaggle/input/datasets/deepapaneru/aptos2019/train_images/train_images/1cc58b15f466.png,1cc58b15f466.png,1cc58b15f466,left,1.0,estimated_disc_position,aptos2019_1cc58b15f466,False,0.0
aptos2019,train,/kaggle/input/datasets/deepapaneru/aptos2019/train_images/train_images/b22354b5f94b.png,b22354b5f94b.png,b22354b5f94b,left,1.0,estimated_disc_position,aptos2019_b22354b5f94b,False,1.0
aptos2019,train,/kaggle/input/datasets/deepapaneru/aptos2019/train_images/train_images/3c311c9109b0.png,3c311c9109b0.png,3c311c9109b0,right,1.0,estimated_disc_position,aptos2019_3c311c9109b0,False,2.0
aptos2019,train,/kaggle/input/datasets/deepapaneru/aptos2019/train_images/train_images/498f143c0374.png,498f143c0374.png,498f143c0374,uncertain,0.21,estimated_disc_position,aptos2019_498f143c0374,True,3.0
aptos2019,train,/kaggle/input/datasets/deepapaneru/aptos2019/train_images/train_images/bb08949dd70a.png,bb08949dd70a.png,bb08949dd70a,right,1.0,estimated_disc_position,aptos2019_bb08949dd70a,False,0.0
aptos2019,train,/kaggle/input/datasets/deepapaneru/aptos2019/train_images/train_images/3ee4841936ef.png,3ee4841936ef.png,3ee4841936ef,left,1.0,estimated_disc_position,aptos2019_3ee4841936ef,False,4.0
aptos2019,train,/kaggle/input/datasets/deepapaneru/aptos2019/train_images/train_images/384db24ebbd7.png,384db24ebbd7.png,384db24ebbd7,right,0.9,estimated_disc_position,aptos2019_384db24ebbd7,False,0.0
aptos2019,train,/kaggle/input/datasets/deepapaneru/aptos2019/train_images/train_images/aafe980edd0c.png,aafe980edd0c.png,aafe980edd0c,left,0.99,estimated_disc_position,aptos2019_aafe980edd0c,False,0.0
aptos2019,train,/kaggle/input/datasets/deepapaneru/aptos2019/train_images/train_images/5f51192841f7.png,5f51192841f7.png,5f51192841f7,right,1.0,estimated_disc_position,aptos2019_5f51192841f7,False,0.0
aptos2019,train,/kaggle/input/datasets/deepapaneru/aptos2019/train_images/train_images/70f5caf5f305.png,70f5caf5f305.png,70f5caf5f305,right,0.77,estimated_disc_position,aptos2019_70f5caf5f305,False,2.0
aptos2019,train,/kaggle/input/datasets/deepapaneru/aptos2019/train_images/train_images/a247961a5cd9.png,a247961a5cd9.png,a247961a5cd9,right,0.73,estimated_disc_position,aptos2019_a247961a5cd9,False,0.0
aptos2019,train,/kaggle/input/datasets/deepapaneru/aptos2019/train_images/train_images/d141728fa392.png,d141728fa392.png,d141728fa392,right,1.0,estimated_disc_position,aptos2019_d141728fa392,False,2.0
aptos2019,train,/kaggle/input/datasets/deepapaneru/aptos2019/train_images/train_images/6e3526053de0.png,6e3526053de0.png,6e3526053de0,right,1.0,estimated_disc_position,aptos2019_6e3526053de0,False,0.0
aptos2019,train,/kaggle/input/datasets/deepapaneru/aptos2019/train_images/train_images/29d059522fa1.png,29d059522fa1.png,29d059522fa1,right,0.94,estimated_disc_position,aptos2019_29d059522fa1,False,0.0
aptos2019,train,/kaggle/input/datasets/deepapaneru/aptos2019/train_images/train_images/38c7153457e2.png,38c7153457e2.png,38c7153457e2,right,0.86,estimated_disc_position,aptos2019_38c7153457e2,False,0.0
aptos2019,train,/kaggle/input/datasets/deepapaneru/aptos2019/train_images/train_images/6a2642131e4a.png,6a2642131e4a.png,6a2642131e4a,left,0.93,estimated_disc_position,aptos2019_6a2642131e4a,False,0.0
aptos2019,train,/kaggle/input/datasets/deepapaneru/aptos2019/train_images/train_images/b74de20d73de.png,b74de20d73de.png,b74de20d73de,right,1.0,estimated_disc_position,aptos2019_b74de20d73de,False,0.0
aptos2019,train,/kaggle/input/datasets/deepapaneru/aptos2019/train_images/train_images/28f73575e1f2.png,28f73575e1f2.png,28f73575e1f2,left,1.0,estimated_disc_position,aptos2019_28f73575e1f2,False,0.0
aptos2019,train,/kaggle/input/datasets/deepapaneru/aptos2019/train_images/train_images/8ef2eb8c51c4.png,8ef2eb8c51c4.png,8ef2eb8c51c4,right,1.0,estimated_disc_position,aptos2019_8ef2eb8c51c4,False,1.0
aptos2019,train,/kaggle/input/datasets/deepapaneru/aptos2019/train_images/train_images/38fe9f854046.png,38fe9f854046.png,38fe9f854046,right,1.0,estimated_disc_position,aptos2019_38fe9f854046,False,2.0
aptos2019,train,/kaggle/input/datasets/deepapaneru/aptos2019/train_images/train_images/8d7bb0649a02.png,8d7bb0649a02.png,8d7bb0649a02,left,1.0,estimated_disc_position,aptos2019_8d7bb0649a02,False,2.0
aptos2019,train,/kaggle/input/datasets/deepapaneru/aptos2019/train_images/train_images/e4210e7fe587.png,e4210e7fe587.png,e4210e7fe587,left,1.0,estimated_disc_position,aptos2019_e4210e7fe587,False,3.0
aptos2019,train,/kaggle/input/datasets/deepapaneru/aptos2019/train_images/train_images/7005be54cab1.png,7005be54cab1.png,7005be54cab1,left,1.0,estimated_disc_position,aptos2019_7005be54cab1,False,1.0
aptos2019,train,/kaggle/input/datasets/deepapaneru/aptos2019/train_images/train_images/4c78d9d18da9.png,4c78d9d18da9.png,4c78d9d18da9,left,1.0,estimated_disc_position,aptos2019_4c78d9d18da9,False,2.0
aptos2019,train,/kaggle/input/datasets/deepapaneru/aptos2019/train_images/train_images/51a078d6d43a.png,51a078d6d43a.png,51a078d6d43a,left,1.0,estimated_disc_position,aptos2019_51a078d6d43a,False,0.0
aptos2019,train,/kaggle/input/datasets/deepapaneru/aptos2019/train_images/train_images/9c514d2d5b3f.png,9c514d2d5b3f.png,9c514d2d5b3f,left,1.0,estimated_disc_position,aptos2019_9c514d2d5b3f,False,0.0
aptos2019,train,/kaggle/input/datasets/deepapaneru/aptos2019/train_images/train_images/7c52fe73e748.png,7c52fe73e748.png,7c52fe73e748,uncertain,0.03,estimated_disc_position,aptos2019_7c52fe73e748,True,2.0
aptos2019,train,/kaggle/input/datasets/deepapaneru/aptos2019/train_images/train_images/22ce8ef69357.png,22ce8ef69357.png,22ce8ef69357,right,1.0,estimated_disc_position,aptos2019_22ce8ef69357,False,2.0
aptos2019,train,/kaggle/input/datasets/deepapaneru/aptos2019/train_images/train_images/26cd40b57ad1.png,26cd40b57ad1.png,26cd40b57ad1,left,0.93,estimated_disc_position,aptos2019_26cd40b57ad1,False,0.0
aptos2019,train,/kaggle/input/datasets/deepapaneru/aptos2019/train_images/train_images/4f5dd7660b17.png,4f5dd7660b17.png,4f5dd7660b17,left,1.0,estimated_disc_position,aptos2019_4f5dd7660b17,False,0.0
aptos2019,train,/kaggle/input/datasets/deepapaneru/aptos2019/train_images/train_images/aad0c0ee9268.png,aad0c0ee9268.png,aad0c0ee9268,right,0.67,estimated_disc_position,aptos2019_aad0c0ee9268,False,2.0
aptos2019,train,/kaggle/input/datasets/deepapaneru/aptos2019/train_images/train_images/966c07831334.png,966c07831334.png,966c07831334,right,0.49,estimated_disc_position,aptos2019_966c07831334,False,0.0
aptos2019,train,/kaggle/input/datasets/deepapaneru/aptos2019/train_images/train_images/b3d12069e1c5.png,b3d12069e1c5.png,b3d12069e1c5,right,1.0,estimated_disc_position,aptos2019_b3d12069e1c5,False,2.0
aptos2019,train,/kaggle/input/datasets/deepapaneru/aptos2019/train_images/train_images/7335a2d43ada.png,7335a2d43ada.png,7335a2d43ada,left,1.0,estimated_disc_position,aptos2019_7335a2d43ada,False,1.0
aptos2019,train,/kaggle/input/datasets/deepapaneru/aptos2019/train_images/train_images/cff262ed8f4c.png,cff262ed8f4c.png,cff262ed8f4c,right,1.0,estimated_disc_position,aptos2019_cff262ed8f4c,False,0.0
aptos2019,train,/kaggle/input/datasets/deepapaneru/aptos2019/train_images/train_images/9837048b85dc.png,9837048b85dc.png,9837048b85dc,uncertain,0.01,estimated_disc_position,aptos2019_9837048b85dc,True,2.0
aptos2019,train,/kaggle/input/datasets/deepapaneru/aptos2019/train_images/train_images/887c26fc0e1f.png,887c26fc0e1f.png,887c26fc0e1f,left,1.0,estimated_disc_position,aptos2019_887c26fc0e1f,False,4.0
aptos2019,train,/kaggle/input/datasets/deepapaneru/aptos2019/train_images/train_images/8191ae701985.png,8191ae701985.png,8191ae701985,right,1.0,estimated_disc_position,aptos2019_8191ae701985,False,0.0
aptos2019,train,/kaggle/input/datasets/deepapaneru/aptos2019/train_images/train_images/a1edf0e66592.png,a1edf0e66592.png,a1edf0e66592,right,0.83,estimated_disc_position,aptos2019_a1edf0e66592,False,0.0
aptos2019,train,/kaggle/input/datasets/deepapaneru/aptos2019/train_images/train_images/4fd5ec0dca09.png,4fd5ec0dca09.png,4fd5ec0dca09,right,1.0,estimated_disc_position,aptos2019_4fd5ec0dca09,False,0.0
aptos2019,train,/kaggle/input/datasets/deepapaneru/aptos2019/train_images/train_images/5a2c27b95c7c.png,5a2c27b95c7c.png,5a2c27b95c7c,right,1.0,estimated_disc_position,aptos2019_5a2c27b95c7c,False,2.0
aptos2019,train,/kaggle/input/datasets/deepapaneru/aptos2019/train_images/train_images/5188a8afa879.png,5188a8afa879.png,5188a8afa879,left,1.0,estimated_disc_position,aptos2019_5188a8afa879,False,2.0
aptos2019,train,/kaggle/input/datasets/deepapaneru/aptos2019/train_images/train_images/77f69c7ff324.png,77f69c7ff324.png,77f69c7ff324,right,1.0,estimated_disc_position,aptos2019_77f69c7ff324,False,2.0
aptos2019,train,/kaggle/input/datasets/deepapaneru/aptos2019/train_images/train_images/8be6629a6039.png,8be6629a6039.png,8be6629a6039,right,1.0,estimated_disc_position,aptos2019_8be6629a6039,False,0.0
aptos2019,train,/kaggle/input/datasets/deepapaneru/aptos2019/train_images/train_images/484dbeb9bf2a.png,484dbeb9bf2a.png,484dbeb9bf2a,left,1.0,estimated_disc_position,aptos2019_484dbeb9bf2a,False,0.0
aptos2019,train,/kaggle/input/datasets/deepapaneru/aptos2019/train_images/train_images/ce887b196c23.png,ce887b196c23.png,ce887b196c23,left,1.0,estimated_disc_position,aptos2019_ce887b196c23,False,2.0
aptos2019,train,/kaggle/input/datasets/deepapaneru/aptos2019/train_images/train_images/63b4d030b016.png,63b4d030b016.png,63b4d030b016,left,1.0,estimated_disc_position,aptos2019_63b4d030b016,False,4.0
aptos2019,train,/kaggle/input/datasets/deepapaneru/aptos2019/train_images/train_images/599498e9e4bc.png,599498e9e4bc.png,599498e9e4bc,left,1.0,estimated_disc_position,aptos2019_599498e9e4bc,False,0.0
aptos2019,train,/kaggle/input/datasets/deepapaneru/aptos2019/train_images/train_images/d473f6fafba0.png,d473f6fafba0.png,d473f6fafba0,right,1.0,estimated_disc_position,aptos2019_d473f6fafba0,False,2.0
aptos2019,train,/kaggle/input/datasets/deepapaneru/aptos2019/train_images/train_images/3a6e9730b298.png,3a6e9730b298.png,3a6e9730b298,right,1.0,estimated_disc_position,aptos2019_3a6e9730b298,False,4.0
aptos2019,train,/kaggle/input/datasets/deepapaneru/aptos2019/train_images/train_images/4860f7813654.png,4860f7813654.png,4860f7813654,right,1.0,estimated_disc_position,aptos2019_4860f7813654,False,0.0
aptos2019,train,/kaggle/input/datasets/deepapaneru/aptos2019/train_images/train_images/77e7c7a160c8.png,77e7c7a160c8.png,77e7c7a160c8,right,0.83,estimated_disc_position,aptos2019_77e7c7a160c8,False,2.0
aptos2019,train,/kaggle/input/datasets/deepapaneru/aptos2019/train_images/train_images/9095d43fb132.png,9095d43fb132.png,9095d43fb132,left,0.96,estimated_disc_position,aptos2019_9095d43fb132,False,0.0
aptos2019,train,/kaggle/input/datasets/deepapaneru/aptos2019/train_images/train_images/a3b2e93d058b.png,a3b2e93d058b.png,a3b2e93d058b,right,1.0,estimated_disc_position,aptos2019_a3b2e93d058b,False,2.0
aptos2019,train,/kaggle/input/datasets/deepapaneru/aptos2019/train_images/train_images/84e8c62165b5.png,84e8c62165b5.png,84e8c62165b5,right,0.84,estimated_disc_position,aptos2019_84e8c62165b5,False,2.0
aptos2019,train,/kaggle/input/datasets/deepapaneru/aptos2019/train_images/train_images/d838d5b9f571.png,d838d5b9f571.png,d838d5b9f571,left,0.82,estimated_disc_position,aptos2019_d838d5b9f571,False,0.0
aptos2019,train,/kaggle/input/datasets/deepapaneru/aptos2019/train_images/train_images/a06e5ac695ce.png,a06e5ac695ce.png,a06e5ac695ce,left,1.0,estimated_disc_position,aptos2019_a06e5ac695ce,False,0.0
aptos2019,train,/kaggle/input/datasets/deepapaneru/aptos2019/train_images/train_images/d8404680bba6.png,d8404680bba6.png,d8404680bba6,right,1.0,estimated_disc_position,aptos2019_d8404680bba6,False,2.0
aptos2019,train,/kaggle/input/datasets/deepapaneru/aptos2019/train_images/train_images/71c1a3cdbe47.png,71c1a3cdbe47.png,71c1a3cdbe47,right,1.0,estimated_disc_position,aptos2019_71c1a3cdbe47,False,1.0
aptos2019,train,/kaggle/input/datasets/deepapaneru/aptos2019/train_images/train_images/98fbe56dcc2c.png,98fbe56dcc2c.png,98fbe56dcc2c,left,0.96,estimated_disc_position,aptos2019_98fbe56dcc2c,False,1.0
aptos2019,train,/kaggle/input/datasets/deepapaneru/aptos2019/train_images/train_images/8688f3d0fcaf.png,8688f3d0fcaf.png,8688f3d0fcaf,left,0.86,estimated_disc_position,aptos2019_8688f3d0fcaf,False,3.0
aptos2019,train,/kaggle/input/datasets/deepapaneru/aptos2019/train_images/train_images/66d2ca47aa44.png,66d2ca47aa44.png,66d2ca47aa44,right,1.0,estimated_disc_position,aptos2019_66d2ca47aa44,False,2.0
aptos2019,train,/kaggle/input/datasets/deepapaneru/aptos2019/train_images/train_images/6d9effbcde78.png,6d9effbcde78.png,6d9effbcde78,right,1.0,estimated_disc_position,aptos2019_6d9effbcde78,False,0.0
aptos2019,train,/kaggle/input/datasets/deepapaneru/aptos2019/train_images/train_images/ad93d88c87ea.png,ad93d88c87ea.png,ad93d88c87ea,left,0.95,estimated_disc_position,aptos2019_ad93d88c87ea,False,0.0
aptos2019,train,/kaggle/input/datasets/deepapaneru/aptos2019/train_images/train_images/a9e3d186cd1b.png,a9e3d186cd1b.png,a9e3d186cd1b,right,1.0,estimated_disc_position,aptos2019_a9e3d186cd1b,False,0.0
aptos2019,train,/kaggle/input/datasets/deepapaneru/aptos2019/train_images/train_images/cf603a9ef2d5.png,cf603a9ef2d5.png,cf603a9ef2d5,left,1.0,estimated_disc_position,aptos2019_cf603a9ef2d5,False,1.0
aptos2019,train,/kaggle/input/datasets/deepapaneru/aptos2019/train_images/train_images/d3de0d313d61.png,d3de0d313d61.png,d3de0d313d61,right,0.77,estimated_disc_position,aptos2019_d3de0d313d61,False,1.0
aptos2019,train,/kaggle/input/datasets/deepapaneru/aptos2019/train_images/train_images/44f4ae58990e.png,44f4ae58990e.png,44f4ae58990e,right,1.0,estimated_disc_position,aptos2019_44f4ae58990e,False,2.0
aptos2019,train,/kaggle/input/datasets/deepapaneru/aptos2019/train_images/train_images/35777eb7859d.png,35777eb7859d.png,35777eb7859d,left,1.0,estimated_disc_position,aptos2019_35777eb7859d,False,0.0
aptos2019,train,/kaggle/input/datasets/deepapaneru/aptos2019/train_images/train_images/7be1b9aa78aa.png,7be1b9aa78aa.png,7be1b9aa78aa,right,0.52,estimated_disc_position,aptos2019_7be1b9aa78aa,False,0.0
aptos2019,train,/kaggle/input/datasets/deepapaneru/aptos2019/train_images/train_images/5db895d3f1fc.png,5db895d3f1fc.png,5db895d3f1fc,right,1.0,estimated_disc_position,aptos2019_5db895d3f1fc,False,0.0
aptos2019,train,/kaggle/input/datasets/deepapaneru/aptos2019/train_images/train_images/2f42e20db938.png,2f42e20db938.png,2f42e20db938,uncertain,0.02,estimated_disc_position,aptos2019_2f42e20db938,True,3.0
aptos2019,train,/kaggle/input/datasets/deepapaneru/aptos2019/train_images/train_images/45ae04cfde5d.png,45ae04cfde5d.png,45ae04cfde5d,left,1.0,estimated_disc_position,aptos2019_45ae04cfde5d,False,2.0
aptos2019,train,/kaggle/input/datasets/deepapaneru/aptos2019/train_images/train_images/da3a2275c850.png,da3a2275c850.png,da3a2275c850,right,1.0,estimated_disc_position,aptos2019_da3a2275c850,False,0.0
aptos2019,train,/kaggle/input/datasets/deepapaneru/aptos2019/train_images/train_images/8860c7b11530.png,8860c7b11530.png,8860c7b11530,right,1.0,estimated_disc_position,aptos2019_8860c7b11530,False,2.0
aptos2019,train,/kaggle/input/datasets/deepapaneru/aptos2019/train_images/train_images/6c00dd8bf708.png,6c00dd8bf708.png,6c00dd8bf708,left,1.0,estimated_disc_position,aptos2019_6c00dd8bf708,False,0.0
aptos2019,train,/kaggle/input/datasets/deepapaneru/aptos2019/train_images/train_images/2ecbc2e3f239.png,2ecbc2e3f239.png,2ecbc2e3f239,right,1.0,estimated_disc_position,aptos2019_2ecbc2e3f239,False,1.0
aptos2019,train,/kaggle/input/datasets/deepapaneru/aptos2019/train_images/train_images/a443c4fd489c.png,a443c4fd489c.png,a443c4fd489c,right,1.0,estimated_disc_position,aptos2019_a443c4fd489c,False,1.0
aptos2019,train,/kaggle/input/datasets/deepapaneru/aptos2019/train_images/train_images/495255c7492f.png,495255c7492f.png,495255c7492f,right,1.0,estimated_disc_position,aptos2019_495255c7492f,False,1.0
aptos2019,train,/kaggle/input/datasets/deepapaneru/aptos2019/train_images/train_images/6e092b306fe1.png,6e092b306fe1.png,6e092b306fe1,left,0.98,estimated_disc_position,aptos2019_6e092b306fe1,False,2.0
aptos2019,train,/kaggle/input/datasets/deepapaneru/aptos2019/train_images/train_images/6762b2b48ea5.png,6762b2b48ea5.png,6762b2b48ea5,left,1.0,estimated_disc_position,aptos2019_6762b2b48ea5,False,1.0
aptos2019,train,/kaggle/input/datasets/deepapaneru/aptos2019/train_images/train_images/d28bd830c171.png,d28bd830c171.png,d28bd830c171,left,1.0,estimated_disc_position,aptos2019_d28bd830c171,False,2.0
aptos2019,train,/kaggle/input/datasets/deepapaneru/aptos2019/train_images/train_images/5b5b80a3edee.png,5b5b80a3edee.png,5b5b80a3edee,right,1.0,estimated_disc_position,aptos2019_5b5b80a3edee,False,4.0
aptos2019,train,/kaggle/input/datasets/deepapaneru/aptos2019/train_images/train_images/d18f6431ebce.png,d18f6431ebce.png,d18f6431ebce,left,0.88,estimated_disc_position,aptos2019_d18f6431ebce,False,0.0
aptos2019,train,/kaggle/input/datasets/deepapaneru/aptos2019/train_images/train_images/aae8f9f3ef8c.png,aae8f9f3ef8c.png,aae8f9f3ef8c,right,0.96,estimated_disc_position,aptos2019_aae8f9f3ef8c,False,3.0
aptos2019,train,/kaggle/input/datasets/deepapaneru/aptos2019/train_images/train_images/a34fc5376669.png,a34fc5376669.png,a34fc5376669,right,1.0,estimated_disc_position,aptos2019_a34fc5376669,False,0.0
aptos2019,train,/kaggle/input/datasets/deepapaneru/aptos2019/train_images/train_images/57a5e4274275.png,57a5e4274275.png,57a5e4274275,right,1.0,estimated_disc_position,aptos2019_57a5e4274275,False,0.0
aptos2019,train,/kaggle/input/datasets/deepapaneru/aptos2019/train_images/train_images/650104ede84c.png,650104ede84c.png,650104ede84c,right,0.9,estimated_disc_position,aptos2019_650104ede84c,False,0.0
aptos2019,train,/kaggle/input/datasets/deepapaneru/aptos2019/train_images/train_images/260a455692b5.png,260a455692b5.png,260a455692b5,left,1.0,estimated_disc_position,aptos2019_260a455692b5,False,0.0
aptos2019,train,/kaggle/input/datasets/deepapaneru/aptos2019/train_images/train_images/75a4343b12f9.png,75a4343b12f9.png,75a4343b12f9,left,0.43,estimated_disc_position,aptos2019_75a4343b12f9,False,0.0
aptos2019,train,/kaggle/input/datasets/deepapaneru/aptos2019/train_images/train_images/8543a801dce0.png,8543a801dce0.png,8543a801dce0,right,0.78,estimated_disc_position,aptos2019_8543a801dce0,False,2.0
aptos2019,train,/kaggle/input/datasets/deepapaneru/aptos2019/train_images/train_images/95e732e043a1.png,95e732e043a1.png,95e732e043a1,uncertain,0.05,estimated_disc_position,aptos2019_95e732e043a1,True,4.0
aptos2019,train,/kaggle/input/datasets/deepapaneru/aptos2019/train_images/train_images/87b671c6d4c5.png,87b671c6d4c5.png,87b671c6d4c5,left,0.85,estimated_disc_position,aptos2019_87b671c6d4c5,False,0.0
aptos2019,train,/kaggle/input/datasets/deepapaneru/aptos2019/train_images/train_images/33d72035c27a.png,33d72035c27a.png,33d72035c27a,left,1.0,estimated_disc_position,aptos2019_33d72035c27a,False,0.0
aptos2019,train,/kaggle/input/datasets/deepapaneru/aptos2019/train_images/train_images/89b725411cee.png,89b725411cee.png,89b725411cee,right,0.96,estimated_disc_position,aptos2019_89b725411cee,False,2.0
aptos2019,train,/kaggle/input/datasets/deepapaneru/aptos2019/train_images/train_images/234399352d36.png,234399352d36.png,234399352d36,right,1.0,estimated_disc_position,aptos2019_234399352d36,False,2.0
aptos2019,train,/kaggle/input/datasets/deepapaneru/aptos2019/train_images/train_images/612f2df37a1d.png,612f2df37a1d.png,612f2df37a1d,left,1.0,estimated_disc_position,aptos2019_612f2df37a1d,False,4.0
aptos2019,train,/kaggle/input/datasets/deepapaneru/aptos2019/train_images/train_images/33105f9b3a04.png,33105f9b3a04.png,33105f9b3a04,left,0.42,estimated_disc_position,aptos2019_33105f9b3a04,False,1.0
aptos2019,train,/kaggle/input/datasets/deepapaneru/aptos2019/train_images/train_images/3428230bf1bd.png,3428230bf1bd.png,3428230bf1bd,left,1.0,estimated_disc_position,aptos2019_3428230bf1bd,False,2.0
aptos2019,train,/kaggle/input/datasets/deepapaneru/aptos2019/train_images/train_images/8b58f9a338e8.png,8b58f9a338e8.png,8b58f9a338e8,uncertain,0.29,estimated_disc_position,aptos2019_8b58f9a338e8,True,0.0
aptos2019,train,/kaggle/input/datasets/deepapaneru/aptos2019/train_images/train_images/6a2c3f4ef329.png,6a2c3f4ef329.png,6a2c3f4ef329,right,1.0,estimated_disc_position,aptos2019_6a2c3f4ef329,False,0.0
aptos2019,train,/kaggle/input/datasets/deepapaneru/aptos2019/train_images/train_images/4a4cb731f91a.png,4a4cb731f91a.png,4a4cb731f91a,right,1.0,estimated_disc_position,aptos2019_4a4cb731f91a,False,0.0
aptos2019,train,/kaggle/input/datasets/deepapaneru/aptos2019/train_images/train_images/94372043d55b.png,94372043d55b.png,94372043d55b,right,1.0,estimated_disc_position,aptos2019_94372043d55b,False,1.0
aptos2019,train,/kaggle/input/datasets/deepapaneru/aptos2019/train_images/train_images/99c626e58464.png,99c626e58464.png,99c626e58464,right,1.0,estimated_disc_position,aptos2019_99c626e58464,False,0.0
aptos2019,train,/kaggle/input/datasets/deepapaneru/aptos2019/train_images/train_images/c5bec7f1e5f3.png,c5bec7f1e5f3.png,c5bec7f1e5f3,left,0.7,estimated_disc_position,aptos2019_c5bec7f1e5f3,False,0.0
aptos2019,train,/kaggle/input/datasets/deepapaneru/aptos2019/train_images/train_images/9782c0489eca.png,9782c0489eca.png,9782c0489eca,left,1.0,estimated_disc_position,aptos2019_9782c0489eca,False,1.0
aptos2019,train,/kaggle/input/datasets/deepapaneru/aptos2019/train_images/train_images/2241b7e90782.png,2241b7e90782.png,2241b7e90782,left,1.0,estimated_disc_position,aptos2019_2241b7e90782,False,2.0
aptos2019,train,/kaggle/input/datasets/deepapaneru/aptos2019/train_images/train_images/3dfc50108072.png,3dfc50108072.png,3dfc50108072,left,1.0,estimated_disc_position,aptos2019_3dfc50108072,False,2.0
aptos2019,train,/kaggle/input/datasets/deepapaneru/aptos2019/train_images/train_images/39fd8ef3a45c.png,39fd8ef3a45c.png,39fd8ef3a45c,left,0.41,estimated_disc_position,aptos2019_39fd8ef3a45c,False,0.0
aptos2019,train,/kaggle/input/datasets/deepapaneru/aptos2019/train_images/train_images/496155f71d0a.png,496155f71d0a.png,496155f71d0a,right,1.0,estimated_disc_position,aptos2019_496155f71d0a,False,0.0
aptos2019,train,/kaggle/input/datasets/deepapaneru/aptos2019/train_images/train_images/bfaa0080ab61.png,bfaa0080ab61.png,bfaa0080ab61,left,1.0,estimated_disc_position,aptos2019_bfaa0080ab61,False,2.0
aptos2019,train,/kaggle/input/datasets/deepapaneru/aptos2019/train_images/train_images/76b950c6ed5e.png,76b950c6ed5e.png,76b950c6ed5e,left,0.48,estimated_disc_position,aptos2019_76b950c6ed5e,False,0.0
aptos2019,train,/kaggle/input/datasets/deepapaneru/aptos2019/train_images/train_images/b963a11638f2.png,b963a11638f2.png,b963a11638f2,right,1.0,estimated_disc_position,aptos2019_b963a11638f2,False,0.0
aptos2019,train,/kaggle/input/datasets/deepapaneru/aptos2019/train_images/train_images/996f57c86ba5.png,996f57c86ba5.png,996f57c86ba5,right,1.0,estimated_disc_position,aptos2019_996f57c86ba5,False,3.0
aptos2019,train,/kaggle/input/datasets/deepapaneru/aptos2019/train_images/train_images/247e98aba610.png,247e98aba610.png,247e98aba610,left,1.0,estimated_disc_position,aptos2019_247e98aba610,False,4.0
aptos2019,train,/kaggle/input/datasets/deepapaneru/aptos2019/train_images/train_images/a01c590c444f.png,a01c590c444f.png,a01c590c444f,left,1.0,estimated_disc_position,aptos2019_a01c590c444f,False,2.0
aptos2019,train,/kaggle/input/datasets/deepapaneru/aptos2019/train_images/train_images/4029d70e9d8a.png,4029d70e9d8a.png,4029d70e9d8a,left,1.0,estimated_disc_position,aptos2019_4029d70e9d8a,False,1.0
aptos2019,train,/kaggle/input/datasets/deepapaneru/aptos2019/train_images/train_images/6165081b9021.png,6165081b9021.png,6165081b9021,right,0.92,estimated_disc_position,aptos2019_6165081b9021,False,1.0
aptos2019,train,/kaggle/input/datasets/deepapaneru/aptos2019/train_images/train_images/4ad8d3ec8789.png,4ad8d3ec8789.png,4ad8d3ec8789,right,1.0,estimated_disc_position,aptos2019_4ad8d3ec8789,False,0.0
aptos2019,train,/kaggle/input/datasets/deepapaneru/aptos2019/train_images/train_images/2cacdb0dffae.png,2cacdb0dffae.png,2cacdb0dffae,left,0.75,estimated_disc_position,aptos2019_2cacdb0dffae,False,0.0
aptos2019,train,/kaggle/input/datasets/deepapaneru/aptos2019/train_images/train_images/d803598dabda.png,d803598dabda.png,d803598dabda,uncertain,0.07,estimated_disc_position,aptos2019_d803598dabda,True,4.0
aptos2019,train,/kaggle/input/datasets/deepapaneru/aptos2019/train_images/train_images/4384fa687afa.png,4384fa687afa.png,4384fa687afa,left,1.0,estimated_disc_position,aptos2019_4384fa687afa,False,2.0
aptos2019,train,/kaggle/input/datasets/deepapaneru/aptos2019/train_images/train_images/47b756014447.png,47b756014447.png,47b756014447,uncertain,0.08,estimated_disc_position,aptos2019_47b756014447,True,2.0
aptos2019,train,/kaggle/input/datasets/deepapaneru/aptos2019/train_images/train_images/c5ad60521f8c.png,c5ad60521f8c.png,c5ad60521f8c,right,1.0,estimated_disc_position,aptos2019_c5ad60521f8c,False,2.0
aptos2019,train,/kaggle/input/datasets/deepapaneru/aptos2019/train_images/train_images/870fbe6eaa68.png,870fbe6eaa68.png,870fbe6eaa68,left,0.69,estimated_disc_position,aptos2019_870fbe6eaa68,False,0.0
aptos2019,train,/kaggle/input/datasets/deepapaneru/aptos2019/train_images/train_images/44a86263117b.png,44a86263117b.png,44a86263117b,left,0.86,estimated_disc_position,aptos2019_44a86263117b,False,0.0
aptos2019,train,/kaggle/input/datasets/deepapaneru/aptos2019/train_images/train_images/4927945ecfed.png,4927945ecfed.png,4927945ecfed,right,0.78,estimated_disc_position,aptos2019_4927945ecfed,False,0.0
aptos2019,train,/kaggle/input/datasets/deepapaneru/aptos2019/train_images/train_images/7131bf4c9e6f.png,7131bf4c9e6f.png,7131bf4c9e6f,left,1.0,estimated_disc_position,aptos2019_7131bf4c9e6f,False,0.0
aptos2019,train,/kaggle/input/datasets/deepapaneru/aptos2019/train_images/train_images/d6e26fe51dce.png,d6e26fe51dce.png,d6e26fe51dce,uncertain,0.28,estimated_disc_position,aptos2019_d6e26fe51dce,True,1.0
aptos2019,train,/kaggle/input/datasets/deepapaneru/aptos2019/train_images/train_images/70ed3ec68b94.png,70ed3ec68b94.png,70ed3ec68b94,right,1.0,estimated_disc_position,aptos2019_70ed3ec68b94,False,2.0
aptos2019,train,/kaggle/input/datasets/deepapaneru/aptos2019/train_images/train_images/cd4e7f9fa1a9.png,cd4e7f9fa1a9.png,cd4e7f9fa1a9,left,1.0,estimated_disc_position,aptos2019_cd4e7f9fa1a9,False,2.0
aptos2019,train,/kaggle/input/datasets/deepapaneru/aptos2019/train_images/train_images/d3e56584a481.png,d3e56584a481.png,d3e56584a481,right,1.0,estimated_disc_position,aptos2019_d3e56584a481,False,0.0
aptos2019,train,/kaggle/input/datasets/deepapaneru/aptos2019/train_images/train_images/a9a3225cf4b5.png,a9a3225cf4b5.png,a9a3225cf4b5,left,1.0,estimated_disc_position,aptos2019_a9a3225cf4b5,False,0.0
aptos2019,train,/kaggle/input/datasets/deepapaneru/aptos2019/train_images/train_images/e1900014dabf.png,e1900014dabf.png,e1900014dabf,right,1.0,estimated_disc_position,aptos2019_e1900014dabf,False,3.0
aptos2019,train,/kaggle/input/datasets/deepapaneru/aptos2019/train_images/train_images/ca9c912ebad7.png,ca9c912ebad7.png,ca9c912ebad7,left,1.0,estimated_disc_position,aptos2019_ca9c912ebad7,False,2.0
aptos2019,train,/kaggle/input/datasets/deepapaneru/aptos2019/train_images/train_images/2776d70724d3.png,2776d70724d3.png,2776d70724d3,left,1.0,estimated_disc_position,aptos2019_2776d70724d3,False,2.0
aptos2019,train,/kaggle/input/datasets/deepapaneru/aptos2019/train_images/train_images/1dfe599d12a9.png,1dfe599d12a9.png,1dfe599d12a9,left,1.0,estimated_disc_position,aptos2019_1dfe599d12a9,False,0.0
aptos2019,train,/kaggle/input/datasets/deepapaneru/aptos2019/train_images/train_images/c1c8550508e0.png,c1c8550508e0.png,c1c8550508e0,right,1.0,estimated_disc_position,aptos2019_c1c8550508e0,False,2.0
aptos2019,train,/kaggle/input/datasets/deepapaneru/aptos2019/train_images/train_images/a646c084928c.png,a646c084928c.png,a646c084928c,right,0.81,estimated_disc_position,aptos2019_a646c084928c,False,0.0
aptos2019,train,/kaggle/input/datasets/deepapaneru/aptos2019/train_images/train_images/a8e08e7fe016.png,a8e08e7fe016.png,a8e08e7fe016,uncertain,0.04,estimated_disc_position,aptos2019_a8e08e7fe016,True,2.0
aptos2019,train,/kaggle/input/datasets/deepapaneru/aptos2019/train_images/train_images/1caba2fb38f6.png,1caba2fb38f6.png,1caba2fb38f6,right,0.7,estimated_disc_position,aptos2019_1caba2fb38f6,False,0.0
aptos2019,train,/kaggle/input/datasets/deepapaneru/aptos2019/train_images/train_images/1f31701dd61b.png,1f31701dd61b.png,1f31701dd61b,left,1.0,estimated_disc_position,aptos2019_1f31701dd61b,False,0.0
aptos2019,train,/kaggle/input/datasets/deepapaneru/aptos2019/train_images/train_images/beeca5f14618.png,beeca5f14618.png,beeca5f14618,right,1.0,estimated_disc_position,aptos2019_beeca5f14618,False,0.0
aptos2019,train,/kaggle/input/datasets/deepapaneru/aptos2019/train_images/train_images/2f81ee5f2926.png,2f81ee5f2926.png,2f81ee5f2926,right,0.92,estimated_disc_position,aptos2019_2f81ee5f2926,False,0.0
aptos2019,train,/kaggle/input/datasets/deepapaneru/aptos2019/train_images/train_images/58529a8638d0.png,58529a8638d0.png,58529a8638d0,left,1.0,estimated_disc_position,aptos2019_58529a8638d0,False,2.0
aptos2019,train,/kaggle/input/datasets/deepapaneru/aptos2019/train_images/train_images/51d574513bcb.png,51d574513bcb.png,51d574513bcb,right,1.0,estimated_disc_position,aptos2019_51d574513bcb,False,2.0
aptos2019,train,/kaggle/input/datasets/deepapaneru/aptos2019/train_images/train_images/8329e80c10ac.png,8329e80c10ac.png,8329e80c10ac,left,0.51,estimated_disc_position,aptos2019_8329e80c10ac,False,0.0
aptos2019,train,/kaggle/input/datasets/deepapaneru/aptos2019/train_images/train_images/6653ad026901.png,6653ad026901.png,6653ad026901,left,0.64,estimated_disc_position,aptos2019_6653ad026901,False,0.0
aptos2019,train,/kaggle/input/datasets/deepapaneru/aptos2019/train_images/train_images/6180920bc224.png,6180920bc224.png,6180920bc224,left,1.0,estimated_disc_position,aptos2019_6180920bc224,False,0.0
aptos2019,train,/kaggle/input/datasets/deepapaneru/aptos2019/train_images/train_images/3b9817a39adf.png,3b9817a39adf.png,3b9817a39adf,right,1.0,estimated_disc_position,aptos2019_3b9817a39adf,False,0.0
aptos2019,train,/kaggle/input/datasets/deepapaneru/aptos2019/train_images/train_images/78b3f819dcc5.png,78b3f819dcc5.png,78b3f819dcc5,right,1.0,estimated_disc_position,aptos2019_78b3f819dcc5,False,4.0
aptos2019,train,/kaggle/input/datasets/deepapaneru/aptos2019/train_images/train_images/3823acc4e464.png,3823acc4e464.png,3823acc4e464,left,1.0,estimated_disc_position,aptos2019_3823acc4e464,False,0.0
aptos2019,train,/kaggle/input/datasets/deepapaneru/aptos2019/train_images/train_images/3b10191dfd25.png,3b10191dfd25.png,3b10191dfd25,left,1.0,estimated_disc_position,aptos2019_3b10191dfd25,False,0.0
aptos2019,train,/kaggle/input/datasets/deepapaneru/aptos2019/train_images/train_images/d2c2f02bb313.png,d2c2f02bb313.png,d2c2f02bb313,left,0.71,estimated_disc_position,aptos2019_d2c2f02bb313,False,4.0
aptos2019,train,/kaggle/input/datasets/deepapaneru/aptos2019/train_images/train_images/46d3316c4857.png,46d3316c4857.png,46d3316c4857,left,0.84,estimated_disc_position,aptos2019_46d3316c4857,False,4.0
aptos2019,train,/kaggle/input/datasets/deepapaneru/aptos2019/train_images/train_images/c0e509786f7f.png,c0e509786f7f.png,c0e509786f7f,uncertain,0.26,estimated_disc_position,aptos2019_c0e509786f7f,True,4.0
aptos2019,train,/kaggle/input/datasets/deepapaneru/aptos2019/train_images/train_images/b60dbf9f0744.png,b60dbf9f0744.png,b60dbf9f0744,right,0.87,estimated_disc_position,aptos2019_b60dbf9f0744,False,2.0
aptos2019,train,/kaggle/input/datasets/deepapaneru/aptos2019/train_images/train_images/7350c50667c5.png,7350c50667c5.png,7350c50667c5,uncertain,0.14,estimated_disc_position,aptos2019_7350c50667c5,True,2.0
aptos2019,train,/kaggle/input/datasets/deepapaneru/aptos2019/train_images/train_images/bf6cbccacf39.png,bf6cbccacf39.png,bf6cbccacf39,right,1.0,estimated_disc_position,aptos2019_bf6cbccacf39,False,0.0
aptos2019,train,/kaggle/input/datasets/deepapaneru/aptos2019/train_images/train_images/b06dabab4f09.png,b06dabab4f09.png,b06dabab4f09,uncertain,0.06,estimated_disc_position,aptos2019_b06dabab4f09,True,2.0
aptos2019,train,/kaggle/input/datasets/deepapaneru/aptos2019/train_images/train_images/e087bd4b88f2.png,e087bd4b88f2.png,e087bd4b88f2,left,1.0,estimated_disc_position,aptos2019_e087bd4b88f2,False,0.0
aptos2019,train,/kaggle/input/datasets/deepapaneru/aptos2019/train_images/train_images/b4f41b5bf0ef.png,b4f41b5bf0ef.png,b4f41b5bf0ef,right,1.0,estimated_disc_position,aptos2019_b4f41b5bf0ef,False,1.0
aptos2019,train,/kaggle/input/datasets/deepapaneru/aptos2019/train_images/train_images/b086c7cd3868.png,b086c7cd3868.png,b086c7cd3868,right,0.8,estimated_disc_position,aptos2019_b086c7cd3868,False,0.0
aptos2019,train,/kaggle/input/datasets/deepapaneru/aptos2019/train_images/train_images/352e4a939242.png,352e4a939242.png,352e4a939242,right,1.0,estimated_disc_position,aptos2019_352e4a939242,False,3.0
aptos2019,train,/kaggle/input/datasets/deepapaneru/aptos2019/train_images/train_images/85cbb84ac8e0.png,85cbb84ac8e0.png,85cbb84ac8e0,left,0.97,estimated_disc_position,aptos2019_85cbb84ac8e0,False,4.0
aptos2019,train,/kaggle/input/datasets/deepapaneru/aptos2019/train_images/train_images/b16dd4483ca5.png,b16dd4483ca5.png,b16dd4483ca5,right,1.0,estimated_disc_position,aptos2019_b16dd4483ca5,False,0.0
aptos2019,train,/kaggle/input/datasets/deepapaneru/aptos2019/train_images/train_images/5b804948e35f.png,5b804948e35f.png,5b804948e35f,left,1.0,estimated_disc_position,aptos2019_5b804948e35f,False,1.0
aptos2019,train,/kaggle/input/datasets/deepapaneru/aptos2019/train_images/train_images/b89938407ee6.png,b89938407ee6.png,b89938407ee6,right,1.0,estimated_disc_position,aptos2019_b89938407ee6,False,2.0
aptos2019,train,/kaggle/input/datasets/deepapaneru/aptos2019/train_images/train_images/5cbe88914a72.png,5cbe88914a72.png,5cbe88914a72,right,0.94,estimated_disc_position,aptos2019_5cbe88914a72,False,0.0
aptos2019,train,/kaggle/input/datasets/deepapaneru/aptos2019/train_images/train_images/d2d523e9f669.png,d2d523e9f669.png,d2d523e9f669,left,1.0,estimated_disc_position,aptos2019_d2d523e9f669,False,0.0
aptos2019,train,/kaggle/input/datasets/deepapaneru/aptos2019/train_images/train_images/e06cccc08c59.png,e06cccc08c59.png,e06cccc08c59,left,0.46,estimated_disc_position,aptos2019_e06cccc08c59,False,0.0
aptos2019,train,/kaggle/input/datasets/deepapaneru/aptos2019/train_images/train_images/22325552a4e3.png,22325552a4e3.png,22325552a4e3,right,0.71,estimated_disc_position,aptos2019_22325552a4e3,False,1.0
aptos2019,train,/kaggle/input/datasets/deepapaneru/aptos2019/train_images/train_images/96793edb1003.png,96793edb1003.png,96793edb1003,right,1.0,estimated_disc_position,aptos2019_96793edb1003,False,0.0
aptos2019,train,/kaggle/input/datasets/deepapaneru/aptos2019/train_images/train_images/57a5f1015504.png,57a5f1015504.png,57a5f1015504,right,1.0,estimated_disc_position,aptos2019_57a5f1015504,False,2.0
aptos2019,train,/kaggle/input/datasets/deepapaneru/aptos2019/train_images/train_images/962c0fc85e13.png,962c0fc85e13.png,962c0fc85e13,right,1.0,estimated_disc_position,aptos2019_962c0fc85e13,False,0.0
aptos2019,train,/kaggle/input/datasets/deepapaneru/aptos2019/train_images/train_images/73ba798fee25.png,73ba798fee25.png,73ba798fee25,right,0.96,estimated_disc_position,aptos2019_73ba798fee25,False,0.0
aptos2019,train,/kaggle/input/datasets/deepapaneru/aptos2019/train_images/train_images/1df1530b9b8d.png,1df1530b9b8d.png,1df1530b9b8d,right,0.78,estimated_disc_position,aptos2019_1df1530b9b8d,False,0.0
aptos2019,train,/kaggle/input/datasets/deepapaneru/aptos2019/train_images/train_images/31cb39681f6a.png,31cb39681f6a.png,31cb39681f6a,right,1.0,estimated_disc_position,aptos2019_31cb39681f6a,False,1.0
aptos2019,train,/kaggle/input/datasets/deepapaneru/aptos2019/train_images/train_images/daeaa5d8cf70.png,daeaa5d8cf70.png,daeaa5d8cf70,left,0.98,estimated_disc_position,aptos2019_daeaa5d8cf70,False,2.0
aptos2019,train,/kaggle/input/datasets/deepapaneru/aptos2019/train_images/train_images/5dc23e440de3.png,5dc23e440de3.png,5dc23e440de3,uncertain,0.06,estimated_disc_position,aptos2019_5dc23e440de3,True,2.0
aptos2019,train,/kaggle/input/datasets/deepapaneru/aptos2019/train_images/train_images/a2ad3da4c7d6.png,a2ad3da4c7d6.png,a2ad3da4c7d6,right,1.0,estimated_disc_position,aptos2019_a2ad3da4c7d6,False,2.0
aptos2019,train,/kaggle/input/datasets/deepapaneru/aptos2019/train_images/train_images/91cbe1c775ef.png,91cbe1c775ef.png,91cbe1c775ef,left,0.7,estimated_disc_position,aptos2019_91cbe1c775ef,False,2.0
aptos2019,train,/kaggle/input/datasets/deepapaneru/aptos2019/train_images/train_images/48a45619d1a3.png,48a45619d1a3.png,48a45619d1a3,right,1.0,estimated_disc_position,aptos2019_48a45619d1a3,False,0.0
aptos2019,train,/kaggle/input/datasets/deepapaneru/aptos2019/train_images/train_images/cd314653a4d8.png,cd314653a4d8.png,cd314653a4d8,right,1.0,estimated_disc_position,aptos2019_cd314653a4d8,False,0.0
aptos2019,train,/kaggle/input/datasets/deepapaneru/aptos2019/train_images/train_images/6fe4751a3b42.png,6fe4751a3b42.png,6fe4751a3b42,right,0.88,estimated_disc_position,aptos2019_6fe4751a3b42,False,0.0
aptos2019,train,/kaggle/input/datasets/deepapaneru/aptos2019/train_images/train_images/cd941e5bc659.png,cd941e5bc659.png,cd941e5bc659,right,0.86,estimated_disc_position,aptos2019_cd941e5bc659,False,0.0
aptos2019,train,/kaggle/input/datasets/deepapaneru/aptos2019/train_images/train_images/33e7bf536fc5.png,33e7bf536fc5.png,33e7bf536fc5,left,1.0,estimated_disc_position,aptos2019_33e7bf536fc5,False,0.0
aptos2019,train,/kaggle/input/datasets/deepapaneru/aptos2019/train_images/train_images/c62cef02efa2.png,c62cef02efa2.png,c62cef02efa2,left,1.0,estimated_disc_position,aptos2019_c62cef02efa2,False,0.0
aptos2019,train,/kaggle/input/datasets/deepapaneru/aptos2019/train_images/train_images/3a1d3ce00f0c.png,3a1d3ce00f0c.png,3a1d3ce00f0c,left,0.63,estimated_disc_position,aptos2019_3a1d3ce00f0c,False,2.0
aptos2019,train,/kaggle/input/datasets/deepapaneru/aptos2019/train_images/train_images/ac17cc18a994.png,ac17cc18a994.png,ac17cc18a994,left,0.93,estimated_disc_position,aptos2019_ac17cc18a994,False,0.0
aptos2019,train,/kaggle/input/datasets/deepapaneru/aptos2019/train_images/train_images/4a213b405ee4.png,4a213b405ee4.png,4a213b405ee4,uncertain,0.14,estimated_disc_position,aptos2019_4a213b405ee4,True,1.0
aptos2019,train,/kaggle/input/datasets/deepapaneru/aptos2019/train_images/train_images/7f0ffeb0a333.png,7f0ffeb0a333.png,7f0ffeb0a333,right,1.0,estimated_disc_position,aptos2019_7f0ffeb0a333,False,0.0
aptos2019,train,/kaggle/input/datasets/deepapaneru/aptos2019/train_images/train_images/57a710de68a4.png,57a710de68a4.png,57a710de68a4,left,0.94,estimated_disc_position,aptos2019_57a710de68a4,False,0.0
aptos2019,train,/kaggle/input/datasets/deepapaneru/aptos2019/train_images/train_images/e1b8acb1cea1.png,e1b8acb1cea1.png,e1b8acb1cea1,left,1.0,estimated_disc_position,aptos2019_e1b8acb1cea1,False,0.0
aptos2019,train,/kaggle/input/datasets/deepapaneru/aptos2019/train_images/train_images/89d2a7403a06.png,89d2a7403a06.png,89d2a7403a06,left,1.0,estimated_disc_position,aptos2019_89d2a7403a06,False,2.0
aptos2019,train,/kaggle/input/datasets/deepapaneru/aptos2019/train_images/train_images/454a944eb557.png,454a944eb557.png,454a944eb557,left,1.0,estimated_disc_position,aptos2019_454a944eb557,False,0.0
aptos2019,train,/kaggle/input/datasets/deepapaneru/aptos2019/train_images/train_images/abe940882578.png,abe940882578.png,abe940882578,left,1.0,estimated_disc_position,aptos2019_abe940882578,False,0.0
aptos2019,train,/kaggle/input/datasets/deepapaneru/aptos2019/train_images/train_images/90960ddf4d14.png,90960ddf4d14.png,90960ddf4d14,left,1.0,estimated_disc_position,aptos2019_90960ddf4d14,False,0.0
aptos2019,train,/kaggle/input/datasets/deepapaneru/aptos2019/train_images/train_images/a45c30da0c72.png,a45c30da0c72.png,a45c30da0c72,left,1.0,estimated_disc_position,aptos2019_a45c30da0c72,False,0.0
aptos2019,train,/kaggle/input/datasets/deepapaneru/aptos2019/train_images/train_images/cf0824f53dd9.png,cf0824f53dd9.png,cf0824f53dd9,right,1.0,estimated_disc_position,aptos2019_cf0824f53dd9,False,2.0
aptos2019,train,/kaggle/input/datasets/deepapaneru/aptos2019/train_images/train_images/d39752cb6e57.png,d39752cb6e57.png,d39752cb6e57,right,0.77,estimated_disc_position,aptos2019_d39752cb6e57,False,0.0
aptos2019,train,/kaggle/input/datasets/deepapaneru/aptos2019/train_images/train_images/9859e2a6cc24.png,9859e2a6cc24.png,9859e2a6cc24,left,1.0,estimated_disc_position,aptos2019_9859e2a6cc24,False,4.0
aptos2019,train,/kaggle/input/datasets/deepapaneru/aptos2019/train_images/train_images/d83d0695e215.png,d83d0695e215.png,d83d0695e215,left,1.0,estimated_disc_position,aptos2019_d83d0695e215,False,2.0
aptos2019,train,/kaggle/input/datasets/deepapaneru/aptos2019/train_images/train_images/dee687c6e88a.png,dee687c6e88a.png,dee687c6e88a,left,0.96,estimated_disc_position,aptos2019_dee687c6e88a,False,2.0
aptos2019,train,/kaggle/input/datasets/deepapaneru/aptos2019/train_images/train_images/25e9fd872182.png,25e9fd872182.png,25e9fd872182,right,0.75,estimated_disc_position,aptos2019_25e9fd872182,False,1.0
aptos2019,train,/kaggle/input/datasets/deepapaneru/aptos2019/train_images/train_images/453d553b0a94.png,453d553b0a94.png,453d553b0a94,left,0.63,estimated_disc_position,aptos2019_453d553b0a94,False,2.0
aptos2019,train,/kaggle/input/datasets/deepapaneru/aptos2019/train_images/train_images/1bb0ddfe753a.png,1bb0ddfe753a.png,1bb0ddfe753a,left,1.0,estimated_disc_position,aptos2019_1bb0ddfe753a,False,1.0
aptos2019,train,/kaggle/input/datasets/deepapaneru/aptos2019/train_images/train_images/7663aba8d762.png,7663aba8d762.png,7663aba8d762,left,1.0,estimated_disc_position,aptos2019_7663aba8d762,False,2.0
aptos2019,train,/kaggle/input/datasets/deepapaneru/aptos2019/train_images/train_images/d866c26d76f0.png,d866c26d76f0.png,d866c26d76f0,uncertain,0.27,estimated_disc_position,aptos2019_d866c26d76f0,True,0.0
aptos2019,train,/kaggle/input/datasets/deepapaneru/aptos2019/train_images/train_images/2a08ed6bbcbc.png,2a08ed6bbcbc.png,2a08ed6bbcbc,left,1.0,estimated_disc_position,aptos2019_2a08ed6bbcbc,False,1.0
aptos2019,train,/kaggle/input/datasets/deepapaneru/aptos2019/train_images/train_images/cac80797770f.png,cac80797770f.png,cac80797770f,right,1.0,estimated_disc_position,aptos2019_cac80797770f,False,2.0
aptos2019,train,/kaggle/input/datasets/deepapaneru/aptos2019/train_images/train_images/7270367410a1.png,7270367410a1.png,7270367410a1,right,1.0,estimated_disc_position,aptos2019_7270367410a1,False,4.0
aptos2019,train,/kaggle/input/datasets/deepapaneru/aptos2019/train_images/train_images/4fef9ed8a4c5.png,4fef9ed8a4c5.png,4fef9ed8a4c5,left,1.0,estimated_disc_position,aptos2019_4fef9ed8a4c5,False,3.0
aptos2019,train,/kaggle/input/datasets/deepapaneru/aptos2019/train_images/train_images/a8eb35b3bcd2.png,a8eb35b3bcd2.png,a8eb35b3bcd2,right,1.0,estimated_disc_position,aptos2019_a8eb35b3bcd2,False,2.0
aptos2019,train,/kaggle/input/datasets/deepapaneru/aptos2019/train_images/train_images/5ca779ace6e7.png,5ca779ace6e7.png,5ca779ace6e7,right,0.9,estimated_disc_position,aptos2019_5ca779ace6e7,False,0.0
aptos2019,train,/kaggle/input/datasets/deepapaneru/aptos2019/train_images/train_images/974c7d7b9c64.png,974c7d7b9c64.png,974c7d7b9c64,right,0.78,estimated_disc_position,aptos2019_974c7d7b9c64,False,0.0
aptos2019,train,/kaggle/input/datasets/deepapaneru/aptos2019/train_images/train_images/6298468d7d75.png,6298468d7d75.png,6298468d7d75,left,0.96,estimated_disc_position,aptos2019_6298468d7d75,False,1.0
aptos2019,train,/kaggle/input/datasets/deepapaneru/aptos2019/train_images/train_images/5cde55f745af.png,5cde55f745af.png,5cde55f745af,left,0.84,estimated_disc_position,aptos2019_5cde55f745af,False,2.0
aptos2019,train,/kaggle/input/datasets/deepapaneru/aptos2019/train_images/train_images/4c6c5a1bf5ab.png,4c6c5a1bf5ab.png,4c6c5a1bf5ab,right,0.39,estimated_disc_position,aptos2019_4c6c5a1bf5ab,False,0.0
aptos2019,train,/kaggle/input/datasets/deepapaneru/aptos2019/train_images/train_images/482088e6be44.png,482088e6be44.png,482088e6be44,right,1.0,estimated_disc_position,aptos2019_482088e6be44,False,0.0
aptos2019,train,/kaggle/input/datasets/deepapaneru/aptos2019/train_images/train_images/4246ed634f25.png,4246ed634f25.png,4246ed634f25,right,0.76,estimated_disc_position,aptos2019_4246ed634f25,False,2.0
aptos2019,train,/kaggle/input/datasets/deepapaneru/aptos2019/train_images/train_images/94a67ec0714f.png,94a67ec0714f.png,94a67ec0714f,right,1.0,estimated_disc_position,aptos2019_94a67ec0714f,False,2.0
aptos2019,train,/kaggle/input/datasets/deepapaneru/aptos2019/train_images/train_images/aa6673241154.png,aa6673241154.png,aa6673241154,right,0.63,estimated_disc_position,aptos2019_aa6673241154,False,4.0
aptos2019,train,/kaggle/input/datasets/deepapaneru/aptos2019/train_images/train_images/9041eb43456e.png,9041eb43456e.png,9041eb43456e,left,1.0,estimated_disc_position,aptos2019_9041eb43456e,False,2.0
aptos2019,train,/kaggle/input/datasets/deepapaneru/aptos2019/train_images/train_images/27bab1432f61.png,27bab1432f61.png,27bab1432f61,left,1.0,estimated_disc_position,aptos2019_27bab1432f61,False,2.0
aptos2019,train,/kaggle/input/datasets/deepapaneru/aptos2019/train_images/train_images/9a7bd084395e.png,9a7bd084395e.png,9a7bd084395e,right,1.0,estimated_disc_position,aptos2019_9a7bd084395e,False,2.0
aptos2019,train,/kaggle/input/datasets/deepapaneru/aptos2019/train_images/train_images/b7ce561a7328.png,b7ce561a7328.png,b7ce561a7328,right,0.91,estimated_disc_position,aptos2019_b7ce561a7328,False,0.0
aptos2019,train,/kaggle/input/datasets/deepapaneru/aptos2019/train_images/train_images/8f9819752ca0.png,8f9819752ca0.png,8f9819752ca0,left,0.49,estimated_disc_position,aptos2019_8f9819752ca0,False,0.0
aptos2019,train,/kaggle/input/datasets/deepapaneru/aptos2019/train_images/train_images/b92eacd1392a.png,b92eacd1392a.png,b92eacd1392a,right,0.96,estimated_disc_position,aptos2019_b92eacd1392a,False,0.0
aptos2019,train,/kaggle/input/datasets/deepapaneru/aptos2019/train_images/train_images/d9ad2a0ec026.png,d9ad2a0ec026.png,d9ad2a0ec026,right,0.83,estimated_disc_position,aptos2019_d9ad2a0ec026,False,0.0
aptos2019,train,/kaggle/input/datasets/deepapaneru/aptos2019/train_images/train_images/2cceb07ff706.png,2cceb07ff706.png,2cceb07ff706,left,1.0,estimated_disc_position,aptos2019_2cceb07ff706,False,2.0
aptos2019,train,/kaggle/input/datasets/deepapaneru/aptos2019/train_images/train_images/4dbce359d0e1.png,4dbce359d0e1.png,4dbce359d0e1,left,1.0,estimated_disc_position,aptos2019_4dbce359d0e1,False,2.0
aptos2019,train,/kaggle/input/datasets/deepapaneru/aptos2019/train_images/train_images/5a0fe0ee4301.png,5a0fe0ee4301.png,5a0fe0ee4301,left,1.0,estimated_disc_position,aptos2019_5a0fe0ee4301,False,0.0
aptos2019,train,/kaggle/input/datasets/deepapaneru/aptos2019/train_images/train_images/4a44cc840ebe.png,4a44cc840ebe.png,4a44cc840ebe,left,0.41,estimated_disc_position,aptos2019_4a44cc840ebe,False,2.0
aptos2019,train,/kaggle/input/datasets/deepapaneru/aptos2019/train_images/train_images/535682537302.png,535682537302.png,535682537302,left,0.93,estimated_disc_position,aptos2019_535682537302,False,0.0
aptos2019,train,/kaggle/input/datasets/deepapaneru/aptos2019/train_images/train_images/4d009cebabc9.png,4d009cebabc9.png,4d009cebabc9,right,1.0,estimated_disc_position,aptos2019_4d009cebabc9,False,2.0
aptos2019,train,/kaggle/input/datasets/deepapaneru/aptos2019/train_images/train_images/405b4f78658f.png,405b4f78658f.png,405b4f78658f,left,1.0,estimated_disc_position,aptos2019_405b4f78658f,False,3.0
aptos2019,train,/kaggle/input/datasets/deepapaneru/aptos2019/train_images/train_images/d30d079e6f9a.png,d30d079e6f9a.png,d30d079e6f9a,right,0.83,estimated_disc_position,aptos2019_d30d079e6f9a,False,0.0
aptos2019,train,/kaggle/input/datasets/deepapaneru/aptos2019/train_images/train_images/5a5d3798c357.png,5a5d3798c357.png,5a5d3798c357,left,1.0,estimated_disc_position,aptos2019_5a5d3798c357,False,2.0
aptos2019,train,/kaggle/input/datasets/deepapaneru/aptos2019/train_images/train_images/1ee355480567.png,1ee355480567.png,1ee355480567,left,1.0,estimated_disc_position,aptos2019_1ee355480567,False,0.0
aptos2019,train,/kaggle/input/datasets/deepapaneru/aptos2019/train_images/train_images/c6a2975228af.png,c6a2975228af.png,c6a2975228af,left,0.66,estimated_disc_position,aptos2019_c6a2975228af,False,2.0
aptos2019,train,/kaggle/input/datasets/deepapaneru/aptos2019/train_images/train_images/276b14f72328.png,276b14f72328.png,276b14f72328,left,0.98,estimated_disc_position,aptos2019_276b14f72328,False,0.0
aptos2019,train,/kaggle/input/datasets/deepapaneru/aptos2019/train_images/train_images/210bfe0127c6.png,210bfe0127c6.png,210bfe0127c6,right,0.98,estimated_disc_position,aptos2019_210bfe0127c6,False,0.0
aptos2019,train,/kaggle/input/datasets/deepapaneru/aptos2019/train_images/train_images/86e7f98f73f1.png,86e7f98f73f1.png,86e7f98f73f1,right,1.0,estimated_disc_position,aptos2019_86e7f98f73f1,False,2.0
aptos2019,train,/kaggle/input/datasets/deepapaneru/aptos2019/train_images/train_images/b77b8a1f09f1.png,b77b8a1f09f1.png,b77b8a1f09f1,left,0.44,estimated_disc_position,aptos2019_b77b8a1f09f1,False,4.0
aptos2019,train,/kaggle/input/datasets/deepapaneru/aptos2019/train_images/train_images/37de05ef12a5.png,37de05ef12a5.png,37de05ef12a5,left,1.0,estimated_disc_position,aptos2019_37de05ef12a5,False,2.0
aptos2019,train,/kaggle/input/datasets/deepapaneru/aptos2019/train_images/train_images/91e8af9ceee9.png,91e8af9ceee9.png,91e8af9ceee9,left,1.0,estimated_disc_position,aptos2019_91e8af9ceee9,False,2.0
aptos2019,train,/kaggle/input/datasets/deepapaneru/aptos2019/train_images/train_images/4c53cc97ea13.png,4c53cc97ea13.png,4c53cc97ea13,right,1.0,estimated_disc_position,aptos2019_4c53cc97ea13,False,0.0
aptos2019,train,/kaggle/input/datasets/deepapaneru/aptos2019/train_images/train_images/b187b3c93afb.png,b187b3c93afb.png,b187b3c93afb,left,1.0,estimated_disc_position,aptos2019_b187b3c93afb,False,2.0
aptos2019,train,/kaggle/input/datasets/deepapaneru/aptos2019/train_images/train_images/c9d42d7534e0.png,c9d42d7534e0.png,c9d42d7534e0,left,1.0,estimated_disc_position,aptos2019_c9d42d7534e0,False,2.0
aptos2019,train,/kaggle/input/datasets/deepapaneru/aptos2019/train_images/train_images/71f6a6e4620a.png,71f6a6e4620a.png,71f6a6e4620a,right,1.0,estimated_disc_position,aptos2019_71f6a6e4620a,False,1.0
aptos2019,train,/kaggle/input/datasets/deepapaneru/aptos2019/train_images/train_images/44855f666225.png,44855f666225.png,44855f666225,uncertain,0.06,estimated_disc_position,aptos2019_44855f666225,True,2.0
aptos2019,train,/kaggle/input/datasets/deepapaneru/aptos2019/train_images/train_images/7fe7309d0b4f.png,7fe7309d0b4f.png,7fe7309d0b4f,left,0.7,estimated_disc_position,aptos2019_7fe7309d0b4f,False,0.0
aptos2019,train,/kaggle/input/datasets/deepapaneru/aptos2019/train_images/train_images/bc73ce76ec43.png,bc73ce76ec43.png,bc73ce76ec43,right,0.54,estimated_disc_position,aptos2019_bc73ce76ec43,False,1.0
aptos2019,train,/kaggle/input/datasets/deepapaneru/aptos2019/train_images/train_images/300305ce82d2.png,300305ce82d2.png,300305ce82d2,left,1.0,estimated_disc_position,aptos2019_300305ce82d2,False,2.0
aptos2019,train,/kaggle/input/datasets/deepapaneru/aptos2019/train_images/train_images/253e96488cfb.png,253e96488cfb.png,253e96488cfb,left,1.0,estimated_disc_position,aptos2019_253e96488cfb,False,0.0
aptos2019,train,/kaggle/input/datasets/deepapaneru/aptos2019/train_images/train_images/6c6505a0c637.png,6c6505a0c637.png,6c6505a0c637,right,1.0,estimated_disc_position,aptos2019_6c6505a0c637,False,0.0
aptos2019,train,/kaggle/input/datasets/deepapaneru/aptos2019/train_images/train_images/e4151feb8443.png,e4151feb8443.png,e4151feb8443,right,1.0,estimated_disc_position,aptos2019_e4151feb8443,False,2.0
aptos2019,train,/kaggle/input/datasets/deepapaneru/aptos2019/train_images/train_images/6c9c902a97de.png,6c9c902a97de.png,6c9c902a97de,right,0.49,estimated_disc_position,aptos2019_6c9c902a97de,False,0.0
aptos2019,train,/kaggle/input/datasets/deepapaneru/aptos2019/train_images/train_images/a02dfd67a925.png,a02dfd67a925.png,a02dfd67a925,right,1.0,estimated_disc_position,aptos2019_a02dfd67a925,False,0.0
aptos2019,train,/kaggle/input/datasets/deepapaneru/aptos2019/train_images/train_images/5c6194562ed2.png,5c6194562ed2.png,5c6194562ed2,left,1.0,estimated_disc_position,aptos2019_5c6194562ed2,False,2.0
aptos2019,train,/kaggle/input/datasets/deepapaneru/aptos2019/train_images/train_images/7a12f49e29df.png,7a12f49e29df.png,7a12f49e29df,right,1.0,estimated_disc_position,aptos2019_7a12f49e29df,False,0.0
aptos2019,train,/kaggle/input/datasets/deepapaneru/aptos2019/train_images/train_images/b99794a0beed.png,b99794a0beed.png,b99794a0beed,right,1.0,estimated_disc_position,aptos2019_b99794a0beed,False,2.0
aptos2019,train,/kaggle/input/datasets/deepapaneru/aptos2019/train_images/train_images/e3e490babc0c.png,e3e490babc0c.png,e3e490babc0c,right,0.75,estimated_disc_position,aptos2019_e3e490babc0c,False,2.0
aptos2019,train,/kaggle/input/datasets/deepapaneru/aptos2019/train_images/train_images/b55d2ddb3e75.png,b55d2ddb3e75.png,b55d2ddb3e75,left,0.4,estimated_disc_position,aptos2019_b55d2ddb3e75,False,4.0
aptos2019,train,/kaggle/input/datasets/deepapaneru/aptos2019/train_images/train_images/42985aa2e32f.png,42985aa2e32f.png,42985aa2e32f,right,0.92,estimated_disc_position,aptos2019_42985aa2e32f,False,0.0
aptos2019,train,/kaggle/input/datasets/deepapaneru/aptos2019/train_images/train_images/23175b7ef453.png,23175b7ef453.png,23175b7ef453,left,0.92,estimated_disc_position,aptos2019_23175b7ef453,False,2.0
aptos2019,train,/kaggle/input/datasets/deepapaneru/aptos2019/train_images/train_images/bde1063a5dd7.png,bde1063a5dd7.png,bde1063a5dd7,right,0.62,estimated_disc_position,aptos2019_bde1063a5dd7,False,0.0
aptos2019,train,/kaggle/input/datasets/deepapaneru/aptos2019/train_images/train_images/c013e869acce.png,c013e869acce.png,c013e869acce,left,0.85,estimated_disc_position,aptos2019_c013e869acce,False,0.0
aptos2019,train,/kaggle/input/datasets/deepapaneru/aptos2019/train_images/train_images/4eaf2f81819d.png,4eaf2f81819d.png,4eaf2f81819d,left,0.77,estimated_disc_position,aptos2019_4eaf2f81819d,False,0.0
aptos2019,train,/kaggle/input/datasets/deepapaneru/aptos2019/train_images/train_images/e04f3c6619a3.png,e04f3c6619a3.png,e04f3c6619a3,right,0.8,estimated_disc_position,aptos2019_e04f3c6619a3,False,0.0
aptos2019,train,/kaggle/input/datasets/deepapaneru/aptos2019/train_images/train_images/8a81f62320d6.png,8a81f62320d6.png,8a81f62320d6,left,0.96,estimated_disc_position,aptos2019_8a81f62320d6,False,0.0
aptos2019,train,/kaggle/input/datasets/deepapaneru/aptos2019/train_images/train_images/2a7373eeb352.png,2a7373eeb352.png,2a7373eeb352,right,1.0,estimated_disc_position,aptos2019_2a7373eeb352,False,0.0
aptos2019,train,/kaggle/input/datasets/deepapaneru/aptos2019/train_images/train_images/54bdcdecd8f3.png,54bdcdecd8f3.png,54bdcdecd8f3,uncertain,0.11,estimated_disc_position,aptos2019_54bdcdecd8f3,True,0.0
aptos2019,train,/kaggle/input/datasets/deepapaneru/aptos2019/train_images/train_images/5633ced07d8e.png,5633ced07d8e.png,5633ced07d8e,right,0.73,estimated_disc_position,aptos2019_5633ced07d8e,False,1.0
aptos2019,train,/kaggle/input/datasets/deepapaneru/aptos2019/train_images/train_images/4bd5d0b30198.png,4bd5d0b30198.png,4bd5d0b30198,left,0.59,estimated_disc_position,aptos2019_4bd5d0b30198,False,0.0
aptos2019,train,/kaggle/input/datasets/deepapaneru/aptos2019/train_images/train_images/90a786abe58e.png,90a786abe58e.png,90a786abe58e,right,0.94,estimated_disc_position,aptos2019_90a786abe58e,False,0.0
aptos2019,train,/kaggle/input/datasets/deepapaneru/aptos2019/train_images/train_images/d26bc6e1230d.png,d26bc6e1230d.png,d26bc6e1230d,right,1.0,estimated_disc_position,aptos2019_d26bc6e1230d,False,0.0
aptos2019,train,/kaggle/input/datasets/deepapaneru/aptos2019/train_images/train_images/ab03d50bba2f.png,ab03d50bba2f.png,ab03d50bba2f,left,1.0,estimated_disc_position,aptos2019_ab03d50bba2f,False,0.0
aptos2019,train,/kaggle/input/datasets/deepapaneru/aptos2019/train_images/train_images/6a57a3db3eff.png,6a57a3db3eff.png,6a57a3db3eff,left,0.88,estimated_disc_position,aptos2019_6a57a3db3eff,False,0.0
aptos2019,train,/kaggle/input/datasets/deepapaneru/aptos2019/train_images/train_images/93802d1e3c41.png,93802d1e3c41.png,93802d1e3c41,right,0.36,estimated_disc_position,aptos2019_93802d1e3c41,False,0.0
aptos2019,train,/kaggle/input/datasets/deepapaneru/aptos2019/train_images/train_images/91e82fe4e434.png,91e82fe4e434.png,91e82fe4e434,left,0.98,estimated_disc_position,aptos2019_91e82fe4e434,False,0.0
aptos2019,train,/kaggle/input/datasets/deepapaneru/aptos2019/train_images/train_images/aa10a4b2e709.png,aa10a4b2e709.png,aa10a4b2e709,right,0.75,estimated_disc_position,aptos2019_aa10a4b2e709,False,0.0
aptos2019,train,/kaggle/input/datasets/deepapaneru/aptos2019/train_images/train_images/7f84284598f5.png,7f84284598f5.png,7f84284598f5,left,1.0,estimated_disc_position,aptos2019_7f84284598f5,False,2.0
aptos2019,train,/kaggle/input/datasets/deepapaneru/aptos2019/train_images/train_images/5ce5eeaf757a.png,5ce5eeaf757a.png,5ce5eeaf757a,left,1.0,estimated_disc_position,aptos2019_5ce5eeaf757a,False,0.0
aptos2019,train,/kaggle/input/datasets/deepapaneru/aptos2019/train_images/train_images/4a96c28f3f07.png,4a96c28f3f07.png,4a96c28f3f07,right,1.0,estimated_disc_position,aptos2019_4a96c28f3f07,False,0.0
aptos2019,train,/kaggle/input/datasets/deepapaneru/aptos2019/train_images/train_images/94b1d8ad35ec.png,94b1d8ad35ec.png,94b1d8ad35ec,left,1.0,estimated_disc_position,aptos2019_94b1d8ad35ec,False,1.0
aptos2019,train,/kaggle/input/datasets/deepapaneru/aptos2019/train_images/train_images/6089fa333013.png,6089fa333013.png,6089fa333013,left,1.0,estimated_disc_position,aptos2019_6089fa333013,False,3.0
aptos2019,train,/kaggle/input/datasets/deepapaneru/aptos2019/train_images/train_images/de6210f88536.png,de6210f88536.png,de6210f88536,right,0.69,estimated_disc_position,aptos2019_de6210f88536,False,0.0
aptos2019,train,/kaggle/input/datasets/deepapaneru/aptos2019/train_images/train_images/2b3a4a81d748.png,2b3a4a81d748.png,2b3a4a81d748,left,1.0,estimated_disc_position,aptos2019_2b3a4a81d748,False,0.0
aptos2019,train,/kaggle/input/datasets/deepapaneru/aptos2019/train_images/train_images/e31c42a8652b.png,e31c42a8652b.png,e31c42a8652b,uncertain,0.01,estimated_disc_position,aptos2019_e31c42a8652b,True,2.0
aptos2019,train,/kaggle/input/datasets/deepapaneru/aptos2019/train_images/train_images/873dcc0b468f.png,873dcc0b468f.png,873dcc0b468f,right,1.0,estimated_disc_position,aptos2019_873dcc0b468f,False,4.0
aptos2019,train,/kaggle/input/datasets/deepapaneru/aptos2019/train_images/train_images/7bf981d9c7fe.png,7bf981d9c7fe.png,7bf981d9c7fe,left,1.0,estimated_disc_position,aptos2019_7bf981d9c7fe,False,1.0
aptos2019,train,/kaggle/input/datasets/deepapaneru/aptos2019/train_images/train_images/dce73d90c00c.png,dce73d90c00c.png,dce73d90c00c,left,0.98,estimated_disc_position,aptos2019_dce73d90c00c,False,0.0
aptos2019,train,/kaggle/input/datasets/deepapaneru/aptos2019/train_images/train_images/1f4fb37e0854.png,1f4fb37e0854.png,1f4fb37e0854,right,1.0,estimated_disc_position,aptos2019_1f4fb37e0854,False,0.0
aptos2019,train,/kaggle/input/datasets/deepapaneru/aptos2019/train_images/train_images/80964d8e0863.png,80964d8e0863.png,80964d8e0863,uncertain,0.19,estimated_disc_position,aptos2019_80964d8e0863,True,4.0
aptos2019,train,/kaggle/input/datasets/deepapaneru/aptos2019/train_images/train_images/ae49cc60f251.png,ae49cc60f251.png,ae49cc60f251,left,0.4,estimated_disc_position,aptos2019_ae49cc60f251,False,0.0
aptos2019,train,/kaggle/input/datasets/deepapaneru/aptos2019/train_images/train_images/a76b69e443ce.png,a76b69e443ce.png,a76b69e443ce,left,1.0,estimated_disc_position,aptos2019_a76b69e443ce,False,4.0
aptos2019,train,/kaggle/input/datasets/deepapaneru/aptos2019/train_images/train_images/25b4080f598b.png,25b4080f598b.png,25b4080f598b,left,1.0,estimated_disc_position,aptos2019_25b4080f598b,False,0.0
aptos2019,train,/kaggle/input/datasets/deepapaneru/aptos2019/train_images/train_images/8871e6a26596.png,8871e6a26596.png,8871e6a26596,right,1.0,estimated_disc_position,aptos2019_8871e6a26596,False,2.0
aptos2019,train,/kaggle/input/datasets/deepapaneru/aptos2019/train_images/train_images/2b074afdf626.png,2b074afdf626.png,2b074afdf626,right,0.99,estimated_disc_position,aptos2019_2b074afdf626,False,2.0
aptos2019,train,/kaggle/input/datasets/deepapaneru/aptos2019/train_images/train_images/94076a9fb9b5.png,94076a9fb9b5.png,94076a9fb9b5,right,0.73,estimated_disc_position,aptos2019_94076a9fb9b5,False,0.0
aptos2019,train,/kaggle/input/datasets/deepapaneru/aptos2019/train_images/train_images/d5ad3362424c.png,d5ad3362424c.png,d5ad3362424c,left,1.0,estimated_disc_position,aptos2019_d5ad3362424c,False,0.0
aptos2019,train,/kaggle/input/datasets/deepapaneru/aptos2019/train_images/train_images/97f290d31813.png,97f290d31813.png,97f290d31813,right,1.0,estimated_disc_position,aptos2019_97f290d31813,False,0.0
aptos2019,train,/kaggle/input/datasets/deepapaneru/aptos2019/train_images/train_images/de18071c36e6.png,de18071c36e6.png,de18071c36e6,right,1.0,estimated_disc_position,aptos2019_de18071c36e6,False,0.0
aptos2019,train,/kaggle/input/datasets/deepapaneru/aptos2019/train_images/train_images/1ffaa51a6245.png,1ffaa51a6245.png,1ffaa51a6245,left,0.63,estimated_disc_position,aptos2019_1ffaa51a6245,False,2.0
aptos2019,train,/kaggle/input/datasets/deepapaneru/aptos2019/train_images/train_images/dd3dad6ca78f.png,dd3dad6ca78f.png,dd3dad6ca78f,uncertain,0.01,estimated_disc_position,aptos2019_dd3dad6ca78f,True,3.0
aptos2019,train,/kaggle/input/datasets/deepapaneru/aptos2019/train_images/train_images/784d6d302f98.png,784d6d302f98.png,784d6d302f98,right,0.83,estimated_disc_position,aptos2019_784d6d302f98,False,0.0
aptos2019,train,/kaggle/input/datasets/deepapaneru/aptos2019/train_images/train_images/be521870a0ea.png,be521870a0ea.png,be521870a0ea,left,1.0,estimated_disc_position,aptos2019_be521870a0ea,False,0.0
aptos2019,train,/kaggle/input/datasets/deepapaneru/aptos2019/train_images/train_images/40527a5e95dd.png,40527a5e95dd.png,40527a5e95dd,right,1.0,estimated_disc_position,aptos2019_40527a5e95dd,False,2.0
aptos2019,train,/kaggle/input/datasets/deepapaneru/aptos2019/train_images/train_images/d66ccb75ada1.png,d66ccb75ada1.png,d66ccb75ada1,left,0.96,estimated_disc_position,aptos2019_d66ccb75ada1,False,1.0
aptos2019,train,/kaggle/input/datasets/deepapaneru/aptos2019/train_images/train_images/5ead17e894ae.png,5ead17e894ae.png,5ead17e894ae,right,0.86,estimated_disc_position,aptos2019_5ead17e894ae,False,0.0
aptos2019,train,/kaggle/input/datasets/deepapaneru/aptos2019/train_images/train_images/789434d095d1.png,789434d095d1.png,789434d095d1,left,1.0,estimated_disc_position,aptos2019_789434d095d1,False,4.0
aptos2019,train,/kaggle/input/datasets/deepapaneru/aptos2019/train_images/train_images/c70d09370109.png,c70d09370109.png,c70d09370109,left,0.69,estimated_disc_position,aptos2019_c70d09370109,False,2.0
aptos2019,train,/kaggle/input/datasets/deepapaneru/aptos2019/train_images/train_images/851e40a21f81.png,851e40a21f81.png,851e40a21f81,left,0.9,estimated_disc_position,aptos2019_851e40a21f81,False,0.0
aptos2019,train,/kaggle/input/datasets/deepapaneru/aptos2019/train_images/train_images/b46b09a45f39.png,b46b09a45f39.png,b46b09a45f39,right,0.38,estimated_disc_position,aptos2019_b46b09a45f39,False,0.0
aptos2019,train,/kaggle/input/datasets/deepapaneru/aptos2019/train_images/train_images/aa94cc4bfd84.png,aa94cc4bfd84.png,aa94cc4bfd84,left,0.8,estimated_disc_position,aptos2019_aa94cc4bfd84,False,0.0
aptos2019,train,/kaggle/input/datasets/deepapaneru/aptos2019/train_images/train_images/2f143453bb71.png,2f143453bb71.png,2f143453bb71,right,0.9,estimated_disc_position,aptos2019_2f143453bb71,False,0.0
aptos2019,train,/kaggle/input/datasets/deepapaneru/aptos2019/train_images/train_images/9c088d2d1559.png,9c088d2d1559.png,9c088d2d1559,right,0.78,estimated_disc_position,aptos2019_9c088d2d1559,False,2.0
aptos2019,train,/kaggle/input/datasets/deepapaneru/aptos2019/train_images/train_images/38487e1a5b1f.png,38487e1a5b1f.png,38487e1a5b1f,uncertain,0.03,estimated_disc_position,aptos2019_38487e1a5b1f,True,2.0
aptos2019,train,/kaggle/input/datasets/deepapaneru/aptos2019/train_images/train_images/84a72e15b23c.png,84a72e15b23c.png,84a72e15b23c,right,1.0,estimated_disc_position,aptos2019_84a72e15b23c,False,1.0
aptos2019,train,/kaggle/input/datasets/deepapaneru/aptos2019/train_images/train_images/274f4de2a59d.png,274f4de2a59d.png,274f4de2a59d,right,0.41,estimated_disc_position,aptos2019_274f4de2a59d,False,0.0
aptos2019,train,/kaggle/input/datasets/deepapaneru/aptos2019/train_images/train_images/9b093fe95d6b.png,9b093fe95d6b.png,9b093fe95d6b,right,1.0,estimated_disc_position,aptos2019_9b093fe95d6b,False,3.0
aptos2019,train,/kaggle/input/datasets/deepapaneru/aptos2019/train_images/train_images/bfd5c0e55420.png,bfd5c0e55420.png,bfd5c0e55420,right,1.0,estimated_disc_position,aptos2019_bfd5c0e55420,False,2.0
aptos2019,train,/kaggle/input/datasets/deepapaneru/aptos2019/train_images/train_images/de55ed25e0e8.png,de55ed25e0e8.png,de55ed25e0e8,right,0.86,estimated_disc_position,aptos2019_de55ed25e0e8,False,0.0
aptos2019,train,/kaggle/input/datasets/deepapaneru/aptos2019/train_images/train_images/6b30767595d8.png,6b30767595d8.png,6b30767595d8,left,1.0,estimated_disc_position,aptos2019_6b30767595d8,False,0.0
aptos2019,train,/kaggle/input/datasets/deepapaneru/aptos2019/train_images/train_images/65e6f1bd9875.png,65e6f1bd9875.png,65e6f1bd9875,right,1.0,estimated_disc_position,aptos2019_65e6f1bd9875,False,0.0
aptos2019,train,/kaggle/input/datasets/deepapaneru/aptos2019/train_images/train_images/8af6a4e5396f.png,8af6a4e5396f.png,8af6a4e5396f,left,0.32,estimated_disc_position,aptos2019_8af6a4e5396f,True,4.0
aptos2019,train,/kaggle/input/datasets/deepapaneru/aptos2019/train_images/train_images/c7b622ec8104.png,c7b622ec8104.png,c7b622ec8104,left,0.91,estimated_disc_position,aptos2019_c7b622ec8104,False,1.0
aptos2019,train,/kaggle/input/datasets/deepapaneru/aptos2019/train_images/train_images/613028ede6a0.png,613028ede6a0.png,613028ede6a0,left,1.0,estimated_disc_position,aptos2019_613028ede6a0,False,4.0
aptos2019,train,/kaggle/input/datasets/deepapaneru/aptos2019/train_images/train_images/393fa5a023a5.png,393fa5a023a5.png,393fa5a023a5,left,0.94,estimated_disc_position,aptos2019_393fa5a023a5,False,0.0
aptos2019,train,/kaggle/input/datasets/deepapaneru/aptos2019/train_images/train_images/457c7c927e27.png,457c7c927e27.png,457c7c927e27,right,1.0,estimated_disc_position,aptos2019_457c7c927e27,False,3.0
aptos2019,train,/kaggle/input/datasets/deepapaneru/aptos2019/train_images/train_images/beb00fa6e7c9.png,beb00fa6e7c9.png,beb00fa6e7c9,left,0.9,estimated_disc_position,aptos2019_beb00fa6e7c9,False,0.0
aptos2019,train,/kaggle/input/datasets/deepapaneru/aptos2019/train_images/train_images/24b87f744598.png,24b87f744598.png,24b87f744598,uncertain,0.3,estimated_disc_position,aptos2019_24b87f744598,True,3.0
aptos2019,train,/kaggle/input/datasets/deepapaneru/aptos2019/train_images/train_images/3a61e690f4bb.png,3a61e690f4bb.png,3a61e690f4bb,right,0.79,estimated_disc_position,aptos2019_3a61e690f4bb,False,2.0
aptos2019,train,/kaggle/input/datasets/deepapaneru/aptos2019/train_images/train_images/91e2c2890c9f.png,91e2c2890c9f.png,91e2c2890c9f,right,1.0,estimated_disc_position,aptos2019_91e2c2890c9f,False,2.0
aptos2019,train,/kaggle/input/datasets/deepapaneru/aptos2019/train_images/train_images/d667af5742f6.png,d667af5742f6.png,d667af5742f6,left,0.99,estimated_disc_position,aptos2019_d667af5742f6,False,0.0
aptos2019,train,/kaggle/input/datasets/deepapaneru/aptos2019/train_images/train_images/8676427e4625.png,8676427e4625.png,8676427e4625,right,0.96,estimated_disc_position,aptos2019_8676427e4625,False,1.0
aptos2019,train,/kaggle/input/datasets/deepapaneru/aptos2019/train_images/train_images/1f3f32efaf20.png,1f3f32efaf20.png,1f3f32efaf20,right,0.85,estimated_disc_position,aptos2019_1f3f32efaf20,False,0.0
aptos2019,train,/kaggle/input/datasets/deepapaneru/aptos2019/train_images/train_images/66375b3c64db.png,66375b3c64db.png,66375b3c64db,left,0.79,estimated_disc_position,aptos2019_66375b3c64db,False,4.0
aptos2019,train,/kaggle/input/datasets/deepapaneru/aptos2019/train_images/train_images/70d657f8f503.png,70d657f8f503.png,70d657f8f503,left,1.0,estimated_disc_position,aptos2019_70d657f8f503,False,4.0
aptos2019,train,/kaggle/input/datasets/deepapaneru/aptos2019/train_images/train_images/26fc2358a38d.png,26fc2358a38d.png,26fc2358a38d,left,0.69,estimated_disc_position,aptos2019_26fc2358a38d,False,0.0
aptos2019,train,/kaggle/input/datasets/deepapaneru/aptos2019/train_images/train_images/232549883508.png,232549883508.png,232549883508,left,1.0,estimated_disc_position,aptos2019_232549883508,False,2.0
aptos2019,train,/kaggle/input/datasets/deepapaneru/aptos2019/train_images/train_images/e3b47ed5b511.png,e3b47ed5b511.png,e3b47ed5b511,left,0.55,estimated_disc_position,aptos2019_e3b47ed5b511,False,0.0
aptos2019,train,/kaggle/input/datasets/deepapaneru/aptos2019/train_images/train_images/21037f5c7790.png,21037f5c7790.png,21037f5c7790,left,0.98,estimated_disc_position,aptos2019_21037f5c7790,False,0.0
aptos2019,train,/kaggle/input/datasets/deepapaneru/aptos2019/train_images/train_images/cac40227d3b2.png,cac40227d3b2.png,cac40227d3b2,right,1.0,estimated_disc_position,aptos2019_cac40227d3b2,False,2.0
aptos2019,train,/kaggle/input/datasets/deepapaneru/aptos2019/train_images/train_images/d10ef306996b.png,d10ef306996b.png,d10ef306996b,left,1.0,estimated_disc_position,aptos2019_d10ef306996b,False,4.0
aptos2019,train,/kaggle/input/datasets/deepapaneru/aptos2019/train_images/train_images/76c0c7e1b6cb.png,76c0c7e1b6cb.png,76c0c7e1b6cb,right,1.0,estimated_disc_position,aptos2019_76c0c7e1b6cb,False,2.0
aptos2019,train,/kaggle/input/datasets/deepapaneru/aptos2019/train_images/train_images/8c87bd748996.png,8c87bd748996.png,8c87bd748996,left,0.78,estimated_disc_position,aptos2019_8c87bd748996,False,2.0
aptos2019,train,/kaggle/input/datasets/deepapaneru/aptos2019/train_images/train_images/6c315ad3d07f.png,6c315ad3d07f.png,6c315ad3d07f,right,0.35,estimated_disc_position,aptos2019_6c315ad3d07f,False,2.0
aptos2019,train,/kaggle/input/datasets/deepapaneru/aptos2019/train_images/train_images/9e2a8135f471.png,9e2a8135f471.png,9e2a8135f471,right,0.67,estimated_disc_position,aptos2019_9e2a8135f471,False,0.0
aptos2019,train,/kaggle/input/datasets/deepapaneru/aptos2019/train_images/train_images/4a693dd3921a.png,4a693dd3921a.png,4a693dd3921a,uncertain,0.05,estimated_disc_position,aptos2019_4a693dd3921a,True,4.0
aptos2019,train,/kaggle/input/datasets/deepapaneru/aptos2019/train_images/train_images/b0c9a492e068.png,b0c9a492e068.png,b0c9a492e068,left,1.0,estimated_disc_position,aptos2019_b0c9a492e068,False,0.0
aptos2019,train,/kaggle/input/datasets/deepapaneru/aptos2019/train_images/train_images/99e8bf998285.png,99e8bf998285.png,99e8bf998285,left,0.82,estimated_disc_position,aptos2019_99e8bf998285,False,2.0
aptos2019,train,/kaggle/input/datasets/deepapaneru/aptos2019/train_images/train_images/5056fa7d505f.png,5056fa7d505f.png,5056fa7d505f,right,1.0,estimated_disc_position,aptos2019_5056fa7d505f,False,0.0
aptos2019,train,/kaggle/input/datasets/deepapaneru/aptos2019/train_images/train_images/4205e9deb058.png,4205e9deb058.png,4205e9deb058,right,0.69,estimated_disc_position,aptos2019_4205e9deb058,False,0.0
aptos2019,train,/kaggle/input/datasets/deepapaneru/aptos2019/train_images/train_images/4ce74e5eb51d.png,4ce74e5eb51d.png,4ce74e5eb51d,left,0.82,estimated_disc_position,aptos2019_4ce74e5eb51d,False,2.0
aptos2019,train,/kaggle/input/datasets/deepapaneru/aptos2019/train_images/train_images/bcdc8db5423b.png,bcdc8db5423b.png,bcdc8db5423b,right,1.0,estimated_disc_position,aptos2019_bcdc8db5423b,False,2.0
aptos2019,train,/kaggle/input/datasets/deepapaneru/aptos2019/train_images/train_images/a6731dd737af.png,a6731dd737af.png,a6731dd737af,left,0.93,estimated_disc_position,aptos2019_a6731dd737af,False,0.0
aptos2019,train,/kaggle/input/datasets/deepapaneru/aptos2019/train_images/train_images/763ad1236efe.png,763ad1236efe.png,763ad1236efe,right,0.86,estimated_disc_position,aptos2019_763ad1236efe,False,0.0
aptos2019,train,/kaggle/input/datasets/deepapaneru/aptos2019/train_images/train_images/9e3510963315.png,9e3510963315.png,9e3510963315,left,1.0,estimated_disc_position,aptos2019_9e3510963315,False,4.0
aptos2019,train,/kaggle/input/datasets/deepapaneru/aptos2019/train_images/train_images/b7aca95b97b9.png,b7aca95b97b9.png,b7aca95b97b9,right,1.0,estimated_disc_position,aptos2019_b7aca95b97b9,False,0.0
aptos2019,train,/kaggle/input/datasets/deepapaneru/aptos2019/train_images/train_images/3c1efa38d0da.png,3c1efa38d0da.png,3c1efa38d0da,left,0.35,estimated_disc_position,aptos2019_3c1efa38d0da,True,2.0
aptos2019,train,/kaggle/input/datasets/deepapaneru/aptos2019/train_images/train_images/a8e88d4891c4.png,a8e88d4891c4.png,a8e88d4891c4,uncertain,0.01,estimated_disc_position,aptos2019_a8e88d4891c4,True,3.0
aptos2019,train,/kaggle/input/datasets/deepapaneru/aptos2019/train_images/train_images/b43440c6ebe4.png,b43440c6ebe4.png,b43440c6ebe4,left,0.88,estimated_disc_position,aptos2019_b43440c6ebe4,False,0.0
aptos2019,train,/kaggle/input/datasets/deepapaneru/aptos2019/train_images/train_images/24f271c87e73.png,24f271c87e73.png,24f271c87e73,left,1.0,estimated_disc_position,aptos2019_24f271c87e73,False,0.0
aptos2019,train,/kaggle/input/datasets/deepapaneru/aptos2019/train_images/train_images/6d10709053ae.png,6d10709053ae.png,6d10709053ae,right,1.0,estimated_disc_position,aptos2019_6d10709053ae,False,0.0
aptos2019,train,/kaggle/input/datasets/deepapaneru/aptos2019/train_images/train_images/d2c5fb82fe5f.png,d2c5fb82fe5f.png,d2c5fb82fe5f,left,1.0,estimated_disc_position,aptos2019_d2c5fb82fe5f,False,0.0
aptos2019,train,/kaggle/input/datasets/deepapaneru/aptos2019/train_images/train_images/d88c4843aec3.png,d88c4843aec3.png,d88c4843aec3,right,0.83,estimated_disc_position,aptos2019_d88c4843aec3,False,0.0
aptos2019,train,/kaggle/input/datasets/deepapaneru/aptos2019/train_images/train_images/43f22d1be8dd.png,43f22d1be8dd.png,43f22d1be8dd,right,0.72,estimated_disc_position,aptos2019_43f22d1be8dd,False,0.0
aptos2019,train,/kaggle/input/datasets/deepapaneru/aptos2019/train_images/train_images/bed8296c8dfe.png,bed8296c8dfe.png,bed8296c8dfe,left,0.69,estimated_disc_position,aptos2019_bed8296c8dfe,False,0.0
aptos2019,train,/kaggle/input/datasets/deepapaneru/aptos2019/train_images/train_images/4c60b10a3a6a.png,4c60b10a3a6a.png,4c60b10a3a6a,left,0.9,estimated_disc_position,aptos2019_4c60b10a3a6a,False,3.0
aptos2019,train,/kaggle/input/datasets/deepapaneru/aptos2019/train_images/train_images/7a0cff4c24b2.png,7a0cff4c24b2.png,7a0cff4c24b2,left,1.0,estimated_disc_position,aptos2019_7a0cff4c24b2,False,2.0
aptos2019,train,/kaggle/input/datasets/deepapaneru/aptos2019/train_images/train_images/c8905b8d5cf1.png,c8905b8d5cf1.png,c8905b8d5cf1,left,0.58,estimated_disc_position,aptos2019_c8905b8d5cf1,False,2.0
aptos2019,train,/kaggle/input/datasets/deepapaneru/aptos2019/train_images/train_images/b17f0b81dab3.png,b17f0b81dab3.png,b17f0b81dab3,right,1.0,estimated_disc_position,aptos2019_b17f0b81dab3,False,1.0
aptos2019,train,/kaggle/input/datasets/deepapaneru/aptos2019/train_images/train_images/6a905a7202d2.png,6a905a7202d2.png,6a905a7202d2,right,0.75,estimated_disc_position,aptos2019_6a905a7202d2,False,0.0
aptos2019,train,/kaggle/input/datasets/deepapaneru/aptos2019/train_images/train_images/50840c36f0b4.png,50840c36f0b4.png,50840c36f0b4,left,0.8,estimated_disc_position,aptos2019_50840c36f0b4,False,1.0
aptos2019,train,/kaggle/input/datasets/deepapaneru/aptos2019/train_images/train_images/465c618f7b23.png,465c618f7b23.png,465c618f7b23,uncertain,0.12,estimated_disc_position,aptos2019_465c618f7b23,True,2.0
aptos2019,train,/kaggle/input/datasets/deepapaneru/aptos2019/train_images/train_images/89b044cbaf85.png,89b044cbaf85.png,89b044cbaf85,right,0.57,estimated_disc_position,aptos2019_89b044cbaf85,False,2.0
aptos2019,train,/kaggle/input/datasets/deepapaneru/aptos2019/train_images/train_images/5995321563b7.png,5995321563b7.png,5995321563b7,right,0.99,estimated_disc_position,aptos2019_5995321563b7,False,0.0
aptos2019,train,/kaggle/input/datasets/deepapaneru/aptos2019/train_images/train_images/3694e8c8e09a.png,3694e8c8e09a.png,3694e8c8e09a,left,1.0,estimated_disc_position,aptos2019_3694e8c8e09a,False,0.0
aptos2019,train,/kaggle/input/datasets/deepapaneru/aptos2019/train_images/train_images/d56d32a1d62d.png,d56d32a1d62d.png,d56d32a1d62d,right,1.0,estimated_disc_position,aptos2019_d56d32a1d62d,False,0.0
aptos2019,train,/kaggle/input/datasets/deepapaneru/aptos2019/train_images/train_images/57ce57a8cfb0.png,57ce57a8cfb0.png,57ce57a8cfb0,uncertain,0.18,estimated_disc_position,aptos2019_57ce57a8cfb0,True,2.0
aptos2019,train,/kaggle/input/datasets/deepapaneru/aptos2019/train_images/train_images/a0267206d51e.png,a0267206d51e.png,a0267206d51e,right,1.0,estimated_disc_position,aptos2019_a0267206d51e,False,2.0
aptos2019,train,/kaggle/input/datasets/deepapaneru/aptos2019/train_images/train_images/65a7fe9482fe.png,65a7fe9482fe.png,65a7fe9482fe,right,1.0,estimated_disc_position,aptos2019_65a7fe9482fe,False,0.0
aptos2019,train,/kaggle/input/datasets/deepapaneru/aptos2019/train_images/train_images/e13412678eff.png,e13412678eff.png,e13412678eff,right,1.0,estimated_disc_position,aptos2019_e13412678eff,False,3.0
aptos2019,train,/kaggle/input/datasets/deepapaneru/aptos2019/train_images/train_images/2cbfc6182ba2.png,2cbfc6182ba2.png,2cbfc6182ba2,uncertain,0.01,estimated_disc_position,aptos2019_2cbfc6182ba2,True,2.0
aptos2019,train,/kaggle/input/datasets/deepapaneru/aptos2019/train_images/train_images/675de69373f8.png,675de69373f8.png,675de69373f8,right,1.0,estimated_disc_position,aptos2019_675de69373f8,False,0.0
aptos2019,train,/kaggle/input/datasets/deepapaneru/aptos2019/train_images/train_images/d18e5b68f6d2.png,d18e5b68f6d2.png,d18e5b68f6d2,right,1.0,estimated_disc_position,aptos2019_d18e5b68f6d2,False,2.0
aptos2019,train,/kaggle/input/datasets/deepapaneru/aptos2019/train_images/train_images/76095c338728.png,76095c338728.png,76095c338728,right,0.94,estimated_disc_position,aptos2019_76095c338728,False,0.0
aptos2019,train,/kaggle/input/datasets/deepapaneru/aptos2019/train_images/train_images/52edbe29d655.png,52edbe29d655.png,52edbe29d655,left,0.93,estimated_disc_position,aptos2019_52edbe29d655,False,0.0
aptos2019,train,/kaggle/input/datasets/deepapaneru/aptos2019/train_images/train_images/898f0bc8acfa.png,898f0bc8acfa.png,898f0bc8acfa,left,1.0,estimated_disc_position,aptos2019_898f0bc8acfa,False,0.0
aptos2019,train,/kaggle/input/datasets/deepapaneru/aptos2019/train_images/train_images/db52626d450c.png,db52626d450c.png,db52626d450c,left,0.59,estimated_disc_position,aptos2019_db52626d450c,False,0.0
aptos2019,train,/kaggle/input/datasets/deepapaneru/aptos2019/train_images/train_images/312694ea8e6a.png,312694ea8e6a.png,312694ea8e6a,right,1.0,estimated_disc_position,aptos2019_312694ea8e6a,False,4.0
aptos2019,train,/kaggle/input/datasets/deepapaneru/aptos2019/train_images/train_images/870f433e8f37.png,870f433e8f37.png,870f433e8f37,right,0.35,estimated_disc_position,aptos2019_870f433e8f37,True,0.0
aptos2019,train,/kaggle/input/datasets/deepapaneru/aptos2019/train_images/train_images/4f46d7ee61ed.png,4f46d7ee61ed.png,4f46d7ee61ed,left,1.0,estimated_disc_position,aptos2019_4f46d7ee61ed,False,2.0
aptos2019,train,/kaggle/input/datasets/deepapaneru/aptos2019/train_images/train_images/d99dd99be001.png,d99dd99be001.png,d99dd99be001,right,0.48,estimated_disc_position,aptos2019_d99dd99be001,False,0.0
aptos2019,train,/kaggle/input/datasets/deepapaneru/aptos2019/train_images/train_images/6b66b0e86f7e.png,6b66b0e86f7e.png,6b66b0e86f7e,left,1.0,estimated_disc_position,aptos2019_6b66b0e86f7e,False,0.0
aptos2019,train,/kaggle/input/datasets/deepapaneru/aptos2019/train_images/train_images/378963f9df22.png,378963f9df22.png,378963f9df22,right,1.0,estimated_disc_position,aptos2019_378963f9df22,False,4.0
aptos2019,train,/kaggle/input/datasets/deepapaneru/aptos2019/train_images/train_images/b70e7c26f51e.png,b70e7c26f51e.png,b70e7c26f51e,left,0.88,estimated_disc_position,aptos2019_b70e7c26f51e,False,0.0
aptos2019,train,/kaggle/input/datasets/deepapaneru/aptos2019/train_images/train_images/51131b48f9d4.png,51131b48f9d4.png,51131b48f9d4,left,0.71,estimated_disc_position,aptos2019_51131b48f9d4,False,1.0
aptos2019,train,/kaggle/input/datasets/deepapaneru/aptos2019/train_images/train_images/db690e2d02f8.png,db690e2d02f8.png,db690e2d02f8,left,0.81,estimated_disc_position,aptos2019_db690e2d02f8,False,1.0
aptos2019,train,/kaggle/input/datasets/deepapaneru/aptos2019/train_images/train_images/a188c60b93fb.png,a188c60b93fb.png,a188c60b93fb,left,1.0,estimated_disc_position,aptos2019_a188c60b93fb,False,0.0
aptos2019,train,/kaggle/input/datasets/deepapaneru/aptos2019/train_images/train_images/274f5029189b.png,274f5029189b.png,274f5029189b,left,1.0,estimated_disc_position,aptos2019_274f5029189b,False,1.0
aptos2019,train,/kaggle/input/datasets/deepapaneru/aptos2019/train_images/train_images/dbd062558b81.png,dbd062558b81.png,dbd062558b81,right,1.0,estimated_disc_position,aptos2019_dbd062558b81,False,1.0
aptos2019,train,/kaggle/input/datasets/deepapaneru/aptos2019/train_images/train_images/248dec89b3a2.png,248dec89b3a2.png,248dec89b3a2,right,1.0,estimated_disc_position,aptos2019_248dec89b3a2,False,0.0
aptos2019,train,/kaggle/input/datasets/deepapaneru/aptos2019/train_images/train_images/881ec6186e68.png,881ec6186e68.png,881ec6186e68,right,0.93,estimated_disc_position,aptos2019_881ec6186e68,False,0.0
aptos2019,train,/kaggle/input/datasets/deepapaneru/aptos2019/train_images/train_images/2d870833c0c9.png,2d870833c0c9.png,2d870833c0c9,right,1.0,estimated_disc_position,aptos2019_2d870833c0c9,False,2.0
aptos2019,train,/kaggle/input/datasets/deepapaneru/aptos2019/train_images/train_images/3246f07e65b4.png,3246f07e65b4.png,3246f07e65b4,right,1.0,estimated_disc_position,aptos2019_3246f07e65b4,False,2.0
aptos2019,train,/kaggle/input/datasets/deepapaneru/aptos2019/train_images/train_images/ca0f1a17c8e5.png,ca0f1a17c8e5.png,ca0f1a17c8e5,uncertain,0.01,estimated_disc_position,aptos2019_ca0f1a17c8e5,True,2.0
aptos2019,train,/kaggle/input/datasets/deepapaneru/aptos2019/train_images/train_images/518e880613de.png,518e880613de.png,518e880613de,left,1.0,estimated_disc_position,aptos2019_518e880613de,False,4.0
aptos2019,train,/kaggle/input/datasets/deepapaneru/aptos2019/train_images/train_images/a70d0f12a641.png,a70d0f12a641.png,a70d0f12a641,right,0.94,estimated_disc_position,aptos2019_a70d0f12a641,False,0.0
aptos2019,train,/kaggle/input/datasets/deepapaneru/aptos2019/train_images/train_images/8f1e7433a95d.png,8f1e7433a95d.png,8f1e7433a95d,right,1.0,estimated_disc_position,aptos2019_8f1e7433a95d,False,2.0
aptos2019,train,/kaggle/input/datasets/deepapaneru/aptos2019/train_images/train_images/a963ac561580.png,a963ac561580.png,a963ac561580,left,0.73,estimated_disc_position,aptos2019_a963ac561580,False,0.0
aptos2019,train,/kaggle/input/datasets/deepapaneru/aptos2019/train_images/train_images/80d24897669f.png,80d24897669f.png,80d24897669f,left,1.0,estimated_disc_position,aptos2019_80d24897669f,False,1.0
aptos2019,train,/kaggle/input/datasets/deepapaneru/aptos2019/train_images/train_images/92d9e9f08709.png,92d9e9f08709.png,92d9e9f08709,right,1.0,estimated_disc_position,aptos2019_92d9e9f08709,False,1.0
aptos2019,train,/kaggle/input/datasets/deepapaneru/aptos2019/train_images/train_images/a182b5b191de.png,a182b5b191de.png,a182b5b191de,right,1.0,estimated_disc_position,aptos2019_a182b5b191de,False,4.0
aptos2019,train,/kaggle/input/datasets/deepapaneru/aptos2019/train_images/train_images/67d8f94f04e0.png,67d8f94f04e0.png,67d8f94f04e0,right,1.0,estimated_disc_position,aptos2019_67d8f94f04e0,False,0.0
aptos2019,train,/kaggle/input/datasets/deepapaneru/aptos2019/train_images/train_images/4689b739d240.png,4689b739d240.png,4689b739d240,uncertain,0.21,estimated_disc_position,aptos2019_4689b739d240,True,4.0
aptos2019,train,/kaggle/input/datasets/deepapaneru/aptos2019/train_images/train_images/e12b67835e03.png,e12b67835e03.png,e12b67835e03,left,1.0,estimated_disc_position,aptos2019_e12b67835e03,False,2.0
aptos2019,train,/kaggle/input/datasets/deepapaneru/aptos2019/train_images/train_images/61e301bd3c25.png,61e301bd3c25.png,61e301bd3c25,left,1.0,estimated_disc_position,aptos2019_61e301bd3c25,False,4.0
aptos2019,train,/kaggle/input/datasets/deepapaneru/aptos2019/train_images/train_images/3206171db5be.png,3206171db5be.png,3206171db5be,right,1.0,estimated_disc_position,aptos2019_3206171db5be,False,4.0
aptos2019,train,/kaggle/input/datasets/deepapaneru/aptos2019/train_images/train_images/49419f8d5cb4.png,49419f8d5cb4.png,49419f8d5cb4,right,1.0,estimated_disc_position,aptos2019_49419f8d5cb4,False,2.0
aptos2019,train,/kaggle/input/datasets/deepapaneru/aptos2019/train_images/train_images/b294927b14b0.png,b294927b14b0.png,b294927b14b0,left,0.86,estimated_disc_position,aptos2019_b294927b14b0,False,0.0
aptos2019,train,/kaggle/input/datasets/deepapaneru/aptos2019/train_images/train_images/21abd36095a1.png,21abd36095a1.png,21abd36095a1,left,1.0,estimated_disc_position,aptos2019_21abd36095a1,False,4.0
aptos2019,train,/kaggle/input/datasets/deepapaneru/aptos2019/train_images/train_images/e12f9f19d1be.png,e12f9f19d1be.png,e12f9f19d1be,left,1.0,estimated_disc_position,aptos2019_e12f9f19d1be,False,0.0
aptos2019,train,/kaggle/input/datasets/deepapaneru/aptos2019/train_images/train_images/a8dea22ef903.png,a8dea22ef903.png,a8dea22ef903,right,0.77,estimated_disc_position,aptos2019_a8dea22ef903,False,0.0
aptos2019,train,/kaggle/input/datasets/deepapaneru/aptos2019/train_images/train_images/86fbac86ed3e.png,86fbac86ed3e.png,86fbac86ed3e,right,1.0,estimated_disc_position,aptos2019_86fbac86ed3e,False,2.0
aptos2019,train,/kaggle/input/datasets/deepapaneru/aptos2019/train_images/train_images/215d2b7c3fde.png,215d2b7c3fde.png,215d2b7c3fde,right,0.69,estimated_disc_position,aptos2019_215d2b7c3fde,False,0.0
aptos2019,train,/kaggle/input/datasets/deepapaneru/aptos2019/train_images/train_images/8b079e79035f.png,8b079e79035f.png,8b079e79035f,right,0.88,estimated_disc_position,aptos2019_8b079e79035f,False,0.0
aptos2019,train,/kaggle/input/datasets/deepapaneru/aptos2019/train_images/train_images/c38dec54a9f7.png,c38dec54a9f7.png,c38dec54a9f7,left,0.85,estimated_disc_position,aptos2019_c38dec54a9f7,False,0.0
aptos2019,train,/kaggle/input/datasets/deepapaneru/aptos2019/train_images/train_images/501c319f7a9f.png,501c319f7a9f.png,501c319f7a9f,right,1.0,estimated_disc_position,aptos2019_501c319f7a9f,False,0.0
aptos2019,train,/kaggle/input/datasets/deepapaneru/aptos2019/train_images/train_images/60eeae3ba23d.png,60eeae3ba23d.png,60eeae3ba23d,left,1.0,estimated_disc_position,aptos2019_60eeae3ba23d,False,2.0
aptos2019,val,/kaggle/input/datasets/deepapaneru/aptos2019/val_images/val_images/17f6c7072f61.png,17f6c7072f61.png,17f6c7072f61,right,0.77,estimated_disc_position,aptos2019_17f6c7072f61,False,0.0
aptos2019,val,/kaggle/input/datasets/deepapaneru/aptos2019/val_images/val_images/0243404e8a00.png,0243404e8a00.png,0243404e8a00,left,1.0,estimated_disc_position,aptos2019_0243404e8a00,False,4.0
aptos2019,val,/kaggle/input/datasets/deepapaneru/aptos2019/val_images/val_images/0083ee8054ee.png,0083ee8054ee.png,0083ee8054ee,uncertain,0.25,estimated_disc_position,aptos2019_0083ee8054ee,True,4.0
aptos2019,val,/kaggle/input/datasets/deepapaneru/aptos2019/val_images/val_images/0ac436400db4.png,0ac436400db4.png,0ac436400db4,left,0.87,estimated_disc_position,aptos2019_0ac436400db4,False,2.0
aptos2019,val,/kaggle/input/datasets/deepapaneru/aptos2019/val_images/val_images/0d0a21fd354f.png,0d0a21fd354f.png,0d0a21fd354f,right,1.0,estimated_disc_position,aptos2019_0d0a21fd354f,False,2.0
aptos2019,val,/kaggle/input/datasets/deepapaneru/aptos2019/val_images/val_images/02da652c74b8.png,02da652c74b8.png,02da652c74b8,left,1.0,estimated_disc_position,aptos2019_02da652c74b8,False,0.0
aptos2019,val,/kaggle/input/datasets/deepapaneru/aptos2019/val_images/val_images/15e96e848b46.png,15e96e848b46.png,15e96e848b46,left,1.0,estimated_disc_position,aptos2019_15e96e848b46,False,4.0
aptos2019,val,/kaggle/input/datasets/deepapaneru/aptos2019/val_images/val_images/059bc89df7f4.png,059bc89df7f4.png,059bc89df7f4,left,1.0,estimated_disc_position,aptos2019_059bc89df7f4,False,1.0
aptos2019,val,/kaggle/input/datasets/deepapaneru/aptos2019/val_images/val_images/04d029cfb612.png,04d029cfb612.png,04d029cfb612,right,1.0,estimated_disc_position,aptos2019_04d029cfb612,False,2.0
aptos2019,val,/kaggle/input/datasets/deepapaneru/aptos2019/val_images/val_images/08752092140d.png,08752092140d.png,08752092140d,uncertain,0.21,estimated_disc_position,aptos2019_08752092140d,True,2.0
aptos2019,val,/kaggle/input/datasets/deepapaneru/aptos2019/val_images/val_images/0ef4c61dc056.png,0ef4c61dc056.png,0ef4c61dc056,left,0.8,estimated_disc_position,aptos2019_0ef4c61dc056,False,0.0
aptos2019,val,/kaggle/input/datasets/deepapaneru/aptos2019/val_images/val_images/1a7e3356b39c.png,1a7e3356b39c.png,1a7e3356b39c,right,0.8,estimated_disc_position,aptos2019_1a7e3356b39c,False,4.0
aptos2019,val,/kaggle/input/datasets/deepapaneru/aptos2019/val_images/val_images/06be1092a062.png,06be1092a062.png,06be1092a062,uncertain,0.19,estimated_disc_position,aptos2019_06be1092a062,True,0.0
aptos2019,val,/kaggle/input/datasets/deepapaneru/aptos2019/val_images/val_images/03a7f4a5786f.png,03a7f4a5786f.png,03a7f4a5786f,right,1.0,estimated_disc_position,aptos2019_03a7f4a5786f,False,4.0
aptos2019,val,/kaggle/input/datasets/deepapaneru/aptos2019/val_images/val_images/0d0b8fc9ab5c.png,0d0b8fc9ab5c.png,0d0b8fc9ab5c,left,1.0,estimated_disc_position,aptos2019_0d0b8fc9ab5c,False,0.0
aptos2019,val,/kaggle/input/datasets/deepapaneru/aptos2019/val_images/val_images/0125fbd2e791.png,0125fbd2e791.png,0125fbd2e791,left,1.0,estimated_disc_position,aptos2019_0125fbd2e791,False,0.0
aptos2019,val,/kaggle/input/datasets/deepapaneru/aptos2019/val_images/val_images/0e43c8298fc0.png,0e43c8298fc0.png,0e43c8298fc0,left,1.0,estimated_disc_position,aptos2019_0e43c8298fc0,False,0.0
aptos2019,val,/kaggle/input/datasets/deepapaneru/aptos2019/val_images/val_images/09662e462531.png,09662e462531.png,09662e462531,right,1.0,estimated_disc_position,aptos2019_09662e462531,False,0.0
aptos2019,val,/kaggle/input/datasets/deepapaneru/aptos2019/val_images/val_images/12e6e66c80a7.png,12e6e66c80a7.png,12e6e66c80a7,right,1.0,estimated_disc_position,aptos2019_12e6e66c80a7,False,2.0
aptos2019,val,/kaggle/input/datasets/deepapaneru/aptos2019/val_images/val_images/0afbeeef0ff7.png,0afbeeef0ff7.png,0afbeeef0ff7,left,1.0,estimated_disc_position,aptos2019_0afbeeef0ff7,False,0.0
aptos2019,val,/kaggle/input/datasets/deepapaneru/aptos2019/val_images/val_images/0eff8eacb2f7.png,0eff8eacb2f7.png,0eff8eacb2f7,left,1.0,estimated_disc_position,aptos2019_0eff8eacb2f7,False,2.0
aptos2019,val,/kaggle/input/datasets/deepapaneru/aptos2019/val_images/val_images/1ade1e949383.png,1ade1e949383.png,1ade1e949383,right,1.0,estimated_disc_position,aptos2019_1ade1e949383,False,2.0
aptos2019,val,/kaggle/input/datasets/deepapaneru/aptos2019/val_images/val_images/0abf0c485f66.png,0abf0c485f66.png,0abf0c485f66,right,1.0,estimated_disc_position,aptos2019_0abf0c485f66,False,0.0
aptos2019,val,/kaggle/input/datasets/deepapaneru/aptos2019/val_images/val_images/0a61bddab956.png,0a61bddab956.png,0a61bddab956,left,0.87,estimated_disc_position,aptos2019_0a61bddab956,False,1.0
aptos2019,val,/kaggle/input/datasets/deepapaneru/aptos2019/val_images/val_images/1608c82a263f.png,1608c82a263f.png,1608c82a263f,right,1.0,estimated_disc_position,aptos2019_1608c82a263f,False,0.0
aptos2019,val,/kaggle/input/datasets/deepapaneru/aptos2019/val_images/val_images/19244004583f.png,19244004583f.png,19244004583f,uncertain,0.27,estimated_disc_position,aptos2019_19244004583f,True,3.0
aptos2019,val,/kaggle/input/datasets/deepapaneru/aptos2019/val_images/val_images/064af6592ba6.png,064af6592ba6.png,064af6592ba6,uncertain,0.28,estimated_disc_position,aptos2019_064af6592ba6,True,2.0
aptos2019,val,/kaggle/input/datasets/deepapaneru/aptos2019/val_images/val_images/12058bbb8299.png,12058bbb8299.png,12058bbb8299,right,0.88,estimated_disc_position,aptos2019_12058bbb8299,False,0.0
aptos2019,val,/kaggle/input/datasets/deepapaneru/aptos2019/val_images/val_images/0a9ec1e99ce4.png,0a9ec1e99ce4.png,0a9ec1e99ce4,left,1.0,estimated_disc_position,aptos2019_0a9ec1e99ce4,False,2.0
aptos2019,val,/kaggle/input/datasets/deepapaneru/aptos2019/val_images/val_images/15f8d769935c.png,15f8d769935c.png,15f8d769935c,right,0.9,estimated_disc_position,aptos2019_15f8d769935c,False,0.0
aptos2019,val,/kaggle/input/datasets/deepapaneru/aptos2019/val_images/val_images/093cf723fede.png,093cf723fede.png,093cf723fede,right,1.0,estimated_disc_position,aptos2019_093cf723fede,False,0.0
aptos2019,val,/kaggle/input/datasets/deepapaneru/aptos2019/val_images/val_images/13073f075a56.png,13073f075a56.png,13073f075a56,left,0.69,estimated_disc_position,aptos2019_13073f075a56,False,0.0
aptos2019,val,/kaggle/input/datasets/deepapaneru/aptos2019/val_images/val_images/1509d097b69a.png,1509d097b69a.png,1509d097b69a,left,0.9,estimated_disc_position,aptos2019_1509d097b69a,False,0.0
aptos2019,val,/kaggle/input/datasets/deepapaneru/aptos2019/val_images/val_images/101b9ebfc720.png,101b9ebfc720.png,101b9ebfc720,right,0.73,estimated_disc_position,aptos2019_101b9ebfc720,False,1.0
aptos2019,val,/kaggle/input/datasets/deepapaneru/aptos2019/val_images/val_images/0ae2dd2e09ea.png,0ae2dd2e09ea.png,0ae2dd2e09ea,right,0.96,estimated_disc_position,aptos2019_0ae2dd2e09ea,False,0.0
aptos2019,val,/kaggle/input/datasets/deepapaneru/aptos2019/val_images/val_images/0d310aba6373.png,0d310aba6373.png,0d310aba6373,left,0.96,estimated_disc_position,aptos2019_0d310aba6373,False,1.0
aptos2019,val,/kaggle/input/datasets/deepapaneru/aptos2019/val_images/val_images/00f6c1be5a33.png,00f6c1be5a33.png,00f6c1be5a33,left,0.4,estimated_disc_position,aptos2019_00f6c1be5a33,False,0.0
aptos2019,val,/kaggle/input/datasets/deepapaneru/aptos2019/val_images/val_images/09c8323c612e.png,09c8323c612e.png,09c8323c612e,left,1.0,estimated_disc_position,aptos2019_09c8323c612e,False,0.0
aptos2019,val,/kaggle/input/datasets/deepapaneru/aptos2019/val_images/val_images/07596907347b.png,07596907347b.png,07596907347b,right,0.49,estimated_disc_position,aptos2019_07596907347b,False,0.0
aptos2019,val,/kaggle/input/datasets/deepapaneru/aptos2019/val_images/val_images/1a19f2ef4472.png,1a19f2ef4472.png,1a19f2ef4472,left,0.66,estimated_disc_position,aptos2019_1a19f2ef4472,False,0.0
aptos2019,val,/kaggle/input/datasets/deepapaneru/aptos2019/val_images/val_images/022f820027b8.png,022f820027b8.png,022f820027b8,left,1.0,estimated_disc_position,aptos2019_022f820027b8,False,0.0
aptos2019,val,/kaggle/input/datasets/deepapaneru/aptos2019/val_images/val_images/10a5026eb8e6.png,10a5026eb8e6.png,10a5026eb8e6,right,0.62,estimated_disc_position,aptos2019_10a5026eb8e6,False,0.0
aptos2019,val,/kaggle/input/datasets/deepapaneru/aptos2019/val_images/val_images/17eb5d4ad740.png,17eb5d4ad740.png,17eb5d4ad740,right,1.0,estimated_disc_position,aptos2019_17eb5d4ad740,False,2.0
aptos2019,val,/kaggle/input/datasets/deepapaneru/aptos2019/val_images/val_images/1541226c5d72.png,1541226c5d72.png,1541226c5d72,right,1.0,estimated_disc_position,aptos2019_1541226c5d72,False,2.0
aptos2019,val,/kaggle/input/datasets/deepapaneru/aptos2019/val_images/val_images/032d7b0b4bf6.png,032d7b0b4bf6.png,032d7b0b4bf6,left,1.0,estimated_disc_position,aptos2019_032d7b0b4bf6,False,2.0
aptos2019,val,/kaggle/input/datasets/deepapaneru/aptos2019/val_images/val_images/05cd0178ccfe.png,05cd0178ccfe.png,05cd0178ccfe,left,1.0,estimated_disc_position,aptos2019_05cd0178ccfe,False,3.0
aptos2019,val,/kaggle/input/datasets/deepapaneru/aptos2019/val_images/val_images/01c7808d901d.png,01c7808d901d.png,01c7808d901d,left,0.94,estimated_disc_position,aptos2019_01c7808d901d,False,2.0
aptos2019,val,/kaggle/input/datasets/deepapaneru/aptos2019/val_images/val_images/060e00d1e2ab.png,060e00d1e2ab.png,060e00d1e2ab,left,0.7,estimated_disc_position,aptos2019_060e00d1e2ab,False,0.0
aptos2019,val,/kaggle/input/datasets/deepapaneru/aptos2019/val_images/val_images/002c21358ce6.png,002c21358ce6.png,002c21358ce6,left,0.83,estimated_disc_position,aptos2019_002c21358ce6,False,0.0
aptos2019,val,/kaggle/input/datasets/deepapaneru/aptos2019/val_images/val_images/08b6e3240858.png,08b6e3240858.png,08b6e3240858,right,1.0,estimated_disc_position,aptos2019_08b6e3240858,False,0.0
aptos2019,val,/kaggle/input/datasets/deepapaneru/aptos2019/val_images/val_images/0fc6829da85b.png,0fc6829da85b.png,0fc6829da85b,right,1.0,estimated_disc_position,aptos2019_0fc6829da85b,False,0.0
aptos2019,val,/kaggle/input/datasets/deepapaneru/aptos2019/val_images/val_images/0d744aed4d64.png,0d744aed4d64.png,0d744aed4d64,right,0.86,estimated_disc_position,aptos2019_0d744aed4d64,False,0.0
aptos2019,val,/kaggle/input/datasets/deepapaneru/aptos2019/val_images/val_images/194814669fee.png,194814669fee.png,194814669fee,right,1.0,estimated_disc_position,aptos2019_194814669fee,False,1.0
aptos2019,val,/kaggle/input/datasets/deepapaneru/aptos2019/val_images/val_images/1943983492e5.png,1943983492e5.png,1943983492e5,right,1.0,estimated_disc_position,aptos2019_1943983492e5,False,2.0
aptos2019,val,/kaggle/input/datasets/deepapaneru/aptos2019/val_images/val_images/18af532e7e1e.png,18af532e7e1e.png,18af532e7e1e,right,1.0,estimated_disc_position,aptos2019_18af532e7e1e,False,2.0
aptos2019,val,/kaggle/input/datasets/deepapaneru/aptos2019/val_images/val_images/143db89c11c8.png,143db89c11c8.png,143db89c11c8,right,1.0,estimated_disc_position,aptos2019_143db89c11c8,False,0.0
aptos2019,val,/kaggle/input/datasets/deepapaneru/aptos2019/val_images/val_images/054b1b305160.png,054b1b305160.png,054b1b305160,right,1.0,estimated_disc_position,aptos2019_054b1b305160,False,0.0
aptos2019,val,/kaggle/input/datasets/deepapaneru/aptos2019/val_images/val_images/00cc2b75cddd.png,00cc2b75cddd.png,00cc2b75cddd,left,0.91,estimated_disc_position,aptos2019_00cc2b75cddd,False,0.0
aptos2019,val,/kaggle/input/datasets/deepapaneru/aptos2019/val_images/val_images/17e6116b89b3.png,17e6116b89b3.png,17e6116b89b3,left,1.0,estimated_disc_position,aptos2019_17e6116b89b3,False,0.0
aptos2019,val,/kaggle/input/datasets/deepapaneru/aptos2019/val_images/val_images/1124ffcd76c2.png,1124ffcd76c2.png,1124ffcd76c2,left,0.49,estimated_disc_position,aptos2019_1124ffcd76c2,False,2.0
aptos2019,val,/kaggle/input/datasets/deepapaneru/aptos2019/val_images/val_images/0ada12c0e78f.png,0ada12c0e78f.png,0ada12c0e78f,right,1.0,estimated_disc_position,aptos2019_0ada12c0e78f,False,4.0
aptos2019,val,/kaggle/input/datasets/deepapaneru/aptos2019/val_images/val_images/04aef84a2cc1.png,04aef84a2cc1.png,04aef84a2cc1,left,1.0,estimated_disc_position,aptos2019_04aef84a2cc1,False,0.0
aptos2019,val,/kaggle/input/datasets/deepapaneru/aptos2019/val_images/val_images/10f6ef37fe43.png,10f6ef37fe43.png,10f6ef37fe43,right,0.91,estimated_disc_position,aptos2019_10f6ef37fe43,False,0.0
aptos2019,val,/kaggle/input/datasets/deepapaneru/aptos2019/val_images/val_images/10ecc5292ab1.png,10ecc5292ab1.png,10ecc5292ab1,left,1.0,estimated_disc_position,aptos2019_10ecc5292ab1,False,2.0
aptos2019,val,/kaggle/input/datasets/deepapaneru/aptos2019/val_images/val_images/150fc7127582.png,150fc7127582.png,150fc7127582,left,0.52,estimated_disc_position,aptos2019_150fc7127582,False,0.0
aptos2019,val,/kaggle/input/datasets/deepapaneru/aptos2019/val_images/val_images/17d7d6b092f4.png,17d7d6b092f4.png,17d7d6b092f4,left,1.0,estimated_disc_position,aptos2019_17d7d6b092f4,False,0.0
aptos2019,val,/kaggle/input/datasets/deepapaneru/aptos2019/val_images/val_images/188a9323be03.png,188a9323be03.png,188a9323be03,right,1.0,estimated_disc_position,aptos2019_188a9323be03,False,2.0
aptos2019,val,/kaggle/input/datasets/deepapaneru/aptos2019/val_images/val_images/15cd5f52d300.png,15cd5f52d300.png,15cd5f52d300,right,0.68,estimated_disc_position,aptos2019_15cd5f52d300,False,2.0
aptos2019,val,/kaggle/input/datasets/deepapaneru/aptos2019/val_images/val_images/00e4ddff966a.png,00e4ddff966a.png,00e4ddff966a,uncertain,0.18,estimated_disc_position,aptos2019_00e4ddff966a,True,2.0
aptos2019,val,/kaggle/input/datasets/deepapaneru/aptos2019/val_images/val_images/0afdfe5f422c.png,0afdfe5f422c.png,0afdfe5f422c,left,1.0,estimated_disc_position,aptos2019_0afdfe5f422c,False,2.0
aptos2019,val,/kaggle/input/datasets/deepapaneru/aptos2019/val_images/val_images/1409ab48175a.png,1409ab48175a.png,1409ab48175a,left,1.0,estimated_disc_position,aptos2019_1409ab48175a,False,0.0
aptos2019,val,/kaggle/input/datasets/deepapaneru/aptos2019/val_images/val_images/07d8db76b301.png,07d8db76b301.png,07d8db76b301,left,0.98,estimated_disc_position,aptos2019_07d8db76b301,False,2.0
aptos2019,val,/kaggle/input/datasets/deepapaneru/aptos2019/val_images/val_images/0ca0aee4d57e.png,0ca0aee4d57e.png,0ca0aee4d57e,left,1.0,estimated_disc_position,aptos2019_0ca0aee4d57e,False,2.0
aptos2019,val,/kaggle/input/datasets/deepapaneru/aptos2019/val_images/val_images/18ce0cdc473d.png,18ce0cdc473d.png,18ce0cdc473d,right,1.0,estimated_disc_position,aptos2019_18ce0cdc473d,False,0.0
aptos2019,val,/kaggle/input/datasets/deepapaneru/aptos2019/val_images/val_images/10eefba568dd.png,10eefba568dd.png,10eefba568dd,right,1.0,estimated_disc_position,aptos2019_10eefba568dd,False,2.0
aptos2019,val,/kaggle/input/datasets/deepapaneru/aptos2019/val_images/val_images/18323d8f2470.png,18323d8f2470.png,18323d8f2470,right,0.67,estimated_disc_position,aptos2019_18323d8f2470,False,2.0
aptos2019,val,/kaggle/input/datasets/deepapaneru/aptos2019/val_images/val_images/15b21c80cc31.png,15b21c80cc31.png,15b21c80cc31,right,0.85,estimated_disc_position,aptos2019_15b21c80cc31,False,0.0
aptos2019,val,/kaggle/input/datasets/deepapaneru/aptos2019/val_images/val_images/166068a24416.png,166068a24416.png,166068a24416,left,0.85,estimated_disc_position,aptos2019_166068a24416,False,3.0
aptos2019,val,/kaggle/input/datasets/deepapaneru/aptos2019/val_images/val_images/10bf25731c08.png,10bf25731c08.png,10bf25731c08,left,0.81,estimated_disc_position,aptos2019_10bf25731c08,False,0.0
aptos2019,val,/kaggle/input/datasets/deepapaneru/aptos2019/val_images/val_images/02685f13cefd.png,02685f13cefd.png,02685f13cefd,left,0.72,estimated_disc_position,aptos2019_02685f13cefd,False,4.0
aptos2019,val,/kaggle/input/datasets/deepapaneru/aptos2019/val_images/val_images/00b74780d31d.png,00b74780d31d.png,00b74780d31d,right,1.0,estimated_disc_position,aptos2019_00b74780d31d,False,2.0
aptos2019,val,/kaggle/input/datasets/deepapaneru/aptos2019/val_images/val_images/093a42649c29.png,093a42649c29.png,093a42649c29,left,0.84,estimated_disc_position,aptos2019_093a42649c29,False,3.0
aptos2019,val,/kaggle/input/datasets/deepapaneru/aptos2019/val_images/val_images/11d8e5eaee5b.png,11d8e5eaee5b.png,11d8e5eaee5b,right,0.9,estimated_disc_position,aptos2019_11d8e5eaee5b,False,0.0
aptos2019,val,/kaggle/input/datasets/deepapaneru/aptos2019/val_images/val_images/0f96c358a250.png,0f96c358a250.png,0f96c358a250,uncertain,0.12,estimated_disc_position,aptos2019_0f96c358a250,True,3.0
aptos2019,val,/kaggle/input/datasets/deepapaneru/aptos2019/val_images/val_images/144b01e7b993.png,144b01e7b993.png,144b01e7b993,left,1.0,estimated_disc_position,aptos2019_144b01e7b993,False,2.0
aptos2019,val,/kaggle/input/datasets/deepapaneru/aptos2019/val_images/val_images/0ad7f631dedb.png,0ad7f631dedb.png,0ad7f631dedb,right,1.0,estimated_disc_position,aptos2019_0ad7f631dedb,False,1.0
aptos2019,val,/kaggle/input/datasets/deepapaneru/aptos2019/val_images/val_images/0519b934f6b1.png,0519b934f6b1.png,0519b934f6b1,right,1.0,estimated_disc_position,aptos2019_0519b934f6b1,False,2.0
aptos2019,val,/kaggle/input/datasets/deepapaneru/aptos2019/val_images/val_images/12025b34deb8.png,12025b34deb8.png,12025b34deb8,right,1.0,estimated_disc_position,aptos2019_12025b34deb8,False,2.0
aptos2019,val,/kaggle/input/datasets/deepapaneru/aptos2019/val_images/val_images/144a1a426137.png,144a1a426137.png,144a1a426137,left,0.91,estimated_disc_position,aptos2019_144a1a426137,False,2.0
aptos2019,val,/kaggle/input/datasets/deepapaneru/aptos2019/val_images/val_images/1438288bb2e1.png,1438288bb2e1.png,1438288bb2e1,left,0.77,estimated_disc_position,aptos2019_1438288bb2e1,False,2.0
aptos2019,val,/kaggle/input/datasets/deepapaneru/aptos2019/val_images/val_images/0104b032c141.png,0104b032c141.png,0104b032c141,left,1.0,estimated_disc_position,aptos2019_0104b032c141,False,3.0
aptos2019,val,/kaggle/input/datasets/deepapaneru/aptos2019/val_images/val_images/0dbe6c26cedc.png,0dbe6c26cedc.png,0dbe6c26cedc,left,1.0,estimated_disc_position,aptos2019_0dbe6c26cedc,False,0.0
aptos2019,val,/kaggle/input/datasets/deepapaneru/aptos2019/val_images/val_images/086d41d17da8.png,086d41d17da8.png,086d41d17da8,uncertain,0.2,estimated_disc_position,aptos2019_086d41d17da8,True,1.0
aptos2019,val,/kaggle/input/datasets/deepapaneru/aptos2019/val_images/val_images/042470a92154.png,042470a92154.png,042470a92154,right,0.89,estimated_disc_position,aptos2019_042470a92154,False,3.0
aptos2019,val,/kaggle/input/datasets/deepapaneru/aptos2019/val_images/val_images/0cd31078cd08.png,0cd31078cd08.png,0cd31078cd08,right,1.0,estimated_disc_position,aptos2019_0cd31078cd08,False,0.0
aptos2019,val,/kaggle/input/datasets/deepapaneru/aptos2019/val_images/val_images/01b3aed3ed4c.png,01b3aed3ed4c.png,01b3aed3ed4c,left,1.0,estimated_disc_position,aptos2019_01b3aed3ed4c,False,1.0
aptos2019,val,/kaggle/input/datasets/deepapaneru/aptos2019/val_images/val_images/03b373718013.png,03b373718013.png,03b373718013,right,0.91,estimated_disc_position,aptos2019_03b373718013,False,0.0
aptos2019,val,/kaggle/input/datasets/deepapaneru/aptos2019/val_images/val_images/1968183f0e61.png,1968183f0e61.png,1968183f0e61,left,0.38,estimated_disc_position,aptos2019_1968183f0e61,False,2.0
aptos2019,val,/kaggle/input/datasets/deepapaneru/aptos2019/val_images/val_images/19722bff5a09.png,19722bff5a09.png,19722bff5a09,left,1.0,estimated_disc_position,aptos2019_19722bff5a09,False,1.0
aptos2019,val,/kaggle/input/datasets/deepapaneru/aptos2019/val_images/val_images/03c85870824c.png,03c85870824c.png,03c85870824c,left,1.0,estimated_disc_position,aptos2019_03c85870824c,False,3.0
aptos2019,val,/kaggle/input/datasets/deepapaneru/aptos2019/val_images/val_images/070d4ce5fd90.png,070d4ce5fd90.png,070d4ce5fd90,right,0.97,estimated_disc_position,aptos2019_070d4ce5fd90,False,0.0
aptos2019,val,/kaggle/input/datasets/deepapaneru/aptos2019/val_images/val_images/0b8bdec9d869.png,0b8bdec9d869.png,0b8bdec9d869,left,1.0,estimated_disc_position,aptos2019_0b8bdec9d869,False,0.0
aptos2019,val,/kaggle/input/datasets/deepapaneru/aptos2019/val_images/val_images/1594ca6c30d3.png,1594ca6c30d3.png,1594ca6c30d3,left,0.72,estimated_disc_position,aptos2019_1594ca6c30d3,False,2.0
aptos2019,val,/kaggle/input/datasets/deepapaneru/aptos2019/val_images/val_images/05e9126dfa5c.png,05e9126dfa5c.png,05e9126dfa5c,left,1.0,estimated_disc_position,aptos2019_05e9126dfa5c,False,0.0
aptos2019,val,/kaggle/input/datasets/deepapaneru/aptos2019/val_images/val_images/150f92b45349.png,150f92b45349.png,150f92b45349,left,1.0,estimated_disc_position,aptos2019_150f92b45349,False,0.0
aptos2019,val,/kaggle/input/datasets/deepapaneru/aptos2019/val_images/val_images/005b95c28852.png,005b95c28852.png,005b95c28852,left,1.0,estimated_disc_position,aptos2019_005b95c28852,False,0.0
aptos2019,val,/kaggle/input/datasets/deepapaneru/aptos2019/val_images/val_images/1632c4311fc9.png,1632c4311fc9.png,1632c4311fc9,right,0.62,estimated_disc_position,aptos2019_1632c4311fc9,False,2.0
aptos2019,val,/kaggle/input/datasets/deepapaneru/aptos2019/val_images/val_images/115e42dd6a81.png,115e42dd6a81.png,115e42dd6a81,left,1.0,estimated_disc_position,aptos2019_115e42dd6a81,False,2.0
aptos2019,val,/kaggle/input/datasets/deepapaneru/aptos2019/val_images/val_images/191cf5668f33.png,191cf5668f33.png,191cf5668f33,left,0.51,estimated_disc_position,aptos2019_191cf5668f33,False,0.0
aptos2019,val,/kaggle/input/datasets/deepapaneru/aptos2019/val_images/val_images/0e0003ddd8df.png,0e0003ddd8df.png,0e0003ddd8df,left,1.0,estimated_disc_position,aptos2019_0e0003ddd8df,False,0.0
aptos2019,val,/kaggle/input/datasets/deepapaneru/aptos2019/val_images/val_images/16ce555748d8.png,16ce555748d8.png,16ce555748d8,right,1.0,estimated_disc_position,aptos2019_16ce555748d8,False,4.0
aptos2019,val,/kaggle/input/datasets/deepapaneru/aptos2019/val_images/val_images/0fd16b64697e.png,0fd16b64697e.png,0fd16b64697e,left,1.0,estimated_disc_position,aptos2019_0fd16b64697e,False,2.0
aptos2019,val,/kaggle/input/datasets/deepapaneru/aptos2019/val_images/val_images/0fffa73e2402.png,0fffa73e2402.png,0fffa73e2402,left,1.0,estimated_disc_position,aptos2019_0fffa73e2402,False,2.0
aptos2019,val,/kaggle/input/datasets/deepapaneru/aptos2019/val_images/val_images/107aea0d9289.png,107aea0d9289.png,107aea0d9289,right,1.0,estimated_disc_position,aptos2019_107aea0d9289,False,1.0
aptos2019,val,/kaggle/input/datasets/deepapaneru/aptos2019/val_images/val_images/0cecc2864b7f.png,0cecc2864b7f.png,0cecc2864b7f,right,1.0,estimated_disc_position,aptos2019_0cecc2864b7f,False,0.0
aptos2019,val,/kaggle/input/datasets/deepapaneru/aptos2019/val_images/val_images/0dbaa09a458c.png,0dbaa09a458c.png,0dbaa09a458c,left,1.0,estimated_disc_position,aptos2019_0dbaa09a458c,False,2.0
aptos2019,val,/kaggle/input/datasets/deepapaneru/aptos2019/val_images/val_images/06024377d573.png,06024377d573.png,06024377d573,left,1.0,estimated_disc_position,aptos2019_06024377d573,False,2.0
aptos2019,val,/kaggle/input/datasets/deepapaneru/aptos2019/val_images/val_images/18f1f979d30d.png,18f1f979d30d.png,18f1f979d30d,right,1.0,estimated_disc_position,aptos2019_18f1f979d30d,False,2.0
aptos2019,val,/kaggle/input/datasets/deepapaneru/aptos2019/val_images/val_images/0fb1053285cf.png,0fb1053285cf.png,0fb1053285cf,right,0.99,estimated_disc_position,aptos2019_0fb1053285cf,False,1.0
aptos2019,val,/kaggle/input/datasets/deepapaneru/aptos2019/val_images/val_images/0f882877bf13.png,0f882877bf13.png,0f882877bf13,right,1.0,estimated_disc_position,aptos2019_0f882877bf13,False,3.0
aptos2019,val,/kaggle/input/datasets/deepapaneru/aptos2019/val_images/val_images/197af0de76e2.png,197af0de76e2.png,197af0de76e2,left,1.0,estimated_disc_position,aptos2019_197af0de76e2,False,0.0
aptos2019,val,/kaggle/input/datasets/deepapaneru/aptos2019/val_images/val_images/0c55d58bebaf.png,0c55d58bebaf.png,0c55d58bebaf,right,1.0,estimated_disc_position,aptos2019_0c55d58bebaf,False,2.0
aptos2019,val,/kaggle/input/datasets/deepapaneru/aptos2019/val_images/val_images/0f364b7d4384.png,0f364b7d4384.png,0f364b7d4384,left,1.0,estimated_disc_position,aptos2019_0f364b7d4384,False,0.0
aptos2019,val,/kaggle/input/datasets/deepapaneru/aptos2019/val_images/val_images/17eff993386f.png,17eff993386f.png,17eff993386f,left,1.0,estimated_disc_position,aptos2019_17eff993386f,False,1.0
aptos2019,val,/kaggle/input/datasets/deepapaneru/aptos2019/val_images/val_images/16060f05d047.png,16060f05d047.png,16060f05d047,right,1.0,estimated_disc_position,aptos2019_16060f05d047,False,0.0
aptos2019,val,/kaggle/input/datasets/deepapaneru/aptos2019/val_images/val_images/07f5d7baf907.png,07f5d7baf907.png,07f5d7baf907,right,1.0,estimated_disc_position,aptos2019_07f5d7baf907,False,0.0
aptos2019,val,/kaggle/input/datasets/deepapaneru/aptos2019/val_images/val_images/0180bfa26c0b.png,0180bfa26c0b.png,0180bfa26c0b,right,1.0,estimated_disc_position,aptos2019_0180bfa26c0b,False,2.0
aptos2019,val,/kaggle/input/datasets/deepapaneru/aptos2019/val_images/val_images/186c1835eec5.png,186c1835eec5.png,186c1835eec5,left,0.62,estimated_disc_position,aptos2019_186c1835eec5,False,0.0
aptos2019,val,/kaggle/input/datasets/deepapaneru/aptos2019/val_images/val_images/0151781fe50b.png,0151781fe50b.png,0151781fe50b,left,1.0,estimated_disc_position,aptos2019_0151781fe50b,False,0.0
aptos2019,val,/kaggle/input/datasets/deepapaneru/aptos2019/val_images/val_images/05339950962e.png,05339950962e.png,05339950962e,left,1.0,estimated_disc_position,aptos2019_05339950962e,False,0.0
aptos2019,val,/kaggle/input/datasets/deepapaneru/aptos2019/val_images/val_images/1a03a7970337.png,1a03a7970337.png,1a03a7970337,right,1.0,estimated_disc_position,aptos2019_1a03a7970337,False,1.0
aptos2019,val,/kaggle/input/datasets/deepapaneru/aptos2019/val_images/val_images/0a38b552372d.png,0a38b552372d.png,0a38b552372d,right,1.0,estimated_disc_position,aptos2019_0a38b552372d,False,0.0
aptos2019,val,/kaggle/input/datasets/deepapaneru/aptos2019/val_images/val_images/19b0e3c734f5.png,19b0e3c734f5.png,19b0e3c734f5,left,0.48,estimated_disc_position,aptos2019_19b0e3c734f5,False,0.0
aptos2019,val,/kaggle/input/datasets/deepapaneru/aptos2019/val_images/val_images/0babc12807b2.png,0babc12807b2.png,0babc12807b2,left,1.0,estimated_disc_position,aptos2019_0babc12807b2,False,0.0
aptos2019,val,/kaggle/input/datasets/deepapaneru/aptos2019/val_images/val_images/157d17349cc6.png,157d17349cc6.png,157d17349cc6,left,0.94,estimated_disc_position,aptos2019_157d17349cc6,False,2.0
aptos2019,val,/kaggle/input/datasets/deepapaneru/aptos2019/val_images/val_images/02358b47ea89.png,02358b47ea89.png,02358b47ea89,left,0.63,estimated_disc_position,aptos2019_02358b47ea89,False,0.0
aptos2019,val,/kaggle/input/datasets/deepapaneru/aptos2019/val_images/val_images/0212dd31f623.png,0212dd31f623.png,0212dd31f623,left,0.69,estimated_disc_position,aptos2019_0212dd31f623,False,0.0
aptos2019,val,/kaggle/input/datasets/deepapaneru/aptos2019/val_images/val_images/0cbcc7b23613.png,0cbcc7b23613.png,0cbcc7b23613,right,1.0,estimated_disc_position,aptos2019_0cbcc7b23613,False,0.0
aptos2019,val,/kaggle/input/datasets/deepapaneru/aptos2019/val_images/val_images/14515b8f19b6.png,14515b8f19b6.png,14515b8f19b6,left,0.56,estimated_disc_position,aptos2019_14515b8f19b6,False,2.0
aptos2019,val,/kaggle/input/datasets/deepapaneru/aptos2019/val_images/val_images/04a6fc58dabc.png,04a6fc58dabc.png,04a6fc58dabc,right,1.0,estimated_disc_position,aptos2019_04a6fc58dabc,False,2.0
aptos2019,val,/kaggle/input/datasets/deepapaneru/aptos2019/val_images/val_images/04efb1a284cc.png,04efb1a284cc.png,04efb1a284cc,right,0.72,estimated_disc_position,aptos2019_04efb1a284cc,False,0.0
aptos2019,val,/kaggle/input/datasets/deepapaneru/aptos2019/val_images/val_images/12a82fc7d73e.png,12a82fc7d73e.png,12a82fc7d73e,left,0.63,estimated_disc_position,aptos2019_12a82fc7d73e,False,2.0
aptos2019,val,/kaggle/input/datasets/deepapaneru/aptos2019/val_images/val_images/174db0854291.png,174db0854291.png,174db0854291,right,0.49,estimated_disc_position,aptos2019_174db0854291,False,0.0
aptos2019,val,/kaggle/input/datasets/deepapaneru/aptos2019/val_images/val_images/06586082a24d.png,06586082a24d.png,06586082a24d,left,1.0,estimated_disc_position,aptos2019_06586082a24d,False,0.0
aptos2019,val,/kaggle/input/datasets/deepapaneru/aptos2019/val_images/val_images/026dcd9af143.png,026dcd9af143.png,026dcd9af143,left,1.0,estimated_disc_position,aptos2019_026dcd9af143,False,2.0
aptos2019,val,/kaggle/input/datasets/deepapaneru/aptos2019/val_images/val_images/0b64a0a06f9a.png,0b64a0a06f9a.png,0b64a0a06f9a,right,1.0,estimated_disc_position,aptos2019_0b64a0a06f9a,False,0.0
aptos2019,val,/kaggle/input/datasets/deepapaneru/aptos2019/val_images/val_images/12ef75375322.png,12ef75375322.png,12ef75375322,right,0.9,estimated_disc_position,aptos2019_12ef75375322,False,0.0
aptos2019,val,/kaggle/input/datasets/deepapaneru/aptos2019/val_images/val_images/0851d6a69589.png,0851d6a69589.png,0851d6a69589,left,0.75,estimated_disc_position,aptos2019_0851d6a69589,False,0.0
aptos2019,val,/kaggle/input/datasets/deepapaneru/aptos2019/val_images/val_images/187f6ccda87a.png,187f6ccda87a.png,187f6ccda87a,uncertain,0.18,estimated_disc_position,aptos2019_187f6ccda87a,True,4.0
aptos2019,val,/kaggle/input/datasets/deepapaneru/aptos2019/val_images/val_images/19ef4d292196.png,19ef4d292196.png,19ef4d292196,left,1.0,estimated_disc_position,aptos2019_19ef4d292196,False,4.0
aptos2019,val,/kaggle/input/datasets/deepapaneru/aptos2019/val_images/val_images/0a74c92e287c.png,0a74c92e287c.png,0a74c92e287c,left,1.0,estimated_disc_position,aptos2019_0a74c92e287c,False,0.0
aptos2019,val,/kaggle/input/datasets/deepapaneru/aptos2019/val_images/val_images/1623e8e3adc4.png,1623e8e3adc4.png,1623e8e3adc4,left,1.0,estimated_disc_position,aptos2019_1623e8e3adc4,False,3.0
aptos2019,val,/kaggle/input/datasets/deepapaneru/aptos2019/val_images/val_images/0b00f8a77510.png,0b00f8a77510.png,0b00f8a77510,right,1.0,estimated_disc_position,aptos2019_0b00f8a77510,False,0.0
aptos2019,val,/kaggle/input/datasets/deepapaneru/aptos2019/val_images/val_images/09eeafa9656a.png,09eeafa9656a.png,09eeafa9656a,left,1.0,estimated_disc_position,aptos2019_09eeafa9656a,False,2.0
aptos2019,val,/kaggle/input/datasets/deepapaneru/aptos2019/val_images/val_images/12b57dac703e.png,12b57dac703e.png,12b57dac703e,uncertain,0.16,estimated_disc_position,aptos2019_12b57dac703e,True,0.0
aptos2019,val,/kaggle/input/datasets/deepapaneru/aptos2019/val_images/val_images/000c1434d8d7.png,000c1434d8d7.png,000c1434d8d7,left,1.0,estimated_disc_position,aptos2019_000c1434d8d7,False,2.0
aptos2019,val,/kaggle/input/datasets/deepapaneru/aptos2019/val_images/val_images/1864d3411143.png,1864d3411143.png,1864d3411143,left,1.0,estimated_disc_position,aptos2019_1864d3411143,False,0.0
aptos2019,val,/kaggle/input/datasets/deepapaneru/aptos2019/val_images/val_images/1782142e17d9.png,1782142e17d9.png,1782142e17d9,left,0.73,estimated_disc_position,aptos2019_1782142e17d9,False,0.0
aptos2019,val,/kaggle/input/datasets/deepapaneru/aptos2019/val_images/val_images/0161338f53cc.png,0161338f53cc.png,0161338f53cc,right,1.0,estimated_disc_position,aptos2019_0161338f53cc,False,2.0
aptos2019,val,/kaggle/input/datasets/deepapaneru/aptos2019/val_images/val_images/152db3de8120.png,152db3de8120.png,152db3de8120,left,1.0,estimated_disc_position,aptos2019_152db3de8120,False,0.0
aptos2019,val,/kaggle/input/datasets/deepapaneru/aptos2019/val_images/val_images/19e350c7c83c.png,19e350c7c83c.png,19e350c7c83c,left,1.0,estimated_disc_position,aptos2019_19e350c7c83c,False,1.0
aptos2019,val,/kaggle/input/datasets/deepapaneru/aptos2019/val_images/val_images/190a309f2cc5.png,190a309f2cc5.png,190a309f2cc5,uncertain,0.16,estimated_disc_position,aptos2019_190a309f2cc5,True,0.0
aptos2019,val,/kaggle/input/datasets/deepapaneru/aptos2019/val_images/val_images/0bf37ca3156a.png,0bf37ca3156a.png,0bf37ca3156a,left,1.0,estimated_disc_position,aptos2019_0bf37ca3156a,False,4.0
aptos2019,val,/kaggle/input/datasets/deepapaneru/aptos2019/val_images/val_images/0a85a1e8f9e9.png,0a85a1e8f9e9.png,0a85a1e8f9e9,left,0.98,estimated_disc_position,aptos2019_0a85a1e8f9e9,False,0.0
aptos2019,val,/kaggle/input/datasets/deepapaneru/aptos2019/val_images/val_images/0af296d2f04a.png,0af296d2f04a.png,0af296d2f04a,right,1.0,estimated_disc_position,aptos2019_0af296d2f04a,False,2.0
aptos2019,val,/kaggle/input/datasets/deepapaneru/aptos2019/val_images/val_images/0a3202889f4d.png,0a3202889f4d.png,0a3202889f4d,left,1.0,estimated_disc_position,aptos2019_0a3202889f4d,False,1.0
aptos2019,val,/kaggle/input/datasets/deepapaneru/aptos2019/val_images/val_images/07751b94a88a.png,07751b94a88a.png,07751b94a88a,left,1.0,estimated_disc_position,aptos2019_07751b94a88a,False,0.0
aptos2019,val,/kaggle/input/datasets/deepapaneru/aptos2019/val_images/val_images/05195a3db5e2.png,05195a3db5e2.png,05195a3db5e2,uncertain,0.28,estimated_disc_position,aptos2019_05195a3db5e2,True,0.0
aptos2019,val,/kaggle/input/datasets/deepapaneru/aptos2019/val_images/val_images/1006345f70b7.png,1006345f70b7.png,1006345f70b7,uncertain,0.19,estimated_disc_position,aptos2019_1006345f70b7,True,2.0
aptos2019,val,/kaggle/input/datasets/deepapaneru/aptos2019/val_images/val_images/0c38940e1f80.png,0c38940e1f80.png,0c38940e1f80,left,1.0,estimated_disc_position,aptos2019_0c38940e1f80,False,0.0
aptos2019,val,/kaggle/input/datasets/deepapaneru/aptos2019/val_images/val_images/13ab8db8c700.png,13ab8db8c700.png,13ab8db8c700,uncertain,0.11,estimated_disc_position,aptos2019_13ab8db8c700,True,1.0
aptos2019,val,/kaggle/input/datasets/deepapaneru/aptos2019/val_images/val_images/1844a039b4ea.png,1844a039b4ea.png,1844a039b4ea,left,0.35,estimated_disc_position,aptos2019_1844a039b4ea,True,2.0
aptos2019,val,/kaggle/input/datasets/deepapaneru/aptos2019/val_images/val_images/0b2ea8f268cf.png,0b2ea8f268cf.png,0b2ea8f268cf,uncertain,0.07,estimated_disc_position,aptos2019_0b2ea8f268cf,True,0.0
aptos2019,val,/kaggle/input/datasets/deepapaneru/aptos2019/val_images/val_images/111898ab463d.png,111898ab463d.png,111898ab463d,left,0.42,estimated_disc_position,aptos2019_111898ab463d,False,1.0
aptos2019,val,/kaggle/input/datasets/deepapaneru/aptos2019/val_images/val_images/13c191b59ed0.png,13c191b59ed0.png,13c191b59ed0,left,1.0,estimated_disc_position,aptos2019_13c191b59ed0,False,0.0
aptos2019,val,/kaggle/input/datasets/deepapaneru/aptos2019/val_images/val_images/13d71389563f.png,13d71389563f.png,13d71389563f,right,0.74,estimated_disc_position,aptos2019_13d71389563f,False,2.0
aptos2019,val,/kaggle/input/datasets/deepapaneru/aptos2019/val_images/val_images/0eced86c9db8.png,0eced86c9db8.png,0eced86c9db8,right,1.0,estimated_disc_position,aptos2019_0eced86c9db8,False,0.0
aptos2019,val,/kaggle/input/datasets/deepapaneru/aptos2019/val_images/val_images/165c548185f8.png,165c548185f8.png,165c548185f8,right,0.99,estimated_disc_position,aptos2019_165c548185f8,False,0.0
aptos2019,val,/kaggle/input/datasets/deepapaneru/aptos2019/val_images/val_images/1601c939412f.png,1601c939412f.png,1601c939412f,left,0.9,estimated_disc_position,aptos2019_1601c939412f,False,0.0
aptos2019,val,/kaggle/input/datasets/deepapaneru/aptos2019/val_images/val_images/001639a390f0.png,001639a390f0.png,001639a390f0,right,1.0,estimated_disc_position,aptos2019_001639a390f0,False,4.0
aptos2019,val,/kaggle/input/datasets/deepapaneru/aptos2019/val_images/val_images/12ab2f6397f0.png,12ab2f6397f0.png,12ab2f6397f0,left,0.9,estimated_disc_position,aptos2019_12ab2f6397f0,False,0.0
aptos2019,val,/kaggle/input/datasets/deepapaneru/aptos2019/val_images/val_images/07a2b8cabf6b.png,07a2b8cabf6b.png,07a2b8cabf6b,right,0.78,estimated_disc_position,aptos2019_07a2b8cabf6b,False,0.0
aptos2019,val,/kaggle/input/datasets/deepapaneru/aptos2019/val_images/val_images/0318598cfd16.png,0318598cfd16.png,0318598cfd16,left,1.0,estimated_disc_position,aptos2019_0318598cfd16,False,4.0
aptos2019,val,/kaggle/input/datasets/deepapaneru/aptos2019/val_images/val_images/08bef347f40d.png,08bef347f40d.png,08bef347f40d,right,0.81,estimated_disc_position,aptos2019_08bef347f40d,False,0.0
aptos2019,val,/kaggle/input/datasets/deepapaneru/aptos2019/val_images/val_images/1414128bead0.png,1414128bead0.png,1414128bead0,left,1.0,estimated_disc_position,aptos2019_1414128bead0,False,2.0
aptos2019,val,/kaggle/input/datasets/deepapaneru/aptos2019/val_images/val_images/103f97a2ab15.png,103f97a2ab15.png,103f97a2ab15,right,1.0,estimated_disc_position,aptos2019_103f97a2ab15,False,0.0
aptos2019,val,/kaggle/input/datasets/deepapaneru/aptos2019/val_images/val_images/03ff7d159f10.png,03ff7d159f10.png,03ff7d159f10,left,1.0,estimated_disc_position,aptos2019_03ff7d159f10,False,2.0
aptos2019,val,/kaggle/input/datasets/deepapaneru/aptos2019/val_images/val_images/18b99159a14f.png,18b99159a14f.png,18b99159a14f,left,1.0,estimated_disc_position,aptos2019_18b99159a14f,False,0.0
aptos2019,val,/kaggle/input/datasets/deepapaneru/aptos2019/val_images/val_images/18cde9649e90.png,18cde9649e90.png,18cde9649e90,left,0.94,estimated_disc_position,aptos2019_18cde9649e90,False,0.0
aptos2019,val,/kaggle/input/datasets/deepapaneru/aptos2019/val_images/val_images/1120f6d08d95.png,1120f6d08d95.png,1120f6d08d95,left,1.0,estimated_disc_position,aptos2019_1120f6d08d95,False,2.0
aptos2019,val,/kaggle/input/datasets/deepapaneru/aptos2019/val_images/val_images/094858f005ab.png,094858f005ab.png,094858f005ab,right,1.0,estimated_disc_position,aptos2019_094858f005ab,False,2.0
aptos2019,val,/kaggle/input/datasets/deepapaneru/aptos2019/val_images/val_images/1ab3f1c71a5f.png,1ab3f1c71a5f.png,1ab3f1c71a5f,left,1.0,estimated_disc_position,aptos2019_1ab3f1c71a5f,False,3.0
aptos2019,val,/kaggle/input/datasets/deepapaneru/aptos2019/val_images/val_images/17d997fe1090.png,17d997fe1090.png,17d997fe1090,left,1.0,estimated_disc_position,aptos2019_17d997fe1090,False,0.0
aptos2019,val,/kaggle/input/datasets/deepapaneru/aptos2019/val_images/val_images/12ce6a1a1f31.png,12ce6a1a1f31.png,12ce6a1a1f31,left,1.0,estimated_disc_position,aptos2019_12ce6a1a1f31,False,1.0
aptos2019,val,/kaggle/input/datasets/deepapaneru/aptos2019/val_images/val_images/11b5c77fbf79.png,11b5c77fbf79.png,11b5c77fbf79,uncertain,0.12,estimated_disc_position,aptos2019_11b5c77fbf79,True,2.0
aptos2019,val,/kaggle/input/datasets/deepapaneru/aptos2019/val_images/val_images/1177d583c807.png,1177d583c807.png,1177d583c807,right,0.54,estimated_disc_position,aptos2019_1177d583c807,False,2.0
aptos2019,val,/kaggle/input/datasets/deepapaneru/aptos2019/val_images/val_images/0c2e2369dfff.png,0c2e2369dfff.png,0c2e2369dfff,left,1.0,estimated_disc_position,aptos2019_0c2e2369dfff,False,2.0
aptos2019,val,/kaggle/input/datasets/deepapaneru/aptos2019/val_images/val_images/099021fac3c9.png,099021fac3c9.png,099021fac3c9,right,1.0,estimated_disc_position,aptos2019_099021fac3c9,False,0.0
aptos2019,val,/kaggle/input/datasets/deepapaneru/aptos2019/val_images/val_images/03747397839f.png,03747397839f.png,03747397839f,left,1.0,estimated_disc_position,aptos2019_03747397839f,False,2.0
aptos2019,val,/kaggle/input/datasets/deepapaneru/aptos2019/val_images/val_images/0cae727cf119.png,0cae727cf119.png,0cae727cf119,left,0.89,estimated_disc_position,aptos2019_0cae727cf119,False,0.0
aptos2019,val,/kaggle/input/datasets/deepapaneru/aptos2019/val_images/val_images/1a0dbc6c0cda.png,1a0dbc6c0cda.png,1a0dbc6c0cda,right,0.67,estimated_disc_position,aptos2019_1a0dbc6c0cda,False,0.0
aptos2019,val,/kaggle/input/datasets/deepapaneru/aptos2019/val_images/val_images/12e3f5f2cb17.png,12e3f5f2cb17.png,12e3f5f2cb17,left,1.0,estimated_disc_position,aptos2019_12e3f5f2cb17,False,1.0
aptos2019,val,/kaggle/input/datasets/deepapaneru/aptos2019/val_images/val_images/01d9477b1171.png,01d9477b1171.png,01d9477b1171,right,1.0,estimated_disc_position,aptos2019_01d9477b1171,False,0.0
aptos2019,val,/kaggle/input/datasets/deepapaneru/aptos2019/val_images/val_images/05a5183c92d0.png,05a5183c92d0.png,05a5183c92d0,left,0.78,estimated_disc_position,aptos2019_05a5183c92d0,False,1.0
aptos2019,val,/kaggle/input/datasets/deepapaneru/aptos2019/val_images/val_images/0231642cf1c2.png,0231642cf1c2.png,0231642cf1c2,left,1.0,estimated_disc_position,aptos2019_0231642cf1c2,False,0.0
aptos2019,val,/kaggle/input/datasets/deepapaneru/aptos2019/val_images/val_images/0da632ca45e0.png,0da632ca45e0.png,0da632ca45e0,left,1.0,estimated_disc_position,aptos2019_0da632ca45e0,False,0.0
aptos2019,val,/kaggle/input/datasets/deepapaneru/aptos2019/val_images/val_images/191348830ddf.png,191348830ddf.png,191348830ddf,left,0.82,estimated_disc_position,aptos2019_191348830ddf,False,2.0
aptos2019,val,/kaggle/input/datasets/deepapaneru/aptos2019/val_images/val_images/1633f8291a80.png,1633f8291a80.png,1633f8291a80,right,1.0,estimated_disc_position,aptos2019_1633f8291a80,False,0.0
aptos2019,val,/kaggle/input/datasets/deepapaneru/aptos2019/val_images/val_images/18b06f56ab27.png,18b06f56ab27.png,18b06f56ab27,uncertain,0.14,estimated_disc_position,aptos2019_18b06f56ab27,True,1.0
aptos2019,val,/kaggle/input/datasets/deepapaneru/aptos2019/val_images/val_images/0c917c372572.png,0c917c372572.png,0c917c372572,uncertain,0.3,estimated_disc_position,aptos2019_0c917c372572,True,3.0
aptos2019,val,/kaggle/input/datasets/deepapaneru/aptos2019/val_images/val_images/06b71823f9cd.png,06b71823f9cd.png,06b71823f9cd,left,0.46,estimated_disc_position,aptos2019_06b71823f9cd,False,1.0
aptos2019,val,/kaggle/input/datasets/deepapaneru/aptos2019/val_images/val_images/1ae3c58759fb.png,1ae3c58759fb.png,1ae3c58759fb,right,0.51,estimated_disc_position,aptos2019_1ae3c58759fb,False,0.0
aptos2019,val,/kaggle/input/datasets/deepapaneru/aptos2019/val_images/val_images/11242a67122d.png,11242a67122d.png,11242a67122d,right,1.0,estimated_disc_position,aptos2019_11242a67122d,False,4.0
aptos2019,val,/kaggle/input/datasets/deepapaneru/aptos2019/val_images/val_images/071435a218ec.png,071435a218ec.png,071435a218ec,right,1.0,estimated_disc_position,aptos2019_071435a218ec,False,2.0
aptos2019,val,/kaggle/input/datasets/deepapaneru/aptos2019/val_images/val_images/14c3b41d289c.png,14c3b41d289c.png,14c3b41d289c,right,1.0,estimated_disc_position,aptos2019_14c3b41d289c,False,0.0
aptos2019,val,/kaggle/input/datasets/deepapaneru/aptos2019/val_images/val_images/0304bedad8fe.png,0304bedad8fe.png,0304bedad8fe,left,0.78,estimated_disc_position,aptos2019_0304bedad8fe,False,0.0
aptos2019,val,/kaggle/input/datasets/deepapaneru/aptos2019/val_images/val_images/0b3efe669365.png,0b3efe669365.png,0b3efe669365,right,1.0,estimated_disc_position,aptos2019_0b3efe669365,False,0.0
aptos2019,val,/kaggle/input/datasets/deepapaneru/aptos2019/val_images/val_images/10de500cf0c5.png,10de500cf0c5.png,10de500cf0c5,right,1.0,estimated_disc_position,aptos2019_10de500cf0c5,False,0.0
aptos2019,val,/kaggle/input/datasets/deepapaneru/aptos2019/val_images/val_images/0423237770a7.png,0423237770a7.png,0423237770a7,right,0.69,estimated_disc_position,aptos2019_0423237770a7,False,0.0
aptos2019,val,/kaggle/input/datasets/deepapaneru/aptos2019/val_images/val_images/180afe1d5ef7.png,180afe1d5ef7.png,180afe1d5ef7,left,1.0,estimated_disc_position,aptos2019_180afe1d5ef7,False,2.0
aptos2019,val,/kaggle/input/datasets/deepapaneru/aptos2019/val_images/val_images/164cd5a3a6cd.png,164cd5a3a6cd.png,164cd5a3a6cd,right,1.0,estimated_disc_position,aptos2019_164cd5a3a6cd,False,0.0
aptos2019,val,/kaggle/input/datasets/deepapaneru/aptos2019/val_images/val_images/0a1076183736.png,0a1076183736.png,0a1076183736,right,1.0,estimated_disc_position,aptos2019_0a1076183736,False,2.0
aptos2019,val,/kaggle/input/datasets/deepapaneru/aptos2019/val_images/val_images/04579e31e4be.png,04579e31e4be.png,04579e31e4be,left,1.0,estimated_disc_position,aptos2019_04579e31e4be,False,0.0
aptos2019,val,/kaggle/input/datasets/deepapaneru/aptos2019/val_images/val_images/1269ab57c2e6.png,1269ab57c2e6.png,1269ab57c2e6,left,1.0,estimated_disc_position,aptos2019_1269ab57c2e6,False,2.0
aptos2019,val,/kaggle/input/datasets/deepapaneru/aptos2019/val_images/val_images/0182152c50de.png,0182152c50de.png,0182152c50de,right,0.83,estimated_disc_position,aptos2019_0182152c50de,False,0.0
aptos2019,val,/kaggle/input/datasets/deepapaneru/aptos2019/val_images/val_images/15c24478ac72.png,15c24478ac72.png,15c24478ac72,right,0.94,estimated_disc_position,aptos2019_15c24478ac72,False,0.0
aptos2019,val,/kaggle/input/datasets/deepapaneru/aptos2019/val_images/val_images/03676c71ed1b.png,03676c71ed1b.png,03676c71ed1b,left,0.91,estimated_disc_position,aptos2019_03676c71ed1b,False,2.0
aptos2019,val,/kaggle/input/datasets/deepapaneru/aptos2019/val_images/val_images/096436d68d06.png,096436d68d06.png,096436d68d06,uncertain,0.18,estimated_disc_position,aptos2019_096436d68d06,True,0.0
aptos2019,val,/kaggle/input/datasets/deepapaneru/aptos2019/val_images/val_images/1638404f385c.png,1638404f385c.png,1638404f385c,uncertain,0.01,estimated_disc_position,aptos2019_1638404f385c,True,4.0
aptos2019,val,/kaggle/input/datasets/deepapaneru/aptos2019/val_images/val_images/19113e5f45ec.png,19113e5f45ec.png,19113e5f45ec,right,0.76,estimated_disc_position,aptos2019_19113e5f45ec,False,2.0
aptos2019,val,/kaggle/input/datasets/deepapaneru/aptos2019/val_images/val_images/17188c13e635.png,17188c13e635.png,17188c13e635,left,0.65,estimated_disc_position,aptos2019_17188c13e635,False,2.0
aptos2019,val,/kaggle/input/datasets/deepapaneru/aptos2019/val_images/val_images/15e24b73d4a7.png,15e24b73d4a7.png,15e24b73d4a7,left,0.93,estimated_disc_position,aptos2019_15e24b73d4a7,False,0.0
aptos2019,val,/kaggle/input/datasets/deepapaneru/aptos2019/val_images/val_images/13d411c85ffd.png,13d411c85ffd.png,13d411c85ffd,right,1.0,estimated_disc_position,aptos2019_13d411c85ffd,False,0.0
aptos2019,val,/kaggle/input/datasets/deepapaneru/aptos2019/val_images/val_images/0981195eb9fb.png,0981195eb9fb.png,0981195eb9fb,left,1.0,estimated_disc_position,aptos2019_0981195eb9fb,False,4.0
aptos2019,val,/kaggle/input/datasets/deepapaneru/aptos2019/val_images/val_images/172df1330a60.png,172df1330a60.png,172df1330a60,left,0.46,estimated_disc_position,aptos2019_172df1330a60,False,1.0
aptos2019,val,/kaggle/input/datasets/deepapaneru/aptos2019/val_images/val_images/0fb560f9adb2.png,0fb560f9adb2.png,0fb560f9adb2,right,0.77,estimated_disc_position,aptos2019_0fb560f9adb2,False,2.0
aptos2019,val,/kaggle/input/datasets/deepapaneru/aptos2019/val_images/val_images/15bed5adde74.png,15bed5adde74.png,15bed5adde74,left,1.0,estimated_disc_position,aptos2019_15bed5adde74,False,3.0
aptos2019,val,/kaggle/input/datasets/deepapaneru/aptos2019/val_images/val_images/02cd34a85b24.png,02cd34a85b24.png,02cd34a85b24,right,0.57,estimated_disc_position,aptos2019_02cd34a85b24,False,0.0
aptos2019,val,/kaggle/input/datasets/deepapaneru/aptos2019/val_images/val_images/0fbbd665431f.png,0fbbd665431f.png,0fbbd665431f,uncertain,0.01,estimated_disc_position,aptos2019_0fbbd665431f,True,0.0
aptos2019,val,/kaggle/input/datasets/deepapaneru/aptos2019/val_images/val_images/0773a1c326ad.png,0773a1c326ad.png,0773a1c326ad,left,1.0,estimated_disc_position,aptos2019_0773a1c326ad,False,0.0
aptos2019,val,/kaggle/input/datasets/deepapaneru/aptos2019/val_images/val_images/0eb52045349f.png,0eb52045349f.png,0eb52045349f,right,1.0,estimated_disc_position,aptos2019_0eb52045349f,False,1.0
aptos2019,val,/kaggle/input/datasets/deepapaneru/aptos2019/val_images/val_images/191a711852bd.png,191a711852bd.png,191a711852bd,left,1.0,estimated_disc_position,aptos2019_191a711852bd,False,3.0
aptos2019,val,/kaggle/input/datasets/deepapaneru/aptos2019/val_images/val_images/05b1bb2bdb81.png,05b1bb2bdb81.png,05b1bb2bdb81,left,0.65,estimated_disc_position,aptos2019_05b1bb2bdb81,False,0.0
aptos2019,val,/kaggle/input/datasets/deepapaneru/aptos2019/val_images/val_images/0e82bcacc475.png,0e82bcacc475.png,0e82bcacc475,right,1.0,estimated_disc_position,aptos2019_0e82bcacc475,False,4.0
aptos2019,val,/kaggle/input/datasets/deepapaneru/aptos2019/val_images/val_images/11b220a397b8.png,11b220a397b8.png,11b220a397b8,right,1.0,estimated_disc_position,aptos2019_11b220a397b8,False,0.0
aptos2019,val,/kaggle/input/datasets/deepapaneru/aptos2019/val_images/val_images/188219f2d9c6.png,188219f2d9c6.png,188219f2d9c6,right,1.0,estimated_disc_position,aptos2019_188219f2d9c6,False,0.0
aptos2019,val,/kaggle/input/datasets/deepapaneru/aptos2019/val_images/val_images/0232dfea7547.png,0232dfea7547.png,0232dfea7547,left,1.0,estimated_disc_position,aptos2019_0232dfea7547,False,0.0
aptos2019,val,/kaggle/input/datasets/deepapaneru/aptos2019/val_images/val_images/1ab8d3431ffc.png,1ab8d3431ffc.png,1ab8d3431ffc,right,1.0,estimated_disc_position,aptos2019_1ab8d3431ffc,False,0.0
aptos2019,val,/kaggle/input/datasets/deepapaneru/aptos2019/val_images/val_images/025a169a0bb0.png,025a169a0bb0.png,025a169a0bb0,left,0.98,estimated_disc_position,aptos2019_025a169a0bb0,False,2.0
aptos2019,val,/kaggle/input/datasets/deepapaneru/aptos2019/val_images/val_images/070f67572d03.png,070f67572d03.png,070f67572d03,left,1.0,estimated_disc_position,aptos2019_070f67572d03,False,3.0
aptos2019,val,/kaggle/input/datasets/deepapaneru/aptos2019/val_images/val_images/1a1b4b2450ca.png,1a1b4b2450ca.png,1a1b4b2450ca,right,0.94,estimated_disc_position,aptos2019_1a1b4b2450ca,False,2.0
aptos2019,val,/kaggle/input/datasets/deepapaneru/aptos2019/val_images/val_images/08037e4490e5.png,08037e4490e5.png,08037e4490e5,right,1.0,estimated_disc_position,aptos2019_08037e4490e5,False,0.0
aptos2019,val,/kaggle/input/datasets/deepapaneru/aptos2019/val_images/val_images/041f09eec1e8.png,041f09eec1e8.png,041f09eec1e8,right,1.0,estimated_disc_position,aptos2019_041f09eec1e8,False,2.0
aptos2019,val,/kaggle/input/datasets/deepapaneru/aptos2019/val_images/val_images/0e3572b5884a.png,0e3572b5884a.png,0e3572b5884a,right,0.9,estimated_disc_position,aptos2019_0e3572b5884a,False,0.0
aptos2019,val,/kaggle/input/datasets/deepapaneru/aptos2019/val_images/val_images/0124dffecf29.png,0124dffecf29.png,0124dffecf29,left,1.0,estimated_disc_position,aptos2019_0124dffecf29,False,1.0
aptos2019,val,/kaggle/input/datasets/deepapaneru/aptos2019/val_images/val_images/07a1c7073982.png,07a1c7073982.png,07a1c7073982,uncertain,0.22,estimated_disc_position,aptos2019_07a1c7073982,True,1.0
aptos2019,val,/kaggle/input/datasets/deepapaneru/aptos2019/val_images/val_images/0369f3efe69b.png,0369f3efe69b.png,0369f3efe69b,right,1.0,estimated_disc_position,aptos2019_0369f3efe69b,False,1.0
aptos2019,val,/kaggle/input/datasets/deepapaneru/aptos2019/val_images/val_images/03fd50da928d.png,03fd50da928d.png,03fd50da928d,left,0.94,estimated_disc_position,aptos2019_03fd50da928d,False,2.0
aptos2019,val,/kaggle/input/datasets/deepapaneru/aptos2019/val_images/val_images/141735b57ec0.png,141735b57ec0.png,141735b57ec0,left,1.0,estimated_disc_position,aptos2019_141735b57ec0,False,2.0
aptos2019,val,/kaggle/input/datasets/deepapaneru/aptos2019/val_images/val_images/0c76fd494af6.png,0c76fd494af6.png,0c76fd494af6,left,1.0,estimated_disc_position,aptos2019_0c76fd494af6,False,2.0
aptos2019,val,/kaggle/input/datasets/deepapaneru/aptos2019/val_images/val_images/0e75d51152fc.png,0e75d51152fc.png,0e75d51152fc,left,0.96,estimated_disc_position,aptos2019_0e75d51152fc,False,2.0
aptos2019,val,/kaggle/input/datasets/deepapaneru/aptos2019/val_images/val_images/0a4e1a29ffff.png,0a4e1a29ffff.png,0a4e1a29ffff,right,1.0,estimated_disc_position,aptos2019_0a4e1a29ffff,False,0.0
aptos2019,val,/kaggle/input/datasets/deepapaneru/aptos2019/val_images/val_images/0da09e3ce8f1.png,0da09e3ce8f1.png,0da09e3ce8f1,left,0.5,estimated_disc_position,aptos2019_0da09e3ce8f1,False,2.0
aptos2019,val,/kaggle/input/datasets/deepapaneru/aptos2019/val_images/val_images/04ac765f91a1.png,04ac765f91a1.png,04ac765f91a1,right,1.0,estimated_disc_position,aptos2019_04ac765f91a1,False,1.0
aptos2019,val,/kaggle/input/datasets/deepapaneru/aptos2019/val_images/val_images/0684311afdfc.png,0684311afdfc.png,0684311afdfc,left,1.0,estimated_disc_position,aptos2019_0684311afdfc,False,1.0
aptos2019,val,/kaggle/input/datasets/deepapaneru/aptos2019/val_images/val_images/135575dc57c9.png,135575dc57c9.png,135575dc57c9,uncertain,0.03,estimated_disc_position,aptos2019_135575dc57c9,True,2.0
aptos2019,val,/kaggle/input/datasets/deepapaneru/aptos2019/val_images/val_images/10f10fd30718.png,10f10fd30718.png,10f10fd30718,left,0.85,estimated_disc_position,aptos2019_10f10fd30718,False,0.0
aptos2019,val,/kaggle/input/datasets/deepapaneru/aptos2019/val_images/val_images/0924cec998fa.png,0924cec998fa.png,0924cec998fa,left,1.0,estimated_disc_position,aptos2019_0924cec998fa,False,0.0
aptos2019,val,/kaggle/input/datasets/deepapaneru/aptos2019/val_images/val_images/08c17a2d95b7.png,08c17a2d95b7.png,08c17a2d95b7,right,0.96,estimated_disc_position,aptos2019_08c17a2d95b7,False,2.0
aptos2019,val,/kaggle/input/datasets/deepapaneru/aptos2019/val_images/val_images/08f8838d69bb.png,08f8838d69bb.png,08f8838d69bb,right,0.85,estimated_disc_position,aptos2019_08f8838d69bb,False,0.0
aptos2019,val,/kaggle/input/datasets/deepapaneru/aptos2019/val_images/val_images/0e94cd271c00.png,0e94cd271c00.png,0e94cd271c00,right,0.94,estimated_disc_position,aptos2019_0e94cd271c00,False,0.0
aptos2019,val,/kaggle/input/datasets/deepapaneru/aptos2019/val_images/val_images/0097f532ac9f.png,0097f532ac9f.png,0097f532ac9f,uncertain,0.12,estimated_disc_position,aptos2019_0097f532ac9f,True,0.0
aptos2019,val,/kaggle/input/datasets/deepapaneru/aptos2019/val_images/val_images/19545647508e.png,19545647508e.png,19545647508e,left,1.0,estimated_disc_position,aptos2019_19545647508e,False,0.0
aptos2019,val,/kaggle/input/datasets/deepapaneru/aptos2019/val_images/val_images/09934421c79e.png,09934421c79e.png,09934421c79e,right,1.0,estimated_disc_position,aptos2019_09934421c79e,False,0.0
aptos2019,val,/kaggle/input/datasets/deepapaneru/aptos2019/val_images/val_images/0da321efbce6.png,0da321efbce6.png,0da321efbce6,left,1.0,estimated_disc_position,aptos2019_0da321efbce6,False,0.0
aptos2019,val,/kaggle/input/datasets/deepapaneru/aptos2019/val_images/val_images/07a0e34c8d20.png,07a0e34c8d20.png,07a0e34c8d20,left,1.0,estimated_disc_position,aptos2019_07a0e34c8d20,False,3.0
aptos2019,val,/kaggle/input/datasets/deepapaneru/aptos2019/val_images/val_images/178412895d5e.png,178412895d5e.png,178412895d5e,left,0.84,estimated_disc_position,aptos2019_178412895d5e,False,0.0
aptos2019,val,/kaggle/input/datasets/deepapaneru/aptos2019/val_images/val_images/14e3f84445f7.png,14e3f84445f7.png,14e3f84445f7,uncertain,0.05,estimated_disc_position,aptos2019_14e3f84445f7,True,3.0
aptos2019,val,/kaggle/input/datasets/deepapaneru/aptos2019/val_images/val_images/0ce062f26edc.png,0ce062f26edc.png,0ce062f26edc,left,1.0,estimated_disc_position,aptos2019_0ce062f26edc,False,0.0
aptos2019,val,/kaggle/input/datasets/deepapaneru/aptos2019/val_images/val_images/0d8f60ed9280.png,0d8f60ed9280.png,0d8f60ed9280,left,1.0,estimated_disc_position,aptos2019_0d8f60ed9280,False,0.0
aptos2019,val,/kaggle/input/datasets/deepapaneru/aptos2019/val_images/val_images/0c7e82daf5a0.png,0c7e82daf5a0.png,0c7e82daf5a0,right,0.89,estimated_disc_position,aptos2019_0c7e82daf5a0,False,2.0
aptos2019,val,/kaggle/input/datasets/deepapaneru/aptos2019/val_images/val_images/012a242ac6ff.png,012a242ac6ff.png,012a242ac6ff,right,1.0,estimated_disc_position,aptos2019_012a242ac6ff,False,2.0
aptos2019,val,/kaggle/input/datasets/deepapaneru/aptos2019/val_images/val_images/18621b9ca978.png,18621b9ca978.png,18621b9ca978,left,1.0,estimated_disc_position,aptos2019_18621b9ca978,False,0.0
aptos2019,val,/kaggle/input/datasets/deepapaneru/aptos2019/val_images/val_images/08a3875063c3.png,08a3875063c3.png,08a3875063c3,left,0.56,estimated_disc_position,aptos2019_08a3875063c3,False,4.0
aptos2019,val,/kaggle/input/datasets/deepapaneru/aptos2019/val_images/val_images/0551676cc2aa.png,0551676cc2aa.png,0551676cc2aa,right,1.0,estimated_disc_position,aptos2019_0551676cc2aa,False,0.0
aptos2019,val,/kaggle/input/datasets/deepapaneru/aptos2019/val_images/val_images/0efc93ec838b.png,0efc93ec838b.png,0efc93ec838b,right,1.0,estimated_disc_position,aptos2019_0efc93ec838b,False,2.0
aptos2019,val,/kaggle/input/datasets/deepapaneru/aptos2019/val_images/val_images/0024cdab0c1e.png,0024cdab0c1e.png,0024cdab0c1e,right,1.0,estimated_disc_position,aptos2019_0024cdab0c1e,False,1.0
aptos2019,val,/kaggle/input/datasets/deepapaneru/aptos2019/val_images/val_images/052d9a3fe55a.png,052d9a3fe55a.png,052d9a3fe55a,left,1.0,estimated_disc_position,aptos2019_052d9a3fe55a,False,2.0
aptos2019,val,/kaggle/input/datasets/deepapaneru/aptos2019/val_images/val_images/0db1d8dcf219.png,0db1d8dcf219.png,0db1d8dcf219,left,1.0,estimated_disc_position,aptos2019_0db1d8dcf219,False,0.0
aptos2019,val,/kaggle/input/datasets/deepapaneru/aptos2019/val_images/val_images/1a369baf9ee6.png,1a369baf9ee6.png,1a369baf9ee6,right,1.0,estimated_disc_position,aptos2019_1a369baf9ee6,False,2.0
aptos2019,val,/kaggle/input/datasets/deepapaneru/aptos2019/val_images/val_images/1002b5151b8e.png,1002b5151b8e.png,1002b5151b8e,right,1.0,estimated_disc_position,aptos2019_1002b5151b8e,False,0.0
aptos2019,val,/kaggle/input/datasets/deepapaneru/aptos2019/val_images/val_images/165cd2070ebd.png,165cd2070ebd.png,165cd2070ebd,left,1.0,estimated_disc_position,aptos2019_165cd2070ebd,False,4.0
aptos2019,val,/kaggle/input/datasets/deepapaneru/aptos2019/val_images/val_images/080ee76c958c.png,080ee76c958c.png,080ee76c958c,right,1.0,estimated_disc_position,aptos2019_080ee76c958c,False,4.0
aptos2019,val,/kaggle/input/datasets/deepapaneru/aptos2019/val_images/val_images/0e0fc1d9810c.png,0e0fc1d9810c.png,0e0fc1d9810c,uncertain,0.22,estimated_disc_position,aptos2019_0e0fc1d9810c,True,4.0
aptos2019,val,/kaggle/input/datasets/deepapaneru/aptos2019/val_images/val_images/07419eddd6be.png,07419eddd6be.png,07419eddd6be,left,1.0,estimated_disc_position,aptos2019_07419eddd6be,False,2.0
aptos2019,val,/kaggle/input/datasets/deepapaneru/aptos2019/val_images/val_images/01eb826f6467.png,01eb826f6467.png,01eb826f6467,right,0.55,estimated_disc_position,aptos2019_01eb826f6467,False,2.0
aptos2019,val,/kaggle/input/datasets/deepapaneru/aptos2019/val_images/val_images/12ae44be0d38.png,12ae44be0d38.png,12ae44be0d38,left,0.9,estimated_disc_position,aptos2019_12ae44be0d38,False,0.0
aptos2019,val,/kaggle/input/datasets/deepapaneru/aptos2019/val_images/val_images/175dd560810a.png,175dd560810a.png,175dd560810a,left,0.98,estimated_disc_position,aptos2019_175dd560810a,False,2.0
aptos2019,val,/kaggle/input/datasets/deepapaneru/aptos2019/val_images/val_images/09f6ab477654.png,09f6ab477654.png,09f6ab477654,right,1.0,estimated_disc_position,aptos2019_09f6ab477654,False,2.0
aptos2019,val,/kaggle/input/datasets/deepapaneru/aptos2019/val_images/val_images/09935d72892b.png,09935d72892b.png,09935d72892b,right,1.0,estimated_disc_position,aptos2019_09935d72892b,False,1.0
aptos2019,val,/kaggle/input/datasets/deepapaneru/aptos2019/val_images/val_images/0cb14014117d.png,0cb14014117d.png,0cb14014117d,left,0.41,estimated_disc_position,aptos2019_0cb14014117d,False,3.0
aptos2019,val,/kaggle/input/datasets/deepapaneru/aptos2019/val_images/val_images/0dc031c94225.png,0dc031c94225.png,0dc031c94225,right,0.6,estimated_disc_position,aptos2019_0dc031c94225,False,1.0
aptos2019,val,/kaggle/input/datasets/deepapaneru/aptos2019/val_images/val_images/0daddc45d832.png,0daddc45d832.png,0daddc45d832,left,0.99,estimated_disc_position,aptos2019_0daddc45d832,False,0.0
aptos2019,val,/kaggle/input/datasets/deepapaneru/aptos2019/val_images/val_images/15f440753916.png,15f440753916.png,15f440753916,left,1.0,estimated_disc_position,aptos2019_15f440753916,False,3.0
aptos2019,val,/kaggle/input/datasets/deepapaneru/aptos2019/val_images/val_images/03e25101e8e8.png,03e25101e8e8.png,03e25101e8e8,uncertain,0.1,estimated_disc_position,aptos2019_03e25101e8e8,True,1.0
aptos2019,val,/kaggle/input/datasets/deepapaneru/aptos2019/val_images/val_images/0dc8d25b3f69.png,0dc8d25b3f69.png,0dc8d25b3f69,right,0.37,estimated_disc_position,aptos2019_0dc8d25b3f69,False,3.0
aptos2019,val,/kaggle/input/datasets/deepapaneru/aptos2019/val_images/val_images/07083738b75e.png,07083738b75e.png,07083738b75e,right,1.0,estimated_disc_position,aptos2019_07083738b75e,False,2.0
aptos2019,val,/kaggle/input/datasets/deepapaneru/aptos2019/val_images/val_images/0709652336e2.png,0709652336e2.png,0709652336e2,right,1.0,estimated_disc_position,aptos2019_0709652336e2,False,0.0
aptos2019,val,/kaggle/input/datasets/deepapaneru/aptos2019/val_images/val_images/189cbbc9e5e3.png,189cbbc9e5e3.png,189cbbc9e5e3,right,1.0,estimated_disc_position,aptos2019_189cbbc9e5e3,False,0.0
aptos2019,val,/kaggle/input/datasets/deepapaneru/aptos2019/val_images/val_images/155e2df6bfcf.png,155e2df6bfcf.png,155e2df6bfcf,right,0.75,estimated_disc_position,aptos2019_155e2df6bfcf,False,0.0
aptos2019,val,/kaggle/input/datasets/deepapaneru/aptos2019/val_images/val_images/0790515cf5af.png,0790515cf5af.png,0790515cf5af,left,1.0,estimated_disc_position,aptos2019_0790515cf5af,False,0.0
aptos2019,val,/kaggle/input/datasets/deepapaneru/aptos2019/val_images/val_images/0f495d87656a.png,0f495d87656a.png,0f495d87656a,right,1.0,estimated_disc_position,aptos2019_0f495d87656a,False,1.0
aptos2019,val,/kaggle/input/datasets/deepapaneru/aptos2019/val_images/val_images/0d9a9896f801.png,0d9a9896f801.png,0d9a9896f801,uncertain,0.28,estimated_disc_position,aptos2019_0d9a9896f801,True,0.0
aptos2019,val,/kaggle/input/datasets/deepapaneru/aptos2019/val_images/val_images/13063d1bc4ea.png,13063d1bc4ea.png,13063d1bc4ea,right,1.0,estimated_disc_position,aptos2019_13063d1bc4ea,False,2.0
aptos2019,val,/kaggle/input/datasets/deepapaneru/aptos2019/val_images/val_images/0415fc68b176.png,0415fc68b176.png,0415fc68b176,uncertain,0.07,estimated_disc_position,aptos2019_0415fc68b176,True,2.0
aptos2019,val,/kaggle/input/datasets/deepapaneru/aptos2019/val_images/val_images/069f43616fab.png,069f43616fab.png,069f43616fab,uncertain,0.31,estimated_disc_position,aptos2019_069f43616fab,True,3.0
aptos2019,val,/kaggle/input/datasets/deepapaneru/aptos2019/val_images/val_images/0a09aa7356c0.png,0a09aa7356c0.png,0a09aa7356c0,right,1.0,estimated_disc_position,aptos2019_0a09aa7356c0,False,2.0
aptos2019,val,/kaggle/input/datasets/deepapaneru/aptos2019/val_images/val_images/14ee87d6cc42.png,14ee87d6cc42.png,14ee87d6cc42,right,0.91,estimated_disc_position,aptos2019_14ee87d6cc42,False,2.0
aptos2019,val,/kaggle/input/datasets/deepapaneru/aptos2019/val_images/val_images/02dda30d3acf.png,02dda30d3acf.png,02dda30d3acf,right,1.0,estimated_disc_position,aptos2019_02dda30d3acf,False,4.0
aptos2019,val,/kaggle/input/datasets/deepapaneru/aptos2019/val_images/val_images/15528e740543.png,15528e740543.png,15528e740543,right,1.0,estimated_disc_position,aptos2019_15528e740543,False,2.0
aptos2019,val,/kaggle/input/datasets/deepapaneru/aptos2019/val_images/val_images/0c43c79e8cfb.png,0c43c79e8cfb.png,0c43c79e8cfb,right,0.35,estimated_disc_position,aptos2019_0c43c79e8cfb,False,0.0
aptos2019,val,/kaggle/input/datasets/deepapaneru/aptos2019/val_images/val_images/184a185e7447.png,184a185e7447.png,184a185e7447,left,0.93,estimated_disc_position,aptos2019_184a185e7447,False,0.0
aptos2019,val,/kaggle/input/datasets/deepapaneru/aptos2019/val_images/val_images/13d014ccd136.png,13d014ccd136.png,13d014ccd136,left,1.0,estimated_disc_position,aptos2019_13d014ccd136,False,0.0
aptos2019,val,/kaggle/input/datasets/deepapaneru/aptos2019/val_images/val_images/033f2b43de6d.png,033f2b43de6d.png,033f2b43de6d,right,1.0,estimated_disc_position,aptos2019_033f2b43de6d,False,2.0
aptos2019,val,/kaggle/input/datasets/deepapaneru/aptos2019/val_images/val_images/0ceb222f6629.png,0ceb222f6629.png,0ceb222f6629,uncertain,0.05,estimated_disc_position,aptos2019_0ceb222f6629,True,4.0
aptos2019,val,/kaggle/input/datasets/deepapaneru/aptos2019/val_images/val_images/0cb6b898389f.png,0cb6b898389f.png,0cb6b898389f,left,1.0,estimated_disc_position,aptos2019_0cb6b898389f,False,0.0
aptos2019,val,/kaggle/input/datasets/deepapaneru/aptos2019/val_images/val_images/0a902c80d5da.png,0a902c80d5da.png,0a902c80d5da,right,1.0,estimated_disc_position,aptos2019_0a902c80d5da,False,0.0
aptos2019,val,/kaggle/input/datasets/deepapaneru/aptos2019/val_images/val_images/080f66eedfb9.png,080f66eedfb9.png,080f66eedfb9,left,1.0,estimated_disc_position,aptos2019_080f66eedfb9,False,4.0
aptos2019,val,/kaggle/input/datasets/deepapaneru/aptos2019/val_images/val_images/1891698febce.png,1891698febce.png,1891698febce,right,1.0,estimated_disc_position,aptos2019_1891698febce,False,0.0
aptos2019,val,/kaggle/input/datasets/deepapaneru/aptos2019/val_images/val_images/0f6e645466a2.png,0f6e645466a2.png,0f6e645466a2,right,1.0,estimated_disc_position,aptos2019_0f6e645466a2,False,0.0
aptos2019,val,/kaggle/input/datasets/deepapaneru/aptos2019/val_images/val_images/10f36b0239fb.png,10f36b0239fb.png,10f36b0239fb,left,0.84,estimated_disc_position,aptos2019_10f36b0239fb,False,1.0
aptos2019,val,/kaggle/input/datasets/deepapaneru/aptos2019/val_images/val_images/165634a6167e.png,165634a6167e.png,165634a6167e,left,0.7,estimated_disc_position,aptos2019_165634a6167e,False,0.0
aptos2019,val,/kaggle/input/datasets/deepapaneru/aptos2019/val_images/val_images/0dce95217626.png,0dce95217626.png,0dce95217626,right,1.0,estimated_disc_position,aptos2019_0dce95217626,False,1.0
aptos2019,val,/kaggle/input/datasets/deepapaneru/aptos2019/val_images/val_images/07a3be30563b.png,07a3be30563b.png,07a3be30563b,left,1.0,estimated_disc_position,aptos2019_07a3be30563b,False,2.0
aptos2019,val,/kaggle/input/datasets/deepapaneru/aptos2019/val_images/val_images/196e6a186452.png,196e6a186452.png,196e6a186452,left,1.0,estimated_disc_position,aptos2019_196e6a186452,False,2.0
aptos2019,val,/kaggle/input/datasets/deepapaneru/aptos2019/val_images/val_images/1a90fad9ffa2.png,1a90fad9ffa2.png,1a90fad9ffa2,right,1.0,estimated_disc_position,aptos2019_1a90fad9ffa2,False,4.0
aptos2019,val,/kaggle/input/datasets/deepapaneru/aptos2019/val_images/val_images/014508ccb9cb.png,014508ccb9cb.png,014508ccb9cb,left,0.93,estimated_disc_position,aptos2019_014508ccb9cb,False,0.0
aptos2019,val,/kaggle/input/datasets/deepapaneru/aptos2019/val_images/val_images/0fcfc6301f3d.png,0fcfc6301f3d.png,0fcfc6301f3d,right,1.0,estimated_disc_position,aptos2019_0fcfc6301f3d,False,2.0
aptos2019,val,/kaggle/input/datasets/deepapaneru/aptos2019/val_images/val_images/09f1111a388a.png,09f1111a388a.png,09f1111a388a,left,1.0,estimated_disc_position,aptos2019_09f1111a388a,False,0.0
aptos2019,val,/kaggle/input/datasets/deepapaneru/aptos2019/val_images/val_images/08ee569d4721.png,08ee569d4721.png,08ee569d4721,left,0.35,estimated_disc_position,aptos2019_08ee569d4721,True,0.0
aptos2019,val,/kaggle/input/datasets/deepapaneru/aptos2019/val_images/val_images/10fca1abf338.png,10fca1abf338.png,10fca1abf338,left,0.86,estimated_disc_position,aptos2019_10fca1abf338,False,4.0
aptos2019,val,/kaggle/input/datasets/deepapaneru/aptos2019/val_images/val_images/00a8624548a9.png,00a8624548a9.png,00a8624548a9,left,1.0,estimated_disc_position,aptos2019_00a8624548a9,False,2.0
aptos2019,val,/kaggle/input/datasets/deepapaneru/aptos2019/val_images/val_images/084c02cf077f.png,084c02cf077f.png,084c02cf077f,left,1.0,estimated_disc_position,aptos2019_084c02cf077f,False,0.0
aptos2019,val,/kaggle/input/datasets/deepapaneru/aptos2019/val_images/val_images/07929d32b5b3.png,07929d32b5b3.png,07929d32b5b3,left,1.0,estimated_disc_position,aptos2019_07929d32b5b3,False,1.0
aptos2019,val,/kaggle/input/datasets/deepapaneru/aptos2019/val_images/val_images/01f7bb8be950.png,01f7bb8be950.png,01f7bb8be950,right,1.0,estimated_disc_position,aptos2019_01f7bb8be950,False,0.0
aptos2019,val,/kaggle/input/datasets/deepapaneru/aptos2019/val_images/val_images/034cb07a550f.png,034cb07a550f.png,034cb07a550f,left,1.0,estimated_disc_position,aptos2019_034cb07a550f,False,4.0
aptos2019,val,/kaggle/input/datasets/deepapaneru/aptos2019/val_images/val_images/18b7e34eab8f.png,18b7e34eab8f.png,18b7e34eab8f,left,0.88,estimated_disc_position,aptos2019_18b7e34eab8f,False,0.0
aptos2019,val,/kaggle/input/datasets/deepapaneru/aptos2019/val_images/val_images/0fe31196e0e8.png,0fe31196e0e8.png,0fe31196e0e8,right,0.57,estimated_disc_position,aptos2019_0fe31196e0e8,False,0.0
aptos2019,val,/kaggle/input/datasets/deepapaneru/aptos2019/val_images/val_images/07122e268a1d.png,07122e268a1d.png,07122e268a1d,right,0.73,estimated_disc_position,aptos2019_07122e268a1d,False,4.0
aptos2019,val,/kaggle/input/datasets/deepapaneru/aptos2019/val_images/val_images/050bb1eafa76.png,050bb1eafa76.png,050bb1eafa76,right,1.0,estimated_disc_position,aptos2019_050bb1eafa76,False,0.0
aptos2019,val,/kaggle/input/datasets/deepapaneru/aptos2019/val_images/val_images/07a0be6b347f.png,07a0be6b347f.png,07a0be6b347f,right,0.92,estimated_disc_position,aptos2019_07a0be6b347f,False,0.0
aptos2019,val,/kaggle/input/datasets/deepapaneru/aptos2019/val_images/val_images/15cc2aef772a.png,15cc2aef772a.png,15cc2aef772a,right,1.0,estimated_disc_position,aptos2019_15cc2aef772a,False,1.0
aptos2019,val,/kaggle/input/datasets/deepapaneru/aptos2019/val_images/val_images/1a1e974a7dbf.png,1a1e974a7dbf.png,1a1e974a7dbf,left,0.88,estimated_disc_position,aptos2019_1a1e974a7dbf,False,0.0
aptos2019,val,/kaggle/input/datasets/deepapaneru/aptos2019/val_images/val_images/0edadb2aa127.png,0edadb2aa127.png,0edadb2aa127,uncertain,0.12,estimated_disc_position,aptos2019_0edadb2aa127,True,3.0
aptos2019,val,/kaggle/input/datasets/deepapaneru/aptos2019/val_images/val_images/08c60c647673.png,08c60c647673.png,08c60c647673,right,1.0,estimated_disc_position,aptos2019_08c60c647673,False,0.0
aptos2019,val,/kaggle/input/datasets/deepapaneru/aptos2019/val_images/val_images/07e827469099.png,07e827469099.png,07e827469099,left,0.74,estimated_disc_position,aptos2019_07e827469099,False,0.0
aptos2019,val,/kaggle/input/datasets/deepapaneru/aptos2019/val_images/val_images/18d8fdb140b7.png,18d8fdb140b7.png,18d8fdb140b7,right,1.0,estimated_disc_position,aptos2019_18d8fdb140b7,False,2.0
aptos2019,val,/kaggle/input/datasets/deepapaneru/aptos2019/val_images/val_images/12bc439d373a.png,12bc439d373a.png,12bc439d373a,left,0.99,estimated_disc_position,aptos2019_12bc439d373a,False,0.0
aptos2019,val,/kaggle/input/datasets/deepapaneru/aptos2019/val_images/val_images/1116271db4ea.png,1116271db4ea.png,1116271db4ea,right,1.0,estimated_disc_position,aptos2019_1116271db4ea,False,1.0
aptos2019,val,/kaggle/input/datasets/deepapaneru/aptos2019/val_images/val_images/09237bf783a4.png,09237bf783a4.png,09237bf783a4,left,0.93,estimated_disc_position,aptos2019_09237bf783a4,False,0.0
aptos2019,val,/kaggle/input/datasets/deepapaneru/aptos2019/val_images/val_images/00cb6555d108.png,00cb6555d108.png,00cb6555d108,left,1.0,estimated_disc_position,aptos2019_00cb6555d108,False,1.0
aptos2019,val,/kaggle/input/datasets/deepapaneru/aptos2019/val_images/val_images/1002f3fe38f0.png,1002f3fe38f0.png,1002f3fe38f0,right,0.99,estimated_disc_position,aptos2019_1002f3fe38f0,False,0.0
aptos2019,val,/kaggle/input/datasets/deepapaneru/aptos2019/val_images/val_images/05113073b268.png,05113073b268.png,05113073b268,right,1.0,estimated_disc_position,aptos2019_05113073b268,False,0.0
aptos2019,val,/kaggle/input/datasets/deepapaneru/aptos2019/val_images/val_images/1411c8ab7161.png,1411c8ab7161.png,1411c8ab7161,left,1.0,estimated_disc_position,aptos2019_1411c8ab7161,False,2.0
aptos2019,val,/kaggle/input/datasets/deepapaneru/aptos2019/val_images/val_images/0953c0ac1735.png,0953c0ac1735.png,0953c0ac1735,left,0.74,estimated_disc_position,aptos2019_0953c0ac1735,False,2.0
aptos2019,val,/kaggle/input/datasets/deepapaneru/aptos2019/val_images/val_images/103abbd8b63e.png,103abbd8b63e.png,103abbd8b63e,right,1.0,estimated_disc_position,aptos2019_103abbd8b63e,False,0.0
aptos2019,test,/kaggle/input/datasets/deepapaneru/aptos2019/test_images/test_images/ef476be214d4.png,ef476be214d4.png,ef476be214d4,left,1.0,estimated_disc_position,aptos2019_ef476be214d4,False,0.0
aptos2019,test,/kaggle/input/datasets/deepapaneru/aptos2019/test_images/test_images/ec363f48867b.png,ec363f48867b.png,ec363f48867b,right,1.0,estimated_disc_position,aptos2019_ec363f48867b,False,0.0
aptos2019,test,/kaggle/input/datasets/deepapaneru/aptos2019/test_images/test_images/f481f76a6b75.png,f481f76a6b75.png,f481f76a6b75,right,1.0,estimated_disc_position,aptos2019_f481f76a6b75,False,1.0
aptos2019,test,/kaggle/input/datasets/deepapaneru/aptos2019/test_images/test_images/fa7fa797c650.png,fa7fa797c650.png,fa7fa797c650,right,0.83,estimated_disc_position,aptos2019_fa7fa797c650,False,0.0
aptos2019,test,/kaggle/input/datasets/deepapaneru/aptos2019/test_images/test_images/e7578d8dba72.png,e7578d8dba72.png,e7578d8dba72,right,1.0,estimated_disc_position,aptos2019_e7578d8dba72,False,0.0
aptos2019,test,/kaggle/input/datasets/deepapaneru/aptos2019/test_images/test_images/eda29a9d78f3.png,eda29a9d78f3.png,eda29a9d78f3,right,0.83,estimated_disc_position,aptos2019_eda29a9d78f3,False,0.0
aptos2019,test,/kaggle/input/datasets/deepapaneru/aptos2019/test_images/test_images/fe0e2dee1834.png,fe0e2dee1834.png,fe0e2dee1834,right,1.0,estimated_disc_position,aptos2019_fe0e2dee1834,False,0.0
aptos2019,test,/kaggle/input/datasets/deepapaneru/aptos2019/test_images/test_images/e933923aab15.png,e933923aab15.png,e933923aab15,right,0.73,estimated_disc_position,aptos2019_e933923aab15,False,0.0
aptos2019,test,/kaggle/input/datasets/deepapaneru/aptos2019/test_images/test_images/ef99c499d665.png,ef99c499d665.png,ef99c499d665,right,0.86,estimated_disc_position,aptos2019_ef99c499d665,False,0.0
aptos2019,test,/kaggle/input/datasets/deepapaneru/aptos2019/test_images/test_images/fc8fce67fbf8.png,fc8fce67fbf8.png,fc8fce67fbf8,left,1.0,estimated_disc_position,aptos2019_fc8fce67fbf8,False,0.0
aptos2019,test,/kaggle/input/datasets/deepapaneru/aptos2019/test_images/test_images/e9286ddf6ffe.png,e9286ddf6ffe.png,e9286ddf6ffe,right,1.0,estimated_disc_position,aptos2019_e9286ddf6ffe,False,1.0
aptos2019,test,/kaggle/input/datasets/deepapaneru/aptos2019/test_images/test_images/f0098e9d4aee.png,f0098e9d4aee.png,f0098e9d4aee,left,1.0,estimated_disc_position,aptos2019_f0098e9d4aee,False,4.0
aptos2019,test,/kaggle/input/datasets/deepapaneru/aptos2019/test_images/test_images/ea1d045f9fea.png,ea1d045f9fea.png,ea1d045f9fea,left,1.0,estimated_disc_position,aptos2019_ea1d045f9fea,False,2.0
aptos2019,test,/kaggle/input/datasets/deepapaneru/aptos2019/test_images/test_images/e7291472109b.png,e7291472109b.png,e7291472109b,right,0.83,estimated_disc_position,aptos2019_e7291472109b,False,0.0
aptos2019,test,/kaggle/input/datasets/deepapaneru/aptos2019/test_images/test_images/fd48cf452e9d.png,fd48cf452e9d.png,fd48cf452e9d,right,0.51,estimated_disc_position,aptos2019_fd48cf452e9d,False,2.0
aptos2019,test,/kaggle/input/datasets/deepapaneru/aptos2019/test_images/test_images/eedae6b28f96.png,eedae6b28f96.png,eedae6b28f96,right,1.0,estimated_disc_position,aptos2019_eedae6b28f96,False,0.0
aptos2019,test,/kaggle/input/datasets/deepapaneru/aptos2019/test_images/test_images/ef81cd8854cb.png,ef81cd8854cb.png,ef81cd8854cb,left,0.83,estimated_disc_position,aptos2019_ef81cd8854cb,False,0.0
aptos2019,test,/kaggle/input/datasets/deepapaneru/aptos2019/test_images/test_images/f366fb1cc475.png,f366fb1cc475.png,f366fb1cc475,left,0.93,estimated_disc_position,aptos2019_f366fb1cc475,False,0.0
aptos2019,test,/kaggle/input/datasets/deepapaneru/aptos2019/test_images/test_images/f7e9fa75c7c1.png,f7e9fa75c7c1.png,f7e9fa75c7c1,left,0.93,estimated_disc_position,aptos2019_f7e9fa75c7c1,False,0.0
aptos2019,test,/kaggle/input/datasets/deepapaneru/aptos2019/test_images/test_images/e5de79795c1d.png,e5de79795c1d.png,e5de79795c1d,left,1.0,estimated_disc_position,aptos2019_e5de79795c1d,False,0.0
aptos2019,test,/kaggle/input/datasets/deepapaneru/aptos2019/test_images/test_images/eae70f527755.png,eae70f527755.png,eae70f527755,uncertain,0.1,estimated_disc_position,aptos2019_eae70f527755,True,0.0
aptos2019,test,/kaggle/input/datasets/deepapaneru/aptos2019/test_images/test_images/f7116e7b2f4e.png,f7116e7b2f4e.png,f7116e7b2f4e,left,1.0,estimated_disc_position,aptos2019_f7116e7b2f4e,False,0.0
aptos2019,test,/kaggle/input/datasets/deepapaneru/aptos2019/test_images/test_images/fb696a8e055a.png,fb696a8e055a.png,fb696a8e055a,left,1.0,estimated_disc_position,aptos2019_fb696a8e055a,False,4.0
aptos2019,test,/kaggle/input/datasets/deepapaneru/aptos2019/test_images/test_images/e6a6acf7fca1.png,e6a6acf7fca1.png,e6a6acf7fca1,right,1.0,estimated_disc_position,aptos2019_e6a6acf7fca1,False,2.0
aptos2019,test,/kaggle/input/datasets/deepapaneru/aptos2019/test_images/test_images/f9aa35187bf3.png,f9aa35187bf3.png,f9aa35187bf3,left,1.0,estimated_disc_position,aptos2019_f9aa35187bf3,False,2.0
aptos2019,test,/kaggle/input/datasets/deepapaneru/aptos2019/test_images/test_images/ea15a290eb96.png,ea15a290eb96.png,ea15a290eb96,right,1.0,estimated_disc_position,aptos2019_ea15a290eb96,False,1.0
aptos2019,test,/kaggle/input/datasets/deepapaneru/aptos2019/test_images/test_images/ed6bd9293a89.png,ed6bd9293a89.png,ed6bd9293a89,left,0.81,estimated_disc_position,aptos2019_ed6bd9293a89,False,0.0
aptos2019,test,/kaggle/input/datasets/deepapaneru/aptos2019/test_images/test_images/fc898dfeb24f.png,fc898dfeb24f.png,fc898dfeb24f,left,1.0,estimated_disc_position,aptos2019_fc898dfeb24f,False,0.0
aptos2019,test,/kaggle/input/datasets/deepapaneru/aptos2019/test_images/test_images/f6f433f3306f.png,f6f433f3306f.png,f6f433f3306f,right,1.0,estimated_disc_position,aptos2019_f6f433f3306f,False,3.0
aptos2019,test,/kaggle/input/datasets/deepapaneru/aptos2019/test_images/test_images/e60e4edb3ca9.png,e60e4edb3ca9.png,e60e4edb3ca9,right,0.88,estimated_disc_position,aptos2019_e60e4edb3ca9,False,0.0
aptos2019,test,/kaggle/input/datasets/deepapaneru/aptos2019/test_images/test_images/fa3e544a7401.png,fa3e544a7401.png,fa3e544a7401,right,1.0,estimated_disc_position,aptos2019_fa3e544a7401,False,2.0
aptos2019,test,/kaggle/input/datasets/deepapaneru/aptos2019/test_images/test_images/f56ff0440ed1.png,f56ff0440ed1.png,f56ff0440ed1,left,0.98,estimated_disc_position,aptos2019_f56ff0440ed1,False,0.0
aptos2019,test,/kaggle/input/datasets/deepapaneru/aptos2019/test_images/test_images/f09fd9433dff.png,f09fd9433dff.png,f09fd9433dff,right,0.8,estimated_disc_position,aptos2019_f09fd9433dff,False,0.0
aptos2019,test,/kaggle/input/datasets/deepapaneru/aptos2019/test_images/test_images/ef8c39eb9157.png,ef8c39eb9157.png,ef8c39eb9157,left,1.0,estimated_disc_position,aptos2019_ef8c39eb9157,False,0.0
aptos2019,test,/kaggle/input/datasets/deepapaneru/aptos2019/test_images/test_images/fdd18ccbbdc5.png,fdd18ccbbdc5.png,fdd18ccbbdc5,left,1.0,estimated_disc_position,aptos2019_fdd18ccbbdc5,False,1.0
aptos2019,test,/kaggle/input/datasets/deepapaneru/aptos2019/test_images/test_images/f09cfc6a4dbd.png,f09cfc6a4dbd.png,f09cfc6a4dbd,right,0.88,estimated_disc_position,aptos2019_f09cfc6a4dbd,False,0.0
aptos2019,test,/kaggle/input/datasets/deepapaneru/aptos2019/test_images/test_images/e9f3c85a2a02.png,e9f3c85a2a02.png,e9f3c85a2a02,right,0.88,estimated_disc_position,aptos2019_e9f3c85a2a02,False,0.0
aptos2019,test,/kaggle/input/datasets/deepapaneru/aptos2019/test_images/test_images/ecad6845f630.png,ecad6845f630.png,ecad6845f630,left,1.0,estimated_disc_position,aptos2019_ecad6845f630,False,0.0
aptos2019,test,/kaggle/input/datasets/deepapaneru/aptos2019/test_images/test_images/e62490b7d0e9.png,e62490b7d0e9.png,e62490b7d0e9,left,1.0,estimated_disc_position,aptos2019_e62490b7d0e9,False,4.0
aptos2019,test,/kaggle/input/datasets/deepapaneru/aptos2019/test_images/test_images/eb32a815f78c.png,eb32a815f78c.png,eb32a815f78c,right,1.0,estimated_disc_position,aptos2019_eb32a815f78c,False,2.0
aptos2019,test,/kaggle/input/datasets/deepapaneru/aptos2019/test_images/test_images/ef247f28004f.png,ef247f28004f.png,ef247f28004f,left,1.0,estimated_disc_position,aptos2019_ef247f28004f,False,0.0
aptos2019,test,/kaggle/input/datasets/deepapaneru/aptos2019/test_images/test_images/e8ddfc9709ce.png,e8ddfc9709ce.png,e8ddfc9709ce,left,0.41,estimated_disc_position,aptos2019_e8ddfc9709ce,False,0.0
aptos2019,test,/kaggle/input/datasets/deepapaneru/aptos2019/test_images/test_images/fe06dad6851c.png,fe06dad6851c.png,fe06dad6851c,left,1.0,estimated_disc_position,aptos2019_fe06dad6851c,False,0.0
aptos2019,test,/kaggle/input/datasets/deepapaneru/aptos2019/test_images/test_images/f850cb51fdba.png,f850cb51fdba.png,f850cb51fdba,right,1.0,estimated_disc_position,aptos2019_f850cb51fdba,False,4.0
aptos2019,test,/kaggle/input/datasets/deepapaneru/aptos2019/test_images/test_images/fa9f1bc03f21.png,fa9f1bc03f21.png,fa9f1bc03f21,right,0.75,estimated_disc_position,aptos2019_fa9f1bc03f21,False,0.0
aptos2019,test,/kaggle/input/datasets/deepapaneru/aptos2019/test_images/test_images/fd62bd0db4f1.png,fd62bd0db4f1.png,fd62bd0db4f1,left,1.0,estimated_disc_position,aptos2019_fd62bd0db4f1,False,1.0
aptos2019,test,/kaggle/input/datasets/deepapaneru/aptos2019/test_images/test_images/f62b8a076833.png,f62b8a076833.png,f62b8a076833,right,1.0,estimated_disc_position,aptos2019_f62b8a076833,False,0.0
aptos2019,test,/kaggle/input/datasets/deepapaneru/aptos2019/test_images/test_images/f0546a45ef10.png,f0546a45ef10.png,f0546a45ef10,right,1.0,estimated_disc_position,aptos2019_f0546a45ef10,False,0.0
aptos2019,test,/kaggle/input/datasets/deepapaneru/aptos2019/test_images/test_images/f6d760566a51.png,f6d760566a51.png,f6d760566a51,left,0.8,estimated_disc_position,aptos2019_f6d760566a51,False,0.0
aptos2019,test,/kaggle/input/datasets/deepapaneru/aptos2019/test_images/test_images/f6f3ea0d2693.png,f6f3ea0d2693.png,f6f3ea0d2693,right,1.0,estimated_disc_position,aptos2019_f6f3ea0d2693,False,4.0
aptos2019,test,/kaggle/input/datasets/deepapaneru/aptos2019/test_images/test_images/e77a93c3d9a9.png,e77a93c3d9a9.png,e77a93c3d9a9,right,1.0,estimated_disc_position,aptos2019_e77a93c3d9a9,False,0.0
aptos2019,test,/kaggle/input/datasets/deepapaneru/aptos2019/test_images/test_images/fba493e17448.png,fba493e17448.png,fba493e17448,left,1.0,estimated_disc_position,aptos2019_fba493e17448,False,2.0
aptos2019,test,/kaggle/input/datasets/deepapaneru/aptos2019/test_images/test_images/e50b0174690d.png,e50b0174690d.png,e50b0174690d,right,0.43,estimated_disc_position,aptos2019_e50b0174690d,False,0.0
aptos2019,test,/kaggle/input/datasets/deepapaneru/aptos2019/test_images/test_images/f0a2dc580009.png,f0a2dc580009.png,f0a2dc580009,right,1.0,estimated_disc_position,aptos2019_f0a2dc580009,False,0.0
aptos2019,test,/kaggle/input/datasets/deepapaneru/aptos2019/test_images/test_images/e4f12411fd85.png,e4f12411fd85.png,e4f12411fd85,left,1.0,estimated_disc_position,aptos2019_e4f12411fd85,False,4.0
aptos2019,test,/kaggle/input/datasets/deepapaneru/aptos2019/test_images/test_images/e8e44b3160e3.png,e8e44b3160e3.png,e8e44b3160e3,left,0.49,estimated_disc_position,aptos2019_e8e44b3160e3,False,0.0
aptos2019,test,/kaggle/input/datasets/deepapaneru/aptos2019/test_images/test_images/ee3fe7809e6a.png,ee3fe7809e6a.png,ee3fe7809e6a,left,1.0,estimated_disc_position,aptos2019_ee3fe7809e6a,False,0.0
aptos2019,test,/kaggle/input/datasets/deepapaneru/aptos2019/test_images/test_images/f9ecf1795804.png,f9ecf1795804.png,f9ecf1795804,left,1.0,estimated_disc_position,aptos2019_f9ecf1795804,False,2.0
aptos2019,test,/kaggle/input/datasets/deepapaneru/aptos2019/test_images/test_images/f69835dc7c50.png,f69835dc7c50.png,f69835dc7c50,left,1.0,estimated_disc_position,aptos2019_f69835dc7c50,False,4.0
aptos2019,test,/kaggle/input/datasets/deepapaneru/aptos2019/test_images/test_images/f633c474e8b8.png,f633c474e8b8.png,f633c474e8b8,right,0.83,estimated_disc_position,aptos2019_f633c474e8b8,False,0.0
aptos2019,test,/kaggle/input/datasets/deepapaneru/aptos2019/test_images/test_images/f0860c21533b.png,f0860c21533b.png,f0860c21533b,left,0.6,estimated_disc_position,aptos2019_f0860c21533b,False,0.0
aptos2019,test,/kaggle/input/datasets/deepapaneru/aptos2019/test_images/test_images/f4e68b61f480.png,f4e68b61f480.png,f4e68b61f480,right,1.0,estimated_disc_position,aptos2019_f4e68b61f480,False,0.0
aptos2019,test,/kaggle/input/datasets/deepapaneru/aptos2019/test_images/test_images/e82232a3c28b.png,e82232a3c28b.png,e82232a3c28b,left,0.94,estimated_disc_position,aptos2019_e82232a3c28b,False,0.0
aptos2019,test,/kaggle/input/datasets/deepapaneru/aptos2019/test_images/test_images/eed4afc8ec83.png,eed4afc8ec83.png,eed4afc8ec83,left,0.69,estimated_disc_position,aptos2019_eed4afc8ec83,False,1.0
aptos2019,test,/kaggle/input/datasets/deepapaneru/aptos2019/test_images/test_images/eadfc8809ec8.png,eadfc8809ec8.png,eadfc8809ec8,left,1.0,estimated_disc_position,aptos2019_eadfc8809ec8,False,2.0
aptos2019,test,/kaggle/input/datasets/deepapaneru/aptos2019/test_images/test_images/fe3b0e50be78.png,fe3b0e50be78.png,fe3b0e50be78,right,0.66,estimated_disc_position,aptos2019_fe3b0e50be78,False,0.0
aptos2019,test,/kaggle/input/datasets/deepapaneru/aptos2019/test_images/test_images/eabc7c716255.png,eabc7c716255.png,eabc7c716255,left,1.0,estimated_disc_position,aptos2019_eabc7c716255,False,0.0
aptos2019,test,/kaggle/input/datasets/deepapaneru/aptos2019/test_images/test_images/e632e38fd2d4.png,e632e38fd2d4.png,e632e38fd2d4,left,0.82,estimated_disc_position,aptos2019_e632e38fd2d4,False,0.0
aptos2019,test,/kaggle/input/datasets/deepapaneru/aptos2019/test_images/test_images/ee2c2a5f7d0e.png,ee2c2a5f7d0e.png,ee2c2a5f7d0e,left,0.5,estimated_disc_position,aptos2019_ee2c2a5f7d0e,False,2.0
aptos2019,test,/kaggle/input/datasets/deepapaneru/aptos2019/test_images/test_images/fcc6aa6755e6.png,fcc6aa6755e6.png,fcc6aa6755e6,right,1.0,estimated_disc_position,aptos2019_fcc6aa6755e6,False,3.0
aptos2019,test,/kaggle/input/datasets/deepapaneru/aptos2019/test_images/test_images/e893e86dde94.png,e893e86dde94.png,e893e86dde94,right,1.0,estimated_disc_position,aptos2019_e893e86dde94,False,0.0
aptos2019,test,/kaggle/input/datasets/deepapaneru/aptos2019/test_images/test_images/ed648b9bcd95.png,ed648b9bcd95.png,ed648b9bcd95,right,0.87,estimated_disc_position,aptos2019_ed648b9bcd95,False,0.0
aptos2019,test,/kaggle/input/datasets/deepapaneru/aptos2019/test_images/test_images/e96bd80a8a53.png,e96bd80a8a53.png,e96bd80a8a53,right,0.51,estimated_disc_position,aptos2019_e96bd80a8a53,False,1.0
aptos2019,test,/kaggle/input/datasets/deepapaneru/aptos2019/test_images/test_images/e5f73f2855c0.png,e5f73f2855c0.png,e5f73f2855c0,right,1.0,estimated_disc_position,aptos2019_e5f73f2855c0,False,0.0
aptos2019,test,/kaggle/input/datasets/deepapaneru/aptos2019/test_images/test_images/ea5c42a78979.png,ea5c42a78979.png,ea5c42a78979,right,0.71,estimated_disc_position,aptos2019_ea5c42a78979,False,0.0
aptos2019,test,/kaggle/input/datasets/deepapaneru/aptos2019/test_images/test_images/fda39982a810.png,fda39982a810.png,fda39982a810,left,0.87,estimated_disc_position,aptos2019_fda39982a810,False,3.0
aptos2019,test,/kaggle/input/datasets/deepapaneru/aptos2019/test_images/test_images/ed88faaa325a.png,ed88faaa325a.png,ed88faaa325a,right,1.0,estimated_disc_position,aptos2019_ed88faaa325a,False,2.0
aptos2019,test,/kaggle/input/datasets/deepapaneru/aptos2019/test_images/test_images/ee77763a6afb.png,ee77763a6afb.png,ee77763a6afb,right,1.0,estimated_disc_position,aptos2019_ee77763a6afb,False,0.0
aptos2019,test,/kaggle/input/datasets/deepapaneru/aptos2019/test_images/test_images/fea14b3d44b0.png,fea14b3d44b0.png,fea14b3d44b0,left,1.0,estimated_disc_position,aptos2019_fea14b3d44b0,False,1.0
aptos2019,test,/kaggle/input/datasets/deepapaneru/aptos2019/test_images/test_images/f580566e27f5.png,f580566e27f5.png,f580566e27f5,right,1.0,estimated_disc_position,aptos2019_f580566e27f5,False,0.0
aptos2019,test,/kaggle/input/datasets/deepapaneru/aptos2019/test_images/test_images/fbfa925506f6.png,fbfa925506f6.png,fbfa925506f6,left,1.0,estimated_disc_position,aptos2019_fbfa925506f6,False,0.0
aptos2019,test,/kaggle/input/datasets/deepapaneru/aptos2019/test_images/test_images/e68746d426b2.png,e68746d426b2.png,e68746d426b2,left,1.0,estimated_disc_position,aptos2019_e68746d426b2,False,0.0
aptos2019,test,/kaggle/input/datasets/deepapaneru/aptos2019/test_images/test_images/fe674c2f73f5.png,fe674c2f73f5.png,fe674c2f73f5,left,1.0,estimated_disc_position,aptos2019_fe674c2f73f5,False,1.0
aptos2019,test,/kaggle/input/datasets/deepapaneru/aptos2019/test_images/test_images/ff77e8e5b5f3.png,ff77e8e5b5f3.png,ff77e8e5b5f3,right,1.0,estimated_disc_position,aptos2019_ff77e8e5b5f3,False,2.0
aptos2019,test,/kaggle/input/datasets/deepapaneru/aptos2019/test_images/test_images/e7a372a1c3a4.png,e7a372a1c3a4.png,e7a372a1c3a4,left,1.0,estimated_disc_position,aptos2019_e7a372a1c3a4,False,2.0
aptos2019,test,/kaggle/input/datasets/deepapaneru/aptos2019/test_images/test_images/e66855a5c583.png,e66855a5c583.png,e66855a5c583,right,0.7,estimated_disc_position,aptos2019_e66855a5c583,False,0.0
aptos2019,test,/kaggle/input/datasets/deepapaneru/aptos2019/test_images/test_images/ed246ae1ed08.png,ed246ae1ed08.png,ed246ae1ed08,left,1.0,estimated_disc_position,aptos2019_ed246ae1ed08,False,4.0
aptos2019,test,/kaggle/input/datasets/deepapaneru/aptos2019/test_images/test_images/fa6f3d8bb1d5.png,fa6f3d8bb1d5.png,fa6f3d8bb1d5,right,0.83,estimated_disc_position,aptos2019_fa6f3d8bb1d5,False,0.0
aptos2019,test,/kaggle/input/datasets/deepapaneru/aptos2019/test_images/test_images/e724866f5084.png,e724866f5084.png,e724866f5084,left,0.96,estimated_disc_position,aptos2019_e724866f5084,False,2.0
aptos2019,test,/kaggle/input/datasets/deepapaneru/aptos2019/test_images/test_images/eb6b1f1c09db.png,eb6b1f1c09db.png,eb6b1f1c09db,right,1.0,estimated_disc_position,aptos2019_eb6b1f1c09db,False,0.0
aptos2019,test,/kaggle/input/datasets/deepapaneru/aptos2019/test_images/test_images/f0267c42907c.png,f0267c42907c.png,f0267c42907c,right,1.0,estimated_disc_position,aptos2019_f0267c42907c,False,0.0
aptos2019,test,/kaggle/input/datasets/deepapaneru/aptos2019/test_images/test_images/e79e10907295.png,e79e10907295.png,e79e10907295,left,0.48,estimated_disc_position,aptos2019_e79e10907295,False,0.0
aptos2019,test,/kaggle/input/datasets/deepapaneru/aptos2019/test_images/test_images/f762c272c522.png,f762c272c522.png,f762c272c522,right,1.0,estimated_disc_position,aptos2019_f762c272c522,False,1.0
aptos2019,test,/kaggle/input/datasets/deepapaneru/aptos2019/test_images/test_images/ed2c06fcc573.png,ed2c06fcc573.png,ed2c06fcc573,right,1.0,estimated_disc_position,aptos2019_ed2c06fcc573,False,2.0
aptos2019,test,/kaggle/input/datasets/deepapaneru/aptos2019/test_images/test_images/ed2c52c14493.png,ed2c52c14493.png,ed2c52c14493,right,0.85,estimated_disc_position,aptos2019_ed2c52c14493,False,0.0
aptos2019,test,/kaggle/input/datasets/deepapaneru/aptos2019/test_images/test_images/ea68b58a6e8f.png,ea68b58a6e8f.png,ea68b58a6e8f,right,0.46,estimated_disc_position,aptos2019_ea68b58a6e8f,False,0.0
aptos2019,test,/kaggle/input/datasets/deepapaneru/aptos2019/test_images/test_images/f71aca5a7dc3.png,f71aca5a7dc3.png,f71aca5a7dc3,right,1.0,estimated_disc_position,aptos2019_f71aca5a7dc3,False,0.0
aptos2019,test,/kaggle/input/datasets/deepapaneru/aptos2019/test_images/test_images/fb61230b99dd.png,fb61230b99dd.png,fb61230b99dd,left,1.0,estimated_disc_position,aptos2019_fb61230b99dd,False,3.0
aptos2019,test,/kaggle/input/datasets/deepapaneru/aptos2019/test_images/test_images/ff8a0b45c789.png,ff8a0b45c789.png,ff8a0b45c789,left,0.36,estimated_disc_position,aptos2019_ff8a0b45c789,False,4.0
aptos2019,test,/kaggle/input/datasets/deepapaneru/aptos2019/test_images/test_images/fed5bb685832.png,fed5bb685832.png,fed5bb685832,left,0.94,estimated_disc_position,aptos2019_fed5bb685832,False,0.0
aptos2019,test,/kaggle/input/datasets/deepapaneru/aptos2019/test_images/test_images/f26b02ead915.png,f26b02ead915.png,f26b02ead915,right,1.0,estimated_disc_position,aptos2019_f26b02ead915,False,0.0
aptos2019,test,/kaggle/input/datasets/deepapaneru/aptos2019/test_images/test_images/e68bdd36e589.png,e68bdd36e589.png,e68bdd36e589,right,0.93,estimated_disc_position,aptos2019_e68bdd36e589,False,0.0
aptos2019,test,/kaggle/input/datasets/deepapaneru/aptos2019/test_images/test_images/e663c6627a95.png,e663c6627a95.png,e663c6627a95,left,1.0,estimated_disc_position,aptos2019_e663c6627a95,False,2.0
aptos2019,test,/kaggle/input/datasets/deepapaneru/aptos2019/test_images/test_images/f9d8ff3e6592.png,f9d8ff3e6592.png,f9d8ff3e6592,right,1.0,estimated_disc_position,aptos2019_f9d8ff3e6592,False,0.0
aptos2019,test,/kaggle/input/datasets/deepapaneru/aptos2019/test_images/test_images/f3a268d2726d.png,f3a268d2726d.png,f3a268d2726d,left,1.0,estimated_disc_position,aptos2019_f3a268d2726d,False,2.0
aptos2019,test,/kaggle/input/datasets/deepapaneru/aptos2019/test_images/test_images/ff4955e76894.png,ff4955e76894.png,ff4955e76894,left,1.0,estimated_disc_position,aptos2019_ff4955e76894,False,0.0
aptos2019,test,/kaggle/input/datasets/deepapaneru/aptos2019/test_images/test_images/f0c0f7b5e820.png,f0c0f7b5e820.png,f0c0f7b5e820,left,1.0,estimated_disc_position,aptos2019_f0c0f7b5e820,False,2.0
aptos2019,test,/kaggle/input/datasets/deepapaneru/aptos2019/test_images/test_images/f36cb007a1ef.png,f36cb007a1ef.png,f36cb007a1ef,left,0.98,estimated_disc_position,aptos2019_f36cb007a1ef,False,0.0
aptos2019,test,/kaggle/input/datasets/deepapaneru/aptos2019/test_images/test_images/edceb0657d77.png,edceb0657d77.png,edceb0657d77,right,1.0,estimated_disc_position,aptos2019_edceb0657d77,False,0.0
aptos2019,test,/kaggle/input/datasets/deepapaneru/aptos2019/test_images/test_images/f85fd4fac887.png,f85fd4fac887.png,f85fd4fac887,right,1.0,estimated_disc_position,aptos2019_f85fd4fac887,False,0.0
aptos2019,test,/kaggle/input/datasets/deepapaneru/aptos2019/test_images/test_images/f0e1201b5c1f.png,f0e1201b5c1f.png,f0e1201b5c1f,left,1.0,estimated_disc_position,aptos2019_f0e1201b5c1f,False,0.0
aptos2019,test,/kaggle/input/datasets/deepapaneru/aptos2019/test_images/test_images/e7fc93ac5b6d.png,e7fc93ac5b6d.png,e7fc93ac5b6d,right,0.98,estimated_disc_position,aptos2019_e7fc93ac5b6d,False,2.0
aptos2019,test,/kaggle/input/datasets/deepapaneru/aptos2019/test_images/test_images/f66c4ee86629.png,f66c4ee86629.png,f66c4ee86629,left,1.0,estimated_disc_position,aptos2019_f66c4ee86629,False,0.0
aptos2019,test,/kaggle/input/datasets/deepapaneru/aptos2019/test_images/test_images/e66ad813a508.png,e66ad813a508.png,e66ad813a508,left,0.75,estimated_disc_position,aptos2019_e66ad813a508,False,0.0
aptos2019,test,/kaggle/input/datasets/deepapaneru/aptos2019/test_images/test_images/ff344e5c9341.png,ff344e5c9341.png,ff344e5c9341,left,1.0,estimated_disc_position,aptos2019_ff344e5c9341,False,2.0
aptos2019,test,/kaggle/input/datasets/deepapaneru/aptos2019/test_images/test_images/fc782722a50c.png,fc782722a50c.png,fc782722a50c,left,0.43,estimated_disc_position,aptos2019_fc782722a50c,False,0.0
aptos2019,test,/kaggle/input/datasets/deepapaneru/aptos2019/test_images/test_images/f5c953bee7cd.png,f5c953bee7cd.png,f5c953bee7cd,left,0.71,estimated_disc_position,aptos2019_f5c953bee7cd,False,0.0
aptos2019,test,/kaggle/input/datasets/deepapaneru/aptos2019/test_images/test_images/e580676516b0.png,e580676516b0.png,e580676516b0,right,1.0,estimated_disc_position,aptos2019_e580676516b0,False,1.0
aptos2019,test,/kaggle/input/datasets/deepapaneru/aptos2019/test_images/test_images/f4d3777f2710.png,f4d3777f2710.png,f4d3777f2710,uncertain,0.06,estimated_disc_position,aptos2019_f4d3777f2710,True,2.0
aptos2019,test,/kaggle/input/datasets/deepapaneru/aptos2019/test_images/test_images/fb88d23fc5fe.png,fb88d23fc5fe.png,fb88d23fc5fe,left,0.81,estimated_disc_position,aptos2019_fb88d23fc5fe,False,0.0
aptos2019,test,/kaggle/input/datasets/deepapaneru/aptos2019/test_images/test_images/e7a7187066ad.png,e7a7187066ad.png,e7a7187066ad,left,1.0,estimated_disc_position,aptos2019_e7a7187066ad,False,2.0
aptos2019,test,/kaggle/input/datasets/deepapaneru/aptos2019/test_images/test_images/ef7a4ed8d5d1.png,ef7a4ed8d5d1.png,ef7a4ed8d5d1,right,1.0,estimated_disc_position,aptos2019_ef7a4ed8d5d1,False,2.0
aptos2019,test,/kaggle/input/datasets/deepapaneru/aptos2019/test_images/test_images/e594c19e2e1d.png,e594c19e2e1d.png,e594c19e2e1d,right,1.0,estimated_disc_position,aptos2019_e594c19e2e1d,False,0.0
aptos2019,test,/kaggle/input/datasets/deepapaneru/aptos2019/test_images/test_images/f1979147aad4.png,f1979147aad4.png,f1979147aad4,right,1.0,estimated_disc_position,aptos2019_f1979147aad4,False,0.0
aptos2019,test,/kaggle/input/datasets/deepapaneru/aptos2019/test_images/test_images/fecf4c5ae84b.png,fecf4c5ae84b.png,fecf4c5ae84b,left,1.0,estimated_disc_position,aptos2019_fecf4c5ae84b,False,1.0
aptos2019,test,/kaggle/input/datasets/deepapaneru/aptos2019/test_images/test_images/e811f39a1243.png,e811f39a1243.png,e811f39a1243,left,0.91,estimated_disc_position,aptos2019_e811f39a1243,False,2.0
aptos2019,test,/kaggle/input/datasets/deepapaneru/aptos2019/test_images/test_images/ff631653374e.png,ff631653374e.png,ff631653374e,right,0.85,estimated_disc_position,aptos2019_ff631653374e,False,0.0
aptos2019,test,/kaggle/input/datasets/deepapaneru/aptos2019/test_images/test_images/fcc55ae641ae.png,fcc55ae641ae.png,fcc55ae641ae,uncertain,0.04,estimated_disc_position,aptos2019_fcc55ae641ae,True,2.0
aptos2019,test,/kaggle/input/datasets/deepapaneru/aptos2019/test_images/test_images/e540d2e35d15.png,e540d2e35d15.png,e540d2e35d15,right,1.0,estimated_disc_position,aptos2019_e540d2e35d15,False,2.0
aptos2019,test,/kaggle/input/datasets/deepapaneru/aptos2019/test_images/test_images/f1a761c68559.png,f1a761c68559.png,f1a761c68559,uncertain,0.01,estimated_disc_position,aptos2019_f1a761c68559,True,2.0
aptos2019,test,/kaggle/input/datasets/deepapaneru/aptos2019/test_images/test_images/f58cdfa968be.png,f58cdfa968be.png,f58cdfa968be,left,0.94,estimated_disc_position,aptos2019_f58cdfa968be,False,0.0
aptos2019,test,/kaggle/input/datasets/deepapaneru/aptos2019/test_images/test_images/f3b27ac2d371.png,f3b27ac2d371.png,f3b27ac2d371,left,1.0,estimated_disc_position,aptos2019_f3b27ac2d371,False,0.0
aptos2019,test,/kaggle/input/datasets/deepapaneru/aptos2019/test_images/test_images/f549294e12e1.png,f549294e12e1.png,f549294e12e1,left,1.0,estimated_disc_position,aptos2019_f549294e12e1,False,4.0
aptos2019,test,/kaggle/input/datasets/deepapaneru/aptos2019/test_images/test_images/e7defafeb957.png,e7defafeb957.png,e7defafeb957,right,0.89,estimated_disc_position,aptos2019_e7defafeb957,False,2.0
aptos2019,test,/kaggle/input/datasets/deepapaneru/aptos2019/test_images/test_images/e9faf0296643.png,e9faf0296643.png,e9faf0296643,left,0.55,estimated_disc_position,aptos2019_e9faf0296643,False,0.0
aptos2019,test,/kaggle/input/datasets/deepapaneru/aptos2019/test_images/test_images/f35d80bb1a22.png,f35d80bb1a22.png,f35d80bb1a22,right,0.86,estimated_disc_position,aptos2019_f35d80bb1a22,False,0.0
aptos2019,test,/kaggle/input/datasets/deepapaneru/aptos2019/test_images/test_images/f1d719c97838.png,f1d719c97838.png,f1d719c97838,right,0.9,estimated_disc_position,aptos2019_f1d719c97838,False,0.0
aptos2019,test,/kaggle/input/datasets/deepapaneru/aptos2019/test_images/test_images/ee3f5cf52188.png,ee3f5cf52188.png,ee3f5cf52188,left,1.0,estimated_disc_position,aptos2019_ee3f5cf52188,False,0.0
aptos2019,test,/kaggle/input/datasets/deepapaneru/aptos2019/test_images/test_images/febfb20dc311.png,febfb20dc311.png,febfb20dc311,left,0.73,estimated_disc_position,aptos2019_febfb20dc311,False,0.0
aptos2019,test,/kaggle/input/datasets/deepapaneru/aptos2019/test_images/test_images/f7edc074f06b.png,f7edc074f06b.png,f7edc074f06b,right,1.0,estimated_disc_position,aptos2019_f7edc074f06b,False,2.0
aptos2019,test,/kaggle/input/datasets/deepapaneru/aptos2019/test_images/test_images/f71bea807c96.png,f71bea807c96.png,f71bea807c96,right,0.64,estimated_disc_position,aptos2019_f71bea807c96,False,0.0
aptos2019,test,/kaggle/input/datasets/deepapaneru/aptos2019/test_images/test_images/e5f332efcbc7.png,e5f332efcbc7.png,e5f332efcbc7,right,1.0,estimated_disc_position,aptos2019_e5f332efcbc7,False,0.0
aptos2019,test,/kaggle/input/datasets/deepapaneru/aptos2019/test_images/test_images/f819c65b803c.png,f819c65b803c.png,f819c65b803c,left,1.0,estimated_disc_position,aptos2019_f819c65b803c,False,0.0
aptos2019,test,/kaggle/input/datasets/deepapaneru/aptos2019/test_images/test_images/fc1b1841eadf.png,fc1b1841eadf.png,fc1b1841eadf,right,1.0,estimated_disc_position,aptos2019_fc1b1841eadf,False,2.0
aptos2019,test,/kaggle/input/datasets/deepapaneru/aptos2019/test_images/test_images/e9678824215d.png,e9678824215d.png,e9678824215d,left,1.0,estimated_disc_position,aptos2019_e9678824215d,False,0.0
aptos2019,test,/kaggle/input/datasets/deepapaneru/aptos2019/test_images/test_images/ffec9a18a3ce.png,ffec9a18a3ce.png,ffec9a18a3ce,right,1.0,estimated_disc_position,aptos2019_ffec9a18a3ce,False,2.0
aptos2019,test,/kaggle/input/datasets/deepapaneru/aptos2019/test_images/test_images/e9ab8413e771.png,e9ab8413e771.png,e9ab8413e771,left,0.66,estimated_disc_position,aptos2019_e9ab8413e771,False,4.0
aptos2019,test,/kaggle/input/datasets/deepapaneru/aptos2019/test_images/test_images/f48241b0c995.png,f48241b0c995.png,f48241b0c995,left,1.0,estimated_disc_position,aptos2019_f48241b0c995,False,0.0
aptos2019,test,/kaggle/input/datasets/deepapaneru/aptos2019/test_images/test_images/ef8109305128.png,ef8109305128.png,ef8109305128,uncertain,0.01,estimated_disc_position,aptos2019_ef8109305128,True,1.0
aptos2019,test,/kaggle/input/datasets/deepapaneru/aptos2019/test_images/test_images/e97ecf4355cb.png,e97ecf4355cb.png,e97ecf4355cb,right,1.0,estimated_disc_position,aptos2019_e97ecf4355cb,False,0.0
aptos2019,test,/kaggle/input/datasets/deepapaneru/aptos2019/test_images/test_images/e69b48516577.png,e69b48516577.png,e69b48516577,left,1.0,estimated_disc_position,aptos2019_e69b48516577,False,0.0
aptos2019,test,/kaggle/input/datasets/deepapaneru/aptos2019/test_images/test_images/f64b6e85f1c9.png,f64b6e85f1c9.png,f64b6e85f1c9,left,0.73,estimated_disc_position,aptos2019_f64b6e85f1c9,False,0.0
aptos2019,test,/kaggle/input/datasets/deepapaneru/aptos2019/test_images/test_images/e868c3da340b.png,e868c3da340b.png,e868c3da340b,uncertain,0.24,estimated_disc_position,aptos2019_e868c3da340b,True,2.0
aptos2019,test,/kaggle/input/datasets/deepapaneru/aptos2019/test_images/test_images/f69400b316a7.png,f69400b316a7.png,f69400b316a7,left,1.0,estimated_disc_position,aptos2019_f69400b316a7,False,2.0
aptos2019,test,/kaggle/input/datasets/deepapaneru/aptos2019/test_images/test_images/f64214bed40e.png,f64214bed40e.png,f64214bed40e,left,0.63,estimated_disc_position,aptos2019_f64214bed40e,False,3.0
aptos2019,test,/kaggle/input/datasets/deepapaneru/aptos2019/test_images/test_images/f252046c0fe6.png,f252046c0fe6.png,f252046c0fe6,right,0.75,estimated_disc_position,aptos2019_f252046c0fe6,False,0.0
aptos2019,test,/kaggle/input/datasets/deepapaneru/aptos2019/test_images/test_images/f02057c41256.png,f02057c41256.png,f02057c41256,right,1.0,estimated_disc_position,aptos2019_f02057c41256,False,0.0
aptos2019,test,/kaggle/input/datasets/deepapaneru/aptos2019/test_images/test_images/f9d52509c571.png,f9d52509c571.png,f9d52509c571,left,0.72,estimated_disc_position,aptos2019_f9d52509c571,False,0.0
aptos2019,test,/kaggle/input/datasets/deepapaneru/aptos2019/test_images/test_images/e4dcca36ceb4.png,e4dcca36ceb4.png,e4dcca36ceb4,left,0.78,estimated_disc_position,aptos2019_e4dcca36ceb4,False,0.0
aptos2019,test,/kaggle/input/datasets/deepapaneru/aptos2019/test_images/test_images/ea588d1e5d96.png,ea588d1e5d96.png,ea588d1e5d96,left,1.0,estimated_disc_position,aptos2019_ea588d1e5d96,False,2.0
aptos2019,test,/kaggle/input/datasets/deepapaneru/aptos2019/test_images/test_images/fefded6bf135.png,fefded6bf135.png,fefded6bf135,right,0.95,estimated_disc_position,aptos2019_fefded6bf135,False,0.0
aptos2019,test,/kaggle/input/datasets/deepapaneru/aptos2019/test_images/test_images/f47a2a4a0411.png,f47a2a4a0411.png,f47a2a4a0411,right,1.0,estimated_disc_position,aptos2019_f47a2a4a0411,False,1.0
aptos2019,test,/kaggle/input/datasets/deepapaneru/aptos2019/test_images/test_images/e9129ce55fd7.png,e9129ce55fd7.png,e9129ce55fd7,right,0.66,estimated_disc_position,aptos2019_e9129ce55fd7,False,2.0
aptos2019,test,/kaggle/input/datasets/deepapaneru/aptos2019/test_images/test_images/e93394175a19.png,e93394175a19.png,e93394175a19,left,1.0,estimated_disc_position,aptos2019_e93394175a19,False,3.0
aptos2019,test,/kaggle/input/datasets/deepapaneru/aptos2019/test_images/test_images/ea05c22d92e9.png,ea05c22d92e9.png,ea05c22d92e9,uncertain,0.01,estimated_disc_position,aptos2019_ea05c22d92e9,True,2.0
aptos2019,test,/kaggle/input/datasets/deepapaneru/aptos2019/test_images/test_images/e821c1b6417a.png,e821c1b6417a.png,e821c1b6417a,left,0.66,estimated_disc_position,aptos2019_e821c1b6417a,False,4.0
aptos2019,test,/kaggle/input/datasets/deepapaneru/aptos2019/test_images/test_images/ead23cc922ed.png,ead23cc922ed.png,ead23cc922ed,left,1.0,estimated_disc_position,aptos2019_ead23cc922ed,False,1.0
aptos2019,test,/kaggle/input/datasets/deepapaneru/aptos2019/test_images/test_images/ea6a53e54d0f.png,ea6a53e54d0f.png,ea6a53e54d0f,uncertain,0.1,estimated_disc_position,aptos2019_ea6a53e54d0f,True,0.0
aptos2019,test,/kaggle/input/datasets/deepapaneru/aptos2019/test_images/test_images/f86d1c404acb.png,f86d1c404acb.png,f86d1c404acb,right,1.0,estimated_disc_position,aptos2019_f86d1c404acb,False,0.0
aptos2019,test,/kaggle/input/datasets/deepapaneru/aptos2019/test_images/test_images/fcc32dffd24d.png,fcc32dffd24d.png,fcc32dffd24d,left,1.0,estimated_disc_position,aptos2019_fcc32dffd24d,False,0.0
aptos2019,test,/kaggle/input/datasets/deepapaneru/aptos2019/test_images/test_images/fa9bece586fc.png,fa9bece586fc.png,fa9bece586fc,left,0.88,estimated_disc_position,aptos2019_fa9bece586fc,False,0.0
aptos2019,test,/kaggle/input/datasets/deepapaneru/aptos2019/test_images/test_images/f994a3b07935.png,f994a3b07935.png,f994a3b07935,left,0.76,estimated_disc_position,aptos2019_f994a3b07935,False,0.0
aptos2019,test,/kaggle/input/datasets/deepapaneru/aptos2019/test_images/test_images/e529c5757d64.png,e529c5757d64.png,e529c5757d64,uncertain,0.27,estimated_disc_position,aptos2019_e529c5757d64,True,0.0
aptos2019,test,/kaggle/input/datasets/deepapaneru/aptos2019/test_images/test_images/f4de9620e3f2.png,f4de9620e3f2.png,f4de9620e3f2,uncertain,0.2,estimated_disc_position,aptos2019_f4de9620e3f2,True,0.0
aptos2019,test,/kaggle/input/datasets/deepapaneru/aptos2019/test_images/test_images/ff59d44a70a7.png,ff59d44a70a7.png,ff59d44a70a7,left,0.56,estimated_disc_position,aptos2019_ff59d44a70a7,False,0.0
aptos2019,test,/kaggle/input/datasets/deepapaneru/aptos2019/test_images/test_images/fd0a70082e7c.png,fd0a70082e7c.png,fd0a70082e7c,right,0.86,estimated_disc_position,aptos2019_fd0a70082e7c,False,0.0
aptos2019,test,/kaggle/input/datasets/deepapaneru/aptos2019/test_images/test_images/f61bf44c677c.png,f61bf44c677c.png,f61bf44c677c,right,0.35,estimated_disc_position,aptos2019_f61bf44c677c,True,2.0
aptos2019,test,/kaggle/input/datasets/deepapaneru/aptos2019/test_images/test_images/eeaea2c5ff34.png,eeaea2c5ff34.png,eeaea2c5ff34,right,1.0,estimated_disc_position,aptos2019_eeaea2c5ff34,False,0.0
aptos2019,test,/kaggle/input/datasets/deepapaneru/aptos2019/test_images/test_images/ed3a0fc5b546.png,ed3a0fc5b546.png,ed3a0fc5b546,left,1.0,estimated_disc_position,aptos2019_ed3a0fc5b546,False,4.0
aptos2019,test,/kaggle/input/datasets/deepapaneru/aptos2019/test_images/test_images/eaa0dfbd5024.png,eaa0dfbd5024.png,eaa0dfbd5024,right,0.96,estimated_disc_position,aptos2019_eaa0dfbd5024,False,4.0
aptos2019,test,/kaggle/input/datasets/deepapaneru/aptos2019/test_images/test_images/f80118bbda18.png,f80118bbda18.png,f80118bbda18,right,1.0,estimated_disc_position,aptos2019_f80118bbda18,False,2.0
aptos2019,test,/kaggle/input/datasets/deepapaneru/aptos2019/test_images/test_images/ec6659926105.png,ec6659926105.png,ec6659926105,left,1.0,estimated_disc_position,aptos2019_ec6659926105,False,0.0
aptos2019,test,/kaggle/input/datasets/deepapaneru/aptos2019/test_images/test_images/fbcbc81cf9be.png,fbcbc81cf9be.png,fbcbc81cf9be,right,1.0,estimated_disc_position,aptos2019_fbcbc81cf9be,False,0.0
aptos2019,test,/kaggle/input/datasets/deepapaneru/aptos2019/test_images/test_images/f4df3d86688d.png,f4df3d86688d.png,f4df3d86688d,left,0.96,estimated_disc_position,aptos2019_f4df3d86688d,False,0.0
aptos2019,test,/kaggle/input/datasets/deepapaneru/aptos2019/test_images/test_images/f06e7a9df795.png,f06e7a9df795.png,f06e7a9df795,right,1.0,estimated_disc_position,aptos2019_f06e7a9df795,False,0.0
aptos2019,test,/kaggle/input/datasets/deepapaneru/aptos2019/test_images/test_images/f23902998c21.png,f23902998c21.png,f23902998c21,right,0.95,estimated_disc_position,aptos2019_f23902998c21,False,2.0
aptos2019,test,/kaggle/input/datasets/deepapaneru/aptos2019/test_images/test_images/fce93caa4758.png,fce93caa4758.png,fce93caa4758,left,1.0,estimated_disc_position,aptos2019_fce93caa4758,False,4.0
aptos2019,test,/kaggle/input/datasets/deepapaneru/aptos2019/test_images/test_images/eae901557a84.png,eae901557a84.png,eae901557a84,right,1.0,estimated_disc_position,aptos2019_eae901557a84,False,2.0
aptos2019,test,/kaggle/input/datasets/deepapaneru/aptos2019/test_images/test_images/f02babb3a023.png,f02babb3a023.png,f02babb3a023,right,0.62,estimated_disc_position,aptos2019_f02babb3a023,False,0.0
aptos2019,test,/kaggle/input/datasets/deepapaneru/aptos2019/test_images/test_images/f71333204618.png,f71333204618.png,f71333204618,right,1.0,estimated_disc_position,aptos2019_f71333204618,False,0.0
aptos2019,test,/kaggle/input/datasets/deepapaneru/aptos2019/test_images/test_images/f8fc411092c7.png,f8fc411092c7.png,f8fc411092c7,left,1.0,estimated_disc_position,aptos2019_f8fc411092c7,False,2.0
aptos2019,test,/kaggle/input/datasets/deepapaneru/aptos2019/test_images/test_images/f3a4751af42e.png,f3a4751af42e.png,f3a4751af42e,right,0.86,estimated_disc_position,aptos2019_f3a4751af42e,False,0.0
aptos2019,test,/kaggle/input/datasets/deepapaneru/aptos2019/test_images/test_images/f02956bd7c50.png,f02956bd7c50.png,f02956bd7c50,left,1.0,estimated_disc_position,aptos2019_f02956bd7c50,False,0.0
aptos2019,test,/kaggle/input/datasets/deepapaneru/aptos2019/test_images/test_images/ff1e940105f9.png,ff1e940105f9.png,ff1e940105f9,left,0.98,estimated_disc_position,aptos2019_ff1e940105f9,False,0.0
aptos2019,test,/kaggle/input/datasets/deepapaneru/aptos2019/test_images/test_images/ee059945b08a.png,ee059945b08a.png,ee059945b08a,right,1.0,estimated_disc_position,aptos2019_ee059945b08a,False,2.0
aptos2019,test,/kaggle/input/datasets/deepapaneru/aptos2019/test_images/test_images/ed6704e3b72e.png,ed6704e3b72e.png,ed6704e3b72e,left,0.94,estimated_disc_position,aptos2019_ed6704e3b72e,False,3.0
aptos2019,test,/kaggle/input/datasets/deepapaneru/aptos2019/test_images/test_images/fac399455195.png,fac399455195.png,fac399455195,right,1.0,estimated_disc_position,aptos2019_fac399455195,False,2.0
aptos2019,test,/kaggle/input/datasets/deepapaneru/aptos2019/test_images/test_images/e6a58edc5b42.png,e6a58edc5b42.png,e6a58edc5b42,right,1.0,estimated_disc_position,aptos2019_e6a58edc5b42,False,2.0
aptos2019,test,/kaggle/input/datasets/deepapaneru/aptos2019/test_images/test_images/e6a5e4718873.png,e6a5e4718873.png,e6a5e4718873,left,0.98,estimated_disc_position,aptos2019_e6a5e4718873,False,0.0
aptos2019,test,/kaggle/input/datasets/deepapaneru/aptos2019/test_images/test_images/f9156aeffc5e.png,f9156aeffc5e.png,f9156aeffc5e,left,0.73,estimated_disc_position,aptos2019_f9156aeffc5e,False,3.0
aptos2019,test,/kaggle/input/datasets/deepapaneru/aptos2019/test_images/test_images/ef4121e9bb67.png,ef4121e9bb67.png,ef4121e9bb67,right,0.85,estimated_disc_position,aptos2019_ef4121e9bb67,False,0.0
aptos2019,test,/kaggle/input/datasets/deepapaneru/aptos2019/test_images/test_images/f1dc26c4bfa3.png,f1dc26c4bfa3.png,f1dc26c4bfa3,left,1.0,estimated_disc_position,aptos2019_f1dc26c4bfa3,False,4.0
aptos2019,test,/kaggle/input/datasets/deepapaneru/aptos2019/test_images/test_images/fe37f4492920.png,fe37f4492920.png,fe37f4492920,left,0.84,estimated_disc_position,aptos2019_fe37f4492920,False,2.0
aptos2019,test,/kaggle/input/datasets/deepapaneru/aptos2019/test_images/test_images/f55e1d2a19e4.png,f55e1d2a19e4.png,f55e1d2a19e4,right,1.0,estimated_disc_position,aptos2019_f55e1d2a19e4,False,1.0
aptos2019,test,/kaggle/input/datasets/deepapaneru/aptos2019/test_images/test_images/f58d37d48e42.png,f58d37d48e42.png,f58d37d48e42,right,1.0,estimated_disc_position,aptos2019_f58d37d48e42,False,4.0
aptos2019,test,/kaggle/input/datasets/deepapaneru/aptos2019/test_images/test_images/ffa47f6a7bf4.png,ffa47f6a7bf4.png,ffa47f6a7bf4,uncertain,0.21,estimated_disc_position,aptos2019_ffa47f6a7bf4,True,2.0
aptos2019,test,/kaggle/input/datasets/deepapaneru/aptos2019/test_images/test_images/f0800723bc63.png,f0800723bc63.png,f0800723bc63,left,0.62,estimated_disc_position,aptos2019_f0800723bc63,False,2.0
aptos2019,test,/kaggle/input/datasets/deepapaneru/aptos2019/test_images/test_images/f361060eda3e.png,f361060eda3e.png,f361060eda3e,right,1.0,estimated_disc_position,aptos2019_f361060eda3e,False,0.0
aptos2019,test,/kaggle/input/datasets/deepapaneru/aptos2019/test_images/test_images/ec57cc20d776.png,ec57cc20d776.png,ec57cc20d776,uncertain,0.22,estimated_disc_position,aptos2019_ec57cc20d776,True,0.0
aptos2019,test,/kaggle/input/datasets/deepapaneru/aptos2019/test_images/test_images/e9ce5bf645ab.png,e9ce5bf645ab.png,e9ce5bf645ab,left,0.7,estimated_disc_position,aptos2019_e9ce5bf645ab,False,0.0
aptos2019,test,/kaggle/input/datasets/deepapaneru/aptos2019/test_images/test_images/e582e56e7942.png,e582e56e7942.png,e582e56e7942,right,0.98,estimated_disc_position,aptos2019_e582e56e7942,False,0.0
aptos2019,test,/kaggle/input/datasets/deepapaneru/aptos2019/test_images/test_images/e6552b7432b3.png,e6552b7432b3.png,e6552b7432b3,right,1.0,estimated_disc_position,aptos2019_e6552b7432b3,False,0.0
aptos2019,test,/kaggle/input/datasets/deepapaneru/aptos2019/test_images/test_images/ee02294cc3d9.png,ee02294cc3d9.png,ee02294cc3d9,left,0.98,estimated_disc_position,aptos2019_ee02294cc3d9,False,2.0
aptos2019,test,/kaggle/input/datasets/deepapaneru/aptos2019/test_images/test_images/f91cfa82b9d4.png,f91cfa82b9d4.png,f91cfa82b9d4,left,1.0,estimated_disc_position,aptos2019_f91cfa82b9d4,False,0.0
aptos2019,test,/kaggle/input/datasets/deepapaneru/aptos2019/test_images/test_images/f233638e0e90.png,f233638e0e90.png,f233638e0e90,uncertain,0.21,estimated_disc_position,aptos2019_f233638e0e90,True,0.0
aptos2019,test,/kaggle/input/datasets/deepapaneru/aptos2019/test_images/test_images/eda1d75cbcf0.png,eda1d75cbcf0.png,eda1d75cbcf0,right,1.0,estimated_disc_position,aptos2019_eda1d75cbcf0,False,0.0
aptos2019,test,/kaggle/input/datasets/deepapaneru/aptos2019/test_images/test_images/f3a88d3026dc.png,f3a88d3026dc.png,f3a88d3026dc,right,1.0,estimated_disc_position,aptos2019_f3a88d3026dc,False,2.0
aptos2019,test,/kaggle/input/datasets/deepapaneru/aptos2019/test_images/test_images/e7d2c2c3b30f.png,e7d2c2c3b30f.png,e7d2c2c3b30f,left,0.5,estimated_disc_position,aptos2019_e7d2c2c3b30f,False,4.0
aptos2019,test,/kaggle/input/datasets/deepapaneru/aptos2019/test_images/test_images/f30f203ef51e.png,f30f203ef51e.png,f30f203ef51e,right,1.0,estimated_disc_position,aptos2019_f30f203ef51e,False,2.0
aptos2019,test,/kaggle/input/datasets/deepapaneru/aptos2019/test_images/test_images/ed3ce1674761.png,ed3ce1674761.png,ed3ce1674761,right,1.0,estimated_disc_position,aptos2019_ed3ce1674761,False,0.0
aptos2019,test,/kaggle/input/datasets/deepapaneru/aptos2019/test_images/test_images/f5e9a307288c.png,f5e9a307288c.png,f5e9a307288c,left,1.0,estimated_disc_position,aptos2019_f5e9a307288c,False,2.0
aptos2019,test,/kaggle/input/datasets/deepapaneru/aptos2019/test_images/test_images/f0c13be90519.png,f0c13be90519.png,f0c13be90519,left,0.98,estimated_disc_position,aptos2019_f0c13be90519,False,1.0
aptos2019,test,/kaggle/input/datasets/deepapaneru/aptos2019/test_images/test_images/f4874247ede6.png,f4874247ede6.png,f4874247ede6,right,1.0,estimated_disc_position,aptos2019_f4874247ede6,False,0.0
aptos2019,test,/kaggle/input/datasets/deepapaneru/aptos2019/test_images/test_images/e59c5f345bb0.png,e59c5f345bb0.png,e59c5f345bb0,left,1.0,estimated_disc_position,aptos2019_e59c5f345bb0,False,0.0
aptos2019,test,/kaggle/input/datasets/deepapaneru/aptos2019/test_images/test_images/e9f82b5bbaf4.png,e9f82b5bbaf4.png,e9f82b5bbaf4,left,0.39,estimated_disc_position,aptos2019_e9f82b5bbaf4,False,2.0
aptos2019,test,/kaggle/input/datasets/deepapaneru/aptos2019/test_images/test_images/f5a8c6426a71.png,f5a8c6426a71.png,f5a8c6426a71,left,1.0,estimated_disc_position,aptos2019_f5a8c6426a71,False,3.0
aptos2019,test,/kaggle/input/datasets/deepapaneru/aptos2019/test_images/test_images/ef5155990874.png,ef5155990874.png,ef5155990874,left,0.65,estimated_disc_position,aptos2019_ef5155990874,False,0.0
aptos2019,test,/kaggle/input/datasets/deepapaneru/aptos2019/test_images/test_images/eb1ad14dd281.png,eb1ad14dd281.png,eb1ad14dd281,left,1.0,estimated_disc_position,aptos2019_eb1ad14dd281,False,2.0
aptos2019,test,/kaggle/input/datasets/deepapaneru/aptos2019/test_images/test_images/ffcf7b45f213.png,ffcf7b45f213.png,ffcf7b45f213,uncertain,0.02,estimated_disc_position,aptos2019_ffcf7b45f213,True,2.0
aptos2019,test,/kaggle/input/datasets/deepapaneru/aptos2019/test_images/test_images/ec0c9f817b03.png,ec0c9f817b03.png,ec0c9f817b03,left,1.0,estimated_disc_position,aptos2019_ec0c9f817b03,False,0.0
aptos2019,test,/kaggle/input/datasets/deepapaneru/aptos2019/test_images/test_images/e4e343eaae2a.png,e4e343eaae2a.png,e4e343eaae2a,right,1.0,estimated_disc_position,aptos2019_e4e343eaae2a,False,2.0
aptos2019,test,/kaggle/input/datasets/deepapaneru/aptos2019/test_images/test_images/e966850247f4.png,e966850247f4.png,e966850247f4,right,0.9,estimated_disc_position,aptos2019_e966850247f4,False,0.0
aptos2019,test,/kaggle/input/datasets/deepapaneru/aptos2019/test_images/test_images/e96099b961b4.png,e96099b961b4.png,e96099b961b4,left,1.0,estimated_disc_position,aptos2019_e96099b961b4,False,2.0
aptos2019,test,/kaggle/input/datasets/deepapaneru/aptos2019/test_images/test_images/f8d62557ad0c.png,f8d62557ad0c.png,f8d62557ad0c,right,0.38,estimated_disc_position,aptos2019_f8d62557ad0c,False,0.0
aptos2019,test,/kaggle/input/datasets/deepapaneru/aptos2019/test_images/test_images/f2c0b41acd05.png,f2c0b41acd05.png,f2c0b41acd05,left,1.0,estimated_disc_position,aptos2019_f2c0b41acd05,False,0.0
aptos2019,test,/kaggle/input/datasets/deepapaneru/aptos2019/test_images/test_images/ea9e0fb6fb0b.png,ea9e0fb6fb0b.png,ea9e0fb6fb0b,left,1.0,estimated_disc_position,aptos2019_ea9e0fb6fb0b,False,2.0
aptos2019,test,/kaggle/input/datasets/deepapaneru/aptos2019/test_images/test_images/eb175669d789.png,eb175669d789.png,eb175669d789,left,1.0,estimated_disc_position,aptos2019_eb175669d789,False,0.0
aptos2019,test,/kaggle/input/datasets/deepapaneru/aptos2019/test_images/test_images/e85d410d6836.png,e85d410d6836.png,e85d410d6836,left,1.0,estimated_disc_position,aptos2019_e85d410d6836,False,2.0
aptos2019,test,/kaggle/input/datasets/deepapaneru/aptos2019/test_images/test_images/f85c78201a50.png,f85c78201a50.png,f85c78201a50,left,0.77,estimated_disc_position,aptos2019_f85c78201a50,False,0.0
aptos2019,test,/kaggle/input/datasets/deepapaneru/aptos2019/test_images/test_images/ff4cd992667b.png,ff4cd992667b.png,ff4cd992667b,right,1.0,estimated_disc_position,aptos2019_ff4cd992667b,False,0.0
aptos2019,test,/kaggle/input/datasets/deepapaneru/aptos2019/test_images/test_images/f2d2a0c92034.png,f2d2a0c92034.png,f2d2a0c92034,uncertain,0.1,estimated_disc_position,aptos2019_f2d2a0c92034,True,4.0
aptos2019,test,/kaggle/input/datasets/deepapaneru/aptos2019/test_images/test_images/f3b6b7ca1eb1.png,f3b6b7ca1eb1.png,f3b6b7ca1eb1,left,1.0,estimated_disc_position,aptos2019_f3b6b7ca1eb1,False,2.0
aptos2019,test,/kaggle/input/datasets/deepapaneru/aptos2019/test_images/test_images/f7735b6d47f7.png,f7735b6d47f7.png,f7735b6d47f7,right,0.78,estimated_disc_position,aptos2019_f7735b6d47f7,False,0.0
aptos2019,test,/kaggle/input/datasets/deepapaneru/aptos2019/test_images/test_images/eba3acc42197.png,eba3acc42197.png,eba3acc42197,left,1.0,estimated_disc_position,aptos2019_eba3acc42197,False,1.0
aptos2019,test,/kaggle/input/datasets/deepapaneru/aptos2019/test_images/test_images/fb6b8200b7f8.png,fb6b8200b7f8.png,fb6b8200b7f8,left,1.0,estimated_disc_position,aptos2019_fb6b8200b7f8,False,1.0
aptos2019,test,/kaggle/input/datasets/deepapaneru/aptos2019/test_images/test_images/ec4649213ccf.png,ec4649213ccf.png,ec4649213ccf,left,1.0,estimated_disc_position,aptos2019_ec4649213ccf,False,1.0
aptos2019,test,/kaggle/input/datasets/deepapaneru/aptos2019/test_images/test_images/f7508f14dd7b.png,f7508f14dd7b.png,f7508f14dd7b,left,1.0,estimated_disc_position,aptos2019_f7508f14dd7b,False,0.0
aptos2019,test,/kaggle/input/datasets/deepapaneru/aptos2019/test_images/test_images/fc603cbedb41.png,fc603cbedb41.png,fc603cbedb41,right,0.88,estimated_disc_position,aptos2019_fc603cbedb41,False,2.0
aptos2019,test,/kaggle/input/datasets/deepapaneru/aptos2019/test_images/test_images/f4c7ae514c54.png,f4c7ae514c54.png,f4c7ae514c54,left,1.0,estimated_disc_position,aptos2019_f4c7ae514c54,False,0.0
aptos2019,test,/kaggle/input/datasets/deepapaneru/aptos2019/test_images/test_images/f531232ecb55.png,f531232ecb55.png,f531232ecb55,right,0.77,estimated_disc_position,aptos2019_f531232ecb55,False,0.0
aptos2019,test,/kaggle/input/datasets/deepapaneru/aptos2019/test_images/test_images/f025f33b2c9b.png,f025f33b2c9b.png,f025f33b2c9b,left,1.0,estimated_disc_position,aptos2019_f025f33b2c9b,False,4.0
aptos2019,test,/kaggle/input/datasets/deepapaneru/aptos2019/test_images/test_images/f9e1c439d4c8.png,f9e1c439d4c8.png,f9e1c439d4c8,right,1.0,estimated_disc_position,aptos2019_f9e1c439d4c8,False,0.0
aptos2019,test,/kaggle/input/datasets/deepapaneru/aptos2019/test_images/test_images/ea9c41e1ced0.png,ea9c41e1ced0.png,ea9c41e1ced0,left,0.71,estimated_disc_position,aptos2019_ea9c41e1ced0,False,0.0
aptos2019,test,/kaggle/input/datasets/deepapaneru/aptos2019/test_images/test_images/e81f4a2fbbdc.png,e81f4a2fbbdc.png,e81f4a2fbbdc,right,1.0,estimated_disc_position,aptos2019_e81f4a2fbbdc,False,0.0
aptos2019,test,/kaggle/input/datasets/deepapaneru/aptos2019/test_images/test_images/e907d23cce3d.png,e907d23cce3d.png,e907d23cce3d,left,1.0,estimated_disc_position,aptos2019_e907d23cce3d,False,0.0
aptos2019,test,/kaggle/input/datasets/deepapaneru/aptos2019/test_images/test_images/ff4832d55461.png,ff4832d55461.png,ff4832d55461,right,1.0,estimated_disc_position,aptos2019_ff4832d55461,False,0.0
aptos2019,test,/kaggle/input/datasets/deepapaneru/aptos2019/test_images/test_images/f460608cf4cc.png,f460608cf4cc.png,f460608cf4cc,left,1.0,estimated_disc_position,aptos2019_f460608cf4cc,False,2.0
aptos2019,test,/kaggle/input/datasets/deepapaneru/aptos2019/test_images/test_images/fca1a8738b8a.png,fca1a8738b8a.png,fca1a8738b8a,left,0.77,estimated_disc_position,aptos2019_fca1a8738b8a,False,0.0
aptos2019,test,/kaggle/input/datasets/deepapaneru/aptos2019/test_images/test_images/fd87b6b2e664.png,fd87b6b2e664.png,fd87b6b2e664,right,0.81,estimated_disc_position,aptos2019_fd87b6b2e664,False,0.0
aptos2019,test,/kaggle/input/datasets/deepapaneru/aptos2019/test_images/test_images/eb1d37b71fd1.png,eb1d37b71fd1.png,eb1d37b71fd1,right,1.0,estimated_disc_position,aptos2019_eb1d37b71fd1,False,4.0
aptos2019,test,/kaggle/input/datasets/deepapaneru/aptos2019/test_images/test_images/ff52392372d3.png,ff52392372d3.png,ff52392372d3,uncertain,0.01,estimated_disc_position,aptos2019_ff52392372d3,True,2.0
aptos2019,test,/kaggle/input/datasets/deepapaneru/aptos2019/test_images/test_images/fbdc796290d4.png,fbdc796290d4.png,fbdc796290d4,right,0.81,estimated_disc_position,aptos2019_fbdc796290d4,False,0.0
aptos2019,test,/kaggle/input/datasets/deepapaneru/aptos2019/test_images/test_images/f451eee2b66b.png,f451eee2b66b.png,f451eee2b66b,left,0.96,estimated_disc_position,aptos2019_f451eee2b66b,False,0.0
aptos2019,test,/kaggle/input/datasets/deepapaneru/aptos2019/test_images/test_images/ff0740cb484a.png,ff0740cb484a.png,ff0740cb484a,uncertain,0.01,estimated_disc_position,aptos2019_ff0740cb484a,True,2.0
aptos2019,test,/kaggle/input/datasets/deepapaneru/aptos2019/test_images/test_images/fa0c87bd75ce.png,fa0c87bd75ce.png,fa0c87bd75ce,right,1.0,estimated_disc_position,aptos2019_fa0c87bd75ce,False,0.0
aptos2019,test,/kaggle/input/datasets/deepapaneru/aptos2019/test_images/test_images/ea4ce9516144.png,ea4ce9516144.png,ea4ce9516144,right,1.0,estimated_disc_position,aptos2019_ea4ce9516144,False,0.0
aptos2019,test,/kaggle/input/datasets/deepapaneru/aptos2019/test_images/test_images/f092febbf5c0.png,f092febbf5c0.png,f092febbf5c0,left,1.0,estimated_disc_position,aptos2019_f092febbf5c0,False,3.0
aptos2019,test,/kaggle/input/datasets/deepapaneru/aptos2019/test_images/test_images/ebe0175e530c.png,ebe0175e530c.png,ebe0175e530c,uncertain,0.23,estimated_disc_position,aptos2019_ebe0175e530c,True,4.0
aptos2019,test,/kaggle/input/datasets/deepapaneru/aptos2019/test_images/test_images/e740af6ac6ea.png,e740af6ac6ea.png,e740af6ac6ea,left,1.0,estimated_disc_position,aptos2019_e740af6ac6ea,False,4.0
aptos2019,test,/kaggle/input/datasets/deepapaneru/aptos2019/test_images/test_images/e52ed5c29c5e.png,e52ed5c29c5e.png,e52ed5c29c5e,right,1.0,estimated_disc_position,aptos2019_e52ed5c29c5e,False,3.0
aptos2019,test,/kaggle/input/datasets/deepapaneru/aptos2019/test_images/test_images/fca931da5c5e.png,fca931da5c5e.png,fca931da5c5e,right,1.0,estimated_disc_position,aptos2019_fca931da5c5e,False,1.0
aptos2019,test,/kaggle/input/datasets/deepapaneru/aptos2019/test_images/test_images/f080a22008be.png,f080a22008be.png,f080a22008be,uncertain,0.29,estimated_disc_position,aptos2019_f080a22008be,True,3.0
aptos2019,test,/kaggle/input/datasets/deepapaneru/aptos2019/test_images/test_images/f3cd489acbee.png,f3cd489acbee.png,f3cd489acbee,left,1.0,estimated_disc_position,aptos2019_f3cd489acbee,False,2.0
aptos2019,test,/kaggle/input/datasets/deepapaneru/aptos2019/test_images/test_images/f999c6921e6d.png,f999c6921e6d.png,f999c6921e6d,left,1.0,estimated_disc_position,aptos2019_f999c6921e6d,False,2.0
aptos2019,test,/kaggle/input/datasets/deepapaneru/aptos2019/test_images/test_images/fd4c946c52bf.png,fd4c946c52bf.png,fd4c946c52bf,left,1.0,estimated_disc_position,aptos2019_fd4c946c52bf,False,0.0
aptos2019,test,/kaggle/input/datasets/deepapaneru/aptos2019/test_images/test_images/f7defe70afc3.png,f7defe70afc3.png,f7defe70afc3,right,1.0,estimated_disc_position,aptos2019_f7defe70afc3,False,0.0
aptos2019,test,/kaggle/input/datasets/deepapaneru/aptos2019/test_images/test_images/fb767cea406c.png,fb767cea406c.png,fb767cea406c,right,1.0,estimated_disc_position,aptos2019_fb767cea406c,False,0.0
aptos2019,test,/kaggle/input/datasets/deepapaneru/aptos2019/test_images/test_images/e5d56f4f359b.png,e5d56f4f359b.png,e5d56f4f359b,right,1.0,estimated_disc_position,aptos2019_e5d56f4f359b,False,2.0
aptos2019,test,/kaggle/input/datasets/deepapaneru/aptos2019/test_images/test_images/ef7eb85b75fc.png,ef7eb85b75fc.png,ef7eb85b75fc,left,0.99,estimated_disc_position,aptos2019_ef7eb85b75fc,False,0.0
aptos2019,test,/kaggle/input/datasets/deepapaneru/aptos2019/test_images/test_images/ebd96d853918.png,ebd96d853918.png,ebd96d853918,left,0.69,estimated_disc_position,aptos2019_ebd96d853918,False,0.0
aptos2019,test,/kaggle/input/datasets/deepapaneru/aptos2019/test_images/test_images/f2094a20b275.png,f2094a20b275.png,f2094a20b275,left,0.62,estimated_disc_position,aptos2019_f2094a20b275,False,2.0
aptos2019,test,/kaggle/input/datasets/deepapaneru/aptos2019/test_images/test_images/efff2f1a35f5.png,efff2f1a35f5.png,efff2f1a35f5,right,0.87,estimated_disc_position,aptos2019_efff2f1a35f5,False,2.0
aptos2019,test,/kaggle/input/datasets/deepapaneru/aptos2019/test_images/test_images/f90f8931a9bc.png,f90f8931a9bc.png,f90f8931a9bc,left,0.93,estimated_disc_position,aptos2019_f90f8931a9bc,False,0.0
aptos2019,test,/kaggle/input/datasets/deepapaneru/aptos2019/test_images/test_images/e65a2ff90494.png,e65a2ff90494.png,e65a2ff90494,right,0.96,estimated_disc_position,aptos2019_e65a2ff90494,False,2.0
aptos2019,test,/kaggle/input/datasets/deepapaneru/aptos2019/test_images/test_images/f42b693a9414.png,f42b693a9414.png,f42b693a9414,right,1.0,estimated_disc_position,aptos2019_f42b693a9414,False,0.0
aptos2019,test,/kaggle/input/datasets/deepapaneru/aptos2019/test_images/test_images/ebf4b22240f4.png,ebf4b22240f4.png,ebf4b22240f4,left,0.77,estimated_disc_position,aptos2019_ebf4b22240f4,False,0.0
aptos2019,test,/kaggle/input/datasets/deepapaneru/aptos2019/test_images/test_images/e65f94ad9be3.png,e65f94ad9be3.png,e65f94ad9be3,left,1.0,estimated_disc_position,aptos2019_e65f94ad9be3,False,2.0
aptos2019,test,/kaggle/input/datasets/deepapaneru/aptos2019/test_images/test_images/fdc685055659.png,fdc685055659.png,fdc685055659,left,1.0,estimated_disc_position,aptos2019_fdc685055659,False,0.0
aptos2019,test,/kaggle/input/datasets/deepapaneru/aptos2019/test_images/test_images/eadc57064154.png,eadc57064154.png,eadc57064154,left,0.36,estimated_disc_position,aptos2019_eadc57064154,False,4.0
aptos2019,test,/kaggle/input/datasets/deepapaneru/aptos2019/test_images/test_images/fe0fc67c7980.png,fe0fc67c7980.png,fe0fc67c7980,uncertain,0.17,estimated_disc_position,aptos2019_fe0fc67c7980,True,3.0
aptos2019,test,/kaggle/input/datasets/deepapaneru/aptos2019/test_images/test_images/ea7e21bab610.png,ea7e21bab610.png,ea7e21bab610,right,0.75,estimated_disc_position,aptos2019_ea7e21bab610,False,0.0
aptos2019,test,/kaggle/input/datasets/deepapaneru/aptos2019/test_images/test_images/e8d1c6c07cf2.png,e8d1c6c07cf2.png,e8d1c6c07cf2,right,0.95,estimated_disc_position,aptos2019_e8d1c6c07cf2,False,3.0
aptos2019,test,/kaggle/input/datasets/deepapaneru/aptos2019/test_images/test_images/ee74c3b177e0.png,ee74c3b177e0.png,ee74c3b177e0,right,1.0,estimated_disc_position,aptos2019_ee74c3b177e0,False,2.0
aptos2019,test,/kaggle/input/datasets/deepapaneru/aptos2019/test_images/test_images/f952ad2e4356.png,f952ad2e4356.png,f952ad2e4356,right,1.0,estimated_disc_position,aptos2019_f952ad2e4356,False,0.0
aptos2019,test,/kaggle/input/datasets/deepapaneru/aptos2019/test_images/test_images/f00ce9b9d6f4.png,f00ce9b9d6f4.png,f00ce9b9d6f4,left,0.9,estimated_disc_position,aptos2019_f00ce9b9d6f4,False,0.0
aptos2019,test,/kaggle/input/datasets/deepapaneru/aptos2019/test_images/test_images/fb88783de055.png,fb88783de055.png,fb88783de055,right,1.0,estimated_disc_position,aptos2019_fb88783de055,False,0.0
aptos2019,test,/kaggle/input/datasets/deepapaneru/aptos2019/test_images/test_images/ef26625121b3.png,ef26625121b3.png,ef26625121b3,left,1.0,estimated_disc_position,aptos2019_ef26625121b3,False,4.0
aptos2019,test,/kaggle/input/datasets/deepapaneru/aptos2019/test_images/test_images/ef48780f5d5f.png,ef48780f5d5f.png,ef48780f5d5f,left,0.52,estimated_disc_position,aptos2019_ef48780f5d5f,False,0.0
aptos2019,test,/kaggle/input/datasets/deepapaneru/aptos2019/test_images/test_images/f8372e80f731.png,f8372e80f731.png,f8372e80f731,left,1.0,estimated_disc_position,aptos2019_f8372e80f731,False,2.0
aptos2019,test,/kaggle/input/datasets/deepapaneru/aptos2019/test_images/test_images/f0f89314e860.png,f0f89314e860.png,f0f89314e860,uncertain,0.05,estimated_disc_position,aptos2019_f0f89314e860,True,4.0
aptos2019,test,/kaggle/input/datasets/deepapaneru/aptos2019/test_images/test_images/e76a9cbb2a8c.png,e76a9cbb2a8c.png,e76a9cbb2a8c,uncertain,0.13,estimated_disc_position,aptos2019_e76a9cbb2a8c,True,3.0
aptos2019,test,/kaggle/input/datasets/deepapaneru/aptos2019/test_images/test_images/f58f0b2fd718.png,f58f0b2fd718.png,f58f0b2fd718,uncertain,0.3,estimated_disc_position,aptos2019_f58f0b2fd718,True,0.0
aptos2019,test,/kaggle/input/datasets/deepapaneru/aptos2019/test_images/test_images/f5e6226bd2e0.png,f5e6226bd2e0.png,f5e6226bd2e0,right,1.0,estimated_disc_position,aptos2019_f5e6226bd2e0,False,4.0
aptos2019,test,/kaggle/input/datasets/deepapaneru/aptos2019/test_images/test_images/eabf421f94d0.png,eabf421f94d0.png,eabf421f94d0,right,1.0,estimated_disc_position,aptos2019_eabf421f94d0,False,0.0
aptos2019,test,/kaggle/input/datasets/deepapaneru/aptos2019/test_images/test_images/ffd97f8cd5aa.png,ffd97f8cd5aa.png,ffd97f8cd5aa,left,0.81,estimated_disc_position,aptos2019_ffd97f8cd5aa,False,0.0
aptos2019,test,/kaggle/input/datasets/deepapaneru/aptos2019/test_images/test_images/fb1b8771c70a.png,fb1b8771c70a.png,fb1b8771c70a,right,0.77,estimated_disc_position,aptos2019_fb1b8771c70a,False,0.0
aptos2019,test,/kaggle/input/datasets/deepapaneru/aptos2019/test_images/test_images/ffc04fed30e6.png,ffc04fed30e6.png,ffc04fed30e6,left,1.0,estimated_disc_position,aptos2019_ffc04fed30e6,False,0.0
aptos2019,test,/kaggle/input/datasets/deepapaneru/aptos2019/test_images/test_images/ee1ec90b980f.png,ee1ec90b980f.png,ee1ec90b980f,left,1.0,estimated_disc_position,aptos2019_ee1ec90b980f,False,4.0
aptos2019,test,/kaggle/input/datasets/deepapaneru/aptos2019/test_images/test_images/f2ee81781411.png,f2ee81781411.png,f2ee81781411,uncertain,0.3,estimated_disc_position,aptos2019_f2ee81781411,True,2.0
aptos2019,test,/kaggle/input/datasets/deepapaneru/aptos2019/test_images/test_images/ec6f1797a25a.png,ec6f1797a25a.png,ec6f1797a25a,right,0.86,estimated_disc_position,aptos2019_ec6f1797a25a,False,0.0
aptos2019,test,/kaggle/input/datasets/deepapaneru/aptos2019/test_images/test_images/fce73678f650.png,fce73678f650.png,fce73678f650,right,0.99,estimated_disc_position,aptos2019_fce73678f650,False,0.0
aptos2019,test,/kaggle/input/datasets/deepapaneru/aptos2019/test_images/test_images/fe3f62695b2d.png,fe3f62695b2d.png,fe3f62695b2d,right,1.0,estimated_disc_position,aptos2019_fe3f62695b2d,False,0.0
aptos2019,test,/kaggle/input/datasets/deepapaneru/aptos2019/test_images/test_images/ed2ef440d22c.png,ed2ef440d22c.png,ed2ef440d22c,left,0.82,estimated_disc_position,aptos2019_ed2ef440d22c,False,0.0
aptos2019,test,/kaggle/input/datasets/deepapaneru/aptos2019/test_images/test_images/f72ef9ceeaa8.png,f72ef9ceeaa8.png,f72ef9ceeaa8,left,0.48,estimated_disc_position,aptos2019_f72ef9ceeaa8,False,1.0
aptos2019,test,/kaggle/input/datasets/deepapaneru/aptos2019/test_images/test_images/e55188915f9d.png,e55188915f9d.png,e55188915f9d,right,0.56,estimated_disc_position,aptos2019_e55188915f9d,False,1.0
aptos2019,test,/kaggle/input/datasets/deepapaneru/aptos2019/test_images/test_images/f4d3169b468a.png,f4d3169b468a.png,f4d3169b468a,right,0.83,estimated_disc_position,aptos2019_f4d3169b468a,False,0.0
aptos2019,test,/kaggle/input/datasets/deepapaneru/aptos2019/test_images/test_images/f576e45d1da2.png,f576e45d1da2.png,f576e45d1da2,left,1.0,estimated_disc_position,aptos2019_f576e45d1da2,False,3.0
aptos2019,test,/kaggle/input/datasets/deepapaneru/aptos2019/test_images/test_images/e6f0ce5bf282.png,e6f0ce5bf282.png,e6f0ce5bf282,left,1.0,estimated_disc_position,aptos2019_e6f0ce5bf282,False,2.0
aptos2019,test,/kaggle/input/datasets/deepapaneru/aptos2019/test_images/test_images/f5650eb52640.png,f5650eb52640.png,f5650eb52640,left,1.0,estimated_disc_position,aptos2019_f5650eb52640,False,1.0
aptos2019,test,/kaggle/input/datasets/deepapaneru/aptos2019/test_images/test_images/fc4c2d35c6f8.png,fc4c2d35c6f8.png,fc4c2d35c6f8,right,0.78,estimated_disc_position,aptos2019_fc4c2d35c6f8,False,2.0
aptos2019,test,/kaggle/input/datasets/deepapaneru/aptos2019/test_images/test_images/fdbc252813b1.png,fdbc252813b1.png,fdbc252813b1,left,0.85,estimated_disc_position,aptos2019_fdbc252813b1,False,0.0
aptos2019,test,/kaggle/input/datasets/deepapaneru/aptos2019/test_images/test_images/fd079d2e93a2.png,fd079d2e93a2.png,fd079d2e93a2,left,1.0,estimated_disc_position,aptos2019_fd079d2e93a2,False,0.0
aptos2019,test,/kaggle/input/datasets/deepapaneru/aptos2019/test_images/test_images/f57cf3b6f48e.png,f57cf3b6f48e.png,f57cf3b6f48e,right,1.0,estimated_disc_position,aptos2019_f57cf3b6f48e,False,0.0
aptos2019,test,/kaggle/input/datasets/deepapaneru/aptos2019/test_images/test_images/f920ccd926db.png,f920ccd926db.png,f920ccd926db,right,1.0,estimated_disc_position,aptos2019_f920ccd926db,False,2.0
aptos2019,test,/kaggle/input/datasets/deepapaneru/aptos2019/test_images/test_images/f002ce614c59.png,f002ce614c59.png,f002ce614c59,left,1.0,estimated_disc_position,aptos2019_f002ce614c59,False,0.0
aptos2019,test,/kaggle/input/datasets/deepapaneru/aptos2019/test_images/test_images/f03d3c4ce7fb.png,f03d3c4ce7fb.png,f03d3c4ce7fb,right,1.0,estimated_disc_position,aptos2019_f03d3c4ce7fb,False,4.0
aptos2019,test,/kaggle/input/datasets/deepapaneru/aptos2019/test_images/test_images/f5733f77273d.png,f5733f77273d.png,f5733f77273d,right,0.83,estimated_disc_position,aptos2019_f5733f77273d,False,0.0
aptos2019,test,/kaggle/input/datasets/deepapaneru/aptos2019/test_images/test_images/fdd534271f3d.png,fdd534271f3d.png,fdd534271f3d,left,0.68,estimated_disc_position,aptos2019_fdd534271f3d,False,4.0
aptos2019,test,/kaggle/input/datasets/deepapaneru/aptos2019/test_images/test_images/e83d315d8f98.png,e83d315d8f98.png,e83d315d8f98,uncertain,0.02,estimated_disc_position,aptos2019_e83d315d8f98,True,2.0
aptos2019,test,/kaggle/input/datasets/deepapaneru/aptos2019/test_images/test_images/f9e779a13204.png,f9e779a13204.png,f9e779a13204,left,1.0,estimated_disc_position,aptos2019_f9e779a13204,False,2.0
aptos2019,test,/kaggle/input/datasets/deepapaneru/aptos2019/test_images/test_images/f8f5942b690e.png,f8f5942b690e.png,f8f5942b690e,left,0.69,estimated_disc_position,aptos2019_f8f5942b690e,False,0.0
aptos2019,test,/kaggle/input/datasets/deepapaneru/aptos2019/test_images/test_images/fa748b57262b.png,fa748b57262b.png,fa748b57262b,right,1.0,estimated_disc_position,aptos2019_fa748b57262b,False,2.0
aptos2019,test,/kaggle/input/datasets/deepapaneru/aptos2019/test_images/test_images/f8cf7ed8ef00.png,f8cf7ed8ef00.png,f8cf7ed8ef00,left,1.0,estimated_disc_position,aptos2019_f8cf7ed8ef00,False,4.0
aptos2019,test,/kaggle/input/datasets/deepapaneru/aptos2019/test_images/test_images/eb050765b323.png,eb050765b323.png,eb050765b323,left,1.0,estimated_disc_position,aptos2019_eb050765b323,False,0.0
aptos2019,test,/kaggle/input/datasets/deepapaneru/aptos2019/test_images/test_images/ea4dcb055139.png,ea4dcb055139.png,ea4dcb055139,left,0.69,estimated_disc_position,aptos2019_ea4dcb055139,False,2.0
aptos2019,test,/kaggle/input/datasets/deepapaneru/aptos2019/test_images/test_images/f7fec8935126.png,f7fec8935126.png,f7fec8935126,right,1.0,estimated_disc_position,aptos2019_f7fec8935126,False,1.0
aptos2019,test,/kaggle/input/datasets/deepapaneru/aptos2019/test_images/test_images/fc4d69128e7c.png,fc4d69128e7c.png,fc4d69128e7c,right,1.0,estimated_disc_position,aptos2019_fc4d69128e7c,False,2.0
aptos2019,test,/kaggle/input/datasets/deepapaneru/aptos2019/test_images/test_images/e5197d77ec68.png,e5197d77ec68.png,e5197d77ec68,left,0.75,estimated_disc_position,aptos2019_e5197d77ec68,False,0.0
aptos2019,test,/kaggle/input/datasets/deepapaneru/aptos2019/test_images/test_images/eeb231c3ef1f.png,eeb231c3ef1f.png,eeb231c3ef1f,right,0.92,estimated_disc_position,aptos2019_eeb231c3ef1f,False,1.0
aptos2019,test,/kaggle/input/datasets/deepapaneru/aptos2019/test_images/test_images/fe2df69676cf.png,fe2df69676cf.png,fe2df69676cf,left,1.0,estimated_disc_position,aptos2019_fe2df69676cf,False,1.0
aptos2019,test,/kaggle/input/datasets/deepapaneru/aptos2019/test_images/test_images/e7b5dd5bab1f.png,e7b5dd5bab1f.png,e7b5dd5bab1f,right,0.59,estimated_disc_position,aptos2019_e7b5dd5bab1f,False,0.0
aptos2019,test,/kaggle/input/datasets/deepapaneru/aptos2019/test_images/test_images/ec01f0862669.png,ec01f0862669.png,ec01f0862669,right,0.94,estimated_disc_position,aptos2019_ec01f0862669,False,0.0
aptos2019,test,/kaggle/input/datasets/deepapaneru/aptos2019/test_images/test_images/ecb4500285ed.png,ecb4500285ed.png,ecb4500285ed,right,1.0,estimated_disc_position,aptos2019_ecb4500285ed,False,0.0
aptos2019,test,/kaggle/input/datasets/deepapaneru/aptos2019/test_images/test_images/f901d460517c.png,f901d460517c.png,f901d460517c,left,1.0,estimated_disc_position,aptos2019_f901d460517c,False,3.0
aptos2019,test,/kaggle/input/datasets/deepapaneru/aptos2019/test_images/test_images/fa573163dd8b.png,fa573163dd8b.png,fa573163dd8b,left,0.68,estimated_disc_position,aptos2019_fa573163dd8b,False,0.0
aptos2019,test,/kaggle/input/datasets/deepapaneru/aptos2019/test_images/test_images/f298b7d05958.png,f298b7d05958.png,f298b7d05958,left,0.86,estimated_disc_position,aptos2019_f298b7d05958,False,0.0
aptos2019,test,/kaggle/input/datasets/deepapaneru/aptos2019/test_images/test_images/e599151ca14b.png,e599151ca14b.png,e599151ca14b,left,1.0,estimated_disc_position,aptos2019_e599151ca14b,False,2.0
aptos2019,test,/kaggle/input/datasets/deepapaneru/aptos2019/test_images/test_images/ee36ca728641.png,ee36ca728641.png,ee36ca728641,left,1.0,estimated_disc_position,aptos2019_ee36ca728641,False,0.0
aptos2019,test,/kaggle/input/datasets/deepapaneru/aptos2019/test_images/test_images/fa59221cf464.png,fa59221cf464.png,fa59221cf464,right,1.0,estimated_disc_position,aptos2019_fa59221cf464,False,4.0
aptos2019,test,/kaggle/input/datasets/deepapaneru/aptos2019/test_images/test_images/f4ea2a2cfbb9.png,f4ea2a2cfbb9.png,f4ea2a2cfbb9,left,0.69,estimated_disc_position,aptos2019_f4ea2a2cfbb9,False,0.0
aptos2019,test,/kaggle/input/datasets/deepapaneru/aptos2019/test_images/test_images/ff03f74667df.png,ff03f74667df.png,ff03f74667df,left,1.0,estimated_disc_position,aptos2019_ff03f74667df,False,0.0
aptos2019,test,/kaggle/input/datasets/deepapaneru/aptos2019/test_images/test_images/f18abfa690ab.png,f18abfa690ab.png,f18abfa690ab,left,0.84,estimated_disc_position,aptos2019_f18abfa690ab,False,2.0
aptos2019,test,/kaggle/input/datasets/deepapaneru/aptos2019/test_images/test_images/f583a722434c.png,f583a722434c.png,f583a722434c,right,1.0,estimated_disc_position,aptos2019_f583a722434c,False,2.0
aptos2019,test,/kaggle/input/datasets/deepapaneru/aptos2019/test_images/test_images/e9ff9352ccb3.png,e9ff9352ccb3.png,e9ff9352ccb3,uncertain,0.19,estimated_disc_position,aptos2019_e9ff9352ccb3,True,1.0
aptos2019,test,/kaggle/input/datasets/deepapaneru/aptos2019/test_images/test_images/f6f7dba7104d.png,f6f7dba7104d.png,f6f7dba7104d,right,1.0,estimated_disc_position,aptos2019_f6f7dba7104d,False,1.0
aptos2019,test,/kaggle/input/datasets/deepapaneru/aptos2019/test_images/test_images/e756495c11cb.png,e756495c11cb.png,e756495c11cb,right,0.67,estimated_disc_position,aptos2019_e756495c11cb,False,2.0
aptos2019,test,/kaggle/input/datasets/deepapaneru/aptos2019/test_images/test_images/ee78ce914066.png,ee78ce914066.png,ee78ce914066,left,0.83,estimated_disc_position,aptos2019_ee78ce914066,False,1.0
aptos2019,test,/kaggle/input/datasets/deepapaneru/aptos2019/test_images/test_images/f2f569a64949.png,f2f569a64949.png,f2f569a64949,left,1.0,estimated_disc_position,aptos2019_f2f569a64949,False,0.0
aptos2019,test,/kaggle/input/datasets/deepapaneru/aptos2019/test_images/test_images/f68690db78d3.png,f68690db78d3.png,f68690db78d3,left,1.0,estimated_disc_position,aptos2019_f68690db78d3,False,0.0
aptos2019,test,/kaggle/input/datasets/deepapaneru/aptos2019/test_images/test_images/eebd1e195952.png,eebd1e195952.png,eebd1e195952,right,1.0,estimated_disc_position,aptos2019_eebd1e195952,False,0.0
aptos2019,test,/kaggle/input/datasets/deepapaneru/aptos2019/test_images/test_images/f431f2e119d7.png,f431f2e119d7.png,f431f2e119d7,right,1.0,estimated_disc_position,aptos2019_f431f2e119d7,False,0.0
aptos2019,test,/kaggle/input/datasets/deepapaneru/aptos2019/test_images/test_images/ee6e39319b39.png,ee6e39319b39.png,ee6e39319b39,left,1.0,estimated_disc_position,aptos2019_ee6e39319b39,False,2.0
aptos2019,test,/kaggle/input/datasets/deepapaneru/aptos2019/test_images/test_images/f3bb996b45ce.png,f3bb996b45ce.png,f3bb996b45ce,right,1.0,estimated_disc_position,aptos2019_f3bb996b45ce,False,0.0
aptos2019,test,/kaggle/input/datasets/deepapaneru/aptos2019/test_images/test_images/f066db7a2efe.png,f066db7a2efe.png,f066db7a2efe,left,1.0,estimated_disc_position,aptos2019_f066db7a2efe,False,0.0
aptos2019,test,/kaggle/input/datasets/deepapaneru/aptos2019/test_images/test_images/f45f1485c940.png,f45f1485c940.png,f45f1485c940,left,1.0,estimated_disc_position,aptos2019_f45f1485c940,False,2.0
aptos2019,test,/kaggle/input/datasets/deepapaneru/aptos2019/test_images/test_images/f72adcac5638.png,f72adcac5638.png,f72adcac5638,uncertain,0.3,estimated_disc_position,aptos2019_f72adcac5638,True,4.0
