image_path,dataset,label,labeled_at
APTOS2019/test_images/test_images/e4dcca36ceb4.png,APTOS2019,left,2026-10-08T08:20:42
APTOS2019/test_images/test_images/e4e343eaae2a.png,APTOS2019,right,2026-10-08T08:20:50
APTOS2019/test_images/test_images/e4f12411fd85.png,APTOS2019,left,2026-10-08T08:21:00
APTOS2019/test_images/test_images/e50b0174690d.png,APTOS2019,right,2026-10-08T08:21:03
APTOS2019/test_images/test_images/e5197d77ec68.png,APTOS2019,left,2026-10-08T08:21:04
APTOS2019/test_images/test_images/e529c5757d64.png,APTOS2019,left,2026-10-08T08:21:14
APTOS2019/test_images/test_images/e52ed5c29c5e.png,APTOS2019,right,2026-10-08T08:21:17
APTOS2019/test_images/test_images/e540d2e35d15.png,APTOS2019,right,2026-10-08T08:21:18
APTOS2019/test_images/test_images/e55188915f9d.png,APTOS2019,right,2026-10-08T08:25:27
APTOS2019/test_images/test_images/e580676516b0.png,APTOS2019,left,2026-10-08T08:26:00
APTOS2019/test_images/test_images/e582e56e7942.png,APTOS2019,right,2026-10-08T08:26:01
APTOS2019/test_images/test_images/e594c19e2e1d.png,APTOS2019,right,2026-10-08T08:26:02
APTOS2019/test_images/test_images/e599151ca14b.png,APTOS2019,left,2026-10-08T08:26:03
APTOS2019/test_images/test_images/e59c5f345bb0.png,APTOS2019,left,2026-10-08T08:26:04
APTOS2019/test_images/test_images/e5d56f4f359b.png,APTOS2019,right,2026-10-08T08:26:05
APTOS2019/test_images/test_images/e5de79795c1d.png,APTOS2019,left,2026-10-08T08:26:07
APTOS2019/test_images/test_images/e5f332efcbc7.png,APTOS2019,right,2026-10-08T08:26:08
APTOS2019/test_images/test_images/e5f73f2855c0.png,APTOS2019,right,2026-10-08T08:26:08
APTOS2019/test_images/test_images/e60e4edb3ca9.png,APTOS2019,right,2026-10-08T08:26:09
APTOS2019/test_images/test_images/e62490b7d0e9.png,APTOS2019,left,2026-10-08T08:26:10
APTOS2019/test_images/test_images/e632e38fd2d4.png,APTOS2019,left,2026-10-08T08:26:11
APTOS2019/test_images/test_images/e6552b7432b3.png,APTOS2019,right,2026-10-08T08:26:13
APTOS2019/test_images/test_images/e65a2ff90494.png,APTOS2019,right,2026-10-08T08:26:14
APTOS2019/test_images/test_images/e65f94ad9be3.png,APTOS2019,right,2026-10-08T08:26:15
APTOS2019/test_images/test_images/e663c6627a95.png,APTOS2019,left,2026-10-08T08:26:16
APTOS2019/test_images/test_images/e66855a5c583.png,APTOS2019,right,2026-10-08T08:26:17
APTOS2019/test_images/test_images/e66ad813a508.png,APTOS2019,left,2026-10-08T08:26:19
APTOS2019/test_images/test_images/e68746d426b2.png,APTOS2019,left,2026-10-08T08:26:20
APTOS2019/test_images/test_images/e68bdd36e589.png,APTOS2019,right,2026-10-08T08:26:21
APTOS2019/test_images/test_images/e69b48516577.png,APTOS2019,right,2026-10-08T08:26:22
APTOS2019/test_images/test_images/e6a58edc5b42.png,APTOS2019,right,2026-10-08T08:26:23
APTOS2019/test_images/test_images/e6a5e4718873.png,APTOS2019,left,2026-10-08T08:26:24
APTOS2019/test_images/test_images/e6a6acf7fca1.png,APTOS2019,right,2026-10-08T08:26:26
APTOS2019/test_images/test_images/e6f0ce5bf282.png,APTOS2019,left,2026-10-08T08:26:27
APTOS2019/test_images/test_images/e724866f5084.png,APTOS2019,left,2026-10-08T08:26:28
APTOS2019/test_images/test_images/e7291472109b.png,APTOS2019,right,2026-10-08T08:26:29
APTOS2019/test_images/test_images/e740af6ac6ea.png,APTOS2019,left,2026-10-08T08:26:30
APTOS2019/test_images/test_images/e756495c11cb.png,APTOS2019,right,2026-10-08T08:26:32
APTOS2019/test_images/test_images/e7578d8dba72.png,APTOS2019,right,2026-10-08T08:26:33
APTOS2019/test_images/test_images/e76a9cbb2a8c.png,APTOS2019,left,2026-10-08T08:26:34
APTOS2019/test_images/test_images/e77a93c3d9a9.png,APTOS2019,right,2026-10-08T08:26:35
APTOS2019/test_images/test_images/e79e10907295.png,APTOS2019,left,2026-10-08T08:26:39
APTOS2019/test_images/test_images/e7a372a1c3a4.png,APTOS2019,left,2026-10-08T08:26:40
APTOS2019/test_images/test_images/e7a7187066ad.png,APTOS2019,left,2026-10-08T08:26:41
APTOS2019/test_images/test_images/e7b5dd5bab1f.png,APTOS2019,right,2026-10-08T08:26:43
APTOS2019/test_images/test_images/e7d2c2c3b30f.png,APTOS2019,right,2026-10-08T08:26:44
APTOS2019/test_images/test_images/e7defafeb957.png,APTOS2019,right,2026-10-08T08:26:44
APTOS2019/test_images/test_images/e7fc93ac5b6d.png,APTOS2019,right,2026-10-08T08:26:46
APTOS2019/test_images/test_images/e811f39a1243.png,APTOS2019,left,2026-10-08T08:26:47
APTOS2019/test_images/test_images/e81f4a2fbbdc.png,APTOS2019,right,2026-10-08T08:26:49
APTOS2019/test_images/test_images/e821c1b6417a.png,APTOS2019,left,2026-10-08T08:26:56
APTOS2019/test_images/test_images/e82232a3c28b.png,APTOS2019,left,2026-10-08T08:27:00
APTOS2019/test_images/test_images/e83d315d8f98.png,APTOS2019,right,2026-10-08T08:27:01
APTOS2019/test_images/test_images/e85d410d6836.png,APTOS2019,left,2026-10-08T08:27:03
APTOS2019/test_images/test_images/e868c3da340b.png,APTOS2019,right,2026-10-08T08:27:04
APTOS2019/test_images/test_images/e893e86dde94.png,APTOS2019,right,2026-10-08T08:27:05
APTOS2019/test_images/test_images/e8d1c6c07cf2.png,APTOS2019,right,2026-10-08T08:27:05
APTOS2019/test_images/test_images/e8ddfc9709ce.png,APTOS2019,left,2026-10-08T08:27:43
APTOS2019/test_images/test_images/e8e44b3160e3.png,APTOS2019,left,2026-10-08T08:27:44
APTOS2019/test_images/test_images/e907d23cce3d.png,APTOS2019,left,2026-10-08T08:27:45
APTOS2019/test_images/test_images/e9129ce55fd7.png,APTOS2019,right,2026-10-08T08:27:46
APTOS2019/test_images/test_images/e9286ddf6ffe.png,APTOS2019,right,2026-10-08T08:27:47
APTOS2019/test_images/test_images/e933923aab15.png,APTOS2019,right,2026-10-08T08:27:47
APTOS2019/test_images/test_images/e93394175a19.png,APTOS2019,left,2026-10-08T08:27:49
APTOS2019/test_images/test_images/e96099b961b4.png,APTOS2019,left,2026-10-08T08:27:49
APTOS2019/test_images/test_images/e966850247f4.png,APTOS2019,right,2026-10-08T08:27:51
APTOS2019/test_images/test_images/e9678824215d.png,APTOS2019,left,2026-10-08T08:27:52
APTOS2019/test_images/test_images/e96bd80a8a53.png,APTOS2019,right,2026-10-08T08:27:53
APTOS2019/test_images/test_images/e97ecf4355cb.png,APTOS2019,right,2026-10-08T08:27:54
APTOS2019/test_images/test_images/e9ab8413e771.png,APTOS2019,left,2026-10-08T08:27:55
APTOS2019/test_images/test_images/e9ce5bf645ab.png,APTOS2019,left,2026-10-08T08:27:56
APTOS2019/test_images/test_images/e9f3c85a2a02.png,APTOS2019,right,2026-10-08T08:27:57
APTOS2019/test_images/test_images/e9f82b5bbaf4.png,APTOS2019,left,2026-10-08T08:27:58
APTOS2019/test_images/test_images/e9faf0296643.png,APTOS2019,left,2026-10-08T08:27:59
APTOS2019/test_images/test_images/e9ff9352ccb3.png,APTOS2019,right,2026-10-08T08:28:00
APTOS2019/test_images/test_images/ea05c22d92e9.png,APTOS2019,right,2026-10-08T08:28:01
APTOS2019/test_images/test_images/ea15a290eb96.png,APTOS2019,right,2026-10-08T08:28:02
APTOS2019/test_images/test_images/ea1d045f9fea.png,APTOS2019,left,2026-10-08T08:28:03
APTOS2019/test_images/test_images/ea4ce9516144.png,APTOS2019,right,2026-10-08T08:28:04
APTOS2019/test_images/test_images/ea4dcb055139.png,APTOS2019,left,2026-10-08T08:28:08
APTOS2019/test_images/test_images/ea588d1e5d96.png,APTOS2019,left,2026-10-08T08:28:11
APTOS2019/test_images/test_images/ea5c42a78979.png,APTOS2019,right,2026-10-08T08:28:13
APTOS2019/test_images/test_images/ea68b58a6e8f.png,APTOS2019,right,2026-10-08T08:28:17
APTOS2019/test_images/test_images/ea6a53e54d0f.png,APTOS2019,right,2026-10-08T08:29:01
APTOS2019/test_images/test_images/ea7e21bab610.png,APTOS2019,right,2026-10-08T08:29:02
APTOS2019/test_images/test_images/ea9c41e1ced0.png,APTOS2019,left,2026-10-08T08:29:04
APTOS2019/test_images/test_images/ea9e0fb6fb0b.png,APTOS2019,left,2026-10-08T08:29:05
APTOS2019/test_images/test_images/eaa0dfbd5024.png,APTOS2019,left,2026-10-08T08:29:06
APTOS2019/test_images/test_images/eabc7c716255.png,APTOS2019,left,2026-10-08T08:29:07
APTOS2019/test_images/test_images/eabf421f94d0.png,APTOS2019,right,2026-10-08T08:29:08
APTOS2019/test_images/test_images/ead23cc922ed.png,APTOS2019,left,2026-10-08T08:29:58
APTOS2019/test_images/test_images/eadc57064154.png,APTOS2019,left,2026-10-08T08:30:02
APTOS2019/test_images/test_images/eadfc8809ec8.png,APTOS2019,left,2026-10-08T08:30:03
APTOS2019/test_images/test_images/eae70f527755.png,APTOS2019,left,2026-10-08T08:30:03
APTOS2019/test_images/test_images/eae901557a84.png,APTOS2019,right,2026-10-08T08:30:04
APTOS2019/test_images/test_images/eb050765b323.png,APTOS2019,left,2026-10-08T08:30:06
APTOS2019/test_images/test_images/eb175669d789.png,APTOS2019,left,2026-10-08T08:30:07
APTOS2019/test_images/test_images/eb1ad14dd281.png,APTOS2019,left,2026-10-08T08:30:08
APTOS2019/test_images/test_images/eb1d37b71fd1.png,APTOS2019,right,2026-10-08T08:30:09
APTOS2019/test_images/test_images/eb32a815f78c.png,APTOS2019,left,2026-10-08T08:30:12
APTOS2019/test_images/test_images/eb6b1f1c09db.png,APTOS2019,right,2026-10-08T08:30:13
APTOS2019/test_images/test_images/eba3acc42197.png,APTOS2019,left,2026-10-08T08:30:15
APTOS2019/test_images/test_images/ebd96d853918.png,APTOS2019,left,2026-10-08T08:30:16
APTOS2019/test_images/test_images/ebe0175e530c.png,APTOS2019,left,2026-10-08T08:30:17
APTOS2019/test_images/test_images/ebf4b22240f4.png,APTOS2019,left,2026-10-08T08:30:18
APTOS2019/test_images/test_images/ec01f0862669.png,APTOS2019,right,2026-10-08T08:30:20
APTOS2019/test_images/test_images/ec0c9f817b03.png,APTOS2019,left,2026-10-08T08:30:21
APTOS2019/test_images/test_images/ec363f48867b.png,APTOS2019,right,2026-10-08T08:30:22
APTOS2019/test_images/test_images/ec4649213ccf.png,APTOS2019,left,2026-10-08T08:30:23
APTOS2019/test_images/test_images/ec57cc20d776.png,APTOS2019,left,2026-10-08T08:30:24
APTOS2019/test_images/test_images/ec6659926105.png,APTOS2019,left,2026-10-08T08:30:25
APTOS2019/test_images/test_images/ec6f1797a25a.png,APTOS2019,right,2026-10-08T08:30:26
APTOS2019/test_images/test_images/ecad6845f630.png,APTOS2019,left,2026-10-08T08:30:27
APTOS2019/test_images/test_images/ecb4500285ed.png,APTOS2019,right,2026-10-08T08:30:28
APTOS2019/test_images/test_images/ed246ae1ed08.png,APTOS2019,left,2026-10-08T08:30:29
APTOS2019/test_images/test_images/ed2c06fcc573.png,APTOS2019,right,2026-10-08T08:30:31
APTOS2019/test_images/test_images/ed2c52c14493.png,APTOS2019,right,2026-10-08T08:30:31
APTOS2019/test_images/test_images/ed2ef440d22c.png,APTOS2019,left,2026-10-08T08:30:32
APTOS2019/test_images/test_images/ed3a0fc5b546.png,APTOS2019,left,2026-10-08T08:30:33
APTOS2019/test_images/test_images/ed3ce1674761.png,APTOS2019,right,2026-10-08T08:30:35
APTOS2019/test_images/test_images/ed648b9bcd95.png,APTOS2019,left,2026-10-08T08:30:36
APTOS2019/test_images/test_images/ed6704e3b72e.png,APTOS2019,left,2026-10-08T08:30:36
APTOS2019/test_images/test_images/ed6bd9293a89.png,APTOS2019,left,2026-10-08T08:30:37
APTOS2019/test_images/test_images/ed88faaa325a.png,APTOS2019,right,2026-10-08T08:30:38
APTOS2019/test_images/test_images/eda1d75cbcf0.png,APTOS2019,right,2026-10-08T08:30:39
APTOS2019/test_images/test_images/eda29a9d78f3.png,APTOS2019,right,2026-10-08T08:30:40
APTOS2019/test_images/test_images/edceb0657d77.png,APTOS2019,right,2026-10-08T08:30:41
APTOS2019/test_images/test_images/ee02294cc3d9.png,APTOS2019,left,2026-10-08T08:30:43
APTOS2019/test_images/test_images/ee059945b08a.png,APTOS2019,right,2026-10-08T08:30:46
APTOS2019/test_images/test_images/ee1ec90b980f.png,APTOS2019,left,2026-10-08T08:30:47
APTOS2019/test_images/test_images/ee2c2a5f7d0e.png,APTOS2019,left,2026-10-08T08:30:48
APTOS2019/test_images/test_images/ee36ca728641.png,APTOS2019,left,2026-10-08T08:30:49
APTOS2019/test_images/test_images/ee3f5cf52188.png,APTOS2019,left,2026-10-08T08:30:50
APTOS2019/test_images/test_images/ee3fe7809e6a.png,APTOS2019,left,2026-10-08T08:30:51
APTOS2019/test_images/test_images/ee6e39319b39.png,APTOS2019,left,2026-10-08T08:30:53
APTOS2019/test_images/test_images/ee74c3b177e0.png,APTOS2019,right,2026-10-08T08:30:54
APTOS2019/test_images/test_images/ee77763a6afb.png,APTOS2019,right,2026-10-08T08:30:55
APTOS2019/test_images/test_images/ee78ce914066.png,APTOS2019,left,2026-10-08T08:31:03
APTOS2019/test_images/test_images/eeaea2c5ff34.png,APTOS2019,right,2026-10-08T08:31:05
APTOS2019/test_images/test_images/eeb231c3ef1f.png,APTOS2019,right,2026-10-08T08:31:06
APTOS2019/test_images/test_images/eebd1e195952.png,APTOS2019,right,2026-10-08T08:31:06
APTOS2019/test_images/test_images/eed4afc8ec83.png,APTOS2019,left,2026-10-08T08:31:10
APTOS2019/test_images/test_images/eedae6b28f96.png,APTOS2019,right,2026-10-08T08:31:11
APTOS2019/test_images/test_images/ef247f28004f.png,APTOS2019,left,2026-10-08T08:31:12
APTOS2019/test_images/test_images/ef26625121b3.png,APTOS2019,left,2026-10-08T08:31:14
APTOS2019/test_images/test_images/ef4121e9bb67.png,APTOS2019,right,2026-10-08T08:31:15
APTOS2019/test_images/test_images/ef476be214d4.png,APTOS2019,left,2026-10-08T08:31:16
APTOS2019/test_images/test_images/ef48780f5d5f.png,APTOS2019,left,2026-10-08T08:31:17
APTOS2019/test_images/test_images/ef5155990874.png,APTOS2019,left,2026-10-08T08:31:18
APTOS2019/test_images/test_images/ef7a4ed8d5d1.png,APTOS2019,right,2026-10-08T08:31:19
APTOS2019/test_images/test_images/ef7eb85b75fc.png,APTOS2019,left,2026-10-08T08:31:20
APTOS2019/test_images/test_images/ef8109305128.png,APTOS2019,left,2026-10-08T08:31:23
APTOS2019/test_images/test_images/ef81cd8854cb.png,APTOS2019,left,2026-10-08T08:31:24
APTOS2019/test_images/test_images/ef8c39eb9157.png,APTOS2019,left,2026-10-08T08:31:24
APTOS2019/test_images/test_images/ef99c499d665.png,APTOS2019,right,2026-10-08T08:31:25
APTOS2019/test_images/test_images/efff2f1a35f5.png,APTOS2019,right,2026-10-08T08:31:26
APTOS2019/test_images/test_images/f002ce614c59.png,APTOS2019,left,2026-10-08T08:31:28
APTOS2019/test_images/test_images/f0098e9d4aee.png,APTOS2019,left,2026-10-08T08:31:29
APTOS2019/test_images/test_images/f00ce9b9d6f4.png,APTOS2019,left,2026-10-08T08:31:31
APTOS2019/test_images/test_images/f02057c41256.png,APTOS2019,left,2026-10-08T08:31:32
APTOS2019/test_images/test_images/f025f33b2c9b.png,APTOS2019,right,2026-10-08T08:31:34
APTOS2019/test_images/test_images/f0267c42907c.png,APTOS2019,right,2026-10-08T08:31:35
APTOS2019/test_images/test_images/f02956bd7c50.png,APTOS2019,left,2026-10-08T08:31:36
APTOS2019/test_images/test_images/f02babb3a023.png,APTOS2019,right,2026-10-08T08:31:37
APTOS2019/test_images/test_images/f03d3c4ce7fb.png,APTOS2019,right,2026-10-08T08:31:38
APTOS2019/test_images/test_images/f0546a45ef10.png,APTOS2019,right,2026-10-08T08:31:39
APTOS2019/test_images/test_images/f066db7a2efe.png,APTOS2019,left,2026-10-08T08:31:41
APTOS2019/test_images/test_images/f06e7a9df795.png,APTOS2019,right,2026-10-08T08:31:42
APTOS2019/test_images/test_images/f0800723bc63.png,APTOS2019,left,2026-10-08T08:31:44
APTOS2019/test_images/test_images/f080a22008be.png,APTOS2019,right,2026-10-08T08:31:45
APTOS2019/test_images/test_images/f0860c21533b.png,APTOS2019,left,2026-10-08T08:31:46
APTOS2019/test_images/test_images/f092febbf5c0.png,APTOS2019,left,2026-10-08T08:31:47
APTOS2019/test_images/test_images/f09cfc6a4dbd.png,APTOS2019,right,2026-10-08T08:31:49
APTOS2019/test_images/test_images/f09fd9433dff.png,APTOS2019,right,2026-10-08T08:31:49
APTOS2019/test_images/test_images/f0a2dc580009.png,APTOS2019,right,2026-10-08T08:31:50
APTOS2019/test_images/test_images/f0c0f7b5e820.png,APTOS2019,right,2026-10-08T08:31:51
APTOS2019/test_images/test_images/f0c13be90519.png,APTOS2019,left,2026-10-08T08:31:53
APTOS2019/test_images/test_images/f0e1201b5c1f.png,APTOS2019,left,2026-10-08T08:31:54
APTOS2019/test_images/test_images/f0f89314e860.png,APTOS2019,left,2026-10-08T08:31:55
APTOS2019/test_images/test_images/f18abfa690ab.png,APTOS2019,left,2026-10-08T08:31:56
APTOS2019/test_images/test_images/f1979147aad4.png,APTOS2019,right,2026-10-08T08:31:57
APTOS2019/test_images/test_images/f1a761c68559.png,APTOS2019,right,2026-10-08T08:31:58
APTOS2019/test_images/test_images/f1d719c97838.png,APTOS2019,right,2026-10-08T08:31:59
APTOS2019/test_images/test_images/f1dc26c4bfa3.png,APTOS2019,left,2026-10-08T08:32:00
APTOS2019/test_images/test_images/f2094a20b275.png,APTOS2019,left,2026-10-08T08:32:01
APTOS2019/test_images/test_images/f233638e0e90.png,APTOS2019,right,2026-10-08T08:32:48
APTOS2019/test_images/test_images/f23902998c21.png,APTOS2019,right,2026-10-08T08:32:49
APTOS2019/test_images/test_images/f252046c0fe6.png,APTOS2019,right,2026-10-08T08:32:57
APTOS2019/test_images/test_images/f26b02ead915.png,APTOS2019,right,2026-10-08T08:32:58
APTOS2019/test_images/test_images/f298b7d05958.png,APTOS2019,left,2026-10-08T08:32:59
APTOS2019/test_images/test_images/f2c0b41acd05.png,APTOS2019,left,2026-10-08T08:33:00
APTOS2019/test_images/test_images/f2d2a0c92034.png,APTOS2019,left,2026-10-08T08:33:01
APTOS2019/test_images/test_images/f2ee81781411.png,APTOS2019,right,2026-10-08T08:33:03
APTOS2019/test_images/test_images/f2f569a64949.png,APTOS2019,left,2026-10-08T08:33:04
APTOS2019/test_images/test_images/f30f203ef51e.png,APTOS2019,right,2026-10-08T08:33:05
APTOS2019/test_images/test_images/f35d80bb1a22.png,APTOS2019,right,2026-10-08T08:33:06
APTOS2019/test_images/test_images/f361060eda3e.png,APTOS2019,right,2026-10-08T08:33:06
APTOS2019/test_images/test_images/f366fb1cc475.png,APTOS2019,left,2026-10-08T08:33:08
APTOS2019/test_images/test_images/f36cb007a1ef.png,APTOS2019,left,2026-10-08T08:33:09
APTOS2019/test_images/test_images/f3a268d2726d.png,APTOS2019,left,2026-10-08T08:33:10
APTOS2019/test_images/test_images/f3a4751af42e.png,APTOS2019,right,2026-10-08T08:33:11
APTOS2019/test_images/test_images/f3a88d3026dc.png,APTOS2019,right,2026-10-08T08:33:12
APTOS2019/test_images/test_images/f3b27ac2d371.png,APTOS2019,left,2026-10-08T08:33:13
APTOS2019/test_images/test_images/f3b6b7ca1eb1.png,APTOS2019,left,2026-10-08T08:33:13
APTOS2019/test_images/test_images/f3bb996b45ce.png,APTOS2019,right,2026-10-08T08:33:14
APTOS2019/test_images/test_images/f3cd489acbee.png,APTOS2019,left,2026-10-08T08:33:16
APTOS2019/test_images/test_images/f42b693a9414.png,APTOS2019,right,2026-10-08T08:33:17
APTOS2019/test_images/test_images/f431f2e119d7.png,APTOS2019,right,2026-10-08T08:33:17
APTOS2019/test_images/test_images/f451eee2b66b.png,APTOS2019,left,2026-10-08T08:33:19
APTOS2019/test_images/test_images/f45f1485c940.png,APTOS2019,left,2026-10-08T08:33:19
APTOS2019/test_images/test_images/f460608cf4cc.png,APTOS2019,left,2026-10-08T08:33:20
APTOS2019/test_images/test_images/f47a2a4a0411.png,APTOS2019,right,2026-10-08T08:33:21
APTOS2019/test_images/test_images/f481f76a6b75.png,APTOS2019,right,2026-10-08T08:33:22
APTOS2019/test_images/test_images/f48241b0c995.png,APTOS2019,left,2026-10-08T08:33:23
APTOS2019/test_images/test_images/f4874247ede6.png,APTOS2019,right,2026-10-08T08:33:25
APTOS2019/test_images/test_images/f4c7ae514c54.png,APTOS2019,left,2026-10-08T08:33:27
APTOS2019/test_images/test_images/f4d3169b468a.png,APTOS2019,right,2026-10-08T08:33:31
APTOS2019/test_images/test_images/f4d3777f2710.png,APTOS2019,left,2026-10-08T08:33:33
APTOS2019/test_images/test_images/f4de9620e3f2.png,APTOS2019,right,2026-10-08T08:33:35
APTOS2019/test_images/test_images/f4df3d86688d.png,APTOS2019,left,2026-10-08T08:33:36
APTOS2019/test_images/test_images/f4e68b61f480.png,APTOS2019,right,2026-10-08T08:33:38
APTOS2019/test_images/test_images/f4ea2a2cfbb9.png,APTOS2019,left,2026-10-08T08:33:40
APTOS2019/test_images/test_images/f531232ecb55.png,APTOS2019,right,2026-10-08T08:33:42
APTOS2019/test_images/test_images/f549294e12e1.png,APTOS2019,left,2026-10-08T08:33:43
APTOS2019/test_images/test_images/f55e1d2a19e4.png,APTOS2019,right,2026-10-08T08:33:44
APTOS2019/test_images/test_images/f5650eb52640.png,APTOS2019,left,2026-10-08T08:33:45
APTOS2019/test_images/test_images/f56ff0440ed1.png,APTOS2019,left,2026-10-08T08:33:47
APTOS2019/test_images/test_images/f5733f77273d.png,APTOS2019,right,2026-10-08T08:33:48
APTOS2019/test_images/test_images/f576e45d1da2.png,APTOS2019,left,2026-10-08T08:33:49
APTOS2019/test_images/test_images/f57cf3b6f48e.png,APTOS2019,right,2026-10-08T08:33:50
APTOS2019/test_images/test_images/f580566e27f5.png,APTOS2019,right,2026-10-08T08:33:51
APTOS2019/test_images/test_images/f583a722434c.png,APTOS2019,right,2026-10-08T08:33:52
APTOS2019/test_images/test_images/f58cdfa968be.png,APTOS2019,left,2026-10-08T08:33:53
APTOS2019/test_images/test_images/f58d37d48e42.png,APTOS2019,right,2026-10-08T08:33:54
APTOS2019/test_images/test_images/f58f0b2fd718.png,APTOS2019,left,2026-10-08T08:33:56
APTOS2019/test_images/test_images/f5a8c6426a71.png,APTOS2019,left,2026-10-08T08:33:57
APTOS2019/test_images/test_images/f5c953bee7cd.png,APTOS2019,left,2026-10-08T08:33:58
APTOS2019/test_images/test_images/f5e6226bd2e0.png,APTOS2019,right,2026-10-08T08:33:59
APTOS2019/test_images/test_images/f5e9a307288c.png,APTOS2019,left,2026-10-08T08:34:01
APTOS2019/test_images/test_images/f61bf44c677c.png,APTOS2019,left,2026-10-08T08:34:02
APTOS2019/test_images/test_images/f62b8a076833.png,APTOS2019,right,2026-10-08T08:34:04
APTOS2019/test_images/test_images/f633c474e8b8.png,APTOS2019,right,2026-10-08T08:34:05
APTOS2019/test_images/test_images/f64214bed40e.png,APTOS2019,left,2026-10-08T08:34:06
APTOS2019/test_images/test_images/f64b6e85f1c9.png,APTOS2019,left,2026-10-08T08:34:08
APTOS2019/test_images/test_images/f66c4ee86629.png,APTOS2019,left,2026-10-08T08:34:12
APTOS2019/test_images/test_images/f68690db78d3.png,APTOS2019,left,2026-10-08T08:34:15
APTOS2019/test_images/test_images/f69400b316a7.png,APTOS2019,left,2026-10-08T08:34:16
APTOS2019/test_images/test_images/f69835dc7c50.png,APTOS2019,left,2026-10-08T08:34:17
APTOS2019/test_images/test_images/f6d760566a51.png,APTOS2019,left,2026-10-08T08:34:18
APTOS2019/test_images/test_images/f6f3ea0d2693.png,APTOS2019,right,2026-10-08T08:34:19
APTOS2019/test_images/test_images/f6f433f3306f.png,APTOS2019,right,2026-10-08T08:34:20
APTOS2019/test_images/test_images/f6f7dba7104d.png,APTOS2019,right,2026-10-08T08:34:20
APTOS2019/test_images/test_images/f7116e7b2f4e.png,APTOS2019,left,2026-10-08T08:34:22
APTOS2019/test_images/test_images/f71333204618.png,APTOS2019,right,2026-10-08T08:34:23
APTOS2019/test_images/test_images/f71aca5a7dc3.png,APTOS2019,right,2026-10-08T08:34:24
APTOS2019/test_images/test_images/f71bea807c96.png,APTOS2019,right,2026-10-08T08:34:25
APTOS2019/test_images/test_images/f72adcac5638.png,APTOS2019,left,2026-10-08T08:34:26
APTOS2019/test_images/test_images/f72ef9ceeaa8.png,APTOS2019,left,2026-10-08T08:34:27
APTOS2019/test_images/test_images/f7508f14dd7b.png,APTOS2019,right,2026-10-08T08:34:28
APTOS2019/test_images/test_images/f762c272c522.png,APTOS2019,right,2026-10-08T08:34:29
APTOS2019/test_images/test_images/f7735b6d47f7.png,APTOS2019,right,2026-10-08T08:34:30
APTOS2019/test_images/test_images/f7defe70afc3.png,APTOS2019,right,2026-10-08T08:34:30
APTOS2019/test_images/test_images/f7e9fa75c7c1.png,APTOS2019,left,2026-10-08T08:34:32
APTOS2019/test_images/test_images/f7edc074f06b.png,APTOS2019,right,2026-10-08T08:34:33
APTOS2019/test_images/test_images/f7fec8935126.png,APTOS2019,left,2026-10-08T08:34:34
APTOS2019/test_images/test_images/f80118bbda18.png,APTOS2019,right,2026-10-08T08:34:35
APTOS2019/test_images/test_images/f819c65b803c.png,APTOS2019,left,2026-10-08T08:34:36
APTOS2019/test_images/test_images/f8372e80f731.png,APTOS2019,left,2026-10-08T08:34:37
APTOS2019/test_images/test_images/f850cb51fdba.png,APTOS2019,right,2026-10-08T08:34:38
APTOS2019/test_images/test_images/f85c78201a50.png,APTOS2019,left,2026-10-08T08:34:39
APTOS2019/test_images/test_images/f85fd4fac887.png,APTOS2019,left,2026-10-08T08:34:40
APTOS2019/test_images/test_images/f86d1c404acb.png,APTOS2019,right,2026-10-08T08:34:41
APTOS2019/test_images/test_images/f8cf7ed8ef00.png,APTOS2019,left,2026-10-08T08:34:43
APTOS2019/test_images/test_images/f8d62557ad0c.png,APTOS2019,right,2026-10-08T08:34:44
APTOS2019/test_images/test_images/f8f5942b690e.png,APTOS2019,left,2026-10-08T08:34:45
APTOS2019/test_images/test_images/f8fc411092c7.png,APTOS2019,left,2026-10-08T08:34:46
APTOS2019/test_images/test_images/f901d460517c.png,APTOS2019,left,2026-10-08T08:34:47
APTOS2019/test_images/test_images/f90f8931a9bc.png,APTOS2019,left,2026-10-08T08:34:47
APTOS2019/test_images/test_images/f9156aeffc5e.png,APTOS2019,left,2026-10-08T08:34:48
APTOS2019/test_images/test_images/f91cfa82b9d4.png,APTOS2019,left,2026-10-08T08:34:49
APTOS2019/test_images/test_images/f920ccd926db.png,APTOS2019,right,2026-10-08T08:34:50
APTOS2019/test_images/test_images/f952ad2e4356.png,APTOS2019,right,2026-10-08T08:34:51
APTOS2019/test_images/test_images/f994a3b07935.png,APTOS2019,left,2026-10-08T08:34:53
APTOS2019/test_images/test_images/f999c6921e6d.png,APTOS2019,left,2026-10-08T08:34:54
APTOS2019/test_images/test_images/f9aa35187bf3.png,APTOS2019,left,2026-10-08T08:34:55
APTOS2019/test_images/test_images/f9d52509c571.png,APTOS2019,left,2026-10-08T08:34:55
APTOS2019/test_images/test_images/f9d8ff3e6592.png,APTOS2019,right,2026-10-08T08:34:57
APTOS2019/test_images/test_images/f9e1c439d4c8.png,APTOS2019,right,2026-10-08T08:34:58
APTOS2019/test_images/test_images/f9e779a13204.png,APTOS2019,left,2026-10-08T08:34:59
APTOS2019/test_images/test_images/f9ecf1795804.png,APTOS2019,left,2026-10-08T08:35:03
APTOS2019/test_images/test_images/fa0c87bd75ce.png,APTOS2019,right,2026-10-08T08:35:04
APTOS2019/test_images/test_images/fa3e544a7401.png,APTOS2019,right,2026-10-08T08:35:05
APTOS2019/test_images/test_images/fa573163dd8b.png,APTOS2019,left,2026-10-08T08:35:08
APTOS2019/test_images/test_images/fa59221cf464.png,APTOS2019,right,2026-10-08T08:35:11
APTOS2019/test_images/test_images/fa6f3d8bb1d5.png,APTOS2019,right,2026-10-08T08:35:12
APTOS2019/test_images/test_images/fa748b57262b.png,APTOS2019,right,2026-10-08T08:35:13
APTOS2019/test_images/test_images/fa7fa797c650.png,APTOS2019,right,2026-10-08T08:35:15
APTOS2019/test_images/test_images/fa9bece586fc.png,APTOS2019,left,2026-10-08T08:35:16
APTOS2019/test_images/test_images/fa9f1bc03f21.png,APTOS2019,right,2026-10-08T08:35:18
APTOS2019/test_images/test_images/fac399455195.png,APTOS2019,right,2026-10-08T08:35:18
APTOS2019/test_images/test_images/fb1b8771c70a.png,APTOS2019,right,2026-10-08T08:35:19
APTOS2019/test_images/test_images/fb61230b99dd.png,APTOS2019,left,2026-10-08T08:35:21
APTOS2019/test_images/test_images/fb696a8e055a.png,APTOS2019,left,2026-10-08T08:35:22
APTOS2019/test_images/test_images/fb6b8200b7f8.png,APTOS2019,left,2026-10-08T08:35:23
APTOS2019/test_images/test_images/fb767cea406c.png,APTOS2019,right,2026-10-08T08:35:24
APTOS2019/test_images/test_images/fb88783de055.png,APTOS2019,right,2026-10-08T08:35:28
APTOS2019/test_images/test_images/fb88d23fc5fe.png,APTOS2019,left,2026-10-08T08:35:30
APTOS2019/test_images/test_images/fba493e17448.png,APTOS2019,left,2026-10-08T08:35:31
APTOS2019/test_images/test_images/fbcbc81cf9be.png,APTOS2019,right,2026-10-08T08:35:34
APTOS2019/test_images/test_images/fbdc796290d4.png,APTOS2019,right,2026-10-08T08:52:55
APTOS2019/test_images/test_images/fbfa925506f6.png,APTOS2019,left,2026-10-08T08:52:56
APTOS2019/test_images/test_images/fc1b1841eadf.png,APTOS2019,right,2026-10-08T08:52:57
APTOS2019/test_images/test_images/fc4c2d35c6f8.png,APTOS2019,right,2026-10-08T08:52:59
APTOS2019/test_images/test_images/fc4d69128e7c.png,APTOS2019,right,2026-10-08T08:53:00
APTOS2019/test_images/test_images/fc603cbedb41.png,APTOS2019,right,2026-10-08T08:53:01
APTOS2019/test_images/test_images/fc782722a50c.png,APTOS2019,left,2026-10-08T08:53:03
APTOS2019/test_images/test_images/fc898dfeb24f.png,APTOS2019,left,2026-10-08T08:53:04
APTOS2019/test_images/test_images/fc8fce67fbf8.png,APTOS2019,left,2026-10-08T08:53:05
APTOS2019/test_images/test_images/fca1a8738b8a.png,APTOS2019,left,2026-10-08T08:53:06
APTOS2019/test_images/test_images/fca931da5c5e.png,APTOS2019,right,2026-10-08T08:53:07
APTOS2019/test_images/test_images/fcc32dffd24d.png,APTOS2019,left,2026-10-08T08:53:09
APTOS2019/test_images/test_images/fcc55ae641ae.png,APTOS2019,right,2026-10-08T08:53:10
APTOS2019/test_images/test_images/fcc6aa6755e6.png,APTOS2019,right,2026-10-08T08:53:11
APTOS2019/test_images/test_images/fce73678f650.png,APTOS2019,right,2026-10-08T08:53:18
APTOS2019/test_images/test_images/fce93caa4758.png,APTOS2019,right,2026-10-08T08:53:19
APTOS2019/test_images/test_images/fd079d2e93a2.png,APTOS2019,left,2026-10-08T08:53:21
APTOS2019/test_images/test_images/fd0a70082e7c.png,APTOS2019,right,2026-10-08T08:53:22
APTOS2019/test_images/test_images/fd48cf452e9d.png,APTOS2019,left,2026-10-08T08:53:30
APTOS2019/test_images/test_images/fd4c946c52bf.png,APTOS2019,left,2026-10-08T08:53:38
APTOS2019/test_images/test_images/fd62bd0db4f1.png,APTOS2019,left,2026-10-08T08:53:39
APTOS2019/test_images/test_images/fd87b6b2e664.png,APTOS2019,right,2026-10-08T08:53:43
APTOS2019/test_images/test_images/fda39982a810.png,APTOS2019,left,2026-10-08T08:53:44
APTOS2019/test_images/test_images/fdbc252813b1.png,APTOS2019,left,2026-10-08T08:53:45
APTOS2019/test_images/test_images/fdc685055659.png,APTOS2019,left,2026-10-08T08:53:45
APTOS2019/test_images/test_images/fdd18ccbbdc5.png,APTOS2019,left,2026-10-08T08:53:46
APTOS2019/test_images/test_images/fdd534271f3d.png,APTOS2019,right,2026-10-08T08:53:47
APTOS2019/test_images/test_images/fe06dad6851c.png,APTOS2019,left,2026-10-08T08:53:47
APTOS2019/test_images/test_images/fe0e2dee1834.png,APTOS2019,right,2026-10-08T08:53:49
APTOS2019/test_images/test_images/fe0fc67c7980.png,APTOS2019,right,2026-10-08T08:53:50
APTOS2019/test_images/test_images/fe2df69676cf.png,APTOS2019,right,2026-10-08T08:53:51
APTOS2019/test_images/test_images/fe37f4492920.png,APTOS2019,right,2026-10-08T08:53:52
APTOS2019/test_images/test_images/fe3b0e50be78.png,APTOS2019,right,2026-10-08T08:53:54
APTOS2019/test_images/test_images/fe3f62695b2d.png,APTOS2019,right,2026-10-08T08:53:55
APTOS2019/test_images/test_images/fe674c2f73f5.png,APTOS2019,left,2026-10-08T08:53:56
APTOS2019/test_images/test_images/fea14b3d44b0.png,APTOS2019,left,2026-10-08T08:53:57
APTOS2019/test_images/test_images/febfb20dc311.png,APTOS2019,left,2026-10-08T08:53:57
APTOS2019/test_images/test_images/fecf4c5ae84b.png,APTOS2019,left,2026-10-08T08:53:58
APTOS2019/test_images/test_images/fed5bb685832.png,APTOS2019,left,2026-10-08T08:53:59
APTOS2019/test_images/test_images/fefded6bf135.png,APTOS2019,right,2026-10-08T08:54:00
APTOS2019/test_images/test_images/ff03f74667df.png,APTOS2019,left,2026-10-08T08:54:05
APTOS2019/test_images/test_images/ff0740cb484a.png,APTOS2019,right,2026-10-08T09:02:39
APTOS2019/test_images/test_images/ff1e940105f9.png,APTOS2019,left,2026-10-08T09:02:40
APTOS2019/test_images/test_images/ff344e5c9341.png,APTOS2019,left,2026-10-08T09:02:41
APTOS2019/test_images/test_images/ff4832d55461.png,APTOS2019,right,2026-10-08T09:02:42
APTOS2019/test_images/test_images/ff4955e76894.png,APTOS2019,left,2026-10-08T09:02:43
APTOS2019/test_images/test_images/ff4cd992667b.png,APTOS2019,left,2026-10-08T09:02:44
APTOS2019/test_images/test_images/ff52392372d3.png,APTOS2019,right,2026-10-08T09:02:45
APTOS2019/test_images/test_images/ff59d44a70a7.png,APTOS2019,left,2026-10-08T09:02:46
APTOS2019/test_images/test_images/ff631653374e.png,APTOS2019,right,2026-10-08T09:02:47
APTOS2019/test_images/test_images/ff77e8e5b5f3.png,APTOS2019,left,2026-10-08T09:02:48
APTOS2019/test_images/test_images/ff8a0b45c789.png,APTOS2019,left,2026-10-08T09:02:49
APTOS2019/test_images/test_images/ffa47f6a7bf4.png,APTOS2019,right,2026-10-08T09:02:50
APTOS2019/test_images/test_images/ffc04fed30e6.png,APTOS2019,left,2026-10-08T09:02:51
APTOS2019/test_images/test_images/ffcf7b45f213.png,APTOS2019,left,2026-10-08T09:02:52
APTOS2019/test_images/test_images/ffd97f8cd5aa.png,APTOS2019,left,2026-10-08T09:02:52
APTOS2019/test_images/test_images/ffec9a18a3ce.png,APTOS2019,right,2026-10-08T09:02:53
APTOS2019/train_images/train_images/1ae8c165fd53.png,APTOS2019,right,2026-10-08T09:02:54
APTOS2019/train_images/train_images/1b329a127307.png,APTOS2019,right,2026-10-08T09:02:55
APTOS2019/train_images/train_images/1b32e1d775ea.png,APTOS2019,right,2026-10-08T09:02:55
APTOS2019/train_images/train_images/1b3647865779.png,APTOS2019,right,2026-10-08T09:02:56
APTOS2019/train_images/train_images/1b398c0494d1.png,APTOS2019,right,2026-10-08T09:02:57
APTOS2019/train_images/train_images/1b4625877527.png,APTOS2019,left,2026-10-08T09:02:58
APTOS2019/train_images/train_images/1b495ac025b7.png,APTOS2019,left,2026-10-08T09:02:59
APTOS2019/train_images/train_images/1b862fb6f65d.png,APTOS2019,right,2026-10-08T09:03:00
APTOS2019/train_images/train_images/1b8701231c8f.png,APTOS2019,right,2026-10-08T09:03:00
APTOS2019/train_images/train_images/1b8ad0afe9fb.png,APTOS2019,left,2026-10-08T09:03:02
APTOS2019/train_images/train_images/1bb0ddfe753a.png,APTOS2019,left,2026-10-08T09:03:02
APTOS2019/train_images/train_images/1bea04b2bb2d.png,APTOS2019,right,2026-10-08T09:03:03
APTOS2019/train_images/train_images/1bf30c84bbad.png,APTOS2019,left,2026-10-08T09:03:05
APTOS2019/train_images/train_images/1c0cf251b426.png,APTOS2019,right,2026-10-08T09:03:06
APTOS2019/train_images/train_images/1c0e5dd1b14c.png,APTOS2019,left,2026-10-08T09:03:07
APTOS2019/train_images/train_images/1c13a1483f4a.png,APTOS2019,right,2026-10-08T09:03:08
APTOS2019/train_images/train_images/1c3a6b4449e9.png,APTOS2019,right,2026-10-08T09:03:09
APTOS2019/train_images/train_images/1c47815f4a6b.png,APTOS2019,right,2026-10-08T09:03:10
APTOS2019/train_images/train_images/1c4d87baaffc.png,APTOS2019,left,2026-10-08T09:03:11
APTOS2019/train_images/train_images/1c4f3aa4df06.png,APTOS2019,left,2026-10-08T09:03:12
APTOS2019/train_images/train_images/1c578b72d7b3.png,APTOS2019,left,2026-10-08T09:03:12
APTOS2019/train_images/train_images/1c5ad36fb799.png,APTOS2019,left,2026-10-08T09:03:13
APTOS2019/train_images/train_images/1c5e6cdc7ee1.png,APTOS2019,right,2026-10-08T09:03:14
APTOS2019/train_images/train_images/1c6d119c3d70.png,APTOS2019,left,2026-10-08T09:03:16
APTOS2019/train_images/train_images/1c7a013eeba7.png,APTOS2019,right,2026-10-08T09:03:17
APTOS2019/train_images/train_images/1c9521878baf.png,APTOS2019,right,2026-10-08T09:03:18
APTOS2019/train_images/train_images/1c9c583c10bf.png,APTOS2019,right,2026-10-08T09:03:18
APTOS2019/train_images/train_images/1ca35d483772.png,APTOS2019,left,2026-10-08T09:03:20
APTOS2019/train_images/train_images/1ca62b3e4fd3.png,APTOS2019,left,2026-10-08T09:03:21
APTOS2019/train_images/train_images/1ca91751be4d.png,APTOS2019,left,2026-10-08T09:03:22
APTOS2019/train_images/train_images/1caba2fb38f6.png,APTOS2019,right,2026-10-08T09:03:23
APTOS2019/train_images/train_images/1cb6961d141c.png,APTOS2019,right,2026-10-08T09:03:24
APTOS2019/train_images/train_images/1cb814ed6332.png,APTOS2019,right,2026-10-08T09:03:24
APTOS2019/train_images/train_images/1cc58b15f466.png,APTOS2019,left,2026-10-08T09:03:26
APTOS2019/train_images/train_images/1d0b93317aa8.png,APTOS2019,left,2026-10-08T09:03:27
APTOS2019/train_images/train_images/1d11794057ff.png,APTOS2019,right,2026-10-08T09:03:28
APTOS2019/train_images/train_images/1d14dd912671.png,APTOS2019,left,2026-10-08T09:03:30
APTOS2019/train_images/train_images/1d2472849dce.png,APTOS2019,right,2026-10-08T09:03:31
APTOS2019/train_images/train_images/1d29cb2f4296.png,APTOS2019,right,2026-10-08T09:03:32
APTOS2019/train_images/train_images/1d37f1c8b6d8.png,APTOS2019,left,2026-10-08T09:03:33
APTOS2019/train_images/train_images/1d3e9b939732.png,APTOS2019,right,2026-10-08T09:03:34
APTOS2019/train_images/train_images/1d46f1326394.png,APTOS2019,left,2026-10-08T09:03:35
APTOS2019/train_images/train_images/1d55e689cf84.png,APTOS2019,left,2026-10-08T09:03:36
APTOS2019/train_images/train_images/1d674e2e32e0.png,APTOS2019,left,2026-10-08T09:03:37
APTOS2019/train_images/train_images/1d74c4713e21.png,APTOS2019,right,2026-10-08T09:03:39
APTOS2019/train_images/train_images/1da25637859b.png,APTOS2019,left,2026-10-08T09:03:40
APTOS2019/train_images/train_images/1da4a17c18c9.png,APTOS2019,left,2026-10-08T09:03:56
APTOS2019/train_images/train_images/1db0393cdbc1.png,APTOS2019,right,2026-10-08T09:03:59
APTOS2019/train_images/train_images/1db18bdd43aa.png,APTOS2019,right,2026-10-08T09:04:01
APTOS2019/train_images/train_images/1db6bb46c102.png,APTOS2019,right,2026-10-08T09:04:02
APTOS2019/train_images/train_images/1dbdc32c17db.png,APTOS2019,left,2026-10-08T09:04:03
APTOS2019/train_images/train_images/1dd9adcbfff4.png,APTOS2019,right,2026-10-08T09:04:05
APTOS2019/train_images/train_images/1df0431bfa73.png,APTOS2019,left,2026-10-08T09:04:06
APTOS2019/train_images/train_images/1df0a4c23c95.png,APTOS2019,right,2026-10-08T09:04:07
APTOS2019/train_images/train_images/1df1530b9b8d.png,APTOS2019,right,2026-10-08T09:04:08
APTOS2019/train_images/train_images/1df3e03a8f5f.png,APTOS2019,right,2026-10-08T09:04:09
APTOS2019/train_images/train_images/1dfbede13143.png,APTOS2019,right,2026-10-08T09:04:09
APTOS2019/train_images/train_images/1dfe599d12a9.png,APTOS2019,left,2026-10-08T09:04:10
APTOS2019/train_images/train_images/1e036f2e7095.png,APTOS2019,left,2026-10-08T09:04:11
APTOS2019/train_images/train_images/1e143fa3de57.png,APTOS2019,left,2026-10-08T09:04:11
APTOS2019/train_images/train_images/1e1fb019710d.png,APTOS2019,right,2026-10-08T09:04:13
APTOS2019/train_images/train_images/1e4650743fa2.png,APTOS2019,right,2026-10-08T09:04:13
APTOS2019/train_images/train_images/1e4b3b823b95.png,APTOS2019,left,2026-10-08T09:04:14
APTOS2019/train_images/train_images/1e742358e0b9.png,APTOS2019,right,2026-10-08T09:04:16
APTOS2019/train_images/train_images/1e7ccd4a1c87.png,APTOS2019,right,2026-10-08T09:04:16
APTOS2019/train_images/train_images/1e8a1fdee5b9.png,APTOS2019,left,2026-10-08T09:04:18
APTOS2019/train_images/train_images/1e8c31e29dd3.png,APTOS2019,right,2026-10-08T09:04:19
APTOS2019/train_images/train_images/1e9224ccca95.png,APTOS2019,right,2026-10-08T09:04:19
APTOS2019/train_images/train_images/1ec95179cdfe.png,APTOS2019,right,2026-10-08T09:04:20
APTOS2019/train_images/train_images/1ee1eb7943db.png,APTOS2019,right,2026-10-08T09:04:21
APTOS2019/train_images/train_images/1ee355480567.png,APTOS2019,left,2026-10-08T09:09:57
APTOS2019/train_images/train_images/1eee55494271.png,APTOS2019,left,2026-10-08T09:09:57
APTOS2019/train_images/train_images/1efa5d443707.png,APTOS2019,left,2026-10-08T09:09:58
APTOS2019/train_images/train_images/1f07dae3cadb.png,APTOS2019,right,2026-10-08T09:09:59
APTOS2019/train_images/train_images/1f0e223b8055.png,APTOS2019,right,2026-10-08T09:10:00
APTOS2019/train_images/train_images/1f15ca672675.png,APTOS2019,right,2026-10-08T09:10:00
APTOS2019/train_images/train_images/1f31701dd61b.png,APTOS2019,left,2026-10-08T09:10:02
APTOS2019/train_images/train_images/1f3f32efaf20.png,APTOS2019,right,2026-10-08T09:10:03
APTOS2019/train_images/train_images/1f4bf8e28b41.png,APTOS2019,right,2026-10-08T09:10:03
APTOS2019/train_images/train_images/1f4fb37e0854.png,APTOS2019,right,2026-10-08T09:10:04
APTOS2019/train_images/train_images/1f543a86c4d4.png,APTOS2019,left,2026-10-08T09:10:05
APTOS2019/train_images/train_images/1f5496352859.png,APTOS2019,right,2026-10-08T09:10:06
APTOS2019/train_images/train_images/1f63d44d9e3c.png,APTOS2019,left,2026-10-08T09:10:07
APTOS2019/train_images/train_images/1f9ccda4ddf2.png,APTOS2019,right,2026-10-08T09:10:08
APTOS2019/train_images/train_images/1faf8664816c.png,APTOS2019,left,2026-10-08T09:10:10
APTOS2019/train_images/train_images/1fb455685328.png,APTOS2019,left,2026-10-08T09:10:10
APTOS2019/train_images/train_images/1fd5d860d4d7.png,APTOS2019,left,2026-10-08T09:10:11
APTOS2019/train_images/train_images/1fddd7c98fd2.png,APTOS2019,right,2026-10-08T09:10:12
APTOS2019/train_images/train_images/1ffaa51a6245.png,APTOS2019,right,2026-10-08T09:10:12
APTOS2019/train_images/train_images/200d947f75db.png,APTOS2019,right,2026-10-08T09:10:13
APTOS2019/train_images/train_images/2017cd92c63d.png,APTOS2019,left,2026-10-08T09:10:14
APTOS2019/train_images/train_images/201f6e10c108.png,APTOS2019,left,2026-10-08T09:10:14
APTOS2019/train_images/train_images/201f882365d3.png,APTOS2019,left,2026-10-08T09:10:15
APTOS2019/train_images/train_images/203275daf46d.png,APTOS2019,right,2026-10-08T09:10:16
APTOS2019/train_images/train_images/20404ec7b518.png,APTOS2019,right,2026-10-08T09:10:17
APTOS2019/train_images/train_images/20688cb25704.png,APTOS2019,right,2026-10-08T09:10:18
APTOS2019/train_images/train_images/207a580de0ea.png,APTOS2019,right,2026-10-08T09:10:18
APTOS2019/train_images/train_images/207dd0487264.png,APTOS2019,left,2026-10-08T09:10:20
APTOS2019/train_images/train_images/20c883d3bd38.png,APTOS2019,right,2026-10-08T09:10:21
APTOS2019/train_images/train_images/20d5fdd450ae.png,APTOS2019,left,2026-10-08T09:10:31
APTOS2019/train_images/train_images/20f86e068276.png,APTOS2019,left,2026-10-08T09:10:38
APTOS2019/train_images/train_images/21037f5c7790.png,APTOS2019,left,2026-10-08T09:10:39
APTOS2019/train_images/train_images/210bfe0127c6.png,APTOS2019,right,2026-10-08T09:10:40
APTOS2019/train_images/train_images/211518c46162.png,APTOS2019,right,2026-10-08T09:10:54
APTOS2019/train_images/train_images/2131aa3a1e6f.png,APTOS2019,left,2026-10-08T09:10:56
APTOS2019/train_images/train_images/215d2b7c3fde.png,APTOS2019,left,2026-10-08T09:10:56
APTOS2019/train_images/train_images/217dad18a5ed.png,APTOS2019,right,2026-10-08T09:10:57
APTOS2019/train_images/train_images/218c822a3dd9.png,APTOS2019,right,2026-10-08T09:10:58
APTOS2019/train_images/train_images/21abd36095a1.png,APTOS2019,left,2026-10-08T09:11:01
APTOS2019/train_images/train_images/21d18b022429.png,APTOS2019,left,2026-10-08T09:11:02
APTOS2019/train_images/train_images/22098b1fe461.png,APTOS2019,left,2026-10-08T09:11:02
APTOS2019/train_images/train_images/2209daf71aab.png,APTOS2019,right,2026-10-08T09:11:03
APTOS2019/train_images/train_images/2221cf5c7935.png,APTOS2019,left,2026-10-08T09:11:06
APTOS2019/train_images/train_images/222d0ac042b4.png,APTOS2019,left,2026-10-08T09:11:34
APTOS2019/train_images/train_images/222f3ee3a1e8.png,APTOS2019,left,2026-10-08T09:11:35
APTOS2019/train_images/train_images/22325552a4e3.png,APTOS2019,right,2026-10-08T09:11:37
APTOS2019/train_images/train_images/2241b7e90782.png,APTOS2019,left,2026-10-08T09:11:39
APTOS2019/train_images/train_images/22449af52060.png,APTOS2019,right,2026-10-08T09:11:40
APTOS2019/train_images/train_images/224bb938e2dd.png,APTOS2019,right,2026-10-08T09:11:40
APTOS2019/train_images/train_images/224c14366e11.png,APTOS2019,left,2026-10-08T09:11:42
APTOS2019/train_images/train_images/226c6ceb9185.png,APTOS2019,right,2026-10-08T09:11:44
APTOS2019/train_images/train_images/22895c89792f.png,APTOS2019,right,2026-10-08T09:11:45
APTOS2019/train_images/train_images/22a6da005395.png,APTOS2019,right,2026-10-08T09:11:45
APTOS2019/train_images/train_images/22ce8ef69357.png,APTOS2019,right,2026-10-08T09:11:46
APTOS2019/train_images/train_images/22d843b2bbd1.png,APTOS2019,right,2026-10-08T09:11:47
APTOS2019/train_images/train_images/23148a40ecb0.png,APTOS2019,left,2026-10-08T09:11:48
APTOS2019/train_images/train_images/23175b7ef453.png,APTOS2019,left,2026-10-08T09:11:49
APTOS2019/train_images/train_images/232549883508.png,APTOS2019,left,2026-10-08T09:11:50
APTOS2019/train_images/train_images/233d948e2544.png,APTOS2019,left,2026-10-08T09:11:50
APTOS2019/train_images/train_images/234399352d36.png,APTOS2019,right,2026-10-08T09:11:51
APTOS2019/train_images/train_images/236f56771ec6.png,APTOS2019,left,2026-10-08T09:11:52
APTOS2019/train_images/train_images/2376e5415458.png,APTOS2019,right,2026-10-08T09:11:53
APTOS2019/train_images/train_images/237aa50edc34.png,APTOS2019,left,2026-10-08T09:11:54
APTOS2019/train_images/train_images/237c078d00fc.png,APTOS2019,right,2026-10-08T09:11:56
APTOS2019/train_images/train_images/2399d68d407f.png,APTOS2019,right,2026-10-08T09:11:57
APTOS2019/train_images/train_images/239f2c348ea4.png,APTOS2019,left,2026-10-08T09:12:00
APTOS2019/train_images/train_images/23d7ca170bdb.png,APTOS2019,left,2026-10-08T09:12:00
APTOS2019/train_images/train_images/23fca0693e2a.png,APTOS2019,right,2026-10-08T09:12:01
APTOS2019/train_images/train_images/2408799a09b2.png,APTOS2019,left,2026-10-08T09:12:03
APTOS2019/train_images/train_images/240b25a7debe.png,APTOS2019,left,2026-10-08T09:12:03
APTOS2019/train_images/train_images/242fc19be06f.png,APTOS2019,right,2026-10-08T09:12:04
APTOS2019/train_images/train_images/2463bb04ebc3.png,APTOS2019,left,2026-10-08T09:12:06
APTOS2019/train_images/train_images/246e4506824a.png,APTOS2019,right,2026-10-08T09:12:07
APTOS2019/train_images/train_images/247ac63e5510.png,APTOS2019,left,2026-10-08T09:12:08
APTOS2019/train_images/train_images/247e98aba610.png,APTOS2019,left,2026-10-08T09:12:09
APTOS2019/train_images/train_images/248139c423c4.png,APTOS2019,right,2026-10-08T09:12:10
APTOS2019/train_images/train_images/248dec89b3a2.png,APTOS2019,right,2026-10-08T09:12:11
APTOS2019/train_images/train_images/24b87f744598.png,APTOS2019,left,2026-10-08T09:12:13
APTOS2019/train_images/train_images/24b943fe725e.png,APTOS2019,right,2026-10-08T09:12:14
APTOS2019/train_images/train_images/24de56d433cd.png,APTOS2019,left,2026-10-08T09:12:15
APTOS2019/train_images/train_images/24f271c87e73.png,APTOS2019,left,2026-10-08T09:12:15
APTOS2019/train_images/train_images/24f3e70f0419.png,APTOS2019,left,2026-10-08T09:12:16
APTOS2019/train_images/train_images/25002fe43f92.png,APTOS2019,right,2026-10-08T09:12:18
APTOS2019/train_images/train_images/252305189b3a.png,APTOS2019,right,2026-10-08T09:12:19
APTOS2019/train_images/train_images/2532613a584a.png,APTOS2019,right,2026-10-08T09:12:19
APTOS2019/train_images/train_images/253e96488cfb.png,APTOS2019,left,2026-10-08T09:12:21
APTOS2019/train_images/train_images/254052cf3e48.png,APTOS2019,right,2026-10-08T09:12:22
APTOS2019/train_images/train_images/2585bbc91909.png,APTOS2019,right,2026-10-08T09:12:23
APTOS2019/train_images/train_images/259d30f693b6.png,APTOS2019,left,2026-10-08T09:12:24
APTOS2019/train_images/train_images/25a0a1e41afd.png,APTOS2019,right,2026-10-08T09:12:25
APTOS2019/train_images/train_images/25b0e72705a8.png,APTOS2019,left,2026-10-08T09:12:27
APTOS2019/train_images/train_images/25b4080f598b.png,APTOS2019,left,2026-10-08T09:12:27
APTOS2019/train_images/train_images/25d069089c5e.png,APTOS2019,left,2026-10-08T09:23:30
APTOS2019/train_images/train_images/25dc1b41ed9c.png,APTOS2019,right,2026-10-08T09:23:31
APTOS2019/train_images/train_images/25e9fd872182.png,APTOS2019,right,2026-10-08T09:23:32
APTOS2019/train_images/train_images/2608e1dac5b1.png,APTOS2019,left,2026-10-08T09:23:34
APTOS2019/train_images/train_images/260a455692b5.png,APTOS2019,left,2026-10-08T09:24:27
APTOS2019/train_images/train_images/261c6bd63bff.png,APTOS2019,left,2026-10-08T09:24:28
APTOS2019/train_images/train_images/2628305cbb29.png,APTOS2019,left,2026-10-08T09:24:28
APTOS2019/train_images/train_images/262ad704319c.png,APTOS2019,left,2026-10-08T09:24:29
APTOS2019/train_images/train_images/263d8851e33b.png,APTOS2019,left,2026-10-08T09:24:29
APTOS2019/train_images/train_images/26453eb7e989.png,APTOS2019,left,2026-10-08T09:24:30
APTOS2019/train_images/train_images/26463a5fb949.png,APTOS2019,right,2026-10-08T09:24:31
APTOS2019/train_images/train_images/2665f72e2dd3.png,APTOS2019,right,2026-10-08T09:24:32
APTOS2019/train_images/train_images/266fbefa58fb.png,APTOS2019,right,2026-10-08T09:24:34
APTOS2019/train_images/train_images/2682e6da9050.png,APTOS2019,right,2026-10-08T09:24:34
APTOS2019/train_images/train_images/26999ebc21de.png,APTOS2019,right,2026-10-08T09:41:38
APTOS2019/train_images/train_images/269b44e628eb.png,APTOS2019,left,2026-10-08T09:41:40
APTOS2019/train_images/train_images/269f0792f11f.png,APTOS2019,left,2026-10-08T09:41:40
APTOS2019/train_images/train_images/26cd40b57ad1.png,APTOS2019,left,2026-10-08T09:41:41
APTOS2019/train_images/train_images/26d60db3bbfd.png,APTOS2019,right,2026-10-08T09:41:42
APTOS2019/train_images/train_images/26d9576e8043.png,APTOS2019,right,2026-10-08T09:41:43
APTOS2019/train_images/train_images/26e231747848.png,APTOS2019,right,2026-10-08T09:41:43
APTOS2019/train_images/train_images/26fc2358a38d.png,APTOS2019,left,2026-10-08T09:41:44
APTOS2019/train_images/train_images/2700754f71e9.png,APTOS2019,right,2026-10-08T09:41:46
APTOS2019/train_images/train_images/272d9c043c81.png,APTOS2019,right,2026-10-08T09:41:46
APTOS2019/train_images/train_images/2735be026d44.png,APTOS2019,left,2026-10-08T09:41:47
APTOS2019/train_images/train_images/274f4de2a59d.png,APTOS2019,right,2026-10-08T09:41:48
APTOS2019/train_images/train_images/274f5029189b.png,APTOS2019,left,2026-10-08T09:41:49
APTOS2019/train_images/train_images/276b14f72328.png,APTOS2019,left,2026-10-08T09:41:50
APTOS2019/train_images/train_images/2776d70724d3.png,APTOS2019,left,2026-10-08T09:41:51
APTOS2019/train_images/train_images/278aa860dffd.png,APTOS2019,left,2026-10-08T09:41:51
APTOS2019/train_images/train_images/27933cdbe0cc.png,APTOS2019,left,2026-10-08T09:41:52
APTOS2019/train_images/train_images/27b68863349f.png,APTOS2019,right,2026-10-08T09:41:53
APTOS2019/train_images/train_images/27bab1432f61.png,APTOS2019,left,2026-10-08T09:41:54
APTOS2019/train_images/train_images/27e2be850a99.png,APTOS2019,right,2026-10-08T09:45:15
APTOS2019/train_images/train_images/27e4c800a449.png,APTOS2019,left,2026-10-08T09:45:16
APTOS2019/train_images/train_images/27f82ada84ac.png,APTOS2019,right,2026-10-08T09:45:17
APTOS2019/train_images/train_images/27fca9f12b3c.png,APTOS2019,right,2026-10-08T09:50:20
APTOS2019/train_images/train_images/281d7b7c7676.png,APTOS2019,right,2026-10-08T09:50:21
APTOS2019/train_images/train_images/2821998fc002.png,APTOS2019,left,2026-10-08T09:50:22
APTOS2019/train_images/train_images/282bc792d23a.png,APTOS2019,right,2026-10-08T10:08:09
APTOS2019/train_images/train_images/283c3aeba594.png,APTOS2019,right,2026-10-08T10:08:09
APTOS2019/train_images/train_images/28503940d10b.png,APTOS2019,right,2026-10-08T10:08:10
APTOS2019/train_images/train_images/286e9981dd9b.png,APTOS2019,right,2026-10-08T10:08:12
APTOS2019/train_images/train_images/28751f290ba3.png,APTOS2019,right,2026-10-08T10:08:13
APTOS2019/train_images/train_images/28824d12d31d.png,APTOS2019,left,2026-10-08T10:08:14
APTOS2019/train_images/train_images/289a47dcbb82.png,APTOS2019,right,2026-10-08T10:08:14
APTOS2019/train_images/train_images/28a4d00927b7.png,APTOS2019,right,2026-10-08T10:08:15
APTOS2019/train_images/train_images/28dc010a0780.png,APTOS2019,left,2026-10-08T10:08:15
APTOS2019/train_images/train_images/28f73575e1f2.png,APTOS2019,left,2026-10-08T10:08:16
APTOS2019/train_images/train_images/28f93cad89c5.png,APTOS2019,right,2026-10-08T10:08:16
APTOS2019/train_images/train_images/28f98cfe3858.png,APTOS2019,left,2026-10-08T10:08:18
APTOS2019/train_images/train_images/290ecdba359f.png,APTOS2019,right,2026-10-08T10:08:18
APTOS2019/train_images/train_images/29192375ab1b.png,APTOS2019,right,2026-10-08T10:08:19
APTOS2019/train_images/train_images/291e2ff3d834.png,APTOS2019,left,2026-10-08T10:08:20
APTOS2019/train_images/train_images/291f581d365e.png,APTOS2019,left,2026-10-08T10:08:27
APTOS2019/train_images/train_images/2923971566fe.png,APTOS2019,left,2026-10-08T10:08:27
APTOS2019/train_images/train_images/2927665214e1.png,APTOS2019,right,2026-10-08T10:08:28
APTOS2019/train_images/train_images/29580bed2f7d.png,APTOS2019,right,2026-10-08T10:08:28
APTOS2019/train_images/train_images/295fdc964f6e.png,APTOS2019,left,2026-10-08T10:08:29
APTOS2019/train_images/train_images/2967e578939f.png,APTOS2019,left,2026-10-08T10:08:33
APTOS2019/train_images/train_images/2974c6ad1d58.png,APTOS2019,left,2026-10-08T10:08:33
APTOS2019/train_images/train_images/299086c6d1b5.png,APTOS2019,right,2026-10-08T10:08:35
APTOS2019/train_images/train_images/2994f17f58a5.png,APTOS2019,right,2026-10-08T10:08:35
APTOS2019/train_images/train_images/29a13e666266.png,APTOS2019,left,2026-10-08T10:08:36
APTOS2019/train_images/train_images/29b52f64d2db.png,APTOS2019,left,2026-10-08T10:08:37
APTOS2019/train_images/train_images/29bc0e721cfe.png,APTOS2019,right,2026-10-08T10:08:39
APTOS2019/train_images/train_images/29d059522fa1.png,APTOS2019,right,2026-10-08T10:08:40
APTOS2019/train_images/train_images/29f44aea93a4.png,APTOS2019,left,2026-10-08T10:14:37
APTOS2019/train_images/train_images/29f9e1ac9507.png,APTOS2019,right,2026-10-08T10:14:39
APTOS2019/train_images/train_images/2a08ed6bbcbc.png,APTOS2019,left,2026-10-08T10:14:40
APTOS2019/train_images/train_images/2a099b247b10.png,APTOS2019,left,2026-10-08T10:14:41
APTOS2019/train_images/train_images/2a2274bcb00a.png,APTOS2019,right,2026-10-08T10:14:42
APTOS2019/train_images/train_images/2a2a6435f7f3.png,APTOS2019,right,2026-10-08T10:14:43
APTOS2019/train_images/train_images/2a3378bcfbcc.png,APTOS2019,left,2026-10-08T10:16:49
APTOS2019/train_images/train_images/2a3a1ed1c285.png,APTOS2019,left,2026-10-08T10:16:50
APTOS2019/train_images/train_images/2a4520f1f9a3.png,APTOS2019,right,2026-10-08T10:16:50
APTOS2019/train_images/train_images/2a47e5b21791.png,APTOS2019,right,2026-10-08T10:16:54
APTOS2019/train_images/train_images/2a5a8b744f08.png,APTOS2019,right,2026-10-08T10:16:55
APTOS2019/train_images/train_images/2a7373eeb352.png,APTOS2019,right,2026-10-08T10:16:56
APTOS2019/train_images/train_images/2a8a9e957a6c.png,APTOS2019,left,2026-10-08T10:16:57
APTOS2019/train_images/train_images/2a93334f663a.png,APTOS2019,left,2026-10-08T10:16:59
APTOS2019/train_images/train_images/2af1bf226f51.png,APTOS2019,right,2026-10-08T10:17:00
APTOS2019/train_images/train_images/2b074afdf626.png,APTOS2019,right,2026-10-08T18:52:24
APTOS2019/train_images/train_images/2b07790a2422.png,APTOS2019,right,2026-10-08T18:52:25
APTOS2019/train_images/train_images/2b10f138e67d.png,APTOS2019,right,2026-10-08T18:52:25
APTOS2019/train_images/train_images/2b21d293fdf2.png,APTOS2019,left,2026-10-08T18:52:28
APTOS2019/train_images/train_images/2b2f5a0f880d.png,APTOS2019,left,2026-10-08T18:52:32
APTOS2019/train_images/train_images/2b3a4a81d748.png,APTOS2019,left,2026-10-08T18:52:33
APTOS2019/train_images/train_images/2b48daf24be0.png,APTOS2019,right,2026-10-08T18:52:37
APTOS2019/train_images/train_images/2b4c7b5f1f1e.png,APTOS2019,left,2026-10-08T18:52:38
APTOS2019/train_images/train_images/2b5bb6d33959.png,APTOS2019,left,2026-10-08T18:52:38
APTOS2019/train_images/train_images/2b88cb6e31cd.png,APTOS2019,right,2026-10-08T18:52:39
APTOS2019/train_images/train_images/2ba0b0d9bda2.png,APTOS2019,right,2026-10-08T18:52:40
APTOS2019/train_images/train_images/2bb063318cf1.png,APTOS2019,left,2026-10-08T18:52:41
APTOS2019/train_images/train_images/2bb3c492d6d3.png,APTOS2019,left,2026-10-08T19:03:34
APTOS2019/train_images/train_images/2bbcfdc477db.png,APTOS2019,left,2026-10-08T19:03:35
APTOS2019/train_images/train_images/2bbd1f99ecc3.png,APTOS2019,right,2026-10-08T19:03:36
APTOS2019/train_images/train_images/2bd4d4fbed5c.png,APTOS2019,right,2026-10-08T19:03:37
APTOS2019/train_images/train_images/2c1d5be654dd.png,APTOS2019,right,2026-10-08T19:03:37
APTOS2019/train_images/train_images/2c2aa057afc5.png,APTOS2019,right,2026-10-08T19:03:38
APTOS2019/train_images/train_images/2c77bf969079.png,APTOS2019,left,2026-10-08T19:03:39
APTOS2019/train_images/train_images/2c8101f14723.png,APTOS2019,right,2026-10-08T19:03:40
APTOS2019/train_images/train_images/2c827005b8f8.png,APTOS2019,right,2026-10-08T19:03:41
APTOS2019/train_images/train_images/2c9dfc270f1b.png,APTOS2019,left,2026-10-08T19:03:42
APTOS2019/train_images/train_images/2cacdb0dffae.png,APTOS2019,left,2026-10-08T19:03:42
APTOS2019/train_images/train_images/2cbfc6182ba2.png,APTOS2019,left,2026-10-08T19:03:43
APTOS2019/train_images/train_images/2cceb07ff706.png,APTOS2019,left,2026-10-08T19:03:43
APTOS2019/train_images/train_images/2cdcc910778d.png,APTOS2019,left,2026-10-08T19:03:44
APTOS2019/train_images/train_images/2cef97083e6f.png,APTOS2019,left,2026-10-08T19:03:45
APTOS2019/train_images/train_images/2cf18033da31.png,APTOS2019,right,2026-10-08T19:03:46
APTOS2019/train_images/train_images/2cfe8703f265.png,APTOS2019,right,2026-10-08T19:03:47
APTOS2019/train_images/train_images/2d04cead4d3a.png,APTOS2019,left,2026-10-08T19:03:48
APTOS2019/train_images/train_images/2d07162a13b1.png,APTOS2019,left,2026-10-08T19:03:49
APTOS2019/train_images/train_images/2d3f4094c08a.png,APTOS2019,right,2026-10-08T19:03:50
APTOS2019/train_images/train_images/2d552318eb07.png,APTOS2019,left,2026-10-08T19:03:51
APTOS2019/train_images/train_images/2d558de2cabe.png,APTOS2019,left,2026-10-08T19:03:51
APTOS2019/train_images/train_images/2d7666b8884f.png,APTOS2019,left,2026-10-08T19:03:52
APTOS2019/train_images/train_images/2d870833c0c9.png,APTOS2019,right,2026-10-08T19:03:53
APTOS2019/train_images/train_images/2d9d97a6e713.png,APTOS2019,left,2026-10-08T19:03:54
APTOS2019/train_images/train_images/2da82d14e1b7.png,APTOS2019,left,2026-10-08T19:03:55
APTOS2019/train_images/train_images/2db0cd3e30da.png,APTOS2019,left,2026-10-08T19:03:58
APTOS2019/train_images/train_images/2dc647e00ad3.png,APTOS2019,left,2026-10-08T19:03:58
APTOS2019/train_images/train_images/2dd28ac497d2.png,APTOS2019,right,2026-10-08T19:03:59
APTOS2019/train_images/train_images/2df07eb5779f.png,APTOS2019,left,2026-10-08T19:04:00
APTOS2019/train_images/train_images/2e26762daed5.png,APTOS2019,left,2026-10-08T19:04:01
APTOS2019/train_images/train_images/2e79041ef722.png,APTOS2019,right,2026-10-08T19:04:02
APTOS2019/train_images/train_images/2eba4279e503.png,APTOS2019,left,2026-10-08T19:04:03
APTOS2019/train_images/train_images/2ecbc2e3f239.png,APTOS2019,right,2026-10-08T19:04:04
APTOS2019/train_images/train_images/2ef10194e80d.png,APTOS2019,left,2026-10-08T19:04:07
APTOS2019/train_images/train_images/2ef4a04aed1b.png,APTOS2019,right,2026-10-08T19:04:10
APTOS2019/train_images/train_images/2ef955d6d9ff.png,APTOS2019,right,2026-10-08T19:04:11
APTOS2019/train_images/train_images/2f143453bb71.png,APTOS2019,right,2026-10-08T19:04:13
APTOS2019/train_images/train_images/2f284b6a1940.png,APTOS2019,left,2026-10-08T19:04:14
APTOS2019/train_images/train_images/2f2e1949ad56.png,APTOS2019,right,2026-10-08T19:04:15
APTOS2019/train_images/train_images/2f42e20db938.png,APTOS2019,left,2026-10-08T19:04:16
APTOS2019/train_images/train_images/2f4e81787d9b.png,APTOS2019,left,2026-10-08T19:04:17
APTOS2019/train_images/train_images/2f5c9cdfb333.png,APTOS2019,right,2026-10-08T19:04:20
APTOS2019/train_images/train_images/2f7789c1e046.png,APTOS2019,left,2026-10-08T19:04:21
APTOS2019/train_images/train_images/2f7fbdcc9a4b.png,APTOS2019,left,2026-10-08T19:04:23
APTOS2019/train_images/train_images/2f81ee5f2926.png,APTOS2019,right,2026-10-08T19:04:26
APTOS2019/train_images/train_images/2f8d14a7d390.png,APTOS2019,right,2026-10-08T19:04:27
APTOS2019/train_images/train_images/2f9b66784109.png,APTOS2019,right,2026-10-08T19:04:27
APTOS2019/train_images/train_images/2fb3a8606a77.png,APTOS2019,left,2026-10-08T19:04:28
APTOS2019/train_images/train_images/2fde69f20585.png,APTOS2019,right,2026-10-08T19:04:30
APTOS2019/train_images/train_images/2fdfb80ea53c.png,APTOS2019,left,2026-10-08T19:04:31
APTOS2019/train_images/train_images/2fdffb6160a6.png,APTOS2019,left,2026-10-08T19:04:31
APTOS2019/train_images/train_images/2fe06bedb2c4.png,APTOS2019,left,2026-10-08T19:04:32
APTOS2019/train_images/train_images/2fefb720869a.png,APTOS2019,left,2026-10-08T19:04:32
APTOS2019/train_images/train_images/300305ce82d2.png,APTOS2019,left,2026-10-08T19:04:33
APTOS2019/train_images/train_images/30263a7d5609.png,APTOS2019,right,2026-10-08T19:04:34
APTOS2019/train_images/train_images/302bcdb635ff.png,APTOS2019,right,2026-10-08T19:04:34
APTOS2019/train_images/train_images/3044022c6969.png,APTOS2019,right,2026-10-08T19:04:35
APTOS2019/train_images/train_images/306c841af3fc.png,APTOS2019,right,2026-10-08T19:04:35
APTOS2019/train_images/train_images/3079490a4b9c.png,APTOS2019,left,2026-10-08T19:04:36
APTOS2019/train_images/train_images/308f7fce6f0d.png,APTOS2019,left,2026-10-08T19:04:37
APTOS2019/train_images/train_images/30941b65348b.png,APTOS2019,left,2026-10-08T19:04:37
APTOS2019/train_images/train_images/30cab14951ac.png,APTOS2019,right,2026-10-08T19:04:38
APTOS2019/train_images/train_images/30db694bee42.png,APTOS2019,left,2026-10-08T19:04:39
APTOS2019/train_images/train_images/310c27067ac0.png,APTOS2019,right,2026-10-08T19:04:40
APTOS2019/train_images/train_images/312694ea8e6a.png,APTOS2019,right,2026-10-08T19:04:41
APTOS2019/train_images/train_images/3128eb593012.png,APTOS2019,left,2026-10-08T19:04:43
APTOS2019/train_images/train_images/3132556f5352.png,APTOS2019,right,2026-10-08T19:04:44
APTOS2019/train_images/train_images/31360e44ac64.png,APTOS2019,right,2026-10-08T19:04:45
APTOS2019/train_images/train_images/31452ad8808c.png,APTOS2019,right,2026-10-08T19:04:45
APTOS2019/train_images/train_images/314862758acf.png,APTOS2019,right,2026-10-08T19:04:46
APTOS2019/train_images/train_images/315c1a0d87fd.png,APTOS2019,left,2026-10-08T19:04:46
APTOS2019/train_images/train_images/31616ff6b53b.png,APTOS2019,right,2026-10-08T19:04:50
APTOS2019/train_images/train_images/3178559fbf57.png,APTOS2019,right,2026-10-08T19:04:51
APTOS2019/train_images/train_images/318eb706a134.png,APTOS2019,right,2026-10-08T19:04:51
APTOS2019/train_images/train_images/31b5d6fb0256.png,APTOS2019,right,2026-10-08T19:04:52
APTOS2019/train_images/train_images/31cb39681f6a.png,APTOS2019,right,2026-10-08T19:04:53
APTOS2019/train_images/train_images/3206171db5be.png,APTOS2019,right,2026-10-08T19:04:54
APTOS2019/train_images/train_images/3218a6d8eb2c.png,APTOS2019,right,2026-10-08T19:04:58
APTOS2019/train_images/train_images/3232b34cbe99.png,APTOS2019,left,2026-10-08T20:15:25
APTOS2019/train_images/train_images/3246f07e65b4.png,APTOS2019,left,2026-10-08T20:15:26
APTOS2019/train_images/train_images/3254e48c8aa0.png,APTOS2019,right,2026-10-08T20:15:27
APTOS2019/train_images/train_images/3286073a976e.png,APTOS2019,right,2026-10-08T20:15:28
APTOS2019/train_images/train_images/328d141ed3aa.png,APTOS2019,left,2026-10-08T20:15:30
APTOS2019/train_images/train_images/32a3eb37ff40.png,APTOS2019,right,2026-10-08T20:39:52
APTOS2019/train_images/train_images/32d7d360d891.png,APTOS2019,right,2026-10-08T20:39:53
APTOS2019/train_images/train_images/32ed318235b8.png,APTOS2019,left,2026-10-08T20:39:53
APTOS2019/train_images/train_images/33105f9b3a04.png,APTOS2019,right,2026-10-08T20:39:55
APTOS2019/train_images/train_images/331121c65e88.png,APTOS2019,right,2026-10-08T20:39:56
APTOS2019/train_images/train_images/331b87d1b9d1.png,APTOS2019,right,2026-10-08T20:39:56
APTOS2019/train_images/train_images/3323fd59782e.png,APTOS2019,left,2026-10-08T20:39:58
APTOS2019/train_images/train_images/3325b1fe55d2.png,APTOS2019,left,2026-10-08T20:39:59
APTOS2019/train_images/train_images/33596a635b53.png,APTOS2019,right,2026-10-08T20:40:01
APTOS2019/train_images/train_images/33778d136069.png,APTOS2019,right,2026-10-08T20:40:02
APTOS2019/train_images/train_images/338326891d84.png,APTOS2019,right,2026-10-08T20:40:02
APTOS2019/train_images/train_images/33b893e18eb3.png,APTOS2019,left,2026-10-08T20:40:04
APTOS2019/train_images/train_images/33b91def2035.png,APTOS2019,left,2026-10-08T20:40:04
APTOS2019/train_images/train_images/33b978734eab.png,APTOS2019,right,2026-10-08T20:40:05
APTOS2019/train_images/train_images/33d72035c27a.png,APTOS2019,left,2026-10-08T20:40:08
APTOS2019/train_images/train_images/33e7bf536fc5.png,APTOS2019,left,2026-10-08T20:40:09
APTOS2019/train_images/train_images/33e8e26a75d4.png,APTOS2019,left,2026-10-08T20:40:09
APTOS2019/train_images/train_images/33ffddea8c6e.png,APTOS2019,right,2026-10-08T20:40:10
APTOS2019/train_images/train_images/3402124408ea.png,APTOS2019,right,2026-10-08T20:40:11
APTOS2019/train_images/train_images/3428230bf1bd.png,APTOS2019,left,2026-10-08T20:40:12
APTOS2019/train_images/train_images/342edf9b889d.png,APTOS2019,right,2026-10-08T20:40:13
APTOS2019/train_images/train_images/3435fd8675a2.png,APTOS2019,left,2026-10-08T20:40:14
APTOS2019/train_images/train_images/345b1f0abbba.png,APTOS2019,left,2026-10-08T20:40:15
APTOS2019/train_images/train_images/3461dc601cc2.png,APTOS2019,left,2026-10-08T20:40:16
APTOS2019/train_images/train_images/34723fae6475.png,APTOS2019,left,2026-10-08T20:40:17
APTOS2019/train_images/train_images/348598d01e18.png,APTOS2019,left,2026-10-08T20:40:17
APTOS2019/train_images/train_images/3486f7096276.png,APTOS2019,left,2026-10-08T20:40:18
APTOS2019/train_images/train_images/349f3c0ac83e.png,APTOS2019,right,2026-10-08T20:40:19
APTOS2019/train_images/train_images/34a7dbd3f05c.png,APTOS2019,left,2026-10-08T20:40:20
APTOS2019/train_images/train_images/34acae864963.png,APTOS2019,right,2026-10-08T20:40:21
APTOS2019/train_images/train_images/351e842842a2.png,APTOS2019,right,2026-10-08T20:40:33
APTOS2019/train_images/train_images/352e4a939242.png,APTOS2019,right,2026-10-08T20:40:35
APTOS2019/train_images/train_images/35362d43e753.png,APTOS2019,right,2026-10-08T20:40:35
APTOS2019/train_images/train_images/354b8911d6ed.png,APTOS2019,right,2026-10-08T20:40:36
APTOS2019/train_images/train_images/356304d15a5c.png,APTOS2019,right,2026-10-08T20:40:36
APTOS2019/train_images/train_images/35777eb7859d.png,APTOS2019,left,2026-10-08T20:40:37
APTOS2019/train_images/train_images/357f02a779d7.png,APTOS2019,left,2026-10-08T20:40:37
APTOS2019/train_images/train_images/3580a545016d.png,APTOS2019,left,2026-10-08T20:40:38
APTOS2019/train_images/train_images/358d2224de73.png,APTOS2019,left,2026-10-08T20:40:38
APTOS2019/train_images/train_images/3599029efeb3.png,APTOS2019,right,2026-10-08T20:40:39
APTOS2019/train_images/train_images/359bab5d784b.png,APTOS2019,right,2026-10-08T20:40:40
APTOS2019/train_images/train_images/35aa7f5c2ec0.png,APTOS2019,left,2026-10-08T20:40:40
APTOS2019/train_images/train_images/35ac70c0d08f.png,APTOS2019,right,2026-10-08T20:40:41
APTOS2019/train_images/train_images/35beb47fe159.png,APTOS2019,right,2026-10-08T20:40:42
APTOS2019/train_images/train_images/35cd9832fc0a.png,APTOS2019,left,2026-10-08T20:40:47
APTOS2019/train_images/train_images/35d6c4c50072.png,APTOS2019,left,2026-10-08T20:40:48
APTOS2019/train_images/train_images/35df2bc6ae95.png,APTOS2019,left,2026-10-08T20:40:49
APTOS2019/train_images/train_images/3601dac9bed7.png,APTOS2019,right,2026-10-08T20:40:50
APTOS2019/train_images/train_images/36041171f441.png,APTOS2019,left,2026-10-08T20:40:51
APTOS2019/train_images/train_images/360832d84ce0.png,APTOS2019,left,2026-10-08T20:40:52
APTOS2019/train_images/train_images/362c4a96cebb.png,APTOS2019,left,2026-10-08T20:40:52
APTOS2019/train_images/train_images/365f8c01d994.png,APTOS2019,right,2026-10-08T20:40:53
APTOS2019/train_images/train_images/36677b70b1ef.png,APTOS2019,left,2026-10-08T20:40:54
APTOS2019/train_images/train_images/367c7049929c.png,APTOS2019,right,2026-10-08T20:40:55
APTOS2019/train_images/train_images/36865bbc64d6.png,APTOS2019,left,2026-10-08T20:40:56
APTOS2019/train_images/train_images/369229040a34.png,APTOS2019,left,2026-10-08T20:40:57
APTOS2019/train_images/train_images/3694e8c8e09a.png,APTOS2019,left,2026-10-08T20:40:57
APTOS2019/train_images/train_images/36a1e3c780a0.png,APTOS2019,left,2026-10-08T20:40:58
APTOS2019/train_images/train_images/36b5b3c9fb32.png,APTOS2019,right,2026-10-08T20:40:59
APTOS2019/train_images/train_images/36e4b704b905.png,APTOS2019,right,2026-10-08T20:41:00
APTOS2019/train_images/train_images/36ec36c301c1.png,APTOS2019,right,2026-10-08T20:41:01
APTOS2019/train_images/train_images/370f575adb23.png,APTOS2019,right,2026-10-08T20:41:01
APTOS2019/train_images/train_images/3710ff45299c.png,APTOS2019,left,2026-10-08T20:41:03
APTOS2019/train_images/train_images/3730c322d35b.png,APTOS2019,right,2026-10-08T20:41:04
APTOS2019/train_images/train_images/3732de8b416f.png,APTOS2019,right,2026-10-08T20:41:05
APTOS2019/train_images/train_images/374535e0adb8.png,APTOS2019,right,2026-10-08T20:41:11
APTOS2019/train_images/train_images/3748349334f6.png,APTOS2019,left,2026-10-08T20:41:12
APTOS2019/train_images/train_images/378963f9df22.png,APTOS2019,right,2026-10-08T20:41:13
APTOS2019/train_images/train_images/3796af4d987a.png,APTOS2019,right,2026-10-08T20:41:14
APTOS2019/train_images/train_images/37c4dfe03aba.png,APTOS2019,left,2026-10-08T20:41:15
APTOS2019/train_images/train_images/37c523296d42.png,APTOS2019,right,2026-10-08T20:41:16
APTOS2019/train_images/train_images/37de05ef12a5.png,APTOS2019,left,2026-10-08T20:41:18
APTOS2019/train_images/train_images/38055d8b9f08.png,APTOS2019,left,2026-10-08T20:41:18
APTOS2019/train_images/train_images/3810040096cb.png,APTOS2019,right,2026-10-08T20:41:19
APTOS2019/train_images/train_images/3823acc4e464.png,APTOS2019,left,2026-10-08T20:41:20
APTOS2019/train_images/train_images/382752f6694a.png,APTOS2019,left,2026-10-08T20:41:21
APTOS2019/train_images/train_images/38373431d996.png,APTOS2019,right,2026-10-08T20:41:22
APTOS2019/train_images/train_images/383e72af1955.png,APTOS2019,right,2026-10-08T20:41:23
APTOS2019/train_images/train_images/384631079d1e.png,APTOS2019,left,2026-10-08T20:41:24
APTOS2019/train_images/train_images/38487e1a5b1f.png,APTOS2019,left,2026-10-08T20:41:24
APTOS2019/train_images/train_images/384db24ebbd7.png,APTOS2019,right,2026-10-08T20:41:26
APTOS2019/train_images/train_images/384e6c915722.png,APTOS2019,right,2026-10-08T20:41:27
APTOS2019/train_images/train_images/387138ddf43d.png,APTOS2019,right,2026-10-08T20:41:27
APTOS2019/train_images/train_images/388279491b5d.png,APTOS2019,right,2026-10-08T20:41:28
APTOS2019/train_images/train_images/388f12e8df0b.png,APTOS2019,left,2026-10-08T20:41:29
APTOS2019/train_images/train_images/389552047476.png,APTOS2019,left,2026-10-08T20:41:30
APTOS2019/train_images/train_images/38b9bb961847.png,APTOS2019,right,2026-10-08T20:41:31
APTOS2019/train_images/train_images/38c7153457e2.png,APTOS2019,right,2026-10-08T20:41:31
APTOS2019/train_images/train_images/38e0e28d35d3.png,APTOS2019,left,2026-10-08T20:41:32
APTOS2019/train_images/train_images/38e111cac46f.png,APTOS2019,left,2026-10-08T20:41:33
APTOS2019/train_images/train_images/38f1901f214a.png,APTOS2019,right,2026-10-08T20:41:34
APTOS2019/train_images/train_images/38fe9f854046.png,APTOS2019,right,2026-10-08T20:41:35
APTOS2019/train_images/train_images/3908b3cfd620.png,APTOS2019,right,2026-10-08T20:41:35
APTOS2019/train_images/train_images/39134907127a.png,APTOS2019,left,2026-10-08T20:41:37
APTOS2019/train_images/train_images/393fa5a023a5.png,APTOS2019,left,2026-10-08T20:41:37
APTOS2019/train_images/train_images/39923b29988a.png,APTOS2019,right,2026-10-08T20:41:39
APTOS2019/train_images/train_images/39aa3cd93c50.png,APTOS2019,right,2026-10-08T20:41:39
APTOS2019/train_images/train_images/39b5b05d6cd9.png,APTOS2019,left,2026-10-08T20:41:40
APTOS2019/train_images/train_images/39f8935185e6.png,APTOS2019,right,2026-10-08T20:41:41
APTOS2019/train_images/train_images/39fd8ef3a45c.png,APTOS2019,left,2026-10-08T20:41:43
APTOS2019/train_images/train_images/3a122851e526.png,APTOS2019,right,2026-10-08T20:41:44
APTOS2019/train_images/train_images/3a1d3ce00f0c.png,APTOS2019,left,2026-10-08T20:41:45
APTOS2019/train_images/train_images/3a1ecf5e2839.png,APTOS2019,right,2026-10-08T20:41:46
APTOS2019/train_images/train_images/3a4cfea0a766.png,APTOS2019,right,2026-10-08T20:41:47
APTOS2019/train_images/train_images/3a61e690f4bb.png,APTOS2019,right,2026-10-08T20:41:48
APTOS2019/train_images/train_images/3a643599f852.png,APTOS2019,right,2026-10-08T20:41:48
APTOS2019/train_images/train_images/3a6e9730b298.png,APTOS2019,right,2026-10-08T20:41:49
APTOS2019/train_images/train_images/3aa2b1ce6700.png,APTOS2019,left,2026-10-08T20:41:51
APTOS2019/train_images/train_images/3abac0961bfd.png,APTOS2019,left,2026-10-08T20:41:51
APTOS2019/train_images/train_images/3ac3fbfca7d4.png,APTOS2019,right,2026-10-08T20:41:52
APTOS2019/train_images/train_images/3ac92ac3d65a.png,APTOS2019,right,2026-10-08T20:41:53
APTOS2019/train_images/train_images/3af9aaa880e9.png,APTOS2019,left,2026-10-08T20:41:54
APTOS2019/train_images/train_images/3b018e8b7303.png,APTOS2019,left,2026-10-08T20:41:55
APTOS2019/train_images/train_images/3b0190bbe615.png,APTOS2019,left,2026-10-08T20:41:55
APTOS2019/train_images/train_images/3b10191dfd25.png,APTOS2019,left,2026-10-08T20:41:56
APTOS2019/train_images/train_images/3b185ac445d0.png,APTOS2019,right,2026-10-08T20:41:57
APTOS2019/train_images/train_images/3b232b394e4f.png,APTOS2019,right,2026-10-08T20:41:58
APTOS2019/train_images/train_images/3b2b91590590.png,APTOS2019,right,2026-10-08T20:41:58
APTOS2019/train_images/train_images/3b4a5fcbe5e0.png,APTOS2019,left,2026-10-08T20:41:59
APTOS2019/train_images/train_images/3b58b02c89ed.png,APTOS2019,left,2026-10-08T20:42:00
APTOS2019/train_images/train_images/3b5dffe159b6.png,APTOS2019,right,2026-10-08T20:42:01
APTOS2019/train_images/train_images/3b73a3a4a734.png,APTOS2019,right,2026-10-08T20:42:02
APTOS2019/train_images/train_images/3b9817a39adf.png,APTOS2019,right,2026-10-08T20:42:03
APTOS2019/train_images/train_images/3b9c1f42c2f2.png,APTOS2019,right,2026-10-08T20:42:03
APTOS2019/train_images/train_images/3bf2deaa5ef0.png,APTOS2019,left,2026-10-08T20:42:04
APTOS2019/train_images/train_images/3bf3085ac167.png,APTOS2019,left,2026-10-08T20:42:05
APTOS2019/train_images/train_images/3c1efa38d0da.png,APTOS2019,left,2026-10-08T20:42:06
APTOS2019/train_images/train_images/3c28fd846b43.png,APTOS2019,left,2026-10-08T20:42:06
APTOS2019/train_images/train_images/3c311c9109b0.png,APTOS2019,right,2026-10-08T20:42:07
APTOS2019/train_images/train_images/3c326543fff6.png,APTOS2019,right,2026-10-08T20:42:08
APTOS2019/train_images/train_images/3c42512c81e0.png,APTOS2019,right,2026-10-08T20:42:09
APTOS2019/train_images/train_images/3c53198519f7.png,APTOS2019,right,2026-10-08T20:42:09
APTOS2019/train_images/train_images/3c726de3ee90.png,APTOS2019,left,2026-10-08T20:42:10
APTOS2019/train_images/train_images/3c72f580d4ba.png,APTOS2019,left,2026-10-08T20:42:11
APTOS2019/train_images/train_images/3c78bfca247b.png,APTOS2019,left,2026-10-08T20:42:12
APTOS2019/train_images/train_images/3c9529918097.png,APTOS2019,right,2026-10-08T20:42:13
APTOS2019/train_images/train_images/3ca12e02dd4e.png,APTOS2019,right,2026-10-08T20:42:14
APTOS2019/train_images/train_images/3ca637fddd56.png,APTOS2019,left,2026-10-08T20:42:15
APTOS2019/train_images/train_images/3ca8be3b40d6.png,APTOS2019,right,2026-10-08T20:42:16
APTOS2019/train_images/train_images/3cab32dd6ef9.png,APTOS2019,left,2026-10-08T20:42:17
APTOS2019/train_images/train_images/3ccf96c1dd6d.png,APTOS2019,right,2026-10-08T20:42:18
APTOS2019/train_images/train_images/3cd801ffdbf0.png,APTOS2019,right,2026-10-08T20:42:19
APTOS2019/train_images/train_images/3cd9713c0ecb.png,APTOS2019,left,2026-10-08T20:42:20
APTOS2019/train_images/train_images/3cdda8b3df19.png,APTOS2019,left,2026-10-08T20:42:20
APTOS2019/train_images/train_images/3cdef7c591cc.png,APTOS2019,right,2026-10-08T20:42:22
APTOS2019/train_images/train_images/3ce2f8a77a32.png,APTOS2019,right,2026-10-08T20:42:22
APTOS2019/train_images/train_images/3d2ecffe0386.png,APTOS2019,right,2026-10-08T20:42:23
APTOS2019/train_images/train_images/3d3e288d490e.png,APTOS2019,left,2026-10-08T20:42:24
APTOS2019/train_images/train_images/3d663a6a50a3.png,APTOS2019,right,2026-10-08T20:42:25
APTOS2019/train_images/train_images/3dbc90c7ee7d.png,APTOS2019,right,2026-10-08T22:27:26
APTOS2019/train_images/train_images/3dbfbc11e105.png,APTOS2019,left,2026-10-08T20:43:28
APTOS2019/train_images/train_images/3ddb86eb530e.png,APTOS2019,left,2026-10-08T20:43:29
APTOS2019/train_images/train_images/3de8ad4151e1.png,APTOS2019,right,2026-10-08T20:43:30
APTOS2019/train_images/train_images/3dec415b188a.png,APTOS2019,right,2026-10-08T20:43:31
APTOS2019/train_images/train_images/3dfc50108072.png,APTOS2019,right,2026-10-08T20:43:38
APTOS2019/train_images/train_images/3e1f8fecb06f.png,APTOS2019,right,2026-10-08T20:43:38
APTOS2019/train_images/train_images/3e3a3955b9c5.png,APTOS2019,right,2026-10-08T20:43:39
APTOS2019/train_images/train_images/3e61703b5ab2.png,APTOS2019,right,2026-10-08T20:43:40
APTOS2019/train_images/train_images/3e6bfc4d5c65.png,APTOS2019,right,2026-10-08T20:43:40
APTOS2019/train_images/train_images/3e86335bc2fd.png,APTOS2019,right,2026-10-08T20:43:41
APTOS2019/train_images/train_images/3ee17aa12e46.png,APTOS2019,right,2026-10-08T20:43:42
APTOS2019/train_images/train_images/3ee4841936ef.png,APTOS2019,left,2026-10-08T20:43:44
APTOS2019/train_images/train_images/3f0d3629d69e.png,APTOS2019,right,2026-10-08T20:43:45
APTOS2019/train_images/train_images/3f3de2a6b0f5.png,APTOS2019,right,2026-10-08T20:43:46
APTOS2019/train_images/train_images/3f44d749cd0b.png,APTOS2019,right,2026-10-08T20:43:47
APTOS2019/train_images/train_images/3f47f83217b5.png,APTOS2019,right,2026-10-08T20:43:48
APTOS2019/train_images/train_images/3f49f8d100e9.png,APTOS2019,right,2026-10-08T20:43:48
APTOS2019/train_images/train_images/3f5b4c2948e8.png,APTOS2019,left,2026-10-08T20:43:50
APTOS2019/train_images/train_images/3f6bccf21ce8.png,APTOS2019,left,2026-10-08T20:43:50
APTOS2019/train_images/train_images/3f6c627e2ff2.png,APTOS2019,right,2026-10-08T20:43:51
APTOS2019/train_images/train_images/3f73c91b7e32.png,APTOS2019,left,2026-10-08T20:43:53
APTOS2019/train_images/train_images/3f752fcccec0.png,APTOS2019,right,2026-10-08T20:43:54
APTOS2019/train_images/train_images/3f82631e9080.png,APTOS2019,left,2026-10-08T20:43:54
APTOS2019/train_images/train_images/3f8d5c940ba4.png,APTOS2019,right,2026-10-08T20:43:56
APTOS2019/train_images/train_images/3f98be586fe3.png,APTOS2019,left,2026-10-08T20:43:57
APTOS2019/train_images/train_images/3fa4f4d77177.png,APTOS2019,right,2026-10-08T20:43:58
APTOS2019/train_images/train_images/3fc219927a97.png,APTOS2019,right,2026-10-08T20:43:58
APTOS2019/train_images/train_images/3fd45879afe6.png,APTOS2019,right,2026-10-08T20:43:59
APTOS2019/train_images/train_images/3fd7df6099e3.png,APTOS2019,right,2026-10-08T20:43:59
APTOS2019/train_images/train_images/3fe282197c1c.png,APTOS2019,right,2026-10-08T20:44:00
APTOS2019/train_images/train_images/3ffa14d60b24.png,APTOS2019,left,2026-10-08T20:44:01
APTOS2019/train_images/train_images/40140a925c43.png,APTOS2019,left,2026-10-08T20:44:02
APTOS2019/train_images/train_images/401fdfd0db07.png,APTOS2019,left,2026-10-08T20:44:02
APTOS2019/train_images/train_images/4029d70e9d8a.png,APTOS2019,left,2026-10-08T20:44:03
APTOS2019/train_images/train_images/4036471a1bb7.png,APTOS2019,right,2026-10-08T20:44:04
APTOS2019/train_images/train_images/404ede327e98.png,APTOS2019,left,2026-10-08T20:44:05
APTOS2019/train_images/train_images/405085b53d7b.png,APTOS2019,left,2026-10-08T20:44:06
APTOS2019/train_images/train_images/40527a5e95dd.png,APTOS2019,left,2026-10-08T20:44:07
APTOS2019/train_images/train_images/405b4f78658f.png,APTOS2019,left,2026-10-08T20:44:07
APTOS2019/train_images/train_images/408ea9d5e082.png,APTOS2019,right,2026-10-08T20:44:08
APTOS2019/train_images/train_images/40c24aded50c.png,APTOS2019,left,2026-10-08T20:44:10
APTOS2019/train_images/train_images/40dd4e6e4444.png,APTOS2019,left,2026-10-08T20:44:10
APTOS2019/train_images/train_images/40e9b5630438.png,APTOS2019,right,2026-10-08T20:44:11
APTOS2019/train_images/train_images/41345cec5957.png,APTOS2019,right,2026-10-08T20:44:12
APTOS2019/train_images/train_images/4134b290f5f3.png,APTOS2019,right,2026-10-08T20:44:13
APTOS2019/train_images/train_images/4145dcb25053.png,APTOS2019,left,2026-10-08T20:44:14
APTOS2019/train_images/train_images/4158c340fa49.png,APTOS2019,left,2026-10-08T20:44:15
APTOS2019/train_images/train_images/415d5c5e785f.png,APTOS2019,right,2026-10-08T20:44:16
APTOS2019/train_images/train_images/415f2d2bd2a1.png,APTOS2019,right,2026-10-08T20:44:17
APTOS2019/train_images/train_images/417f408ee8e0.png,APTOS2019,right,2026-10-08T20:44:21
APTOS2019/train_images/train_images/4189d4e631ec.png,APTOS2019,left,2026-10-08T20:44:23
APTOS2019/train_images/train_images/419406328dcd.png,APTOS2019,right,2026-10-08T20:44:30
APTOS2019/train_images/train_images/41960d5f58c2.png,APTOS2019,right,2026-10-08T20:44:31
APTOS2019/train_images/train_images/41ab357d103f.png,APTOS2019,right,2026-10-08T20:44:31
APTOS2019/train_images/train_images/4205e9deb058.png,APTOS2019,right,2026-10-08T20:44:36
APTOS2019/train_images/train_images/4210809074c1.png,APTOS2019,right,2026-10-08T20:44:36
APTOS2019/train_images/train_images/423abbaa5fad.png,APTOS2019,right,2026-10-08T20:44:37
APTOS2019/train_images/train_images/4242c0d87f57.png,APTOS2019,left,2026-10-08T20:44:39
APTOS2019/train_images/train_images/4246ed634f25.png,APTOS2019,right,2026-10-08T20:44:40
APTOS2019/train_images/train_images/4276b82e4489.png,APTOS2019,left,2026-10-08T20:44:41
APTOS2019/train_images/train_images/4289af3afbd2.png,APTOS2019,right,2026-10-08T20:44:44
APTOS2019/train_images/train_images/4294a14c656a.png,APTOS2019,right,2026-10-08T20:44:44
APTOS2019/train_images/train_images/42985aa2e32f.png,APTOS2019,right,2026-10-08T20:44:45
APTOS2019/train_images/train_images/42a67337fa8e.png,APTOS2019,left,2026-10-08T20:44:48
APTOS2019/train_images/train_images/42a850acd2ac.png,APTOS2019,left,2026-10-08T20:44:49
APTOS2019/train_images/train_images/42af7282349b.png,APTOS2019,right,2026-10-08T20:44:51
APTOS2019/train_images/train_images/42b08dca9b2f.png,APTOS2019,left,2026-10-08T20:44:53
APTOS2019/train_images/train_images/42b93b574f23.png,APTOS2019,right,2026-10-08T20:44:54
APTOS2019/train_images/train_images/42b9c1977681.png,APTOS2019,right,2026-10-08T20:44:55
APTOS2019/train_images/train_images/42c65af5ab16.png,APTOS2019,right,2026-10-08T20:44:56
APTOS2019/train_images/train_images/42cc993f23a9.png,APTOS2019,left,2026-10-08T20:44:57
APTOS2019/train_images/train_images/4318b6adeb97.png,APTOS2019,left,2026-10-08T20:44:58
APTOS2019/train_images/train_images/4350a1b2f3cb.png,APTOS2019,left,2026-10-08T20:44:58
APTOS2019/train_images/train_images/435414ccccf7.png,APTOS2019,left,2026-10-08T20:44:59
APTOS2019/train_images/train_images/435d900fa7b2.png,APTOS2019,left,2026-10-08T20:45:00
APTOS2019/train_images/train_images/4360a112db10.png,APTOS2019,right,2026-10-08T20:45:01
APTOS2019/train_images/train_images/436e1793d240.png,APTOS2019,left,2026-10-08T20:45:03
APTOS2019/train_images/train_images/436e7a7af761.png,APTOS2019,right,2026-10-08T20:45:07
APTOS2019/train_images/train_images/436fa3fd145a.png,APTOS2019,right,2026-10-08T20:45:08
APTOS2019/train_images/train_images/437900a99871.png,APTOS2019,right,2026-10-08T20:45:09
APTOS2019/train_images/train_images/437cbec4a3f8.png,APTOS2019,right,2026-10-08T20:45:10
APTOS2019/train_images/train_images/43823561c3f0.png,APTOS2019,right,2026-10-08T20:45:10
APTOS2019/train_images/train_images/4384fa687afa.png,APTOS2019,left,2026-10-08T20:45:12
APTOS2019/train_images/train_images/4393c5bc576a.png,APTOS2019,right,2026-10-08T20:45:13
APTOS2019/train_images/train_images/43bc7c066dfb.png,APTOS2019,left,2026-10-08T20:45:14
APTOS2019/train_images/train_images/43ddd0ab0cc4.png,APTOS2019,left,2026-10-08T20:45:15
APTOS2019/train_images/train_images/43e9c66eb0f3.png,APTOS2019,left,2026-10-08T20:45:15
APTOS2019/train_images/train_images/43f22d1be8dd.png,APTOS2019,left,2026-10-08T20:45:16
APTOS2019/train_images/train_images/43fb6eda9b97.png,APTOS2019,right,2026-10-08T20:45:17
APTOS2019/train_images/train_images/4403538fb50f.png,APTOS2019,left,2026-10-08T20:45:19
APTOS2019/train_images/train_images/4409965eb2a4.png,APTOS2019,right,2026-10-08T20:45:20
APTOS2019/train_images/train_images/441117562359.png,APTOS2019,left,2026-10-08T20:45:21
APTOS2019/train_images/train_images/441848e0f308.png,APTOS2019,left,2026-10-08T20:45:21
APTOS2019/train_images/train_images/441affbe99aa.png,APTOS2019,right,2026-10-08T20:45:23
APTOS2019/train_images/train_images/44271f3cb18f.png,APTOS2019,left,2026-10-08T20:45:24
APTOS2019/train_images/train_images/445a8a6da55c.png,APTOS2019,left,2026-10-08T20:45:25
APTOS2019/train_images/train_images/4462fba1d2a1.png,APTOS2019,left,2026-10-08T20:45:26
APTOS2019/train_images/train_images/4464bb62bf20.png,APTOS2019,right,2026-10-08T20:45:27
APTOS2019/train_images/train_images/4478b870e549.png,APTOS2019,left,2026-10-08T20:45:28
APTOS2019/train_images/train_images/44855f666225.png,APTOS2019,left,2026-10-08T20:45:29
APTOS2019/train_images/train_images/44878f34e31f.png,APTOS2019,left,2026-10-08T20:45:29
APTOS2019/train_images/train_images/4489d421e5aa.png,APTOS2019,left,2026-10-08T20:45:30
APTOS2019/train_images/train_images/44976c3b11a6.png,APTOS2019,right,2026-10-08T20:45:31
APTOS2019/train_images/train_images/44a4d04162cc.png,APTOS2019,right,2026-10-08T20:45:32
APTOS2019/train_images/train_images/44a86263117b.png,APTOS2019,left,2026-10-08T20:45:34
APTOS2019/train_images/train_images/44c869174e3a.png,APTOS2019,right,2026-10-08T20:45:35
APTOS2019/train_images/train_images/44e0d56e9d42.png,APTOS2019,left,2026-10-08T20:45:36
APTOS2019/train_images/train_images/44e951e45dca.png,APTOS2019,left,2026-10-08T20:45:37
APTOS2019/train_images/train_images/44ecf3f4efa5.png,APTOS2019,right,2026-10-08T20:45:38
APTOS2019/train_images/train_images/44f4ae58990e.png,APTOS2019,right,2026-10-08T20:45:39
APTOS2019/train_images/train_images/44f7f3ef9d50.png,APTOS2019,right,2026-10-08T20:45:39
APTOS2019/train_images/train_images/4528fbbd43a3.png,APTOS2019,left,2026-10-08T20:45:40
APTOS2019/train_images/train_images/45369821d6a3.png,APTOS2019,right,2026-10-08T20:45:42
APTOS2019/train_images/train_images/453a1e2754b2.png,APTOS2019,right,2026-10-08T20:45:43
APTOS2019/train_images/train_images/453d553b0a94.png,APTOS2019,left,2026-10-08T20:45:44
APTOS2019/train_images/train_images/454792eb6e05.png,APTOS2019,left,2026-10-08T20:45:45
APTOS2019/train_images/train_images/454a944eb557.png,APTOS2019,left,2026-10-08T20:45:45
APTOS2019/train_images/train_images/4554062fa836.png,APTOS2019,left,2026-10-08T20:45:46
APTOS2019/train_images/train_images/45693d027798.png,APTOS2019,right,2026-10-08T20:45:48
APTOS2019/train_images/train_images/457c7c927e27.png,APTOS2019,right,2026-10-08T20:45:48
APTOS2019/train_images/train_images/45ae04cfde5d.png,APTOS2019,left,2026-10-08T20:45:50
APTOS2019/train_images/train_images/45c39ab9e797.png,APTOS2019,left,2026-10-08T20:45:51
APTOS2019/train_images/train_images/45e4b7eada54.png,APTOS2019,right,2026-10-08T20:45:52
APTOS2019/train_images/train_images/460893cd86e3.png,APTOS2019,left,2026-10-08T20:45:53
APTOS2019/train_images/train_images/461fa5292fda.png,APTOS2019,left,2026-10-08T20:45:54
APTOS2019/train_images/train_images/462937ece243.png,APTOS2019,left,2026-10-08T20:45:55
APTOS2019/train_images/train_images/465c618f7b23.png,APTOS2019,left,2026-10-08T20:45:55
APTOS2019/train_images/train_images/4661006f3ba6.png,APTOS2019,right,2026-10-08T20:45:56
APTOS2019/train_images/train_images/467b7d9d811c.png,APTOS2019,left,2026-10-08T20:45:57
APTOS2019/train_images/train_images/4689b739d240.png,APTOS2019,left,2026-10-08T20:45:58
APTOS2019/train_images/train_images/46923eea9a4e.png,APTOS2019,right,2026-10-08T20:45:59
APTOS2019/train_images/train_images/46acc506fa61.png,APTOS2019,right,2026-10-08T20:46:00
APTOS2019/train_images/train_images/46c1548d730e.png,APTOS2019,right,2026-10-08T20:46:01
APTOS2019/train_images/train_images/46cdc8b685bd.png,APTOS2019,right,2026-10-08T20:46:02
APTOS2019/train_images/train_images/46d3316c4857.png,APTOS2019,left,2026-10-08T20:46:03
APTOS2019/train_images/train_images/46f56c38051f.png,APTOS2019,right,2026-10-08T20:46:04
APTOS2019/train_images/train_images/4704dbb59536.png,APTOS2019,left,2026-10-08T20:46:05
APTOS2019/train_images/train_images/4731e708ede3.png,APTOS2019,right,2026-10-08T20:46:06
APTOS2019/train_images/train_images/475300735b7f.png,APTOS2019,right,2026-10-08T20:46:07
APTOS2019/train_images/train_images/47536db39f00.png,APTOS2019,right,2026-10-08T20:46:07
APTOS2019/train_images/train_images/475c7ded0f7a.png,APTOS2019,left,2026-10-08T20:46:09
APTOS2019/train_images/train_images/478fc46eaa49.png,APTOS2019,right,2026-10-08T20:46:10
APTOS2019/train_images/train_images/47b756014447.png,APTOS2019,right,2026-10-08T20:46:11
APTOS2019/train_images/train_images/47d1603a555b.png,APTOS2019,right,2026-10-08T20:46:11
APTOS2019/train_images/train_images/47e51065b819.png,APTOS2019,right,2026-10-08T20:46:12
APTOS2019/train_images/train_images/4818672273af.png,APTOS2019,right,2026-10-08T20:46:13
APTOS2019/train_images/train_images/482088e6be44.png,APTOS2019,right,2026-10-08T20:46:13
APTOS2019/train_images/train_images/4826d10030b3.png,APTOS2019,right,2026-10-08T20:46:14
APTOS2019/train_images/train_images/484dbeb9bf2a.png,APTOS2019,left,2026-10-08T20:46:15
APTOS2019/train_images/train_images/48543037d0b3.png,APTOS2019,left,2026-10-08T20:46:16
APTOS2019/train_images/train_images/4860f7813654.png,APTOS2019,right,2026-10-08T20:46:17
APTOS2019/train_images/train_images/486e852a3b4d.png,APTOS2019,left,2026-10-08T20:46:18
APTOS2019/train_images/train_images/48a45619d1a3.png,APTOS2019,right,2026-10-08T20:46:19
APTOS2019/train_images/train_images/48afe8c47454.png,APTOS2019,left,2026-10-08T20:46:20
APTOS2019/train_images/train_images/48c49f662f7d.png,APTOS2019,left,2026-10-08T20:46:20
APTOS2019/train_images/train_images/48c72dec46e5.png,APTOS2019,left,2026-10-08T20:46:21
APTOS2019/train_images/train_images/48fda42bd5d4.png,APTOS2019,right,2026-10-08T20:46:22
APTOS2019/train_images/train_images/4926dea289f8.png,APTOS2019,right,2026-10-08T20:46:23
APTOS2019/train_images/train_images/4927945ecfed.png,APTOS2019,right,2026-10-08T20:46:24
APTOS2019/train_images/train_images/49386d603494.png,APTOS2019,right,2026-10-08T20:46:24
APTOS2019/train_images/train_images/493d99f030e2.png,APTOS2019,right,2026-10-08T20:46:25
APTOS2019/train_images/train_images/49419f8d5cb4.png,APTOS2019,right,2026-10-08T20:46:26
APTOS2019/train_images/train_images/494fc9c745a3.png,APTOS2019,left,2026-10-08T20:46:27
APTOS2019/train_images/train_images/495106ae3b68.png,APTOS2019,left,2026-10-08T20:46:27
APTOS2019/train_images/train_images/495255c7492f.png,APTOS2019,right,2026-10-08T20:46:28
APTOS2019/train_images/train_images/4958bfcc9f38.png,APTOS2019,left,2026-10-08T20:46:29
APTOS2019/train_images/train_images/496155f71d0a.png,APTOS2019,right,2026-10-08T20:46:30
APTOS2019/train_images/train_images/4982378d72f9.png,APTOS2019,right,2026-10-08T20:46:31
APTOS2019/train_images/train_images/498f143c0374.png,APTOS2019,right,2026-10-08T20:46:32
APTOS2019/train_images/train_images/499c8df39222.png,APTOS2019,left,2026-10-08T20:46:33
APTOS2019/train_images/train_images/49a4765f8822.png,APTOS2019,right,2026-10-08T20:46:34
APTOS2019/train_images/train_images/49c5e7f6b8d2.png,APTOS2019,right,2026-10-08T20:46:35
APTOS2019/train_images/train_images/49d69c4c6290.png,APTOS2019,left,2026-10-08T20:46:36
APTOS2019/train_images/train_images/49e4b95ee2dc.png,APTOS2019,left,2026-10-08T20:46:37
APTOS2019/train_images/train_images/49eb73968c44.png,APTOS2019,left,2026-10-08T20:46:38
APTOS2019/train_images/train_images/4a05f81b3aba.png,APTOS2019,left,2026-10-08T20:46:38
APTOS2019/train_images/train_images/4a0890b08532.png,APTOS2019,right,2026-10-08T20:46:40
APTOS2019/train_images/train_images/4a0bba3b7d83.png,APTOS2019,right,2026-10-08T20:46:40
APTOS2019/train_images/train_images/4a1afe4044f4.png,APTOS2019,left,2026-10-08T20:46:41
APTOS2019/train_images/train_images/4a213b405ee4.png,APTOS2019,right,2026-10-08T20:46:43
APTOS2019/train_images/train_images/4a3da369b227.png,APTOS2019,left,2026-10-08T20:46:44
APTOS2019/train_images/train_images/4a44cc840ebe.png,APTOS2019,left,2026-10-08T20:46:45
APTOS2019/train_images/train_images/4a4cb731f91a.png,APTOS2019,right,2026-10-08T20:46:46
APTOS2019/train_images/train_images/4a558a1cd243.png,APTOS2019,left,2026-10-08T20:46:47
APTOS2019/train_images/train_images/4a589edaea60.png,APTOS2019,right,2026-10-08T20:46:48
APTOS2019/train_images/train_images/4a5a6efc0bef.png,APTOS2019,right,2026-10-08T20:46:49
APTOS2019/train_images/train_images/4a693dd3921a.png,APTOS2019,right,2026-10-08T20:46:55
APTOS2019/train_images/train_images/4a7dc013e802.png,APTOS2019,left,2026-10-08T20:47:01
APTOS2019/train_images/train_images/4a96c28f3f07.png,APTOS2019,right,2026-10-08T20:47:05
APTOS2019/train_images/train_images/4aa07d720638.png,APTOS2019,right,2026-10-08T20:47:06
APTOS2019/train_images/train_images/4aa3d771c5e4.png,APTOS2019,right,2026-10-08T20:47:07
APTOS2019/train_images/train_images/4ab8c0cece7f.png,APTOS2019,right,2026-10-08T20:47:07
APTOS2019/train_images/train_images/4abca30b676b.png,APTOS2019,right,2026-10-08T20:47:15
APTOS2019/train_images/train_images/4ad6109706e8.png,APTOS2019,right,2026-10-08T20:47:16
APTOS2019/train_images/train_images/4ad8d3ec8789.png,APTOS2019,left,2026-10-08T20:47:17
APTOS2019/train_images/train_images/4b1001050f1d.png,APTOS2019,right,2026-10-08T20:47:18
APTOS2019/train_images/train_images/4b237b958555.png,APTOS2019,right,2026-10-08T20:47:19
APTOS2019/train_images/train_images/4b422b48d0d4.png,APTOS2019,right,2026-10-08T20:47:20
APTOS2019/train_images/train_images/4b5ffea77373.png,APTOS2019,left,2026-10-08T20:47:21
APTOS2019/train_images/train_images/4b618537d52f.png,APTOS2019,left,2026-10-08T20:47:22
APTOS2019/train_images/train_images/4b6895d0cf8d.png,APTOS2019,right,2026-10-08T20:47:23
APTOS2019/train_images/train_images/4b6cb0bcfd44.png,APTOS2019,left,2026-10-08T20:47:24
APTOS2019/train_images/train_images/4bcee3cbe232.png,APTOS2019,right,2026-10-08T20:47:25
APTOS2019/train_images/train_images/4bd5d0b30198.png,APTOS2019,left,2026-10-08T20:47:26
APTOS2019/train_images/train_images/4bd941611343.png,APTOS2019,right,2026-10-08T20:47:27
APTOS2019/train_images/train_images/4beeca5cc859.png,APTOS2019,left,2026-10-08T20:49:01
APTOS2019/train_images/train_images/4c129470cec4.png,APTOS2019,right,2026-10-08T20:49:02
APTOS2019/train_images/train_images/4c17e85686f0.png,APTOS2019,left,2026-10-08T20:49:03
APTOS2019/train_images/train_images/4c389d033cb0.png,APTOS2019,right,2026-10-08T20:49:04
APTOS2019/train_images/train_images/4c3c1ed09771.png,APTOS2019,right,2026-10-08T20:49:05
APTOS2019/train_images/train_images/4c52922f3bfd.png,APTOS2019,left,2026-10-08T20:49:07
APTOS2019/train_images/train_images/4c53cc97ea13.png,APTOS2019,right,2026-10-08T20:49:08
APTOS2019/train_images/train_images/4c570172778b.png,APTOS2019,right,2026-10-08T20:49:09
APTOS2019/train_images/train_images/4c5ab774a381.png,APTOS2019,right,2026-10-08T20:49:09
APTOS2019/train_images/train_images/4c60b10a3a6a.png,APTOS2019,left,2026-10-08T20:49:10
APTOS2019/train_images/train_images/4c60f6fcea75.png,APTOS2019,left,2026-10-08T20:49:11
APTOS2019/train_images/train_images/4c635a01593d.png,APTOS2019,left,2026-10-08T20:49:11
APTOS2019/train_images/train_images/4c6c5a1bf5ab.png,APTOS2019,right,2026-10-08T20:49:13
APTOS2019/train_images/train_images/4c78d9d18da9.png,APTOS2019,left,2026-10-08T20:49:14
APTOS2019/train_images/train_images/4c9f0fdaaef7.png,APTOS2019,left,2026-10-08T20:49:14
APTOS2019/train_images/train_images/4cae247d9909.png,APTOS2019,right,2026-10-08T20:49:15
APTOS2019/train_images/train_images/4ccee4db09b6.png,APTOS2019,left,2026-10-08T20:49:16
APTOS2019/train_images/train_images/4ccfa0b4e96c.png,APTOS2019,right,2026-10-08T20:49:17
APTOS2019/train_images/train_images/4cddfc22b0ad.png,APTOS2019,left,2026-10-08T20:49:19
APTOS2019/train_images/train_images/4cde86044ad1.png,APTOS2019,left,2026-10-08T20:49:19
APTOS2019/train_images/train_images/4ce74e5eb51d.png,APTOS2019,left,2026-10-08T20:49:20
APTOS2019/train_images/train_images/4cf4d528c08e.png,APTOS2019,left,2026-10-08T20:49:21
APTOS2019/train_images/train_images/4cfd22ae43d4.png,APTOS2019,right,2026-10-08T20:49:22
APTOS2019/train_images/train_images/4d009cebabc9.png,APTOS2019,right,2026-10-08T20:49:23
APTOS2019/train_images/train_images/4d167ca69ea8.png,APTOS2019,right,2026-10-08T20:49:24
APTOS2019/train_images/train_images/4d17559ac1e2.png,APTOS2019,left,2026-10-08T20:49:25
APTOS2019/train_images/train_images/4d1cf360b2d7.png,APTOS2019,left,2026-10-08T20:49:26
APTOS2019/train_images/train_images/4d1e7def7624.png,APTOS2019,right,2026-10-08T20:49:27
APTOS2019/train_images/train_images/4d21ce39c905.png,APTOS2019,right,2026-10-08T20:49:27
APTOS2019/train_images/train_images/4d3de40ced3a.png,APTOS2019,right,2026-10-08T20:49:28
APTOS2019/train_images/train_images/4d47300e3ddb.png,APTOS2019,right,2026-10-08T20:49:29
APTOS2019/train_images/train_images/4d7d6928534a.png,APTOS2019,left,2026-10-08T20:49:30
APTOS2019/train_images/train_images/4d9fc85a8259.png,APTOS2019,right,2026-10-08T20:49:31
APTOS2019/train_images/train_images/4da2961e62fe.png,APTOS2019,right,2026-10-08T20:49:31
APTOS2019/train_images/train_images/4da6e2089d57.png,APTOS2019,right,2026-10-08T20:49:32
APTOS2019/train_images/train_images/4dbce359d0e1.png,APTOS2019,left,2026-10-08T20:49:34
APTOS2019/train_images/train_images/4dc2211a1c31.png,APTOS2019,right,2026-10-08T20:49:35
APTOS2019/train_images/train_images/4dd14c380696.png,APTOS2019,left,2026-10-08T20:49:36
APTOS2019/train_images/train_images/4dd4a4bf2421.png,APTOS2019,left,2026-10-08T20:49:36
APTOS2019/train_images/train_images/4dd5d5ccddcf.png,APTOS2019,left,2026-10-08T20:49:37
APTOS2019/train_images/train_images/4dd71fc7f22b.png,APTOS2019,right,2026-10-08T20:49:39
APTOS2019/train_images/train_images/4dd7b322f342.png,APTOS2019,right,2026-10-08T20:49:40
APTOS2019/train_images/train_images/4dd9d29eae5d.png,APTOS2019,left,2026-10-08T20:49:41
APTOS2019/train_images/train_images/4df6a81b476e.png,APTOS2019,right,2026-10-08T20:49:42
APTOS2019/train_images/train_images/4e0656629d02.png,APTOS2019,left,2026-10-08T20:49:44
APTOS2019/train_images/train_images/4e1e252317b5.png,APTOS2019,right,2026-10-08T20:49:45
APTOS2019/train_images/train_images/4e231670b48c.png,APTOS2019,left,2026-10-08T20:49:46
APTOS2019/train_images/train_images/4e43d05cc2ef.png,APTOS2019,right,2026-10-08T20:49:48
APTOS2019/train_images/train_images/4e4a6224a04e.png,APTOS2019,left,2026-10-08T20:49:50
APTOS2019/train_images/train_images/4e54ccfd49b2.png,APTOS2019,right,2026-10-08T20:49:52
APTOS2019/train_images/train_images/4e6071b73120.png,APTOS2019,left,2026-10-08T20:49:53
APTOS2019/train_images/train_images/4e7694eebb91.png,APTOS2019,right,2026-10-08T20:49:55
APTOS2019/train_images/train_images/4e82c3c8d31f.png,APTOS2019,right,2026-10-08T20:49:56
APTOS2019/train_images/train_images/4e8585a96739.png,APTOS2019,left,2026-10-08T20:49:57
APTOS2019/train_images/train_images/4e85aa647534.png,APTOS2019,right,2026-10-08T20:49:58
APTOS2019/train_images/train_images/4eabad7948cf.png,APTOS2019,right,2026-10-08T20:49:59
APTOS2019/train_images/train_images/4eaf2f81819d.png,APTOS2019,left,2026-10-08T20:50:00
APTOS2019/train_images/train_images/4ec7796df40e.png,APTOS2019,right,2026-10-08T20:50:01
APTOS2019/train_images/train_images/4ecd1fdd1435.png,APTOS2019,right,2026-10-08T20:50:01
APTOS2019/train_images/train_images/4ed31cc07366.png,APTOS2019,right,2026-10-08T20:50:02
APTOS2019/train_images/train_images/4ee1ad981a6d.png,APTOS2019,left,2026-10-08T20:50:03
APTOS2019/train_images/train_images/4ef0b485a7da.png,APTOS2019,right,2026-10-08T20:50:05
APTOS2019/train_images/train_images/4ef16a53d899.png,APTOS2019,right,2026-10-08T20:50:05
APTOS2019/train_images/train_images/4ef7144e24ff.png,APTOS2019,left,2026-10-08T20:50:06
APTOS2019/train_images/train_images/4f0866b90c27.png,APTOS2019,right,2026-10-08T20:50:08
APTOS2019/train_images/train_images/4f20f9a9a65b.png,APTOS2019,right,2026-10-08T20:50:09
APTOS2019/train_images/train_images/4f46d7ee61ed.png,APTOS2019,right,2026-10-08T20:50:09
APTOS2019/train_images/train_images/4f5dd7660b17.png,APTOS2019,left,2026-10-08T20:50:11
APTOS2019/train_images/train_images/4f60129e9a5b.png,APTOS2019,right,2026-10-08T20:50:12
APTOS2019/train_images/train_images/4f6abc40c72d.png,APTOS2019,left,2026-10-08T20:50:13
APTOS2019/train_images/train_images/4f7755e74a9e.png,APTOS2019,left,2026-10-08T20:50:13
APTOS2019/train_images/train_images/4fa26d065ad3.png,APTOS2019,right,2026-10-08T20:50:14
APTOS2019/train_images/train_images/4faf4063db8c.png,APTOS2019,left,2026-10-08T20:50:15
APTOS2019/train_images/train_images/4fd5ec0dca09.png,APTOS2019,left,2026-10-08T20:50:16
APTOS2019/train_images/train_images/4fecf87184e6.png,APTOS2019,right,2026-10-08T20:50:17
APTOS2019/train_images/train_images/4fef9ed8a4c5.png,APTOS2019,left,2026-10-08T20:50:18
APTOS2019/train_images/train_images/4ffa38550c95.png,APTOS2019,left,2026-10-08T20:50:19
APTOS2019/train_images/train_images/500aad15b7c8.png,APTOS2019,left,2026-10-08T20:50:19
APTOS2019/train_images/train_images/501c319f7a9f.png,APTOS2019,right,2026-10-08T20:50:20
APTOS2019/train_images/train_images/504a69096fcb.png,APTOS2019,left,2026-10-08T20:50:21
APTOS2019/train_images/train_images/5056fa7d505f.png,APTOS2019,right,2026-10-08T20:50:23
APTOS2019/train_images/train_images/5069feccd866.png,APTOS2019,left,2026-10-08T20:50:24
APTOS2019/train_images/train_images/5077cdb88aed.png,APTOS2019,right,2026-10-08T20:50:25
APTOS2019/train_images/train_images/5078caaf1f57.png,APTOS2019,right,2026-10-08T20:50:27
APTOS2019/train_images/train_images/50840c36f0b4.png,APTOS2019,left,2026-10-08T20:50:29
APTOS2019/train_images/train_images/5090917a2676.png,APTOS2019,right,2026-10-08T20:50:30
APTOS2019/train_images/train_images/50915e2329a1.png,APTOS2019,right,2026-10-08T20:50:31
APTOS2019/train_images/train_images/50916d67bb51.png,APTOS2019,left,2026-10-08T20:50:32
APTOS2019/train_images/train_images/50a2aef380c8.png,APTOS2019,right,2026-10-08T20:50:33
APTOS2019/train_images/train_images/50d8249f7bc9.png,APTOS2019,right,2026-10-08T20:50:34
APTOS2019/train_images/train_images/50d8a8fb7737.png,APTOS2019,left,2026-10-08T20:51:00
APTOS2019/train_images/train_images/50ddd7d976df.png,APTOS2019,left,2026-10-08T20:51:01
APTOS2019/train_images/train_images/50f5201fd18a.png,APTOS2019,left,2026-10-08T20:51:02
APTOS2019/train_images/train_images/51030843fde2.png,APTOS2019,right,2026-10-08T20:51:03
APTOS2019/train_images/train_images/510aa0a898fa.png,APTOS2019,right,2026-10-08T20:51:04
APTOS2019/train_images/train_images/51131b48f9d4.png,APTOS2019,left,2026-10-08T20:51:05
APTOS2019/train_images/train_images/511fd66b2df8.png,APTOS2019,right,2026-10-08T20:51:07
APTOS2019/train_images/train_images/51269b77d312.png,APTOS2019,left,2026-10-08T20:51:08
APTOS2019/train_images/train_images/513b0a4651fa.png,APTOS2019,right,2026-10-08T20:51:09
APTOS2019/train_images/train_images/51405d042000.png,APTOS2019,right,2026-10-08T20:51:10
APTOS2019/train_images/train_images/5152bf091152.png,APTOS2019,right,2026-10-08T20:51:10
APTOS2019/train_images/train_images/5173d54fc214.png,APTOS2019,right,2026-10-08T20:51:11
APTOS2019/train_images/train_images/5188a8afa879.png,APTOS2019,left,2026-10-08T20:51:12
APTOS2019/train_images/train_images/518e880613de.png,APTOS2019,left,2026-10-08T20:51:13
APTOS2019/train_images/train_images/519c6e8f78dc.png,APTOS2019,left,2026-10-08T20:51:13
APTOS2019/train_images/train_images/51a078d6d43a.png,APTOS2019,left,2026-10-08T20:51:14
APTOS2019/train_images/train_images/51a1d162e223.png,APTOS2019,right,2026-10-08T20:51:15
APTOS2019/train_images/train_images/51aa3361294c.png,APTOS2019,left,2026-10-08T20:51:16
APTOS2019/train_images/train_images/51af8a689511.png,APTOS2019,left,2026-10-08T20:51:16
APTOS2019/train_images/train_images/51af8c112682.png,APTOS2019,right,2026-10-08T20:51:18
APTOS2019/train_images/train_images/51cd8d2057fa.png,APTOS2019,right,2026-10-08T20:51:18
APTOS2019/train_images/train_images/51cfeccaf40d.png,APTOS2019,right,2026-10-08T20:51:19
APTOS2019/train_images/train_images/51d0034d177d.png,APTOS2019,left,2026-10-08T20:51:20
APTOS2019/train_images/train_images/51d574513bcb.png,APTOS2019,right,2026-10-08T20:51:21
APTOS2019/train_images/train_images/51d780864365.png,APTOS2019,right,2026-10-08T20:51:22
APTOS2019/train_images/train_images/51da6aebba8f.png,APTOS2019,left,2026-10-08T20:52:29
APTOS2019/train_images/train_images/51e656e5a541.png,APTOS2019,right,2026-10-08T20:52:30
APTOS2019/train_images/train_images/521b5377a727.png,APTOS2019,left,2026-10-08T20:52:31
APTOS2019/train_images/train_images/521d3e264d71.png,APTOS2019,right,2026-10-08T20:52:32
APTOS2019/train_images/train_images/52230bbef30e.png,APTOS2019,left,2026-10-08T20:52:34
APTOS2019/train_images/train_images/523b3f0fc646.png,APTOS2019,left,2026-10-08T20:52:34
APTOS2019/train_images/train_images/523d0c2cb4d6.png,APTOS2019,right,2026-10-08T20:52:35
APTOS2019/train_images/train_images/523ff163211b.png,APTOS2019,right,2026-10-08T20:52:36
APTOS2019/train_images/train_images/524f240e0c90.png,APTOS2019,right,2026-10-08T20:52:37
APTOS2019/train_images/train_images/5257cb536da2.png,APTOS2019,right,2026-10-08T20:52:38
APTOS2019/train_images/train_images/525acfea47e8.png,APTOS2019,right,2026-10-08T20:52:38
APTOS2019/train_images/train_images/525d0dd8dc45.png,APTOS2019,right,2026-10-08T20:52:39
APTOS2019/train_images/train_images/5264a54e1830.png,APTOS2019,left,2026-10-08T20:52:40
APTOS2019/train_images/train_images/5265dc9acdf8.png,APTOS2019,right,2026-10-08T20:52:41
APTOS2019/train_images/train_images/527bea76116c.png,APTOS2019,right,2026-10-08T20:52:42
APTOS2019/train_images/train_images/52886bed8a07.png,APTOS2019,right,2026-10-08T20:52:42
APTOS2019/train_images/train_images/5288f7441f64.png,APTOS2019,right,2026-10-08T20:52:46
APTOS2019/train_images/train_images/5293576816aa.png,APTOS2019,left,2026-10-08T20:52:47
APTOS2019/train_images/train_images/529906ff9dfa.png,APTOS2019,right,2026-10-08T20:52:48
APTOS2019/train_images/train_images/5299a532f0e0.png,APTOS2019,right,2026-10-08T20:52:49
APTOS2019/train_images/train_images/52ae917fcea4.png,APTOS2019,left,2026-10-08T20:52:50
APTOS2019/train_images/train_images/52dbec057cc8.png,APTOS2019,right,2026-10-08T20:52:51
APTOS2019/train_images/train_images/52ddde91a349.png,APTOS2019,left,2026-10-08T20:52:52
APTOS2019/train_images/train_images/52edbe29d655.png,APTOS2019,left,2026-10-08T20:52:53
APTOS2019/train_images/train_images/530d78467615.png,APTOS2019,right,2026-10-08T20:52:54
APTOS2019/train_images/train_images/531b39880c32.png,APTOS2019,right,2026-10-08T20:52:54
APTOS2019/train_images/train_images/5321ab64f9ea.png,APTOS2019,left,2026-10-08T20:52:55
APTOS2019/train_images/train_images/53273d664cd8.png,APTOS2019,left,2026-10-08T20:52:56
APTOS2019/train_images/train_images/5327f88a1919.png,APTOS2019,left,2026-10-08T20:52:57
APTOS2019/train_images/train_images/53327edb9e4d.png,APTOS2019,left,2026-10-08T20:52:57
APTOS2019/train_images/train_images/5347b4c8e9b3.png,APTOS2019,left,2026-10-08T20:52:58
APTOS2019/train_images/train_images/535682537302.png,APTOS2019,left,2026-10-08T20:52:59
APTOS2019/train_images/train_images/53704c80f0d8.png,APTOS2019,left,2026-10-08T20:52:59
APTOS2019/train_images/train_images/537e50fdf22e.png,APTOS2019,left,2026-10-08T20:53:00
APTOS2019/train_images/train_images/537e5c578f40.png,APTOS2019,right,2026-10-08T20:53:01
APTOS2019/train_images/train_images/53c874dbc594.png,APTOS2019,left,2026-10-08T20:53:03
APTOS2019/train_images/train_images/53ddae6a619e.png,APTOS2019,left,2026-10-08T20:53:03
APTOS2019/train_images/train_images/53f6c1c65c04.png,APTOS2019,right,2026-10-08T20:53:04
APTOS2019/train_images/train_images/54038e56131d.png,APTOS2019,left,2026-10-08T20:53:05
APTOS2019/train_images/train_images/540e4973829e.png,APTOS2019,left,2026-10-08T20:53:06
APTOS2019/train_images/train_images/541db13517e2.png,APTOS2019,right,2026-10-08T20:53:07
APTOS2019/train_images/train_images/542964865b1e.png,APTOS2019,left,2026-10-08T20:53:08
APTOS2019/train_images/train_images/54334705a34d.png,APTOS2019,left,2026-10-08T20:53:09
APTOS2019/train_images/train_images/5445255635f0.png,APTOS2019,right,2026-10-08T20:53:10
APTOS2019/train_images/train_images/545df1bbcd61.png,APTOS2019,right,2026-10-08T20:53:11
APTOS2019/train_images/train_images/547b37da9223.png,APTOS2019,left,2026-10-08T20:53:12
APTOS2019/train_images/train_images/5486da4273d7.png,APTOS2019,left,2026-10-08T20:53:14
APTOS2019/train_images/train_images/549381330191.png,APTOS2019,left,2026-10-08T20:53:15
APTOS2019/train_images/train_images/54b322c66d01.png,APTOS2019,right,2026-10-08T20:53:16
APTOS2019/train_images/train_images/54bbe3da103e.png,APTOS2019,right,2026-10-08T20:53:17
APTOS2019/train_images/train_images/54bdcdecd8f3.png,APTOS2019,left,2026-10-08T20:53:18
APTOS2019/train_images/train_images/54cab3596214.png,APTOS2019,left,2026-10-08T20:53:19
APTOS2019/train_images/train_images/54dc6e8107cd.png,APTOS2019,left,2026-10-08T20:53:20
APTOS2019/train_images/train_images/54f57cf26126.png,APTOS2019,right,2026-10-08T20:53:21
APTOS2019/train_images/train_images/55034b1dbff2.png,APTOS2019,left,2026-10-08T20:53:22
APTOS2019/train_images/train_images/55092c0071eb.png,APTOS2019,right,2026-10-08T20:54:08
APTOS2019/train_images/train_images/5511f114e7ee.png,APTOS2019,left,2026-10-08T20:54:09
APTOS2019/train_images/train_images/5548a7961a3e.png,APTOS2019,right,2026-10-08T20:54:10
APTOS2019/train_images/train_images/555d0bef3c5b.png,APTOS2019,right,2026-10-08T20:54:11
APTOS2019/train_images/train_images/55968f0e63c4.png,APTOS2019,right,2026-10-08T20:54:11
APTOS2019/train_images/train_images/55eac26bd383.png,APTOS2019,right,2026-10-08T20:54:12
APTOS2019/train_images/train_images/55eb405ec71e.png,APTOS2019,left,2026-10-08T20:54:14
APTOS2019/train_images/train_images/55f7f018c61c.png,APTOS2019,left,2026-10-08T20:54:15
APTOS2019/train_images/train_images/55fd453001cc.png,APTOS2019,right,2026-10-08T20:54:17
APTOS2019/train_images/train_images/5633ced07d8e.png,APTOS2019,right,2026-10-08T20:54:17
APTOS2019/train_images/train_images/565f3404f9b2.png,APTOS2019,left,2026-10-08T20:54:18
APTOS2019/train_images/train_images/5671eb95512b.png,APTOS2019,left,2026-10-08T20:54:19
APTOS2019/train_images/train_images/568455854a11.png,APTOS2019,right,2026-10-08T20:54:20
APTOS2019/train_images/train_images/56e56aa08362.png,APTOS2019,left,2026-10-08T20:54:21
APTOS2019/train_images/train_images/5712e2aa73a2.png,APTOS2019,right,2026-10-08T20:54:23
APTOS2019/train_images/train_images/571bbdbf585e.png,APTOS2019,right,2026-10-08T20:54:23
APTOS2019/train_images/train_images/5723d0ec895e.png,APTOS2019,left,2026-10-08T20:54:24
APTOS2019/train_images/train_images/5728b8aa98ef.png,APTOS2019,left,2026-10-08T20:54:25
APTOS2019/train_images/train_images/573ea80a53be.png,APTOS2019,right,2026-10-08T20:54:26
APTOS2019/train_images/train_images/57469423a012.png,APTOS2019,left,2026-10-08T20:54:27
APTOS2019/train_images/train_images/576e189d23d4.png,APTOS2019,left,2026-10-08T20:54:28
APTOS2019/train_images/train_images/57760be09c03.png,APTOS2019,left,2026-10-08T20:54:29
APTOS2019/train_images/train_images/5777ef74c9ec.png,APTOS2019,right,2026-10-08T20:54:30
APTOS2019/train_images/train_images/578109578b46.png,APTOS2019,right,2026-10-08T20:54:30
APTOS2019/train_images/train_images/57a5e4274275.png,APTOS2019,right,2026-10-08T20:54:31
APTOS2019/train_images/train_images/57a5f1015504.png,APTOS2019,right,2026-10-08T20:54:32
APTOS2019/train_images/train_images/57a710de68a4.png,APTOS2019,left,2026-10-08T20:54:33
APTOS2019/train_images/train_images/57ce57a8cfb0.png,APTOS2019,right,2026-10-08T20:54:34
APTOS2019/train_images/train_images/57db4781e7ec.png,APTOS2019,left,2026-10-08T20:54:36
APTOS2019/train_images/train_images/57f5ad4b5b29.png,APTOS2019,right,2026-10-08T20:54:37
APTOS2019/train_images/train_images/57f933d3d7c7.png,APTOS2019,right,2026-10-08T20:54:38
APTOS2019/train_images/train_images/58059e73d2d4.png,APTOS2019,left,2026-10-08T20:54:39
APTOS2019/train_images/train_images/5814cbd2e9bf.png,APTOS2019,right,2026-10-08T20:54:40
APTOS2019/train_images/train_images/58184d6fd087.png,APTOS2019,left,2026-10-08T20:54:44
APTOS2019/train_images/train_images/582115961a3d.png,APTOS2019,left,2026-10-08T20:54:45
APTOS2019/train_images/train_images/582f739b8f62.png,APTOS2019,right,2026-10-08T20:54:46
APTOS2019/train_images/train_images/58529a8638d0.png,APTOS2019,left,2026-10-08T20:54:47
APTOS2019/train_images/train_images/586f5c56081e.png,APTOS2019,right,2026-10-08T20:54:49
APTOS2019/train_images/train_images/587146a55885.png,APTOS2019,left,2026-10-08T20:54:50
APTOS2019/train_images/train_images/5879285f9d8d.png,APTOS2019,left,2026-10-08T20:54:51
APTOS2019/train_images/train_images/5889a0c75cac.png,APTOS2019,right,2026-10-08T20:54:52
APTOS2019/train_images/train_images/58a9e0d7f7af.png,APTOS2019,left,2026-10-08T20:54:53
APTOS2019/train_images/train_images/58af2c054ced.png,APTOS2019,left,2026-10-08T20:54:54
APTOS2019/train_images/train_images/58b866484a05.png,APTOS2019,right,2026-10-08T20:54:55
APTOS2019/train_images/train_images/58c12863f33d.png,APTOS2019,right,2026-10-08T20:54:56
APTOS2019/train_images/train_images/58ccba7eec9c.png,APTOS2019,right,2026-10-08T20:54:57
APTOS2019/train_images/train_images/58eb3809f456.png,APTOS2019,right,2026-10-08T20:54:57
APTOS2019/train_images/train_images/58f07741ee3b.png,APTOS2019,left,2026-10-08T20:54:59
APTOS2019/train_images/train_images/5905a9b06a73.png,APTOS2019,right,2026-10-08T20:55:00
APTOS2019/train_images/train_images/594f69b503ad.png,APTOS2019,left,2026-10-08T20:55:01
APTOS2019/train_images/train_images/595446774178.png,APTOS2019,left,2026-10-08T20:55:02
APTOS2019/train_images/train_images/596f4fdb0004.png,APTOS2019,left,2026-10-08T20:55:03
APTOS2019/train_images/train_images/598b8f5b3822.png,APTOS2019,right,2026-10-08T20:55:04
APTOS2019/train_images/train_images/59928f999ae7.png,APTOS2019,left,2026-10-08T20:55:05
APTOS2019/train_images/train_images/599498e9e4bc.png,APTOS2019,left,2026-10-08T20:55:05
APTOS2019/train_images/train_images/5995321563b7.png,APTOS2019,right,2026-10-08T20:55:06
APTOS2019/train_images/train_images/599b89048034.png,APTOS2019,right,2026-10-08T20:55:07
APTOS2019/train_images/train_images/59bd19c1c5bb.png,APTOS2019,left,2026-10-08T20:55:08
APTOS2019/train_images/train_images/59e5212f7139.png,APTOS2019,right,2026-10-08T20:55:09
APTOS2019/train_images/train_images/59ee65760535.png,APTOS2019,right,2026-10-08T20:55:10
APTOS2019/train_images/train_images/59f3f70abddd.png,APTOS2019,right,2026-10-08T20:55:11
APTOS2019/train_images/train_images/59fee5bc3479.png,APTOS2019,right,2026-10-08T20:55:12
APTOS2019/train_images/train_images/5a03fe3ed15c.png,APTOS2019,left,2026-10-08T20:55:13
APTOS2019/train_images/train_images/5a091e8cd95c.png,APTOS2019,right,2026-10-08T20:55:14
APTOS2019/train_images/train_images/5a0fe0ee4301.png,APTOS2019,left,2026-10-08T20:55:15
APTOS2019/train_images/train_images/5a11d21c2828.png,APTOS2019,left,2026-10-08T20:55:16
APTOS2019/train_images/train_images/5a179c123fd8.png,APTOS2019,left,2026-10-08T20:55:17
APTOS2019/train_images/train_images/5a27b9b2a9c1.png,APTOS2019,right,2026-10-08T20:55:18
APTOS2019/train_images/train_images/5a2c27b95c7c.png,APTOS2019,right,2026-10-08T20:55:19
APTOS2019/train_images/train_images/5a36cea278ae.png,APTOS2019,right,2026-10-08T20:55:19
APTOS2019/train_images/train_images/5a444c32cd9a.png,APTOS2019,left,2026-10-08T20:55:20
APTOS2019/train_images/train_images/5a5d3798c357.png,APTOS2019,left,2026-10-08T20:55:21
APTOS2019/train_images/train_images/5a93c0f783c4.png,APTOS2019,left,2026-10-08T20:55:22
APTOS2019/train_images/train_images/5ac7a414560e.png,APTOS2019,right,2026-10-08T20:55:23
APTOS2019/train_images/train_images/5ad3dabeb2cd.png,APTOS2019,right,2026-10-08T20:55:23
APTOS2019/train_images/train_images/5b068765e846.png,APTOS2019,right,2026-10-08T20:55:24
APTOS2019/train_images/train_images/5b0e53f53ef3.png,APTOS2019,left,2026-10-08T20:55:25
APTOS2019/train_images/train_images/5b1c4cefeb24.png,APTOS2019,left,2026-10-08T20:55:26
APTOS2019/train_images/train_images/5b2648ad455e.png,APTOS2019,left,2026-10-08T20:55:27
APTOS2019/train_images/train_images/5b301a6d1ac7.png,APTOS2019,right,2026-10-08T20:55:28
APTOS2019/train_images/train_images/5b32ece9c627.png,APTOS2019,right,2026-10-08T20:55:29
APTOS2019/train_images/train_images/5b3d41626ec5.png,APTOS2019,right,2026-10-08T20:55:30
APTOS2019/train_images/train_images/5b3e7197ac1c.png,APTOS2019,left,2026-10-08T20:55:31
APTOS2019/train_images/train_images/5b47043942f4.png,APTOS2019,right,2026-10-08T20:55:32
APTOS2019/train_images/train_images/5b5b80a3edee.png,APTOS2019,left,2026-10-08T20:55:34
APTOS2019/train_images/train_images/5b644a403e1f.png,APTOS2019,right,2026-10-08T20:55:35
APTOS2019/train_images/train_images/5b72ff04333d.png,APTOS2019,right,2026-10-08T20:55:35
APTOS2019/train_images/train_images/5b76117c4bcb.png,APTOS2019,left,2026-10-08T20:55:37
APTOS2019/train_images/train_images/5b804948e35f.png,APTOS2019,left,2026-10-08T20:55:37
APTOS2019/train_images/train_images/5b994ff78547.png,APTOS2019,right,2026-10-08T20:55:38
APTOS2019/train_images/train_images/5ba156a35ff2.png,APTOS2019,right,2026-10-08T20:55:39
APTOS2019/train_images/train_images/5baed382f062.png,APTOS2019,right,2026-10-08T20:55:39
APTOS2019/train_images/train_images/5bda2ed09e62.png,APTOS2019,left,2026-10-08T20:55:41
APTOS2019/train_images/train_images/5bea250d8bf5.png,APTOS2019,right,2026-10-08T20:55:42
APTOS2019/train_images/train_images/5bf3357a2823.png,APTOS2019,right,2026-10-08T20:55:42
APTOS2019/train_images/train_images/5bf6f2958e53.png,APTOS2019,right,2026-10-08T20:55:43
APTOS2019/train_images/train_images/5c6194562ed2.png,APTOS2019,left,2026-10-08T20:55:44
APTOS2019/train_images/train_images/5c7ab966a3ee.png,APTOS2019,left,2026-10-08T20:55:45
APTOS2019/train_images/train_images/5c817060c0ed.png,APTOS2019,right,2026-10-08T20:55:46
APTOS2019/train_images/train_images/5c8482926a08.png,APTOS2019,right,2026-10-08T20:55:46
APTOS2019/train_images/train_images/5c85d22bd0de.png,APTOS2019,left,2026-10-08T20:55:48
APTOS2019/train_images/train_images/5ca73d28f17f.png,APTOS2019,right,2026-10-08T20:55:49
APTOS2019/train_images/train_images/5ca779ace6e7.png,APTOS2019,right,2026-10-08T20:55:50
APTOS2019/train_images/train_images/5cab3ef4b31c.png,APTOS2019,left,2026-10-08T20:55:51
APTOS2019/train_images/train_images/5cbe88914a72.png,APTOS2019,right,2026-10-08T20:55:52
APTOS2019/train_images/train_images/5cc6dea19614.png,APTOS2019,right,2026-10-08T20:55:56
APTOS2019/train_images/train_images/5cde55f745af.png,APTOS2019,left,2026-10-08T20:55:57
APTOS2019/train_images/train_images/5ce5eeaf757a.png,APTOS2019,left,2026-10-08T20:55:58
APTOS2019/train_images/train_images/5cf9127f251a.png,APTOS2019,left,2026-10-08T20:55:58
APTOS2019/train_images/train_images/5d024177e214.png,APTOS2019,left,2026-10-08T20:56:00
APTOS2019/train_images/train_images/5d3c8c1f57da.png,APTOS2019,right,2026-10-08T20:56:01
APTOS2019/train_images/train_images/5d4e5fd34d91.png,APTOS2019,right,2026-10-08T20:56:02
APTOS2019/train_images/train_images/5d5b5da5f939.png,APTOS2019,right,2026-10-08T20:56:02
APTOS2019/train_images/train_images/5d6239c0fd39.png,APTOS2019,right,2026-10-08T20:56:03
APTOS2019/train_images/train_images/5d74f98d62be.png,APTOS2019,right,2026-10-08T20:56:04
APTOS2019/train_images/train_images/5d9c841eb245.png,APTOS2019,right,2026-10-08T20:56:04
APTOS2019/train_images/train_images/5db2e3a4594a.png,APTOS2019,left,2026-10-08T20:56:05
APTOS2019/train_images/train_images/5db895d3f1fc.png,APTOS2019,right,2026-10-08T20:56:06
APTOS2019/train_images/train_images/5dc23e440de3.png,APTOS2019,left,2026-10-08T20:56:08
APTOS2019/train_images/train_images/5dd2e26fc244.png,APTOS2019,left,2026-10-08T20:57:03
APTOS2019/train_images/train_images/5de4615a5161.png,APTOS2019,left,2026-10-08T20:57:04
APTOS2019/train_images/train_images/5e18af29d812.png,APTOS2019,right,2026-10-08T20:57:05
APTOS2019/train_images/train_images/5e505e25cd3e.png,APTOS2019,left,2026-10-08T20:57:07
APTOS2019/train_images/train_images/5e5275ddee29.png,APTOS2019,right,2026-10-08T20:57:09
APTOS2019/train_images/train_images/5e52c9fe676f.png,APTOS2019,right,2026-10-08T20:57:09
APTOS2019/train_images/train_images/5e7630f8438e.png,APTOS2019,right,2026-10-08T20:57:10
APTOS2019/train_images/train_images/5e7cc6ab4ac4.png,APTOS2019,right,2026-10-08T20:57:11
APTOS2019/train_images/train_images/5e7db41b3bee.png,APTOS2019,left,2026-10-08T20:57:12
APTOS2019/train_images/train_images/5e97cb2b0888.png,APTOS2019,left,2026-10-08T20:57:12
APTOS2019/train_images/train_images/5ea9e447bb62.png,APTOS2019,left,2026-10-08T20:57:13
APTOS2019/train_images/train_images/5ead17e894ae.png,APTOS2019,right,2026-10-08T20:57:15
APTOS2019/train_images/train_images/5eb311bcb5f9.png,APTOS2019,left,2026-10-08T20:57:16
APTOS2019/train_images/train_images/5eb8fb1aad41.png,APTOS2019,left,2026-10-08T20:57:17
APTOS2019/train_images/train_images/5ed6dc419e4d.png,APTOS2019,right,2026-10-08T20:57:18
APTOS2019/train_images/train_images/5efa24b03d5e.png,APTOS2019,right,2026-10-08T20:57:18
APTOS2019/train_images/train_images/5f13e8a07344.png,APTOS2019,right,2026-10-08T20:57:19
APTOS2019/train_images/train_images/5f4a8c074bd5.png,APTOS2019,left,2026-10-08T20:57:20
APTOS2019/train_images/train_images/5f51192841f7.png,APTOS2019,right,2026-10-08T20:57:21
APTOS2019/train_images/train_images/5f6db235c04d.png,APTOS2019,right,2026-10-08T20:57:22
APTOS2019/train_images/train_images/5f70ad48a525.png,APTOS2019,left,2026-10-08T20:57:23
APTOS2019/train_images/train_images/5fcff7280019.png,APTOS2019,right,2026-10-08T20:57:24
APTOS2019/train_images/train_images/6028a575dc27.png,APTOS2019,left,2026-10-08T20:57:26
APTOS2019/train_images/train_images/6061f5b7378d.png,APTOS2019,right,2026-10-08T20:57:31
APTOS2019/train_images/train_images/606daaf0bfc7.png,APTOS2019,right,2026-10-08T20:57:31
APTOS2019/train_images/train_images/6089fa333013.png,APTOS2019,left,2026-10-08T20:57:32
APTOS2019/train_images/train_images/609be3ca5ddf.png,APTOS2019,right,2026-10-08T20:57:34
APTOS2019/train_images/train_images/60aa4e649abf.png,APTOS2019,left,2026-10-08T20:57:35
APTOS2019/train_images/train_images/60e269e3e188.png,APTOS2019,right,2026-10-08T20:57:36
APTOS2019/train_images/train_images/60edda7b4871.png,APTOS2019,left,2026-10-08T20:57:37
APTOS2019/train_images/train_images/60eeae3ba23d.png,APTOS2019,left,2026-10-08T20:57:37
APTOS2019/train_images/train_images/60f15dd68d30.png,APTOS2019,right,2026-10-08T20:57:38
APTOS2019/train_images/train_images/6107a2e9f60e.png,APTOS2019,right,2026-10-08T20:57:39
APTOS2019/train_images/train_images/6110ecb3bb1c.png,APTOS2019,right,2026-10-08T20:57:40
APTOS2019/train_images/train_images/612f2df37a1d.png,APTOS2019,left,2026-10-08T20:57:41
APTOS2019/train_images/train_images/613028ede6a0.png,APTOS2019,left,2026-10-08T20:57:42
APTOS2019/train_images/train_images/613bacb35c05.png,APTOS2019,left,2026-10-08T20:57:42
APTOS2019/train_images/train_images/6155cf375354.png,APTOS2019,left,2026-10-08T20:57:44
APTOS2019/train_images/train_images/6165081b9021.png,APTOS2019,right,2026-10-08T20:57:45
APTOS2019/train_images/train_images/6180920bc224.png,APTOS2019,left,2026-10-08T20:57:46
APTOS2019/train_images/train_images/6181aa9f75f4.png,APTOS2019,left,2026-10-08T20:57:47
APTOS2019/train_images/train_images/6194e0fff071.png,APTOS2019,left,2026-10-08T20:57:48
APTOS2019/train_images/train_images/61a62b1dcc36.png,APTOS2019,left,2026-10-08T20:57:49
APTOS2019/train_images/train_images/61ac9b0dc6b9.png,APTOS2019,left,2026-10-08T20:57:50
APTOS2019/train_images/train_images/61bbc11fe503.png,APTOS2019,right,2026-10-08T20:57:51
APTOS2019/train_images/train_images/61bbe8db6f3a.png,APTOS2019,left,2026-10-08T20:57:52
APTOS2019/train_images/train_images/61c2fbd16e38.png,APTOS2019,right,2026-10-08T20:57:53
APTOS2019/train_images/train_images/61c667663f2f.png,APTOS2019,right,2026-10-08T20:57:54
APTOS2019/train_images/train_images/61d9c88a3a4b.png,APTOS2019,right,2026-10-08T20:57:54
APTOS2019/train_images/train_images/61da799bf0aa.png,APTOS2019,right,2026-10-08T20:57:55
APTOS2019/train_images/train_images/61e301bd3c25.png,APTOS2019,left,2026-10-08T20:57:56
APTOS2019/train_images/train_images/61f403fdb434.png,APTOS2019,left,2026-10-08T20:57:57
APTOS2019/train_images/train_images/62318d514160.png,APTOS2019,right,2026-10-08T20:57:58
APTOS2019/train_images/train_images/624fb7317106.png,APTOS2019,left,2026-10-08T20:58:00
APTOS2019/train_images/train_images/6253f23229b1.png,APTOS2019,left,2026-10-08T20:58:00
APTOS2019/train_images/train_images/628b581aa905.png,APTOS2019,right,2026-10-08T20:58:01
APTOS2019/train_images/train_images/6294b378d09f.png,APTOS2019,right,2026-10-08T20:58:02
APTOS2019/train_images/train_images/6298468d7d75.png,APTOS2019,left,2026-10-08T20:58:03
APTOS2019/train_images/train_images/62ab144d5cee.png,APTOS2019,right,2026-10-08T20:58:04
APTOS2019/train_images/train_images/62b4be2799ca.png,APTOS2019,right,2026-10-08T20:58:05
APTOS2019/train_images/train_images/62b826899151.png,APTOS2019,left,2026-10-08T20:58:06
APTOS2019/train_images/train_images/62cc7ddb53b6.png,APTOS2019,left,2026-10-08T20:58:07
APTOS2019/train_images/train_images/62e6f814c8f5.png,APTOS2019,left,2026-10-08T20:58:08
APTOS2019/train_images/train_images/62ecdc90dd42.png,APTOS2019,left,2026-10-08T20:58:08
APTOS2019/train_images/train_images/6324d77cf926.png,APTOS2019,right,2026-10-08T20:58:10
APTOS2019/train_images/train_images/63363410389a.png,APTOS2019,left,2026-10-08T20:58:11
APTOS2019/train_images/train_images/633fe9dbaf39.png,APTOS2019,right,2026-10-08T20:58:12
APTOS2019/train_images/train_images/6363b360aefb.png,APTOS2019,right,2026-10-08T20:58:13
APTOS2019/train_images/train_images/6377e23928f6.png,APTOS2019,right,2026-10-08T20:58:13
APTOS2019/train_images/train_images/639915f58a2f.png,APTOS2019,left,2026-10-08T20:58:14
APTOS2019/train_images/train_images/63a03880939c.png,APTOS2019,left,2026-10-08T20:58:15
APTOS2019/train_images/train_images/63b4d030b016.png,APTOS2019,left,2026-10-08T20:58:16
APTOS2019/train_images/train_images/63b71347e95d.png,APTOS2019,right,2026-10-08T20:58:17
APTOS2019/train_images/train_images/63c0eafd6aa9.png,APTOS2019,right,2026-10-08T20:58:17
APTOS2019/train_images/train_images/63c3c571b8ee.png,APTOS2019,right,2026-10-08T20:58:18
APTOS2019/train_images/train_images/63c7b0265775.png,APTOS2019,left,2026-10-08T20:58:19
APTOS2019/train_images/train_images/63d217b059b6.png,APTOS2019,left,2026-10-08T20:58:20
APTOS2019/train_images/train_images/63e041a757eb.png,APTOS2019,left,2026-10-08T20:58:20
APTOS2019/train_images/train_images/64678182d8a8.png,APTOS2019,left,2026-10-08T20:58:21
APTOS2019/train_images/train_images/64a13949e879.png,APTOS2019,left,2026-10-08T20:58:22
APTOS2019/train_images/train_images/64ac539f58cb.png,APTOS2019,left,2026-10-08T20:58:22
APTOS2019/train_images/train_images/64b9206afb3f.png,APTOS2019,right,2026-10-08T20:58:23
APTOS2019/train_images/train_images/64bad93fde3f.png,APTOS2019,right,2026-10-08T20:58:24
APTOS2019/train_images/train_images/64c6c6ee0d98.png,APTOS2019,right,2026-10-08T20:58:25
APTOS2019/train_images/train_images/64eb5a79dfdd.png,APTOS2019,left,2026-10-08T20:58:26
APTOS2019/train_images/train_images/64fedbf97473.png,APTOS2019,right,2026-10-08T20:58:28
APTOS2019/train_images/train_images/650104ede84c.png,APTOS2019,right,2026-10-08T20:58:29
APTOS2019/train_images/train_images/6504b703c429.png,APTOS2019,right,2026-10-08T20:58:30
APTOS2019/train_images/train_images/650fbed3fdca.png,APTOS2019,left,2026-10-08T20:58:31
APTOS2019/train_images/train_images/6531070bf03c.png,APTOS2019,right,2026-10-08T20:58:33
APTOS2019/train_images/train_images/653534ded339.png,APTOS2019,left,2026-10-08T20:58:34
APTOS2019/train_images/train_images/655cafb4c932.png,APTOS2019,left,2026-10-08T20:58:35
APTOS2019/train_images/train_images/657859f893d9.png,APTOS2019,left,2026-10-08T20:58:37
APTOS2019/train_images/train_images/658ad9f09f5d.png,APTOS2019,right,2026-10-08T20:58:38
APTOS2019/train_images/train_images/65a3b13ad9a0.png,APTOS2019,right,2026-10-08T20:58:39
APTOS2019/train_images/train_images/65a7fe9482fe.png,APTOS2019,right,2026-10-08T20:58:40
APTOS2019/train_images/train_images/65c958379680.png,APTOS2019,right,2026-10-08T20:58:40
APTOS2019/train_images/train_images/65cf00be6fb4.png,APTOS2019,left,2026-10-08T20:58:41
APTOS2019/train_images/train_images/65dda202653d.png,APTOS2019,right,2026-10-08T20:58:42
APTOS2019/train_images/train_images/65e120143825.png,APTOS2019,left,2026-10-08T20:58:43
APTOS2019/train_images/train_images/65e51e18242b.png,APTOS2019,right,2026-10-08T20:58:44
APTOS2019/train_images/train_images/65e530ee2e79.png,APTOS2019,left,2026-10-08T20:58:45
APTOS2019/train_images/train_images/65e6f1bd9875.png,APTOS2019,right,2026-10-08T20:58:46
APTOS2019/train_images/train_images/65f5d2a6eb7e.png,APTOS2019,left,2026-10-08T20:58:47
APTOS2019/train_images/train_images/65f69234c8a7.png,APTOS2019,right,2026-10-08T20:58:48
APTOS2019/train_images/train_images/6630f8675a97.png,APTOS2019,right,2026-10-08T20:58:50
APTOS2019/train_images/train_images/66366a90d1ef.png,APTOS2019,right,2026-10-08T20:58:51
APTOS2019/train_images/train_images/66375b3c64db.png,APTOS2019,left,2026-10-08T20:58:52
APTOS2019/train_images/train_images/66393d8c60ba.png,APTOS2019,left,2026-10-08T20:58:53
APTOS2019/train_images/train_images/663a923d5398.png,APTOS2019,right,2026-10-08T20:58:54
APTOS2019/train_images/train_images/66460ecab347.png,APTOS2019,left,2026-10-08T20:58:56
APTOS2019/train_images/train_images/664b1f9a2087.png,APTOS2019,right,2026-10-08T20:58:57
APTOS2019/train_images/train_images/6653ad026901.png,APTOS2019,left,2026-10-08T20:58:58
APTOS2019/train_images/train_images/665ce639a331.png,APTOS2019,right,2026-10-08T20:59:00
APTOS2019/train_images/train_images/6666c4f18396.png,APTOS2019,left,2026-10-08T20:59:01
APTOS2019/train_images/train_images/668a319c2d23.png,APTOS2019,right,2026-10-08T20:59:02
APTOS2019/train_images/train_images/668e853258cd.png,APTOS2019,right,2026-10-08T20:59:03
APTOS2019/train_images/train_images/66a0bf258013.png,APTOS2019,right,2026-10-08T20:59:04
APTOS2019/train_images/train_images/66b88a4bc474.png,APTOS2019,right,2026-10-08T20:59:04
APTOS2019/train_images/train_images/66bae1ba227f.png,APTOS2019,right,2026-10-08T20:59:05
APTOS2019/train_images/train_images/66bfec8d6bcd.png,APTOS2019,right,2026-10-08T20:59:06
APTOS2019/train_images/train_images/66cd9c28e636.png,APTOS2019,right,2026-10-08T20:59:07
APTOS2019/train_images/train_images/66d2ca47aa44.png,APTOS2019,right,2026-10-08T20:59:07
APTOS2019/train_images/train_images/6733544ae7a6.png,APTOS2019,right,2026-10-08T20:59:08
APTOS2019/train_images/train_images/6735931000ec.png,APTOS2019,right,2026-10-08T20:59:09
APTOS2019/train_images/train_images/674057ab250c.png,APTOS2019,right,2026-10-08T20:59:10
APTOS2019/train_images/train_images/675de69373f8.png,APTOS2019,right,2026-10-08T20:59:11
APTOS2019/train_images/train_images/6762b2b48ea5.png,APTOS2019,left,2026-10-08T20:59:12
APTOS2019/train_images/train_images/677f087cd697.png,APTOS2019,right,2026-10-08T20:59:14
APTOS2019/train_images/train_images/67844c46bc61.png,APTOS2019,right,2026-10-08T20:59:15
APTOS2019/train_images/train_images/67c03349bb31.png,APTOS2019,right,2026-10-08T20:59:15
APTOS2019/train_images/train_images/67d8f94f04e0.png,APTOS2019,right,2026-10-08T20:59:16
APTOS2019/train_images/train_images/67ed8cc78b97.png,APTOS2019,left,2026-10-08T20:59:17
APTOS2019/train_images/train_images/67f5d89da548.png,APTOS2019,right,2026-10-08T20:59:18
APTOS2019/train_images/train_images/6810410187a0.png,APTOS2019,left,2026-10-08T20:59:19
APTOS2019/train_images/train_images/681c3c115684.png,APTOS2019,left,2026-10-08T20:59:20
APTOS2019/train_images/train_images/682312e82ee3.png,APTOS2019,right,2026-10-08T20:59:21
APTOS2019/train_images/train_images/683023cda6a5.png,APTOS2019,right,2026-10-08T20:59:22
APTOS2019/train_images/train_images/68332fdcaa70.png,APTOS2019,left,2026-10-08T20:59:23
APTOS2019/train_images/train_images/684dd88a0d49.png,APTOS2019,right,2026-10-08T20:59:24
APTOS2019/train_images/train_images/6852f4531591.png,APTOS2019,right,2026-10-08T20:59:25
APTOS2019/train_images/train_images/686ed1dbae20.png,APTOS2019,left,2026-10-08T20:59:26
APTOS2019/train_images/train_images/687759336b0d.png,APTOS2019,left,2026-10-08T20:59:26
APTOS2019/train_images/train_images/6889bc64ab09.png,APTOS2019,right,2026-10-08T20:59:28
APTOS2019/train_images/train_images/68987fb159ab.png,APTOS2019,right,2026-10-08T20:59:29
APTOS2019/train_images/train_images/68ddb15a74de.png,APTOS2019,right,2026-10-08T20:59:30
APTOS2019/train_images/train_images/691eeb59b4cb.png,APTOS2019,right,2026-10-08T20:59:30
APTOS2019/train_images/train_images/692e946b1f85.png,APTOS2019,left,2026-10-08T20:59:31
APTOS2019/train_images/train_images/69591ebb198d.png,APTOS2019,right,2026-10-08T20:59:33
APTOS2019/train_images/train_images/6966abf40b8c.png,APTOS2019,right,2026-10-08T20:59:34
APTOS2019/train_images/train_images/697538183db5.png,APTOS2019,left,2026-10-08T20:59:35
APTOS2019/train_images/train_images/6987804eb464.png,APTOS2019,right,2026-10-08T20:59:36
APTOS2019/train_images/train_images/698d6e422a80.png,APTOS2019,left,2026-10-08T20:59:37
APTOS2019/train_images/train_images/69b3a00927fc.png,APTOS2019,right,2026-10-08T20:59:38
APTOS2019/train_images/train_images/69c4cbb630de.png,APTOS2019,right,2026-10-08T20:59:39
APTOS2019/train_images/train_images/69df7ade0575.png,APTOS2019,left,2026-10-08T20:59:41
APTOS2019/train_images/train_images/69f43381317b.png,APTOS2019,left,2026-10-08T20:59:41
APTOS2019/train_images/train_images/69fff98cb32a.png,APTOS2019,left,2026-10-08T20:59:43
APTOS2019/train_images/train_images/6a244e855d0e.png,APTOS2019,right,2026-10-08T20:59:44
APTOS2019/train_images/train_images/6a2642131e4a.png,APTOS2019,left,2026-10-08T20:59:45
APTOS2019/train_images/train_images/6a2c3f4ef329.png,APTOS2019,left,2026-10-08T20:59:46
APTOS2019/train_images/train_images/6a57a3db3eff.png,APTOS2019,left,2026-10-08T20:59:47
APTOS2019/train_images/train_images/6a905a7202d2.png,APTOS2019,right,2026-10-08T20:59:48
APTOS2019/train_images/train_images/6a91eb157f47.png,APTOS2019,left,2026-10-08T20:59:49
APTOS2019/train_images/train_images/6af071b0ac6e.png,APTOS2019,left,2026-10-08T20:59:50
APTOS2019/train_images/train_images/6b00cb764237.png,APTOS2019,left,2026-10-08T20:59:51
APTOS2019/train_images/train_images/6b07971c3bf6.png,APTOS2019,left,2026-10-08T20:59:52
APTOS2019/train_images/train_images/6b128e648646.png,APTOS2019,left,2026-10-08T20:59:52
APTOS2019/train_images/train_images/6b30767595d8.png,APTOS2019,left,2026-10-08T20:59:53
APTOS2019/train_images/train_images/6b3860e8f64f.png,APTOS2019,right,2026-10-08T20:59:54
APTOS2019/train_images/train_images/6b664ed2a938.png,APTOS2019,right,2026-10-08T20:59:55
APTOS2019/train_images/train_images/6b66b0e86f7e.png,APTOS2019,left,2026-10-08T20:59:56
APTOS2019/train_images/train_images/6b7cf869622a.png,APTOS2019,right,2026-10-08T20:59:57
APTOS2019/train_images/train_images/6b869f37cdf3.png,APTOS2019,right,2026-10-08T20:59:58
APTOS2019/train_images/train_images/6b91e99c9408.png,APTOS2019,left,2026-10-08T20:59:59
APTOS2019/train_images/train_images/6ba5ed791444.png,APTOS2019,right,2026-10-08T21:00:01
APTOS2019/train_images/train_images/6baafa56895c.png,APTOS2019,right,2026-10-08T21:00:02
APTOS2019/train_images/train_images/6bb30ec3231a.png,APTOS2019,right,2026-10-08T21:00:02
APTOS2019/train_images/train_images/6bcce181be65.png,APTOS2019,right,2026-10-08T21:00:03
APTOS2019/train_images/train_images/6bf26b777e3a.png,APTOS2019,right,2026-10-08T21:00:04
APTOS2019/train_images/train_images/6bf2a81a5d91.png,APTOS2019,right,2026-10-08T21:00:05
APTOS2019/train_images/train_images/6c00dd8bf708.png,APTOS2019,left,2026-10-08T21:00:06
APTOS2019/train_images/train_images/6c250a30593b.png,APTOS2019,left,2026-10-08T21:00:07
APTOS2019/train_images/train_images/6c2555a9cae4.png,APTOS2019,left,2026-10-08T21:00:07
APTOS2019/train_images/train_images/6c30dd481717.png,APTOS2019,left,2026-10-08T21:00:08
APTOS2019/train_images/train_images/6c315ad3d07f.png,APTOS2019,right,2026-10-08T21:00:16
APTOS2019/train_images/train_images/6c3589d7ed8d.png,APTOS2019,left,2026-10-08T21:00:18
APTOS2019/train_images/train_images/6c3745a222da.png,APTOS2019,left,2026-10-08T21:00:19
APTOS2019/train_images/train_images/6c4ec95dd8ba.png,APTOS2019,left,2026-10-08T21:00:20
APTOS2019/train_images/train_images/6c6505a0c637.png,APTOS2019,right,2026-10-08T21:00:21
APTOS2019/train_images/train_images/6c6efb6b1358.png,APTOS2019,right,2026-10-08T21:00:22
APTOS2019/train_images/train_images/6c9c902a97de.png,APTOS2019,right,2026-10-08T21:00:23
APTOS2019/train_images/train_images/6cb96a6fb029.png,APTOS2019,right,2026-10-08T21:00:24
APTOS2019/train_images/train_images/6cb98da77e3e.png,APTOS2019,left,2026-10-08T21:00:25
APTOS2019/train_images/train_images/6cbc3dad809c.png,APTOS2019,left,2026-10-08T21:00:27
APTOS2019/train_images/train_images/6ccfdb031184.png,APTOS2019,left,2026-10-08T21:00:27
APTOS2019/train_images/train_images/6cd606dc52e9.png,APTOS2019,left,2026-10-08T21:00:28
APTOS2019/train_images/train_images/6cdd0f985270.png,APTOS2019,right,2026-10-08T21:00:29
APTOS2019/train_images/train_images/6cee2e148520.png,APTOS2019,left,2026-10-08T21:00:31
APTOS2019/train_images/train_images/6cfb7b44ef6f.png,APTOS2019,left,2026-10-08T21:00:31
APTOS2019/train_images/train_images/6cffc6c6851a.png,APTOS2019,right,2026-10-08T21:00:33
APTOS2019/train_images/train_images/6d0c0531083f.png,APTOS2019,left,2026-10-08T21:00:34
APTOS2019/train_images/train_images/6d10709053ae.png,APTOS2019,right,2026-10-08T21:00:35
APTOS2019/train_images/train_images/6d259b5b4c76.png,APTOS2019,left,2026-10-08T21:00:36
APTOS2019/train_images/train_images/6d292ca4c9ad.png,APTOS2019,right,2026-10-08T21:00:38
APTOS2019/train_images/train_images/6d3d1fe6c32a.png,APTOS2019,left,2026-10-08T21:00:39
APTOS2019/train_images/train_images/6d454444f17c.png,APTOS2019,left,2026-10-08T21:00:39
APTOS2019/train_images/train_images/6d4f6c9a8406.png,APTOS2019,left,2026-10-08T21:00:40
APTOS2019/train_images/train_images/6d5a8362dd1e.png,APTOS2019,right,2026-10-08T21:00:41
APTOS2019/train_images/train_images/6d6be4cfc73f.png,APTOS2019,right,2026-10-08T21:00:42
APTOS2019/train_images/train_images/6d6fcf49e515.png,APTOS2019,left,2026-10-08T21:00:43
APTOS2019/train_images/train_images/6d7d26025122.png,APTOS2019,left,2026-10-08T21:00:44
APTOS2019/train_images/train_images/6d9effbcde78.png,APTOS2019,right,2026-10-08T21:00:45
APTOS2019/train_images/train_images/6daef3e5ca22.png,APTOS2019,right,2026-10-08T21:00:46
APTOS2019/train_images/train_images/6dc0281f11e3.png,APTOS2019,left,2026-10-08T21:00:47
APTOS2019/train_images/train_images/6dc07f968794.png,APTOS2019,left,2026-10-08T21:00:48
APTOS2019/train_images/train_images/6dcde47060f9.png,APTOS2019,left,2026-10-08T21:00:48
APTOS2019/train_images/train_images/6de39b94f634.png,APTOS2019,right,2026-10-08T21:00:50
APTOS2019/train_images/train_images/6df8b7b6e837.png,APTOS2019,right,2026-10-08T21:00:50
APTOS2019/train_images/train_images/6dfd80748e72.png,APTOS2019,left,2026-10-08T21:00:52
APTOS2019/train_images/train_images/6e018411ba4a.png,APTOS2019,right,2026-10-08T21:00:53
APTOS2019/train_images/train_images/6e092b306fe1.png,APTOS2019,left,2026-10-08T21:00:54
APTOS2019/train_images/train_images/6e092caa065f.png,APTOS2019,left,2026-10-08T21:00:55
APTOS2019/train_images/train_images/6e0f78e188ff.png,APTOS2019,right,2026-10-08T21:00:56
APTOS2019/train_images/train_images/6e1db8711879.png,APTOS2019,left,2026-10-08T21:00:57
APTOS2019/train_images/train_images/6e3526053de0.png,APTOS2019,right,2026-10-08T21:00:58
APTOS2019/train_images/train_images/6e44f6d04fc9.png,APTOS2019,left,2026-10-08T21:00:59
APTOS2019/train_images/train_images/6e68e742f5bc.png,APTOS2019,right,2026-10-08T21:01:01
APTOS2019/train_images/train_images/6e73acb2cf60.png,APTOS2019,right,2026-10-08T21:01:01
APTOS2019/train_images/train_images/6e861bc3bd7b.png,APTOS2019,left,2026-10-08T21:01:02
APTOS2019/train_images/train_images/6e92b1c5ac8e.png,APTOS2019,left,2026-10-08T21:01:03
APTOS2019/train_images/train_images/6ea07d19b4ce.png,APTOS2019,right,2026-10-08T21:01:04
APTOS2019/train_images/train_images/6efa36d59ada.png,APTOS2019,right,2026-10-08T21:01:04
APTOS2019/train_images/train_images/6f0463c1ff18.png,APTOS2019,left,2026-10-08T21:01:05
APTOS2019/train_images/train_images/6f0e5848d9ce.png,APTOS2019,left,2026-10-08T21:01:06
APTOS2019/train_images/train_images/6f3b62e5b7f5.png,APTOS2019,right,2026-10-08T21:01:07
APTOS2019/train_images/train_images/6f460f9968c7.png,APTOS2019,right,2026-10-08T21:01:08
APTOS2019/train_images/train_images/6f4719c6bb4b.png,APTOS2019,right,2026-10-08T21:01:09
APTOS2019/train_images/train_images/6f4e0538d1e4.png,APTOS2019,right,2026-10-08T21:01:10
APTOS2019/train_images/train_images/6f689fced922.png,APTOS2019,right,2026-10-08T21:01:11
APTOS2019/train_images/train_images/6f923b60934b.png,APTOS2019,left,2026-10-08T21:01:12
APTOS2019/train_images/train_images/6fb656d506b2.png,APTOS2019,left,2026-10-08T21:01:13
APTOS2019/train_images/train_images/6fbaaf8eb67a.png,APTOS2019,left,2026-10-08T21:01:13
APTOS2019/train_images/train_images/6fe4751a3b42.png,APTOS2019,right,2026-10-08T21:01:14
APTOS2019/train_images/train_images/6fe67482bfae.png,APTOS2019,left,2026-10-08T21:01:16
APTOS2019/train_images/train_images/6fe67fd7f5d1.png,APTOS2019,left,2026-10-08T21:01:17
APTOS2019/train_images/train_images/7005be54cab1.png,APTOS2019,left,2026-10-08T21:01:17
APTOS2019/train_images/train_images/702de9dcde32.png,APTOS2019,left,2026-10-08T21:01:18
APTOS2019/train_images/train_images/705f508d1e42.png,APTOS2019,right,2026-10-08T21:01:19
APTOS2019/train_images/train_images/709784f7fcc2.png,APTOS2019,right,2026-10-08T21:01:20
APTOS2019/train_images/train_images/70d0392397de.png,APTOS2019,right,2026-10-08T21:01:21
APTOS2019/train_images/train_images/70d657f8f503.png,APTOS2019,left,2026-10-08T21:01:22
APTOS2019/train_images/train_images/70ed3ec68b94.png,APTOS2019,left,2026-10-08T21:01:23
APTOS2019/train_images/train_images/70f5caf5f305.png,APTOS2019,right,2026-10-08T21:01:24
APTOS2019/train_images/train_images/7102f29e052e.png,APTOS2019,left,2026-10-08T21:01:26
APTOS2019/train_images/train_images/710b05a96e0f.png,APTOS2019,left,2026-10-08T21:01:26
APTOS2019/train_images/train_images/7116128c65ab.png,APTOS2019,left,2026-10-08T21:01:27
APTOS2019/train_images/train_images/711d1480d2e3.png,APTOS2019,right,2026-10-08T21:01:28
APTOS2019/train_images/train_images/7131bf4c9e6f.png,APTOS2019,left,2026-10-08T21:01:29
APTOS2019/train_images/train_images/7179f85bfd6f.png,APTOS2019,right,2026-10-08T21:01:30
APTOS2019/train_images/train_images/71a39c660432.png,APTOS2019,right,2026-10-08T21:01:31
APTOS2019/train_images/train_images/71c1a3cdbe47.png,APTOS2019,right,2026-10-08T21:01:31
APTOS2019/train_images/train_images/71c22da3d6c6.png,APTOS2019,right,2026-10-08T21:01:32
APTOS2019/train_images/train_images/71e4130bf5c8.png,APTOS2019,left,2026-10-08T21:01:33
APTOS2019/train_images/train_images/71e43b4f8ba6.png,APTOS2019,left,2026-10-08T21:01:34
APTOS2019/train_images/train_images/71f6a6e4620a.png,APTOS2019,right,2026-10-08T21:01:36
APTOS2019/train_images/train_images/720b5f62ce80.png,APTOS2019,left,2026-10-08T21:01:37
APTOS2019/train_images/train_images/721214151233.png,APTOS2019,right,2026-10-08T21:01:38
APTOS2019/train_images/train_images/7214fc7cbe03.png,APTOS2019,left,2026-10-08T21:01:39
APTOS2019/train_images/train_images/7247a2c97f71.png,APTOS2019,left,2026-10-08T21:01:40
APTOS2019/train_images/train_images/72595230840c.png,APTOS2019,right,2026-10-08T21:01:41
APTOS2019/train_images/train_images/72606afaf3da.png,APTOS2019,right,2026-10-08T21:01:41
APTOS2019/train_images/train_images/7269a1d84a57.png,APTOS2019,right,2026-10-08T21:01:42
APTOS2019/train_images/train_images/726dff37edc0.png,APTOS2019,left,2026-10-08T21:01:43
APTOS2019/train_images/train_images/7270367410a1.png,APTOS2019,right,2026-10-08T21:01:45
APTOS2019/train_images/train_images/72a867980067.png,APTOS2019,left,2026-10-08T21:01:46
APTOS2019/train_images/train_images/72c31aa48e2c.png,APTOS2019,left,2026-10-08T21:01:47
APTOS2019/train_images/train_images/72d98188648f.png,APTOS2019,right,2026-10-08T21:01:49
APTOS2019/train_images/train_images/731b19a460ad.png,APTOS2019,right,2026-10-08T21:01:49
APTOS2019/train_images/train_images/7335a2d43ada.png,APTOS2019,left,2026-10-08T21:01:51
APTOS2019/train_images/train_images/7347bd23ba80.png,APTOS2019,right,2026-10-08T21:01:52
APTOS2019/train_images/train_images/7347f5133a6a.png,APTOS2019,right,2026-10-08T21:01:55
APTOS2019/train_images/train_images/7350c50667c5.png,APTOS2019,right,2026-10-08T21:01:56
APTOS2019/train_images/train_images/7356dd08b0ae.png,APTOS2019,right,2026-10-08T21:01:57
APTOS2019/train_images/train_images/735836b1ffa6.png,APTOS2019,right,2026-10-08T21:01:57
APTOS2019/train_images/train_images/737ef6226677.png,APTOS2019,right,2026-10-08T21:01:58
APTOS2019/train_images/train_images/73881f55a3ec.png,APTOS2019,left,2026-10-08T21:01:59
APTOS2019/train_images/train_images/73a07e2ea23e.png,APTOS2019,left,2026-10-08T21:02:00
APTOS2019/train_images/train_images/73ba798fee25.png,APTOS2019,right,2026-10-08T21:02:01
APTOS2019/train_images/train_images/73d40ce06a67.png,APTOS2019,right,2026-10-08T21:02:02
APTOS2019/train_images/train_images/73e83a07a16d.png,APTOS2019,right,2026-10-08T21:02:03
APTOS2019/train_images/train_images/73ef3c3dcbe4.png,APTOS2019,right,2026-10-08T21:02:03
APTOS2019/train_images/train_images/74211a2b6dcf.png,APTOS2019,left,2026-10-08T21:02:05
APTOS2019/train_images/train_images/7427dedafccf.png,APTOS2019,right,2026-10-08T21:02:06
APTOS2019/train_images/train_images/7435e9a3e36e.png,APTOS2019,right,2026-10-08T21:02:07
APTOS2019/train_images/train_images/74418f620068.png,APTOS2019,left,2026-10-08T21:02:08
APTOS2019/train_images/train_images/7455e2b5fc57.png,APTOS2019,right,2026-10-08T21:02:09
APTOS2019/train_images/train_images/74898f372d2b.png,APTOS2019,right,2026-10-08T21:02:10
APTOS2019/train_images/train_images/74eee788edee.png,APTOS2019,left,2026-10-08T21:02:11
APTOS2019/train_images/train_images/750e0168399d.png,APTOS2019,right,2026-10-08T21:02:12
APTOS2019/train_images/train_images/75238d945315.png,APTOS2019,right,2026-10-08T21:02:13
APTOS2019/train_images/train_images/7525ebb3434d.png,APTOS2019,right,2026-10-08T21:02:14
APTOS2019/train_images/train_images/7526c59c36d3.png,APTOS2019,left,2026-10-08T21:02:14
APTOS2019/train_images/train_images/7526cf435753.png,APTOS2019,right,2026-10-08T21:02:15
APTOS2019/train_images/train_images/75369248dba0.png,APTOS2019,left,2026-10-08T21:02:17
APTOS2019/train_images/train_images/753b14c27c83.png,APTOS2019,left,2026-10-08T21:02:17
APTOS2019/train_images/train_images/7550966ef777.png,APTOS2019,left,2026-10-08T21:02:18
APTOS2019/train_images/train_images/7569ac24762e.png,APTOS2019,left,2026-10-08T21:02:18
APTOS2019/train_images/train_images/756b0d6488bb.png,APTOS2019,left,2026-10-08T21:02:19
APTOS2019/train_images/train_images/757572337fd0.png,APTOS2019,right,2026-10-08T21:02:20
APTOS2019/train_images/train_images/757e39293591.png,APTOS2019,left,2026-10-08T21:02:21
APTOS2019/train_images/train_images/75a071608ea6.png,APTOS2019,right,2026-10-08T21:02:22
APTOS2019/train_images/train_images/75a4343b12f9.png,APTOS2019,left,2026-10-08T21:02:24
APTOS2019/train_images/train_images/75a7bc945b7d.png,APTOS2019,right,2026-10-08T21:02:25
APTOS2019/train_images/train_images/75c180e04f65.png,APTOS2019,left,2026-10-08T21:02:26
APTOS2019/train_images/train_images/75ed83dbccce.png,APTOS2019,right,2026-10-08T21:02:27
APTOS2019/train_images/train_images/76095c338728.png,APTOS2019,right,2026-10-08T21:02:28
APTOS2019/train_images/train_images/760b6f4c6d82.png,APTOS2019,right,2026-10-08T21:02:29
APTOS2019/train_images/train_images/762d6e5d5068.png,APTOS2019,right,2026-10-08T21:02:30
APTOS2019/train_images/train_images/7635921c5efb.png,APTOS2019,right,2026-10-08T21:02:30
APTOS2019/train_images/train_images/763ad1236efe.png,APTOS2019,right,2026-10-08T21:02:31
APTOS2019/train_images/train_images/76516f828d88.png,APTOS2019,left,2026-10-08T21:02:32
APTOS2019/train_images/train_images/7663aba8d762.png,APTOS2019,right,2026-10-08T21:02:34
APTOS2019/train_images/train_images/767d777ee889.png,APTOS2019,left,2026-10-08T21:02:35
APTOS2019/train_images/train_images/76b950c6ed5e.png,APTOS2019,right,2026-10-08T21:02:36
APTOS2019/train_images/train_images/76bc31e0d3be.png,APTOS2019,left,2026-10-08T21:02:37
APTOS2019/train_images/train_images/76be29bb30b2.png,APTOS2019,right,2026-10-08T21:02:38
APTOS2019/train_images/train_images/76c0c7e1b6cb.png,APTOS2019,right,2026-10-08T21:02:39
APTOS2019/train_images/train_images/76cab26493f1.png,APTOS2019,right,2026-10-08T21:02:39
APTOS2019/train_images/train_images/76cb010f7aa0.png,APTOS2019,right,2026-10-08T21:02:40
APTOS2019/train_images/train_images/76cfe8967f7d.png,APTOS2019,left,2026-10-08T21:02:41
APTOS2019/train_images/train_images/76df141d966b.png,APTOS2019,left,2026-10-08T21:02:42
APTOS2019/train_images/train_images/76e589911303.png,APTOS2019,left,2026-10-08T21:02:42
APTOS2019/train_images/train_images/76e5b50f95a7.png,APTOS2019,left,2026-10-08T21:02:43
APTOS2019/train_images/train_images/76e6a9238570.png,APTOS2019,left,2026-10-08T21:02:44
APTOS2019/train_images/train_images/76f3473df8a6.png,APTOS2019,left,2026-10-08T21:02:44
APTOS2019/train_images/train_images/76fe19ff64fb.png,APTOS2019,right,2026-10-08T21:02:45
APTOS2019/train_images/train_images/772af553b8b7.png,APTOS2019,right,2026-10-08T21:02:46
APTOS2019/train_images/train_images/7743f4e04a6d.png,APTOS2019,left,2026-10-08T21:02:47
APTOS2019/train_images/train_images/77543f66a84a.png,APTOS2019,left,2026-10-08T21:02:48
APTOS2019/train_images/train_images/77a1f1398fdb.png,APTOS2019,right,2026-10-08T21:02:49
APTOS2019/train_images/train_images/77a9538b8362.png,APTOS2019,right,2026-10-08T21:02:50
APTOS2019/train_images/train_images/77ab222bf85c.png,APTOS2019,left,2026-10-08T21:02:51
APTOS2019/train_images/train_images/77acc2cafee1.png,APTOS2019,left,2026-10-08T21:02:51
APTOS2019/train_images/train_images/77b7b71ebcc3.png,APTOS2019,right,2026-10-08T21:02:52
APTOS2019/train_images/train_images/77baa08a1345.png,APTOS2019,left,2026-10-08T21:02:53
APTOS2019/train_images/train_images/77e15f213b04.png,APTOS2019,right,2026-10-08T21:02:54
APTOS2019/train_images/train_images/77e7c7a160c8.png,APTOS2019,right,2026-10-08T21:02:55
APTOS2019/train_images/train_images/77f69c7ff324.png,APTOS2019,right,2026-10-08T21:02:56
APTOS2019/train_images/train_images/780be525036d.png,APTOS2019,right,2026-10-08T21:02:56
APTOS2019/train_images/train_images/780f9c237c56.png,APTOS2019,right,2026-10-08T21:02:57
APTOS2019/train_images/train_images/780f9daaa24b.png,APTOS2019,right,2026-10-08T21:02:58
APTOS2019/train_images/train_images/7828dd083cdc.png,APTOS2019,right,2026-10-08T21:02:58
APTOS2019/train_images/train_images/7831ce1d895e.png,APTOS2019,right,2026-10-08T21:02:59
APTOS2019/train_images/train_images/784d6d302f98.png,APTOS2019,right,2026-10-08T21:02:59
APTOS2019/train_images/train_images/785777558f05.png,APTOS2019,right,2026-10-08T21:03:00
APTOS2019/train_images/train_images/7877be80901c.png,APTOS2019,left,2026-10-08T21:03:02
APTOS2019/train_images/train_images/788ddb0b70b7.png,APTOS2019,left,2026-10-08T21:03:03
APTOS2019/train_images/train_images/78937523f7a8.png,APTOS2019,left,2026-10-08T21:03:04
APTOS2019/train_images/train_images/789434d095d1.png,APTOS2019,left,2026-10-08T21:03:05
APTOS2019/train_images/train_images/789c60cba801.png,APTOS2019,left,2026-10-08T21:03:05
APTOS2019/train_images/train_images/789f0ec1eab8.png,APTOS2019,left,2026-10-08T21:03:06
APTOS2019/train_images/train_images/78a577c3e0bf.png,APTOS2019,right,2026-10-08T21:03:10
APTOS2019/train_images/train_images/78b3f819dcc5.png,APTOS2019,right,2026-10-08T21:03:12
APTOS2019/train_images/train_images/78bcdffb8785.png,APTOS2019,right,2026-10-08T21:03:13
APTOS2019/train_images/train_images/78d53c82a23e.png,APTOS2019,right,2026-10-08T21:03:14
APTOS2019/train_images/train_images/79059d0592c4.png,APTOS2019,right,2026-10-08T21:03:14
APTOS2019/train_images/train_images/79540be95177.png,APTOS2019,left,2026-10-08T21:03:16
APTOS2019/train_images/train_images/799214e8b07c.png,APTOS2019,left,2026-10-08T21:03:20
APTOS2019/train_images/train_images/799cb4c816ae.png,APTOS2019,right,2026-10-08T21:03:22
APTOS2019/train_images/train_images/79ade634c633.png,APTOS2019,right,2026-10-08T21:03:22
APTOS2019/train_images/train_images/79be2ff796bf.png,APTOS2019,right,2026-10-08T21:03:23
APTOS2019/train_images/train_images/79cbae28d8b2.png,APTOS2019,left,2026-10-08T21:03:24
APTOS2019/train_images/train_images/79ce83c07588.png,APTOS2019,right,2026-10-08T21:03:24
APTOS2019/train_images/train_images/79d44db3da2d.png,APTOS2019,right,2026-10-08T21:03:25
APTOS2019/train_images/train_images/7a06ea127e02.png,APTOS2019,left,2026-10-08T21:03:26
APTOS2019/train_images/train_images/7a0cff4c24b2.png,APTOS2019,left,2026-10-08T21:03:26
APTOS2019/train_images/train_images/7a12f49e29df.png,APTOS2019,right,2026-10-08T21:03:27
APTOS2019/train_images/train_images/7a238a1d3cf3.png,APTOS2019,left,2026-10-08T21:03:28
APTOS2019/train_images/train_images/7a39c91416e2.png,APTOS2019,right,2026-10-08T21:03:30
APTOS2019/train_images/train_images/7a3ea1779b13.png,APTOS2019,right,2026-10-08T21:03:33
APTOS2019/train_images/train_images/7a42443ed106.png,APTOS2019,right,2026-10-08T21:03:34
APTOS2019/train_images/train_images/7a46cfa69bae.png,APTOS2019,right,2026-10-08T21:03:35
APTOS2019/train_images/train_images/7a6495a39d87.png,APTOS2019,right,2026-10-08T21:03:36
APTOS2019/train_images/train_images/7a6e384a0846.png,APTOS2019,right,2026-10-08T21:03:36
APTOS2019/train_images/train_images/7a77c3eb468c.png,APTOS2019,right,2026-10-08T21:03:37
APTOS2019/train_images/train_images/7a9f45fdf29b.png,APTOS2019,left,2026-10-08T21:03:38
APTOS2019/train_images/train_images/7aabd768abff.png,APTOS2019,right,2026-10-08T21:03:39
APTOS2019/train_images/train_images/7ad0c4975890.png,APTOS2019,right,2026-10-08T21:03:40
APTOS2019/train_images/train_images/7adfb8fc0621.png,APTOS2019,left,2026-10-08T21:03:40
APTOS2019/train_images/train_images/7ae69d22075a.png,APTOS2019,left,2026-10-08T21:03:41
APTOS2019/train_images/train_images/7af4d8704032.png,APTOS2019,left,2026-10-08T21:03:42
APTOS2019/train_images/train_images/7b20210d9120.png,APTOS2019,right,2026-10-08T21:03:43
APTOS2019/train_images/train_images/7b211d8bd249.png,APTOS2019,left,2026-10-08T21:03:46
APTOS2019/train_images/train_images/7b29e3783919.png,APTOS2019,right,2026-10-08T21:03:48
APTOS2019/train_images/train_images/7b49041cbf17.png,APTOS2019,left,2026-10-08T21:03:50
APTOS2019/train_images/train_images/7b691d9ced34.png,APTOS2019,right,2026-10-08T21:03:50
APTOS2019/train_images/train_images/7b87b0015282.png,APTOS2019,right,2026-10-08T21:03:52
APTOS2019/train_images/train_images/7b8c78b41c0d.png,APTOS2019,left,2026-10-08T21:03:55
APTOS2019/train_images/train_images/7b9d519cbd66.png,APTOS2019,right,2026-10-08T21:03:59
APTOS2019/train_images/train_images/7ba6b23c4b46.png,APTOS2019,right,2026-10-08T21:04:00
APTOS2019/train_images/train_images/7bc00e58d419.png,APTOS2019,left,2026-10-08T21:04:01
APTOS2019/train_images/train_images/7bc2e0fa3f72.png,APTOS2019,right,2026-10-08T21:04:02
APTOS2019/train_images/train_images/7bc4dd99eee5.png,APTOS2019,right,2026-10-08T21:04:03
APTOS2019/train_images/train_images/7bda86d95c5b.png,APTOS2019,right,2026-10-08T21:04:04
APTOS2019/train_images/train_images/7be1b9aa78aa.png,APTOS2019,right,2026-10-08T21:04:04
APTOS2019/train_images/train_images/7bf981d9c7fe.png,APTOS2019,left,2026-10-08T21:04:06
APTOS2019/train_images/train_images/7c2e852171c0.png,APTOS2019,left,2026-10-08T21:04:06
APTOS2019/train_images/train_images/7c2f820a6425.png,APTOS2019,left,2026-10-08T21:04:07
APTOS2019/train_images/train_images/7c3747c0b2c3.png,APTOS2019,right,2026-10-08T21:04:08
APTOS2019/train_images/train_images/7c52fe73e748.png,APTOS2019,right,2026-10-08T21:04:09
APTOS2019/train_images/train_images/7c629b491d1a.png,APTOS2019,right,2026-10-08T21:04:09
APTOS2019/train_images/train_images/7c6594b50690.png,APTOS2019,left,2026-10-08T21:04:11
APTOS2019/train_images/train_images/7c90ab025331.png,APTOS2019,right,2026-10-08T21:04:12
APTOS2019/train_images/train_images/7cc4b7aabe04.png,APTOS2019,left,2026-10-08T21:04:14
APTOS2019/train_images/train_images/7ccb267fd394.png,APTOS2019,left,2026-10-08T21:04:14
APTOS2019/train_images/train_images/7ccf9d25dc48.png,APTOS2019,right,2026-10-08T21:04:15
APTOS2019/train_images/train_images/7ce671f952be.png,APTOS2019,right,2026-10-08T21:04:16
APTOS2019/train_images/train_images/7d0a871c45db.png,APTOS2019,right,2026-10-08T21:04:17
APTOS2019/train_images/train_images/7d11dbc1e738.png,APTOS2019,left,2026-10-08T21:04:18
APTOS2019/train_images/train_images/7d1b40fdbd86.png,APTOS2019,right,2026-10-08T21:04:19
APTOS2019/train_images/train_images/7d1da90d3ca9.png,APTOS2019,left,2026-10-08T21:04:20
APTOS2019/train_images/train_images/7d261f986bef.png,APTOS2019,left,2026-10-08T21:04:23
APTOS2019/train_images/train_images/7d37a2939f12.png,APTOS2019,right,2026-10-08T21:04:24
APTOS2019/train_images/train_images/7d3835e4e63a.png,APTOS2019,right,2026-10-08T21:04:25
APTOS2019/train_images/train_images/7d48f8cdfb69.png,APTOS2019,right,2026-10-08T21:04:26
APTOS2019/train_images/train_images/7d626a7ffe76.png,APTOS2019,right,2026-10-08T21:04:26
APTOS2019/train_images/train_images/7d8f67cadc29.png,APTOS2019,right,2026-10-08T21:04:27
APTOS2019/train_images/train_images/7d94a000c2d0.png,APTOS2019,right,2026-10-08T21:04:28
APTOS2019/train_images/train_images/7da558d92100.png,APTOS2019,right,2026-10-08T21:04:28
APTOS2019/train_images/train_images/7ddcfcea7369.png,APTOS2019,right,2026-10-08T21:04:29
APTOS2019/train_images/train_images/7dee6bf8b9c1.png,APTOS2019,left,2026-10-08T21:04:30
APTOS2019/train_images/train_images/7e0598cc88a0.png,APTOS2019,right,2026-10-08T21:04:31
APTOS2019/train_images/train_images/7e160c8b611e.png,APTOS2019,left,2026-10-08T21:04:33
APTOS2019/train_images/train_images/7e4019ac7f5a.png,APTOS2019,right,2026-10-08T21:04:34
APTOS2019/train_images/train_images/7e5a76c4e103.png,APTOS2019,right,2026-10-08T21:04:35
APTOS2019/train_images/train_images/7e6e90a93aa5.png,APTOS2019,left,2026-10-08T21:04:36
APTOS2019/train_images/train_images/7e70344b0c25.png,APTOS2019,right,2026-10-08T21:04:37
APTOS2019/train_images/train_images/7e77b61e1639.png,APTOS2019,left,2026-10-08T21:04:38
APTOS2019/train_images/train_images/7e9081e95bf6.png,APTOS2019,right,2026-10-08T21:04:39
APTOS2019/train_images/train_images/7e9458de5707.png,APTOS2019,right,2026-10-08T21:04:40
APTOS2019/train_images/train_images/7e980424868e.png,APTOS2019,left,2026-10-08T21:04:41
APTOS2019/train_images/train_images/7ea756985353.png,APTOS2019,right,2026-10-08T21:04:42
APTOS2019/train_images/train_images/7ec0e61a7e29.png,APTOS2019,right,2026-10-08T21:04:42
APTOS2019/train_images/train_images/7ec1ffe8220b.png,APTOS2019,left,2026-10-08T21:04:44
APTOS2019/train_images/train_images/7ed4128b2a4e.png,APTOS2019,left,2026-10-08T21:04:44
APTOS2019/train_images/train_images/7ee6de71c140.png,APTOS2019,left,2026-10-08T21:04:45
APTOS2019/train_images/train_images/7eeb191ad06b.png,APTOS2019,right,2026-10-08T21:04:46
APTOS2019/train_images/train_images/7eee3d1f1268.png,APTOS2019,right,2026-10-08T21:04:47
APTOS2019/train_images/train_images/7ef5ff774a48.png,APTOS2019,right,2026-10-08T21:04:47
APTOS2019/train_images/train_images/7efc91af4ae6.png,APTOS2019,right,2026-10-08T21:04:48
APTOS2019/train_images/train_images/7f0ffeb0a333.png,APTOS2019,right,2026-10-08T21:04:49
APTOS2019/train_images/train_images/7f1f3269f546.png,APTOS2019,right,2026-10-08T21:04:50
APTOS2019/train_images/train_images/7f2123bc89a3.png,APTOS2019,left,2026-10-08T21:04:51
APTOS2019/train_images/train_images/7f2cce721e19.png,APTOS2019,left,2026-10-08T21:04:51
APTOS2019/train_images/train_images/7f39c36469b5.png,APTOS2019,right,2026-10-08T21:04:53
APTOS2019/train_images/train_images/7f43becd3e83.png,APTOS2019,left,2026-10-08T21:04:54
APTOS2019/train_images/train_images/7f60f2a083d3.png,APTOS2019,right,2026-10-08T21:04:55
APTOS2019/train_images/train_images/7f6690fa390a.png,APTOS2019,right,2026-10-08T21:04:55
APTOS2019/train_images/train_images/7f6ce40f306b.png,APTOS2019,right,2026-10-08T21:04:56
APTOS2019/train_images/train_images/7f84284598f5.png,APTOS2019,left,2026-10-08T21:04:57
APTOS2019/train_images/train_images/7fc3a8bb40de.png,APTOS2019,right,2026-10-08T21:04:58
APTOS2019/train_images/train_images/7fdb177b8f7d.png,APTOS2019,left,2026-10-08T21:04:59
APTOS2019/train_images/train_images/7fe7309d0b4f.png,APTOS2019,left,2026-10-08T21:05:00
APTOS2019/train_images/train_images/8000a6b97a84.png,APTOS2019,right,2026-10-08T21:05:01
APTOS2019/train_images/train_images/8010c931321f.png,APTOS2019,left,2026-10-08T21:05:02
APTOS2019/train_images/train_images/803120c5d287.png,APTOS2019,left,2026-10-08T21:05:03
APTOS2019/train_images/train_images/807135cbc438.png,APTOS2019,left,2026-10-08T21:05:04
APTOS2019/train_images/train_images/80964d8e0863.png,APTOS2019,right,2026-10-08T21:05:05
APTOS2019/train_images/train_images/80a02014b418.png,APTOS2019,left,2026-10-08T21:05:06
APTOS2019/train_images/train_images/80b5697f2a5e.png,APTOS2019,right,2026-10-08T21:05:08
APTOS2019/train_images/train_images/80b5a9519aec.png,APTOS2019,right,2026-10-08T21:05:08
APTOS2019/train_images/train_images/80c67efc8101.png,APTOS2019,left,2026-10-08T21:05:09
APTOS2019/train_images/train_images/80ca40196225.png,APTOS2019,right,2026-10-08T21:05:11
APTOS2019/train_images/train_images/80d24897669f.png,APTOS2019,left,2026-10-08T21:05:12
APTOS2019/train_images/train_images/80dbeb0fdc75.png,APTOS2019,left,2026-10-08T21:05:13
APTOS2019/train_images/train_images/80e6e425f966.png,APTOS2019,left,2026-10-08T21:05:13
APTOS2019/train_images/train_images/80e7cc0a0649.png,APTOS2019,left,2026-10-08T21:05:14
APTOS2019/train_images/train_images/80ed04a84a16.png,APTOS2019,left,2026-10-08T21:05:15
APTOS2019/train_images/train_images/80f6b30ece8c.png,APTOS2019,right,2026-10-08T21:05:16
APTOS2019/train_images/train_images/80feb1f7ca5e.png,APTOS2019,right,2026-10-08T21:05:17
APTOS2019/train_images/train_images/810d3779abd9.png,APTOS2019,right,2026-10-08T21:05:18
APTOS2019/train_images/train_images/810ed108f5b7.png,APTOS2019,left,2026-10-08T21:05:19
APTOS2019/train_images/train_images/8114d6a160df.png,APTOS2019,left,2026-10-08T21:05:19
APTOS2019/train_images/train_images/812d5adafaf2.png,APTOS2019,left,2026-10-08T21:05:20
APTOS2019/train_images/train_images/81371b0c01ad.png,APTOS2019,right,2026-10-08T21:05:21
APTOS2019/train_images/train_images/81704925f759.png,APTOS2019,left,2026-10-08T21:05:22
APTOS2019/train_images/train_images/8185ce1cdcef.png,APTOS2019,right,2026-10-08T21:05:23
APTOS2019/train_images/train_images/81914ceb4e74.png,APTOS2019,right,2026-10-08T21:05:24
APTOS2019/train_images/train_images/8191ae701985.png,APTOS2019,right,2026-10-08T21:05:25
APTOS2019/train_images/train_images/81b0a2651c45.png,APTOS2019,left,2026-10-08T21:05:26
APTOS2019/train_images/train_images/81bc03e2ff2b.png,APTOS2019,left,2026-10-08T21:05:27
APTOS2019/train_images/train_images/81d79d53ed7b.png,APTOS2019,left,2026-10-08T21:05:28
APTOS2019/train_images/train_images/8201cab8322d.png,APTOS2019,left,2026-10-08T21:05:59
APTOS2019/train_images/train_images/82088c6734e6.png,APTOS2019,right,2026-10-08T21:06:00
APTOS2019/train_images/train_images/821789e9053f.png,APTOS2019,left,2026-10-08T21:06:01
APTOS2019/train_images/train_images/8241e43408a8.png,APTOS2019,right,2026-10-08T21:06:02
APTOS2019/train_images/train_images/8273fdb4405e.png,APTOS2019,left,2026-10-08T21:06:03
APTOS2019/train_images/train_images/82910bba4753.png,APTOS2019,left,2026-10-08T21:06:04
APTOS2019/train_images/train_images/82ac8463fadd.png,APTOS2019,right,2026-10-08T21:06:05
APTOS2019/train_images/train_images/82bb8a01935f.png,APTOS2019,left,2026-10-08T21:06:06
APTOS2019/train_images/train_images/82d364726a58.png,APTOS2019,right,2026-10-08T21:06:07
APTOS2019/train_images/train_images/82deb07a6618.png,APTOS2019,left,2026-10-08T21:06:08
APTOS2019/train_images/train_images/82e5bc01f8a4.png,APTOS2019,left,2026-10-08T21:06:09
APTOS2019/train_images/train_images/82f2784ead76.png,APTOS2019,right,2026-10-08T21:06:09
APTOS2019/train_images/train_images/83038ca49b6d.png,APTOS2019,left,2026-10-08T21:06:10
APTOS2019/train_images/train_images/830e297965a1.png,APTOS2019,right,2026-10-08T21:06:11
APTOS2019/train_images/train_images/8329e80c10ac.png,APTOS2019,left,2026-10-08T21:06:12
APTOS2019/train_images/train_images/8344c783da65.png,APTOS2019,left,2026-10-08T21:06:13
APTOS2019/train_images/train_images/83517eaeccb9.png,APTOS2019,left,2026-10-08T21:06:14
APTOS2019/train_images/train_images/835b9f6e12ba.png,APTOS2019,left,2026-10-08T21:06:14
APTOS2019/train_images/train_images/837acf120946.png,APTOS2019,left,2026-10-08T21:06:15
APTOS2019/train_images/train_images/838b3e4d0bb4.png,APTOS2019,left,2026-10-08T21:06:15
APTOS2019/train_images/train_images/838c87c63422.png,APTOS2019,left,2026-10-08T21:06:17
APTOS2019/train_images/train_images/83a63c4a3e4a.png,APTOS2019,left,2026-10-08T21:06:18
APTOS2019/train_images/train_images/83b61051737f.png,APTOS2019,left,2026-10-08T21:06:18
APTOS2019/train_images/train_images/83d6e40c869f.png,APTOS2019,right,2026-10-08T21:06:19
APTOS2019/train_images/train_images/83d81ba5959c.png,APTOS2019,right,2026-10-08T21:06:20
APTOS2019/train_images/train_images/83df53d58f28.png,APTOS2019,right,2026-10-08T21:06:21
APTOS2019/train_images/train_images/83e529e95b0e.png,APTOS2019,left,2026-10-08T21:06:22
APTOS2019/train_images/train_images/83fda7c0500b.png,APTOS2019,right,2026-10-08T21:06:23
APTOS2019/train_images/train_images/840527bc6628.png,APTOS2019,right,2026-10-08T21:06:24
APTOS2019/train_images/train_images/840a06a9c690.png,APTOS2019,left,2026-10-08T21:06:24
APTOS2019/train_images/train_images/8421107255ae.png,APTOS2019,right,2026-10-08T21:06:26
APTOS2019/train_images/train_images/842d697884f6.png,APTOS2019,right,2026-10-08T21:06:26
APTOS2019/train_images/train_images/8433a032b96c.png,APTOS2019,right,2026-10-08T21:06:27
APTOS2019/train_images/train_images/8446826853d0.png,APTOS2019,right,2026-10-08T21:06:28
APTOS2019/train_images/train_images/8448af27ba07.png,APTOS2019,right,2026-10-08T21:06:28
APTOS2019/train_images/train_images/847b04287c9c.png,APTOS2019,right,2026-10-08T21:06:29
APTOS2019/train_images/train_images/848e66b9e199.png,APTOS2019,left,2026-10-08T21:06:30
APTOS2019/train_images/train_images/849a91e9ab28.png,APTOS2019,right,2026-10-08T21:06:31
APTOS2019/train_images/train_images/84a72e15b23c.png,APTOS2019,right,2026-10-08T21:06:32
APTOS2019/train_images/train_images/84b472c49cfa.png,APTOS2019,right,2026-10-08T21:06:33
APTOS2019/train_images/train_images/84b4da14bc23.png,APTOS2019,left,2026-10-08T21:06:34
APTOS2019/train_images/train_images/84b79243e430.png,APTOS2019,right,2026-10-08T21:06:35
APTOS2019/train_images/train_images/84b88e8d3bca.png,APTOS2019,left,2026-10-08T21:06:36
APTOS2019/train_images/train_images/84c663f39632.png,APTOS2019,right,2026-10-08T21:06:37
APTOS2019/train_images/train_images/84e8c62165b5.png,APTOS2019,left,2026-10-08T21:06:38
APTOS2019/train_images/train_images/851e40a21f81.png,APTOS2019,left,2026-10-08T21:06:39
APTOS2019/train_images/train_images/8543a801dce0.png,APTOS2019,right,2026-10-08T21:06:40
APTOS2019/train_images/train_images/855f0a5442b6.png,APTOS2019,left,2026-10-08T21:06:41
APTOS2019/train_images/train_images/8564b7aa3c1a.png,APTOS2019,left,2026-10-08T21:06:42
APTOS2019/train_images/train_images/857002ed4e49.png,APTOS2019,right,2026-10-08T21:06:43
APTOS2019/train_images/train_images/857230f64a2e.png,APTOS2019,right,2026-10-08T21:06:44
APTOS2019/train_images/train_images/8596a24a14bd.png,APTOS2019,right,2026-10-08T21:06:44
APTOS2019/train_images/train_images/85cbb84ac8e0.png,APTOS2019,left,2026-10-08T21:06:46
APTOS2019/train_images/train_images/85cc6d636898.png,APTOS2019,left,2026-10-08T21:06:46
APTOS2019/train_images/train_images/85f99e7e4052.png,APTOS2019,left,2026-10-08T21:06:47
APTOS2019/train_images/train_images/85fce24084da.png,APTOS2019,left,2026-10-08T21:06:48
APTOS2019/train_images/train_images/86410aa13b3e.png,APTOS2019,left,2026-10-08T21:06:48
APTOS2019/train_images/train_images/8650d32f4a9e.png,APTOS2019,right,2026-10-08T21:06:50
APTOS2019/train_images/train_images/8660e1864665.png,APTOS2019,right,2026-10-08T21:06:50
APTOS2019/train_images/train_images/86722fcd802c.png,APTOS2019,left,2026-10-08T21:06:51
APTOS2019/train_images/train_images/8676427e4625.png,APTOS2019,right,2026-10-08T21:06:53
APTOS2019/train_images/train_images/8688f3d0fcaf.png,APTOS2019,left,2026-10-08T21:06:54
APTOS2019/train_images/train_images/8693ab1fd2be.png,APTOS2019,left,2026-10-08T21:06:54
APTOS2019/train_images/train_images/869bbd3170cc.png,APTOS2019,right,2026-10-08T21:06:56
APTOS2019/train_images/train_images/86b3a7929bec.png,APTOS2019,left,2026-10-08T21:06:57
APTOS2019/train_images/train_images/86baef833ae0.png,APTOS2019,left,2026-10-08T21:06:57
APTOS2019/train_images/train_images/86d58f850a0c.png,APTOS2019,right,2026-10-08T21:06:58
APTOS2019/train_images/train_images/86d6808f0609.png,APTOS2019,left,2026-10-08T21:07:00
APTOS2019/train_images/train_images/86e7f98f73f1.png,APTOS2019,left,2026-10-08T21:07:02
APTOS2019/train_images/train_images/86fbac86ed3e.png,APTOS2019,right,2026-10-08T21:07:03
APTOS2019/train_images/train_images/870f433e8f37.png,APTOS2019,right,2026-10-08T21:07:03
APTOS2019/train_images/train_images/870fbe6eaa68.png,APTOS2019,left,2026-10-08T21:07:05
APTOS2019/train_images/train_images/8714d17bb6da.png,APTOS2019,left,2026-10-08T21:07:06
APTOS2019/train_images/train_images/87295c5fa1cc.png,APTOS2019,right,2026-10-08T21:07:07
APTOS2019/train_images/train_images/873dcc0b468f.png,APTOS2019,left,2026-10-08T21:07:08
APTOS2019/train_images/train_images/873fe0404d6e.png,APTOS2019,right,2026-10-08T21:07:09
APTOS2019/train_images/train_images/874f8c1929f6.png,APTOS2019,left,2026-10-08T21:07:10
APTOS2019/train_images/train_images/875a2fc5fe23.png,APTOS2019,right,2026-10-08T21:07:11
APTOS2019/train_images/train_images/875d2ffcbf47.png,APTOS2019,left,2026-10-08T21:07:12
APTOS2019/train_images/train_images/876deb29f000.png,APTOS2019,left,2026-10-08T21:07:13
APTOS2019/train_images/train_images/876e1dd12d38.png,APTOS2019,right,2026-10-08T21:07:14
APTOS2019/train_images/train_images/87774aafe068.png,APTOS2019,right,2026-10-08T21:07:15
APTOS2019/train_images/train_images/8785b71238d8.png,APTOS2019,right,2026-10-08T21:07:15
APTOS2019/train_images/train_images/878a3a097436.png,APTOS2019,right,2026-10-08T21:07:16
APTOS2019/train_images/train_images/878e356c8fc9.png,APTOS2019,right,2026-10-08T21:07:17
APTOS2019/train_images/train_images/879744b9dc65.png,APTOS2019,right,2026-10-08T21:07:18
APTOS2019/train_images/train_images/87a9f4d20f07.png,APTOS2019,right,2026-10-08T21:07:18
APTOS2019/train_images/train_images/87b1938994b5.png,APTOS2019,right,2026-10-08T21:07:19
APTOS2019/train_images/train_images/87b671c6d4c5.png,APTOS2019,left,2026-10-08T21:07:20
APTOS2019/train_images/train_images/87d46b1cc4e9.png,APTOS2019,left,2026-10-08T21:07:21
APTOS2019/train_images/train_images/880edb2cdb69.png,APTOS2019,right,2026-10-08T21:07:22
APTOS2019/train_images/train_images/881ec6186e68.png,APTOS2019,right,2026-10-08T21:07:22
APTOS2019/train_images/train_images/882a71de424e.png,APTOS2019,right,2026-10-08T21:07:24
APTOS2019/train_images/train_images/883c6a184f16.png,APTOS2019,right,2026-10-08T21:07:24
APTOS2019/train_images/train_images/883ddb650967.png,APTOS2019,left,2026-10-08T21:07:25
APTOS2019/train_images/train_images/8846b09384a4.png,APTOS2019,right,2026-10-08T21:07:26
APTOS2019/train_images/train_images/885fa5fc5da8.png,APTOS2019,right,2026-10-08T21:07:27
APTOS2019/train_images/train_images/8860c7b11530.png,APTOS2019,right,2026-10-08T21:07:28
APTOS2019/train_images/train_images/8871e6a26596.png,APTOS2019,right,2026-10-08T21:07:28
APTOS2019/train_images/train_images/887c26fc0e1f.png,APTOS2019,left,2026-10-08T21:07:29
APTOS2019/train_images/train_images/88e4399d207c.png,APTOS2019,right,2026-10-08T21:07:30
APTOS2019/train_images/train_images/88e5051f65bd.png,APTOS2019,right,2026-10-08T21:07:31
APTOS2019/train_images/train_images/8906c9ed54a2.png,APTOS2019,left,2026-10-08T21:07:32
APTOS2019/train_images/train_images/891329021e12.png,APTOS2019,right,2026-10-08T21:07:33
APTOS2019/train_images/train_images/891392c9683c.png,APTOS2019,right,2026-10-08T21:07:34
APTOS2019/train_images/train_images/894a37fc3738.png,APTOS2019,left,2026-10-08T21:07:35
APTOS2019/train_images/train_images/8958a4d17b7e.png,APTOS2019,left,2026-10-08T21:07:36
APTOS2019/train_images/train_images/895fe2bfc5b6.png,APTOS2019,left,2026-10-08T21:07:37
APTOS2019/train_images/train_images/896ad584a841.png,APTOS2019,left,2026-10-08T21:07:37
APTOS2019/train_images/train_images/898f0bc8acfa.png,APTOS2019,left,2026-10-08T21:07:38
APTOS2019/train_images/train_images/89b044cbaf85.png,APTOS2019,left,2026-10-08T21:07:39
APTOS2019/train_images/train_images/89b725411cee.png,APTOS2019,right,2026-10-08T21:07:40
APTOS2019/train_images/train_images/89d2a7403a06.png,APTOS2019,left,2026-10-08T21:07:43
APTOS2019/train_images/train_images/89d9c071a56f.png,APTOS2019,right,2026-10-08T21:07:45
APTOS2019/train_images/train_images/89ed6a0dd53f.png,APTOS2019,left,2026-10-08T21:07:46
APTOS2019/train_images/train_images/89ee1fa16f90.png,APTOS2019,left,2026-10-08T21:07:47
APTOS2019/train_images/train_images/89fc080f7e83.png,APTOS2019,left,2026-10-08T21:07:48
APTOS2019/train_images/train_images/8a01daa423f7.png,APTOS2019,right,2026-10-08T21:07:49
APTOS2019/train_images/train_images/8a234d68b27e.png,APTOS2019,right,2026-10-08T21:07:49
APTOS2019/train_images/train_images/8a25a080f28f.png,APTOS2019,left,2026-10-08T21:07:50
APTOS2019/train_images/train_images/8a3eb86ae4bd.png,APTOS2019,left,2026-10-08T21:07:51
APTOS2019/train_images/train_images/8a482c024fc2.png,APTOS2019,right,2026-10-08T21:07:52
APTOS2019/train_images/train_images/8a67f1efa315.png,APTOS2019,right,2026-10-08T21:07:53
APTOS2019/train_images/train_images/8a759f94613a.png,APTOS2019,left,2026-10-08T21:07:55
APTOS2019/train_images/train_images/8a7765e785fb.png,APTOS2019,right,2026-10-08T21:07:56
APTOS2019/train_images/train_images/8a81f62320d6.png,APTOS2019,left,2026-10-08T21:07:57
APTOS2019/train_images/train_images/8a87dd2a784e.png,APTOS2019,right,2026-10-08T21:07:58
APTOS2019/train_images/train_images/8a8a251770cd.png,APTOS2019,right,2026-10-08T21:07:59
APTOS2019/train_images/train_images/8a9bef2fbd4e.png,APTOS2019,right,2026-10-08T21:08:00
APTOS2019/train_images/train_images/8aa3c4681542.png,APTOS2019,left,2026-10-08T21:08:01
APTOS2019/train_images/train_images/8aab201c0691.png,APTOS2019,left,2026-10-08T21:08:02
APTOS2019/train_images/train_images/8ab3faa3701f.png,APTOS2019,left,2026-10-08T21:08:02
APTOS2019/train_images/train_images/8ab8d9b3ce3f.png,APTOS2019,right,2026-10-08T21:08:04
APTOS2019/train_images/train_images/8ac0c44bbf24.png,APTOS2019,right,2026-10-08T21:08:06
APTOS2019/train_images/train_images/8acdf12f412a.png,APTOS2019,left,2026-10-08T21:08:07
APTOS2019/train_images/train_images/8acffaf1f4b9.png,APTOS2019,left,2026-10-08T21:08:08
APTOS2019/train_images/train_images/8ae049175db6.png,APTOS2019,right,2026-10-08T21:08:09
APTOS2019/train_images/train_images/8af50c9d0a86.png,APTOS2019,left,2026-10-08T21:08:10
APTOS2019/train_images/train_images/8af6a4e5396f.png,APTOS2019,right,2026-10-08T21:08:11
APTOS2019/train_images/train_images/8b079e79035f.png,APTOS2019,right,2026-10-08T21:08:11
APTOS2019/train_images/train_images/8b26d3cd61e8.png,APTOS2019,right,2026-10-08T21:08:12
APTOS2019/train_images/train_images/8b568d47a1fd.png,APTOS2019,left,2026-10-08T21:08:13
APTOS2019/train_images/train_images/8b58f9a338e8.png,APTOS2019,left,2026-10-08T21:08:14
APTOS2019/train_images/train_images/8b76c3c5cb3e.png,APTOS2019,left,2026-10-08T21:08:14
APTOS2019/train_images/train_images/8b8fe3fc8950.png,APTOS2019,left,2026-10-08T21:08:15
APTOS2019/train_images/train_images/8bad12d70368.png,APTOS2019,left,2026-10-08T21:08:15
APTOS2019/train_images/train_images/8bbd7835e9aa.png,APTOS2019,left,2026-10-08T21:08:16
APTOS2019/train_images/train_images/8bc6716c2238.png,APTOS2019,right,2026-10-08T21:08:17
APTOS2019/train_images/train_images/8bdb891661a8.png,APTOS2019,right,2026-10-08T21:08:18
APTOS2019/train_images/train_images/8be6629a6039.png,APTOS2019,right,2026-10-08T21:08:19
APTOS2019/train_images/train_images/8bed09514c3b.png,APTOS2019,left,2026-10-08T21:08:20
APTOS2019/train_images/train_images/8bf05909e1e1.png,APTOS2019,right,2026-10-08T21:08:21
APTOS2019/train_images/train_images/8bf2d925dc0c.png,APTOS2019,right,2026-10-08T21:08:22
APTOS2019/train_images/train_images/8c0d05233238.png,APTOS2019,right,2026-10-08T21:08:23
APTOS2019/train_images/train_images/8c29a76fa08c.png,APTOS2019,left,2026-10-08T21:08:24
APTOS2019/train_images/train_images/8c2f0f04e1ed.png,APTOS2019,left,2026-10-08T21:08:24
APTOS2019/train_images/train_images/8c4ceddeb1c6.png,APTOS2019,left,2026-10-08T21:08:25
APTOS2019/train_images/train_images/8c7c26c52a6c.png,APTOS2019,right,2026-10-08T21:08:26
APTOS2019/train_images/train_images/8c84e96d9b01.png,APTOS2019,right,2026-10-08T21:08:27
APTOS2019/train_images/train_images/8c87bd748996.png,APTOS2019,left,2026-10-08T21:08:28
APTOS2019/train_images/train_images/8cb6b0efaaac.png,APTOS2019,left,2026-10-08T21:08:29
APTOS2019/train_images/train_images/8cb6b5b2f19c.png,APTOS2019,right,2026-10-08T21:08:30
APTOS2019/train_images/train_images/8ceff4c4c860.png,APTOS2019,left,2026-10-08T21:08:31
APTOS2019/train_images/train_images/8d13c46e7d75.png,APTOS2019,right,2026-10-08T21:08:32
APTOS2019/train_images/train_images/8d3d67661620.png,APTOS2019,right,2026-10-08T21:08:32
APTOS2019/train_images/train_images/8d4d14a4ab07.png,APTOS2019,left,2026-10-08T21:08:33
APTOS2019/train_images/train_images/8d4ff745a409.png,APTOS2019,right,2026-10-08T21:08:35
APTOS2019/train_images/train_images/8d62ba9cb22a.png,APTOS2019,right,2026-10-08T21:08:35
APTOS2019/train_images/train_images/8d7bb0649a02.png,APTOS2019,left,2026-10-08T21:08:36
APTOS2019/train_images/train_images/8d8aca52c07b.png,APTOS2019,left,2026-10-08T21:08:37
APTOS2019/train_images/train_images/8d9516ea3587.png,APTOS2019,left,2026-10-08T21:08:38
APTOS2019/train_images/train_images/8dafa62f9322.png,APTOS2019,right,2026-10-08T21:08:39
APTOS2019/train_images/train_images/8db2ce991101.png,APTOS2019,left,2026-10-08T21:08:40
APTOS2019/train_images/train_images/8dba09a4e5ed.png,APTOS2019,left,2026-10-08T21:08:41
APTOS2019/train_images/train_images/8dc22e65c06f.png,APTOS2019,right,2026-10-08T21:08:42
APTOS2019/train_images/train_images/8dfa629ca74e.png,APTOS2019,left,2026-10-08T21:08:43
APTOS2019/train_images/train_images/8dfff47b06b7.png,APTOS2019,left,2026-10-08T21:08:44
APTOS2019/train_images/train_images/8e20b8fac7c3.png,APTOS2019,left,2026-10-08T21:08:44
APTOS2019/train_images/train_images/8e2a3978c244.png,APTOS2019,left,2026-10-08T21:08:45
APTOS2019/train_images/train_images/8e3b79e1f1f7.png,APTOS2019,left,2026-10-08T21:08:46
APTOS2019/train_images/train_images/8e4a354e3da2.png,APTOS2019,left,2026-10-08T21:08:47
APTOS2019/train_images/train_images/8e63fc4ab532.png,APTOS2019,left,2026-10-08T21:08:49
APTOS2019/train_images/train_images/8e67f2d7e0ee.png,APTOS2019,right,2026-10-08T21:08:51
APTOS2019/train_images/train_images/8e6df9eedcd8.png,APTOS2019,right,2026-10-08T21:13:31
APTOS2019/train_images/train_images/8e76054f0831.png,APTOS2019,right,2026-10-08T21:20:05
APTOS2019/train_images/train_images/8e7981855125.png,APTOS2019,left,2026-10-08T21:20:07
APTOS2019/train_images/train_images/8ead17dfb6a6.png,APTOS2019,left,2026-10-08T21:20:08
APTOS2019/train_images/train_images/8ead8f37423c.png,APTOS2019,right,2026-10-08T21:20:09
APTOS2019/train_images/train_images/8eb3337a54e9.png,APTOS2019,right,2026-10-08T21:20:10
APTOS2019/train_images/train_images/8ed586c43023.png,APTOS2019,right,2026-10-08T21:20:11
APTOS2019/train_images/train_images/8ee50c26fc13.png,APTOS2019,right,2026-10-08T21:20:11
APTOS2019/train_images/train_images/8eeac97f02f0.png,APTOS2019,left,2026-10-08T21:20:13
APTOS2019/train_images/train_images/8ef2eb8c51c4.png,APTOS2019,right,2026-10-08T21:20:14
APTOS2019/train_images/train_images/8f06ca4642bd.png,APTOS2019,right,2026-10-08T21:20:15
APTOS2019/train_images/train_images/8f10e41a2f02.png,APTOS2019,left,2026-10-08T21:20:16
APTOS2019/train_images/train_images/8f14bca04b47.png,APTOS2019,left,2026-10-08T21:20:17
APTOS2019/train_images/train_images/8f1e7433a95d.png,APTOS2019,right,2026-10-08T21:20:19
APTOS2019/train_images/train_images/8f2996b8d855.png,APTOS2019,right,2026-10-08T21:20:19
APTOS2019/train_images/train_images/8f318a978844.png,APTOS2019,left,2026-10-08T21:20:21
APTOS2019/train_images/train_images/8f9819752ca0.png,APTOS2019,left,2026-10-08T21:20:21
APTOS2019/train_images/train_images/8fbb2ca39911.png,APTOS2019,left,2026-10-08T21:20:22
APTOS2019/train_images/train_images/8fc09fecd22f.png,APTOS2019,left,2026-10-08T21:20:23
APTOS2019/train_images/train_images/8fd7ad26e691.png,APTOS2019,left,2026-10-08T21:20:24
APTOS2019/train_images/train_images/8ff2733f6aef.png,APTOS2019,right,2026-10-08T21:20:26
APTOS2019/train_images/train_images/8ff863f8874f.png,APTOS2019,left,2026-10-08T21:20:27
APTOS2019/train_images/train_images/8ffa608170d3.png,APTOS2019,left,2026-10-08T21:20:28
APTOS2019/train_images/train_images/901a3552fe26.png,APTOS2019,right,2026-10-08T21:20:29
APTOS2019/train_images/train_images/902dc5a91a3f.png,APTOS2019,right,2026-10-08T21:20:30
APTOS2019/train_images/train_images/9033f1493da1.png,APTOS2019,left,2026-10-08T21:20:32
APTOS2019/train_images/train_images/9039cbfcbb2f.png,APTOS2019,left,2026-10-08T21:20:32
APTOS2019/train_images/train_images/9041eb43456e.png,APTOS2019,left,2026-10-08T21:20:33
APTOS2019/train_images/train_images/904b03ad5594.png,APTOS2019,right,2026-10-08T21:20:35
APTOS2019/train_images/train_images/905cc86bf100.png,APTOS2019,left,2026-10-08T21:20:36
APTOS2019/train_images/train_images/906d02fb822d.png,APTOS2019,left,2026-10-08T21:20:37
APTOS2019/train_images/train_images/907aaff827e5.png,APTOS2019,left,2026-10-08T21:20:39
APTOS2019/train_images/train_images/9095d43fb132.png,APTOS2019,left,2026-10-08T21:20:39
APTOS2019/train_images/train_images/90960ddf4d14.png,APTOS2019,left,2026-10-08T21:20:42
APTOS2019/train_images/train_images/90a786abe58e.png,APTOS2019,right,2026-10-08T21:20:43
APTOS2019/train_images/train_images/90a9a41eec6d.png,APTOS2019,right,2026-10-08T21:20:44
APTOS2019/train_images/train_images/90b8bf342032.png,APTOS2019,right,2026-10-08T21:20:45
APTOS2019/train_images/train_images/90bde2ff8953.png,APTOS2019,right,2026-10-08T21:20:46
APTOS2019/train_images/train_images/90c982cc2d96.png,APTOS2019,right,2026-10-08T21:20:47
APTOS2019/train_images/train_images/910bfd38e2f5.png,APTOS2019,right,2026-10-08T21:20:48
APTOS2019/train_images/train_images/9122b31414d3.png,APTOS2019,left,2026-10-08T21:20:49
APTOS2019/train_images/train_images/912fbe06407e.png,APTOS2019,right,2026-10-08T21:20:50
APTOS2019/train_images/train_images/913490237ad4.png,APTOS2019,left,2026-10-08T21:20:52
APTOS2019/train_images/train_images/913b1890ed1e.png,APTOS2019,right,2026-10-08T21:20:53
APTOS2019/train_images/train_images/916915f01e17.png,APTOS2019,left,2026-10-08T21:20:55
APTOS2019/train_images/train_images/916ec976ff30.png,APTOS2019,left,2026-10-08T21:20:56
APTOS2019/train_images/train_images/917f76f360b6.png,APTOS2019,right,2026-10-08T21:20:57
APTOS2019/train_images/train_images/91a88d3b0358.png,APTOS2019,left,2026-10-08T21:20:58
APTOS2019/train_images/train_images/91b6ebaa3678.png,APTOS2019,left,2026-10-08T21:20:59
APTOS2019/train_images/train_images/91b7a4179ecf.png,APTOS2019,right,2026-10-08T21:21:00
APTOS2019/train_images/train_images/91cbe1c775ef.png,APTOS2019,left,2026-10-08T21:21:01
APTOS2019/train_images/train_images/91cf56d3d1af.png,APTOS2019,left,2026-10-08T21:21:02
APTOS2019/train_images/train_images/91e2c2890c9f.png,APTOS2019,right,2026-10-08T21:21:03
APTOS2019/train_images/train_images/91e82fe4e434.png,APTOS2019,left,2026-10-08T21:21:04
APTOS2019/train_images/train_images/91e8af9ceee9.png,APTOS2019,left,2026-10-08T21:21:05
APTOS2019/train_images/train_images/91f3c4c1e72b.png,APTOS2019,right,2026-10-08T21:21:06
APTOS2019/train_images/train_images/921433215353.png,APTOS2019,left,2026-10-08T21:21:08
APTOS2019/train_images/train_images/922586d86cd8.png,APTOS2019,left,2026-10-08T21:21:08
APTOS2019/train_images/train_images/9232dc06cfdc.png,APTOS2019,right,2026-10-08T21:21:10
APTOS2019/train_images/train_images/92587e494d51.png,APTOS2019,right,2026-10-08T21:21:16
APTOS2019/train_images/train_images/9274e75dc4d5.png,APTOS2019,right,2026-10-08T21:21:16
APTOS2019/train_images/train_images/9287e57326d0.png,APTOS2019,left,2026-10-08T21:21:18
APTOS2019/train_images/train_images/92889b863ae6.png,APTOS2019,right,2026-10-08T21:21:19
APTOS2019/train_images/train_images/929cd3867815.png,APTOS2019,left,2026-10-08T21:21:21
APTOS2019/train_images/train_images/92b0d27fc0ec.png,APTOS2019,right,2026-10-08T21:21:22
APTOS2019/train_images/train_images/92d8a7c8e718.png,APTOS2019,right,2026-10-08T21:21:22
APTOS2019/train_images/train_images/92d9e9f08709.png,APTOS2019,right,2026-10-08T21:21:23
APTOS2019/train_images/train_images/92e3d608fd3c.png,APTOS2019,left,2026-10-08T21:21:25
APTOS2019/train_images/train_images/92f313287a29.png,APTOS2019,right,2026-10-08T21:21:26
APTOS2019/train_images/train_images/92fcf50b3562.png,APTOS2019,left,2026-10-08T21:21:27
APTOS2019/train_images/train_images/930fee99213a.png,APTOS2019,right,2026-10-08T21:21:28
APTOS2019/train_images/train_images/932181b93b2f.png,APTOS2019,right,2026-10-08T21:21:29
APTOS2019/train_images/train_images/934104859e68.png,APTOS2019,right,2026-10-08T21:21:34
APTOS2019/train_images/train_images/93421787f520.png,APTOS2019,left,2026-10-08T21:21:36
APTOS2019/train_images/train_images/936299166bea.png,APTOS2019,right,2026-10-08T21:21:37
APTOS2019/train_images/train_images/937bc1b924b1.png,APTOS2019,right,2026-10-08T21:21:38
APTOS2019/train_images/train_images/93802d1e3c41.png,APTOS2019,right,2026-10-08T21:21:38
APTOS2019/train_images/train_images/93a1b984de84.png,APTOS2019,left,2026-10-08T21:21:39
APTOS2019/train_images/train_images/93be637084a2.png,APTOS2019,left,2026-10-08T21:21:40
APTOS2019/train_images/train_images/93d6d20a5ee3.png,APTOS2019,left,2026-10-08T21:21:41
APTOS2019/train_images/train_images/94076a9fb9b5.png,APTOS2019,right,2026-10-08T21:21:42
APTOS2019/train_images/train_images/94111ed3d276.png,APTOS2019,left,2026-10-08T21:21:43
APTOS2019/train_images/train_images/94145d1f42cf.png,APTOS2019,left,2026-10-08T21:21:43
APTOS2019/train_images/train_images/941d874c8afb.png,APTOS2019,right,2026-10-08T21:21:45
APTOS2019/train_images/train_images/942f544c4e15.png,APTOS2019,left,2026-10-08T21:21:46
APTOS2019/train_images/train_images/94372043d55b.png,APTOS2019,right,2026-10-08T21:21:47
APTOS2019/train_images/train_images/944a233fbf8e.png,APTOS2019,right,2026-10-08T21:21:47
APTOS2019/train_images/train_images/946545473380.png,APTOS2019,right,2026-10-08T21:21:48
APTOS2019/train_images/train_images/949710bead24.png,APTOS2019,right,2026-10-08T21:21:49
APTOS2019/train_images/train_images/94a67ec0714f.png,APTOS2019,right,2026-10-08T21:21:49
APTOS2019/train_images/train_images/94b1d8ad35ec.png,APTOS2019,left,2026-10-08T21:21:51
APTOS2019/train_images/train_images/94b9ccc73bb9.png,APTOS2019,right,2026-10-08T21:21:52
APTOS2019/train_images/train_images/94dcb491143f.png,APTOS2019,left,2026-10-08T21:21:53
APTOS2019/train_images/train_images/94ef1d14597f.png,APTOS2019,left,2026-10-08T21:21:54
APTOS2019/train_images/train_images/94f9ecf4b8d2.png,APTOS2019,left,2026-10-08T21:21:55
APTOS2019/train_images/train_images/9519a590985d.png,APTOS2019,left,2026-10-08T21:21:55
APTOS2019/train_images/train_images/956765d5f46d.png,APTOS2019,left,2026-10-08T21:21:56
APTOS2019/train_images/train_images/9568eb7e9c08.png,APTOS2019,left,2026-10-08T21:21:57
APTOS2019/train_images/train_images/958c1fa044ba.png,APTOS2019,left,2026-10-08T21:21:57
APTOS2019/train_images/train_images/959bb2d01091.png,APTOS2019,left,2026-10-08T21:21:58
APTOS2019/train_images/train_images/959dc602febc.png,APTOS2019,right,2026-10-08T21:21:59
APTOS2019/train_images/train_images/95a4cc805c7b.png,APTOS2019,right,2026-10-08T21:22:00
APTOS2019/train_images/train_images/95e732e043a1.png,APTOS2019,left,2026-10-08T21:22:01
APTOS2019/train_images/train_images/962c0fc85e13.png,APTOS2019,right,2026-10-08T21:22:02
APTOS2019/train_images/train_images/962cf85e4f6d.png,APTOS2019,right,2026-10-08T21:22:03
APTOS2019/train_images/train_images/966c07831334.png,APTOS2019,right,2026-10-08T21:22:04
APTOS2019/train_images/train_images/96793edb1003.png,APTOS2019,right,2026-10-08T21:22:05
APTOS2019/train_images/train_images/9688c6ef5dc5.png,APTOS2019,left,2026-10-08T21:22:06
APTOS2019/train_images/train_images/969f92a390db.png,APTOS2019,left,2026-10-08T21:22:06
APTOS2019/train_images/train_images/96a9706b8534.png,APTOS2019,left,2026-10-08T21:22:07
APTOS2019/train_images/train_images/96b5474ae604.png,APTOS2019,left,2026-10-08T21:22:08
APTOS2019/train_images/train_images/96c3e3db68bc.png,APTOS2019,left,2026-10-08T21:22:08
APTOS2019/train_images/train_images/96c699221180.png,APTOS2019,left,2026-10-08T21:22:14
APTOS2019/train_images/train_images/96ce10a1dbd7.png,APTOS2019,right,2026-10-08T21:22:15
APTOS2019/train_images/train_images/96d48b073f18.png,APTOS2019,left,2026-10-08T21:22:16
APTOS2019/train_images/train_images/96ea316ed0ab.png,APTOS2019,right,2026-10-08T21:22:17
APTOS2019/train_images/train_images/971bb98ab935.png,APTOS2019,left,2026-10-08T21:22:18
APTOS2019/train_images/train_images/973b0facfa9b.png,APTOS2019,left,2026-10-08T21:22:19
APTOS2019/train_images/train_images/974c7d7b9c64.png,APTOS2019,right,2026-10-08T21:22:20
APTOS2019/train_images/train_images/975252e325e3.png,APTOS2019,left,2026-10-08T21:22:21
APTOS2019/train_images/train_images/976082127e2a.png,APTOS2019,left,2026-10-08T21:22:22
APTOS2019/train_images/train_images/977e1ca77653.png,APTOS2019,left,2026-10-08T21:22:22
APTOS2019/train_images/train_images/9782c0489eca.png,APTOS2019,left,2026-10-08T21:22:23
APTOS2019/train_images/train_images/9785805af1b8.png,APTOS2019,left,2026-10-08T21:22:24
APTOS2019/train_images/train_images/97a235367f9d.png,APTOS2019,left,2026-10-08T21:22:24
APTOS2019/train_images/train_images/97a5ad7548b7.png,APTOS2019,right,2026-10-08T21:22:25
APTOS2019/train_images/train_images/97bf61736b86.png,APTOS2019,left,2026-10-08T21:22:26
APTOS2019/train_images/train_images/97c6cb55866d.png,APTOS2019,right,2026-10-08T21:22:27
APTOS2019/train_images/train_images/97d02a9b94f7.png,APTOS2019,left,2026-10-08T21:22:28
APTOS2019/train_images/train_images/97da093947e8.png,APTOS2019,left,2026-10-08T21:22:29
APTOS2019/train_images/train_images/97f290d31813.png,APTOS2019,right,2026-10-08T21:22:30
APTOS2019/train_images/train_images/97fdee242fea.png,APTOS2019,left,2026-10-08T21:22:32
APTOS2019/train_images/train_images/98104c8c67eb.png,APTOS2019,right,2026-10-08T21:22:33
APTOS2019/train_images/train_images/98277aeb96a7.png,APTOS2019,right,2026-10-08T21:22:33
APTOS2019/train_images/train_images/9837048b85dc.png,APTOS2019,right,2026-10-08T21:22:34
APTOS2019/train_images/train_images/983c98354e9c.png,APTOS2019,right,2026-10-08T21:22:35
APTOS2019/train_images/train_images/98441214557f.png,APTOS2019,left,2026-10-08T21:22:36
APTOS2019/train_images/train_images/9858cc2ae073.png,APTOS2019,right,2026-10-08T21:22:37
APTOS2019/train_images/train_images/9859e2a6cc24.png,APTOS2019,left,2026-10-08T21:22:38
APTOS2019/train_images/train_images/9870ce41cac4.png,APTOS2019,right,2026-10-08T21:22:40
APTOS2019/train_images/train_images/9878db94d9f3.png,APTOS2019,right,2026-10-08T21:22:40
APTOS2019/train_images/train_images/98d41bce73a8.png,APTOS2019,right,2026-10-08T21:22:41
APTOS2019/train_images/train_images/98e44127872f.png,APTOS2019,left,2026-10-08T21:22:42
APTOS2019/train_images/train_images/98e8adcf085c.png,APTOS2019,left,2026-10-08T21:22:43
APTOS2019/train_images/train_images/98f48850ebce.png,APTOS2019,right,2026-10-08T21:22:44
APTOS2019/train_images/train_images/98f7136d2e7a.png,APTOS2019,left,2026-10-08T21:22:46
APTOS2019/train_images/train_images/98fbe56dcc2c.png,APTOS2019,left,2026-10-08T21:22:46
APTOS2019/train_images/train_images/9904939ab83d.png,APTOS2019,left,2026-10-08T21:22:47
APTOS2019/train_images/train_images/9910c827e2fe.png,APTOS2019,left,2026-10-08T21:22:48
APTOS2019/train_images/train_images/99132193eaa0.png,APTOS2019,left,2026-10-08T21:22:48
APTOS2019/train_images/train_images/991a0b7a8c87.png,APTOS2019,right,2026-10-08T21:22:49
APTOS2019/train_images/train_images/99240ee00485.png,APTOS2019,left,2026-10-08T21:22:50
APTOS2019/train_images/train_images/992599744a23.png,APTOS2019,right,2026-10-08T21:22:51
APTOS2019/train_images/train_images/992b9a07b25f.png,APTOS2019,left,2026-10-08T21:22:53
APTOS2019/train_images/train_images/996f57c86ba5.png,APTOS2019,right,2026-10-08T21:22:54
APTOS2019/train_images/train_images/996f9bba4ef0.png,APTOS2019,right,2026-10-08T21:22:55
APTOS2019/train_images/train_images/9985375d709f.png,APTOS2019,left,2026-10-08T21:22:56
APTOS2019/train_images/train_images/999115d9386b.png,APTOS2019,right,2026-10-08T21:22:57
APTOS2019/train_images/train_images/999ad827ed35.png,APTOS2019,left,2026-10-08T21:22:58
APTOS2019/train_images/train_images/99c626e58464.png,APTOS2019,right,2026-10-08T21:22:59
APTOS2019/train_images/train_images/99c6a123ed6a.png,APTOS2019,right,2026-10-08T21:22:59
APTOS2019/train_images/train_images/99e8bf998285.png,APTOS2019,right,2026-10-08T21:23:00
APTOS2019/train_images/train_images/99ecdb41d5e7.png,APTOS2019,right,2026-10-08T21:23:01
APTOS2019/train_images/train_images/9a1029536d78.png,APTOS2019,right,2026-10-08T21:23:01
APTOS2019/train_images/train_images/9a159d4674cd.png,APTOS2019,right,2026-10-08T21:23:02
APTOS2019/train_images/train_images/9a28d4e8aef0.png,APTOS2019,left,2026-10-08T21:23:03
APTOS2019/train_images/train_images/9a3109657ac1.png,APTOS2019,right,2026-10-08T21:23:04
APTOS2019/train_images/train_images/9a326446c431.png,APTOS2019,right,2026-10-08T21:23:05
APTOS2019/train_images/train_images/9a3c03a5ad0f.png,APTOS2019,right,2026-10-08T21:23:06
APTOS2019/train_images/train_images/9a496b1e20f9.png,APTOS2019,right,2026-10-08T21:23:06
APTOS2019/train_images/train_images/9a4f370d341b.png,APTOS2019,left,2026-10-08T21:23:08
APTOS2019/train_images/train_images/9a56cfb980ec.png,APTOS2019,left,2026-10-08T21:23:08
APTOS2019/train_images/train_images/9a78c6a7b1c2.png,APTOS2019,left,2026-10-08T21:23:09
APTOS2019/train_images/train_images/9a7bd084395e.png,APTOS2019,right,2026-10-08T21:23:10
APTOS2019/train_images/train_images/9a94e0316ee3.png,APTOS2019,right,2026-10-08T21:23:10
APTOS2019/train_images/train_images/9a9b21215c55.png,APTOS2019,left,2026-10-08T21:23:12
APTOS2019/train_images/train_images/9ab18a4a957f.png,APTOS2019,left,2026-10-08T21:23:12
APTOS2019/train_images/train_images/9ac2e3e9fca5.png,APTOS2019,right,2026-10-08T21:23:13
APTOS2019/train_images/train_images/9ac41b9a809e.png,APTOS2019,right,2026-10-08T21:23:14
APTOS2019/train_images/train_images/9ad92f1c1542.png,APTOS2019,right,2026-10-08T21:24:28
APTOS2019/train_images/train_images/9ae54843c69a.png,APTOS2019,left,2026-10-08T21:24:29
APTOS2019/train_images/train_images/9b093fe95d6b.png,APTOS2019,right,2026-10-08T21:24:30
APTOS2019/train_images/train_images/9b0eb9f41da4.png,APTOS2019,left,2026-10-08T21:24:31
APTOS2019/train_images/train_images/9b32e8ef0ca0.png,APTOS2019,right,2026-10-08T21:24:33
APTOS2019/train_images/train_images/9b418ce42c13.png,APTOS2019,left,2026-10-08T21:24:34
APTOS2019/train_images/train_images/9b4fc15df3c8.png,APTOS2019,left,2026-10-08T21:24:35
APTOS2019/train_images/train_images/9b57e43b44e7.png,APTOS2019,left,2026-10-08T21:24:35
APTOS2019/train_images/train_images/9b70f84400af.png,APTOS2019,right,2026-10-08T21:24:36
APTOS2019/train_images/train_images/9b7b6e4db1d5.png,APTOS2019,right,2026-10-08T21:24:37
APTOS2019/train_images/train_images/9b95d6203406.png,APTOS2019,left,2026-10-08T21:24:38
APTOS2019/train_images/train_images/9ba469af2980.png,APTOS2019,right,2026-10-08T21:24:39
APTOS2019/train_images/train_images/9bafbbd152d2.png,APTOS2019,right,2026-10-08T21:24:40
APTOS2019/train_images/train_images/9bbb6c455913.png,APTOS2019,left,2026-10-08T21:24:41
APTOS2019/train_images/train_images/9bd008aab548.png,APTOS2019,right,2026-10-08T21:24:42
APTOS2019/train_images/train_images/9be0683649ff.png,APTOS2019,right,2026-10-08T21:24:42
APTOS2019/train_images/train_images/9be71d6d7e59.png,APTOS2019,right,2026-10-08T21:24:43
APTOS2019/train_images/train_images/9bf060db8376.png,APTOS2019,right,2026-10-08T21:24:44
APTOS2019/train_images/train_images/9c088d2d1559.png,APTOS2019,right,2026-10-08T21:24:44
APTOS2019/train_images/train_images/9c14ce27cbfc.png,APTOS2019,right,2026-10-08T21:24:45
APTOS2019/train_images/train_images/9c514d2d5b3f.png,APTOS2019,left,2026-10-08T21:24:46
APTOS2019/train_images/train_images/9c52b87d01f1.png,APTOS2019,left,2026-10-08T21:24:47
APTOS2019/train_images/train_images/9c5dd3612f0c.png,APTOS2019,left,2026-10-08T21:24:47
APTOS2019/train_images/train_images/9c6512166557.png,APTOS2019,left,2026-10-08T21:24:48
APTOS2019/train_images/train_images/9c72ed6befa0.png,APTOS2019,right,2026-10-08T21:24:49
APTOS2019/train_images/train_images/9c893e16c055.png,APTOS2019,left,2026-10-08T21:24:50
APTOS2019/train_images/train_images/9cc6b1f9bcbd.png,APTOS2019,left,2026-10-08T21:24:50
APTOS2019/train_images/train_images/9ce46d400cd6.png,APTOS2019,left,2026-10-08T21:24:51
APTOS2019/train_images/train_images/9cedf5c7016b.png,APTOS2019,left,2026-10-08T21:24:54
APTOS2019/train_images/train_images/9cf7c1349673.png,APTOS2019,right,2026-10-08T21:24:55
APTOS2019/train_images/train_images/9d1feed37610.png,APTOS2019,left,2026-10-08T21:24:56
APTOS2019/train_images/train_images/9d62478042b6.png,APTOS2019,left,2026-10-08T21:24:57
APTOS2019/train_images/train_images/9d74428188bb.png,APTOS2019,right,2026-10-08T21:24:58
APTOS2019/train_images/train_images/9d75de31f1b8.png,APTOS2019,left,2026-10-08T21:25:00
APTOS2019/train_images/train_images/9d98a0b585f2.png,APTOS2019,left,2026-10-08T21:25:00
APTOS2019/train_images/train_images/9d9bfefa809c.png,APTOS2019,right,2026-10-08T21:25:02
APTOS2019/train_images/train_images/9da74370835a.png,APTOS2019,right,2026-10-08T21:25:02
APTOS2019/train_images/train_images/9dab2e6ba44b.png,APTOS2019,right,2026-10-08T21:25:03
APTOS2019/train_images/train_images/9de9421f17e3.png,APTOS2019,left,2026-10-08T21:25:05
APTOS2019/train_images/train_images/9df31421cdd2.png,APTOS2019,right,2026-10-08T21:25:06
APTOS2019/train_images/train_images/9e2058917304.png,APTOS2019,right,2026-10-08T21:25:06
APTOS2019/train_images/train_images/9e2a8135f471.png,APTOS2019,right,2026-10-08T21:25:07
APTOS2019/train_images/train_images/9e2ba2b979f1.png,APTOS2019,right,2026-10-08T21:25:08
APTOS2019/train_images/train_images/9e3510963315.png,APTOS2019,left,2026-10-08T21:25:09
APTOS2019/train_images/train_images/9e5737f771c3.png,APTOS2019,left,2026-10-08T21:25:09
APTOS2019/train_images/train_images/9e5ec293267c.png,APTOS2019,right,2026-10-08T21:25:10
APTOS2019/train_images/train_images/9e7a63b2fc6a.png,APTOS2019,left,2026-10-08T21:25:12
APTOS2019/train_images/train_images/9e99ae6ee7af.png,APTOS2019,right,2026-10-08T21:25:13
APTOS2019/train_images/train_images/9eaac43744f5.png,APTOS2019,right,2026-10-08T21:25:14
APTOS2019/train_images/train_images/9eaf735cf01f.png,APTOS2019,right,2026-10-08T21:25:14
APTOS2019/train_images/train_images/9ed666e982cd.png,APTOS2019,right,2026-10-08T21:25:15
APTOS2019/train_images/train_images/9ed6c2b25767.png,APTOS2019,right,2026-10-08T21:25:16
APTOS2019/train_images/train_images/9f1b14dfa14c.png,APTOS2019,left,2026-10-08T21:25:17
APTOS2019/train_images/train_images/9f1efb799b7b.png,APTOS2019,left,2026-10-08T21:25:17
APTOS2019/train_images/train_images/9f285b3e57ed.png,APTOS2019,right,2026-10-08T21:25:19
APTOS2019/train_images/train_images/9f37c98b8187.png,APTOS2019,left,2026-10-08T21:25:20
APTOS2019/train_images/train_images/9f4132bd6ed6.png,APTOS2019,right,2026-10-08T21:25:21
APTOS2019/train_images/train_images/9f436886e056.png,APTOS2019,right,2026-10-08T21:25:22
APTOS2019/train_images/train_images/9f5a8665cf2e.png,APTOS2019,right,2026-10-08T21:25:23
APTOS2019/train_images/train_images/9f8112c710be.png,APTOS2019,left,2026-10-08T21:25:24
APTOS2019/train_images/train_images/9f935fb38440.png,APTOS2019,right,2026-10-08T21:25:25
APTOS2019/train_images/train_images/9fa02dfb5553.png,APTOS2019,right,2026-10-08T21:25:25
APTOS2019/train_images/train_images/9faad91b6578.png,APTOS2019,left,2026-10-08T21:25:27
APTOS2019/train_images/train_images/9fab29e69a6b.png,APTOS2019,left,2026-10-08T21:25:28
APTOS2019/train_images/train_images/9fefe2b44795.png,APTOS2019,left,2026-10-08T21:25:28
APTOS2019/train_images/train_images/a00b4cb250a7.png,APTOS2019,right,2026-10-08T21:25:29
APTOS2019/train_images/train_images/a01024054596.png,APTOS2019,right,2026-10-08T21:25:30
APTOS2019/train_images/train_images/a015ce4f51ad.png,APTOS2019,left,2026-10-08T21:25:31
APTOS2019/train_images/train_images/a01c590c444f.png,APTOS2019,left,2026-10-08T21:25:32
APTOS2019/train_images/train_images/a0267206d51e.png,APTOS2019,left,2026-10-08T21:25:33
APTOS2019/train_images/train_images/a02dfd67a925.png,APTOS2019,right,2026-10-08T21:25:34
APTOS2019/train_images/train_images/a0445785e2f7.png,APTOS2019,right,2026-10-08T21:25:35
APTOS2019/train_images/train_images/a04fb36db784.png,APTOS2019,left,2026-10-08T21:25:36
APTOS2019/train_images/train_images/a06a63d866b2.png,APTOS2019,left,2026-10-08T21:25:37
APTOS2019/train_images/train_images/a06b353e7bed.png,APTOS2019,left,2026-10-08T21:25:37
APTOS2019/train_images/train_images/a06e41bd2634.png,APTOS2019,right,2026-10-08T21:25:39
APTOS2019/train_images/train_images/a06e5ac695ce.png,APTOS2019,left,2026-10-08T21:25:40
APTOS2019/train_images/train_images/a07d571bf7ba.png,APTOS2019,right,2026-10-08T21:25:41
APTOS2019/train_images/train_images/a07d9a5045cb.png,APTOS2019,right,2026-10-08T21:25:41
APTOS2019/train_images/train_images/a07efb1ecfc0.png,APTOS2019,left,2026-10-08T21:25:43
APTOS2019/train_images/train_images/a08a0133754a.png,APTOS2019,right,2026-10-08T21:25:44
APTOS2019/train_images/train_images/a0a0cd8af5a6.png,APTOS2019,right,2026-10-08T21:25:44
APTOS2019/train_images/train_images/a0adbe677508.png,APTOS2019,right,2026-10-08T21:25:45
APTOS2019/train_images/train_images/a0b7ad98df57.png,APTOS2019,left,2026-10-08T21:25:46
APTOS2019/train_images/train_images/a0cd7bffdaa0.png,APTOS2019,right,2026-10-08T21:25:48
APTOS2019/train_images/train_images/a0d04a19cf40.png,APTOS2019,right,2026-10-08T21:25:49
APTOS2019/train_images/train_images/a0e635689259.png,APTOS2019,right,2026-10-08T21:25:49
APTOS2019/train_images/train_images/a0fd94e2ad76.png,APTOS2019,left,2026-10-08T21:25:50
APTOS2019/train_images/train_images/a11bf2edd470.png,APTOS2019,left,2026-10-08T21:25:51
APTOS2019/train_images/train_images/a11c62cb3f86.png,APTOS2019,left,2026-10-08T21:25:52
APTOS2019/train_images/train_images/a125377fb985.png,APTOS2019,left,2026-10-08T21:25:52
APTOS2019/train_images/train_images/a12ca80bb8c7.png,APTOS2019,right,2026-10-08T21:25:54
APTOS2019/train_images/train_images/a14bbd9a583e.png,APTOS2019,left,2026-10-08T21:25:59
APTOS2019/train_images/train_images/a14fcf84bfe1.png,APTOS2019,right,2026-10-08T21:26:00
APTOS2019/train_images/train_images/a150ff5dfe07.png,APTOS2019,left,2026-10-08T21:26:02
APTOS2019/train_images/train_images/a15470303941.png,APTOS2019,left,2026-10-08T21:26:02
APTOS2019/train_images/train_images/a15590a7d774.png,APTOS2019,left,2026-10-08T21:26:03
APTOS2019/train_images/train_images/a15652b22ab8.png,APTOS2019,right,2026-10-08T21:26:05
APTOS2019/train_images/train_images/a1822dd8d05d.png,APTOS2019,right,2026-10-08T21:26:06
APTOS2019/train_images/train_images/a182b5b191de.png,APTOS2019,right,2026-10-08T21:26:07
APTOS2019/train_images/train_images/a1872f9c0cba.png,APTOS2019,right,2026-10-08T21:26:08
APTOS2019/train_images/train_images/a188c60b93fb.png,APTOS2019,left,2026-10-08T21:26:09
APTOS2019/train_images/train_images/a19507501b40.png,APTOS2019,left,2026-10-08T21:26:10
APTOS2019/train_images/train_images/a19ecd0a706e.png,APTOS2019,right,2026-10-08T21:26:11
APTOS2019/train_images/train_images/a1b12fdce6c3.png,APTOS2019,left,2026-10-08T21:26:13
APTOS2019/train_images/train_images/a1b28bcbce00.png,APTOS2019,left,2026-10-08T21:26:13
APTOS2019/train_images/train_images/a1e236fbc863.png,APTOS2019,left,2026-10-08T21:26:15
APTOS2019/train_images/train_images/a1eb88562239.png,APTOS2019,left,2026-10-08T21:26:15
APTOS2019/train_images/train_images/a1edf0e66592.png,APTOS2019,right,2026-10-08T21:26:17
APTOS2019/train_images/train_images/a1faeb4d5f10.png,APTOS2019,left,2026-10-08T21:26:18
APTOS2019/train_images/train_images/a2163f0c2af5.png,APTOS2019,right,2026-10-08T21:26:20
APTOS2019/train_images/train_images/a21b37719f9b.png,APTOS2019,left,2026-10-08T21:26:24
APTOS2019/train_images/train_images/a247961a5cd9.png,APTOS2019,right,2026-10-08T21:26:25
APTOS2019/train_images/train_images/a2696f444ecb.png,APTOS2019,right,2026-10-08T21:26:26
APTOS2019/train_images/train_images/a26f50218b84.png,APTOS2019,right,2026-10-08T21:26:28
APTOS2019/train_images/train_images/a2811f512c1c.png,APTOS2019,right,2026-10-08T21:26:29
APTOS2019/train_images/train_images/a28bfb772f50.png,APTOS2019,right,2026-10-08T21:26:29
APTOS2019/train_images/train_images/a2ad3da4c7d6.png,APTOS2019,right,2026-10-08T21:26:30
APTOS2019/train_images/train_images/a2b97d98f130.png,APTOS2019,left,2026-10-08T21:26:31
APTOS2019/train_images/train_images/a2b995b81692.png,APTOS2019,right,2026-10-08T21:26:32
APTOS2019/train_images/train_images/a2d349f567a6.png,APTOS2019,left,2026-10-08T21:26:33
APTOS2019/train_images/train_images/a2ddabee14e9.png,APTOS2019,left,2026-10-08T21:26:34
APTOS2019/train_images/train_images/a2dff8dbc9f8.png,APTOS2019,right,2026-10-08T21:26:35
APTOS2019/train_images/train_images/a30a143a53a3.png,APTOS2019,right,2026-10-08T21:26:36
APTOS2019/train_images/train_images/a3132c8828e4.png,APTOS2019,left,2026-10-08T21:26:37
APTOS2019/train_images/train_images/a32886cb31ab.png,APTOS2019,left,2026-10-08T21:26:38
APTOS2019/train_images/train_images/a32b5ce3d48a.png,APTOS2019,right,2026-10-08T21:26:39
APTOS2019/train_images/train_images/a3475dc3ac80.png,APTOS2019,right,2026-10-08T21:26:39
APTOS2019/train_images/train_images/a34fc5376669.png,APTOS2019,right,2026-10-08T21:26:40
APTOS2019/train_images/train_images/a3706ce27869.png,APTOS2019,right,2026-10-08T21:26:41
APTOS2019/train_images/train_images/a3802934bad7.png,APTOS2019,right,2026-10-08T21:26:42
APTOS2019/train_images/train_images/a384e688e228.png,APTOS2019,left,2026-10-08T21:26:43
APTOS2019/train_images/train_images/a386ec9aabde.png,APTOS2019,right,2026-10-08T21:26:44
APTOS2019/train_images/train_images/a3957df90a78.png,APTOS2019,left,2026-10-08T21:26:45
APTOS2019/train_images/train_images/a3ad6c2db6f1.png,APTOS2019,left,2026-10-08T21:26:46
APTOS2019/train_images/train_images/a3b2e93d058b.png,APTOS2019,right,2026-10-08T21:26:47
APTOS2019/train_images/train_images/a3bd2e034614.png,APTOS2019,left,2026-10-08T21:26:48
APTOS2019/train_images/train_images/a3d2a0c4cd17.png,APTOS2019,right,2026-10-08T21:26:49
APTOS2019/train_images/train_images/a3fcf42ff56d.png,APTOS2019,right,2026-10-08T21:26:50
APTOS2019/train_images/train_images/a4012932e18d.png,APTOS2019,left,2026-10-08T21:26:51
APTOS2019/train_images/train_images/a419fcb2dfb5.png,APTOS2019,right,2026-10-08T21:26:52
APTOS2019/train_images/train_images/a4359815f152.png,APTOS2019,right,2026-10-08T21:26:52
APTOS2019/train_images/train_images/a44345b27804.png,APTOS2019,left,2026-10-08T21:26:53
APTOS2019/train_images/train_images/a443c4fd489c.png,APTOS2019,right,2026-10-08T21:26:54
APTOS2019/train_images/train_images/a45c30da0c72.png,APTOS2019,left,2026-10-08T21:26:55
APTOS2019/train_images/train_images/a45d77edf8d9.png,APTOS2019,left,2026-10-08T21:26:56
APTOS2019/train_images/train_images/a47432cd41e7.png,APTOS2019,left,2026-10-08T21:26:57
APTOS2019/train_images/train_images/a476fd984005.png,APTOS2019,left,2026-10-08T21:26:57
APTOS2019/train_images/train_images/a47878630dc2.png,APTOS2019,right,2026-10-08T21:26:59
APTOS2019/train_images/train_images/a484bdf85b4c.png,APTOS2019,left,2026-10-08T21:27:00
APTOS2019/train_images/train_images/a49b0b4484ea.png,APTOS2019,left,2026-10-08T21:27:00
APTOS2019/train_images/train_images/a4b8de38eac1.png,APTOS2019,left,2026-10-08T21:27:01
APTOS2019/train_images/train_images/a4d41c495666.png,APTOS2019,left,2026-10-08T21:27:02
APTOS2019/train_images/train_images/a4d4b69f7404.png,APTOS2019,left,2026-10-08T21:27:03
APTOS2019/train_images/train_images/a4ee03ecff60.png,APTOS2019,left,2026-10-08T21:27:03
APTOS2019/train_images/train_images/a505981d1cab.png,APTOS2019,left,2026-10-08T21:27:04
APTOS2019/train_images/train_images/a528be013a04.png,APTOS2019,left,2026-10-08T21:27:05
APTOS2019/train_images/train_images/a53d6d2472a6.png,APTOS2019,left,2026-10-08T21:27:06
APTOS2019/train_images/train_images/a56230242a95.png,APTOS2019,left,2026-10-08T21:27:06
APTOS2019/train_images/train_images/a56729de89e9.png,APTOS2019,right,2026-10-08T21:27:07
APTOS2019/train_images/train_images/a5a2a7003d60.png,APTOS2019,right,2026-10-08T21:27:08
APTOS2019/train_images/train_images/a5bb85afc6e8.png,APTOS2019,right,2026-10-08T21:27:09
APTOS2019/train_images/train_images/a5c9a8c726b2.png,APTOS2019,left,2026-10-08T21:27:10
APTOS2019/train_images/train_images/a61723fc38c2.png,APTOS2019,right,2026-10-08T21:27:11
APTOS2019/train_images/train_images/a627eb8c08c5.png,APTOS2019,left,2026-10-08T21:27:12
APTOS2019/train_images/train_images/a62e995f167c.png,APTOS2019,right,2026-10-08T21:27:13
APTOS2019/train_images/train_images/a62ea0043aa7.png,APTOS2019,left,2026-10-08T21:27:14
APTOS2019/train_images/train_images/a6356a3c5d11.png,APTOS2019,left,2026-10-08T21:27:15
APTOS2019/train_images/train_images/a64273801bde.png,APTOS2019,left,2026-10-08T21:27:15
APTOS2019/train_images/train_images/a646c084928c.png,APTOS2019,right,2026-10-08T21:27:17
APTOS2019/train_images/train_images/a654b25124c3.png,APTOS2019,left,2026-10-08T21:27:19
APTOS2019/train_images/train_images/a664d2055886.png,APTOS2019,right,2026-10-08T21:27:20
APTOS2019/train_images/train_images/a66c3165876f.png,APTOS2019,left,2026-10-08T21:27:21
APTOS2019/train_images/train_images/a673193cd5a9.png,APTOS2019,right,2026-10-08T21:27:22
APTOS2019/train_images/train_images/a6731dd737af.png,APTOS2019,left,2026-10-08T21:27:24
APTOS2019/train_images/train_images/a688f20f8895.png,APTOS2019,left,2026-10-08T21:27:24
APTOS2019/train_images/train_images/a6b6d27c1b32.png,APTOS2019,left,2026-10-08T21:27:25
APTOS2019/train_images/train_images/a6c9e96a10d7.png,APTOS2019,left,2026-10-08T21:27:26
APTOS2019/train_images/train_images/a6d45de20e4d.png,APTOS2019,right,2026-10-08T21:27:27
APTOS2019/train_images/train_images/a70d0f12a641.png,APTOS2019,right,2026-10-08T21:27:27
APTOS2019/train_images/train_images/a721efb1e049.png,APTOS2019,right,2026-10-08T21:27:28
APTOS2019/train_images/train_images/a73c3d516c59.png,APTOS2019,right,2026-10-08T21:27:29
APTOS2019/train_images/train_images/a73d012c4c38.png,APTOS2019,right,2026-10-08T21:27:29
APTOS2019/train_images/train_images/a75bab2463d4.png,APTOS2019,left,2026-10-08T21:27:30
APTOS2019/train_images/train_images/a76132e79688.png,APTOS2019,right,2026-10-08T21:27:32
APTOS2019/train_images/train_images/a763661f98a5.png,APTOS2019,right,2026-10-08T21:27:33
APTOS2019/train_images/train_images/a7673ac44509.png,APTOS2019,left,2026-10-08T21:27:34
APTOS2019/train_images/train_images/a76b69e443ce.png,APTOS2019,left,2026-10-08T21:27:35
APTOS2019/train_images/train_images/a77dbec966d4.png,APTOS2019,left,2026-10-08T21:27:36
APTOS2019/train_images/train_images/a77eb914b383.png,APTOS2019,left,2026-10-08T21:27:36
APTOS2019/train_images/train_images/a790a3b36390.png,APTOS2019,right,2026-10-08T21:27:37
APTOS2019/train_images/train_images/a7b03e58a6e1.png,APTOS2019,left,2026-10-08T21:27:38
APTOS2019/train_images/train_images/a7b0d0c51731.png,APTOS2019,right,2026-10-08T21:27:39
APTOS2019/train_images/train_images/a7b7dc8788b9.png,APTOS2019,left,2026-10-08T21:27:40
APTOS2019/train_images/train_images/a7c10ca6c117.png,APTOS2019,right,2026-10-08T21:27:42
APTOS2019/train_images/train_images/a7ec056502e7.png,APTOS2019,right,2026-10-08T21:27:42
APTOS2019/train_images/train_images/a804cef3e51f.png,APTOS2019,left,2026-10-08T21:27:43
APTOS2019/train_images/train_images/a80dab8eddf4.png,APTOS2019,left,2026-10-08T21:27:44
APTOS2019/train_images/train_images/a81b06f50612.png,APTOS2019,left,2026-10-08T21:27:46
APTOS2019/train_images/train_images/a821b6ecef33.png,APTOS2019,left,2026-10-08T21:27:46
APTOS2019/train_images/train_images/a8263d248523.png,APTOS2019,right,2026-10-08T21:27:47
APTOS2019/train_images/train_images/a82a12ad3fb1.png,APTOS2019,left,2026-10-08T21:27:48
APTOS2019/train_images/train_images/a8582e346df0.png,APTOS2019,right,2026-10-08T21:27:49
APTOS2019/train_images/train_images/a85cda5f725d.png,APTOS2019,right,2026-10-08T21:27:50
APTOS2019/train_images/train_images/a86128b601a7.png,APTOS2019,right,2026-10-08T21:27:51
APTOS2019/train_images/train_images/a8652b2de23f.png,APTOS2019,left,2026-10-08T21:27:52
APTOS2019/train_images/train_images/a86c6283fd78.png,APTOS2019,left,2026-10-08T21:27:53
APTOS2019/train_images/train_images/a879c3569552.png,APTOS2019,right,2026-10-08T21:27:54
APTOS2019/train_images/train_images/a87f53bc984a.png,APTOS2019,left,2026-10-08T21:27:55
APTOS2019/train_images/train_images/a88365134c3c.png,APTOS2019,right,2026-10-08T21:27:56
APTOS2019/train_images/train_images/a8854768549f.png,APTOS2019,right,2026-10-08T21:27:57
APTOS2019/train_images/train_images/a88f68b0b114.png,APTOS2019,left,2026-10-08T21:27:58
APTOS2019/train_images/train_images/a8a6588c8eb7.png,APTOS2019,right,2026-10-08T21:27:59
APTOS2019/train_images/train_images/a8aed92940fb.png,APTOS2019,right,2026-10-08T21:28:00
APTOS2019/train_images/train_images/a8b3c0961d42.png,APTOS2019,left,2026-10-08T21:28:01
APTOS2019/train_images/train_images/a8b637abd96b.png,APTOS2019,right,2026-10-08T21:28:02
APTOS2019/train_images/train_images/a8c54e2a4b79.png,APTOS2019,left,2026-10-08T21:28:03
APTOS2019/train_images/train_images/a8c950a99107.png,APTOS2019,right,2026-10-08T21:28:05
APTOS2019/train_images/train_images/a8c9fcdbc0be.png,APTOS2019,left,2026-10-08T21:28:06
APTOS2019/train_images/train_images/a8dea22ef903.png,APTOS2019,right,2026-10-08T21:28:07
APTOS2019/train_images/train_images/a8e08e7fe016.png,APTOS2019,right,2026-10-08T21:28:08
APTOS2019/train_images/train_images/a8e88d4891c4.png,APTOS2019,left,2026-10-08T21:28:09
APTOS2019/train_images/train_images/a8eb35b3bcd2.png,APTOS2019,right,2026-10-08T21:28:10
APTOS2019/train_images/train_images/a93f1ea3ff4a.png,APTOS2019,left,2026-10-08T21:28:11
APTOS2019/train_images/train_images/a94da3d3b5c0.png,APTOS2019,right,2026-10-08T21:28:12
APTOS2019/train_images/train_images/a95858e052d6.png,APTOS2019,left,2026-10-08T21:28:13
APTOS2019/train_images/train_images/a95d9d61ddd4.png,APTOS2019,right,2026-10-08T21:28:14
APTOS2019/train_images/train_images/a963ac561580.png,APTOS2019,left,2026-10-08T21:28:15
APTOS2019/train_images/train_images/a96ff96bbae5.png,APTOS2019,right,2026-10-08T21:28:16
APTOS2019/train_images/train_images/a987aa7aac37.png,APTOS2019,right,2026-10-08T21:28:17
APTOS2019/train_images/train_images/a9a28c37c8c4.png,APTOS2019,left,2026-10-08T21:28:18
APTOS2019/train_images/train_images/a9a3225cf4b5.png,APTOS2019,left,2026-10-08T21:28:19
APTOS2019/train_images/train_images/a9b3177f01c0.png,APTOS2019,right,2026-10-08T21:28:20
APTOS2019/train_images/train_images/a9bc2f892cb3.png,APTOS2019,right,2026-10-08T21:28:20
APTOS2019/train_images/train_images/a9c7b83caf81.png,APTOS2019,right,2026-10-08T21:28:21
APTOS2019/train_images/train_images/a9d0c900b6a9.png,APTOS2019,right,2026-10-08T21:28:22
APTOS2019/train_images/train_images/a9dc80cba9a4.png,APTOS2019,right,2026-10-08T21:28:22
APTOS2019/train_images/train_images/a9e3d186cd1b.png,APTOS2019,right,2026-10-08T21:28:23
APTOS2019/train_images/train_images/a9e984b57556.png,APTOS2019,left,2026-10-08T21:28:24
APTOS2019/train_images/train_images/aa0afc41ed19.png,APTOS2019,right,2026-10-08T21:28:25
APTOS2019/train_images/train_images/aa10a4b2e709.png,APTOS2019,right,2026-10-08T21:28:26
APTOS2019/train_images/train_images/aa31bc6b8f4d.png,APTOS2019,right,2026-10-08T21:28:26
APTOS2019/train_images/train_images/aa4407aab872.png,APTOS2019,left,2026-10-08T21:28:27
APTOS2019/train_images/train_images/aa5ce75edcf5.png,APTOS2019,right,2026-10-08T21:28:28
APTOS2019/train_images/train_images/aa60813e1a8d.png,APTOS2019,right,2026-10-08T21:28:29
APTOS2019/train_images/train_images/aa6242f9e08c.png,APTOS2019,right,2026-10-08T21:28:29
APTOS2019/train_images/train_images/aa6673241154.png,APTOS2019,right,2026-10-08T21:28:30
APTOS2019/train_images/train_images/aa841de1ee82.png,APTOS2019,left,2026-10-08T21:28:32
APTOS2019/train_images/train_images/aa8a1e814811.png,APTOS2019,left,2026-10-08T21:28:34
APTOS2019/train_images/train_images/aa94cc4bfd84.png,APTOS2019,left,2026-10-08T21:28:34
APTOS2019/train_images/train_images/aa9b8f05f4bf.png,APTOS2019,right,2026-10-08T21:28:36
APTOS2019/train_images/train_images/aa9cfe639ef1.png,APTOS2019,right,2026-10-08T21:28:36
APTOS2019/train_images/train_images/aaaadb174012.png,APTOS2019,right,2026-10-08T21:28:37
APTOS2019/train_images/train_images/aabd867043cf.png,APTOS2019,left,2026-10-08T21:28:38
APTOS2019/train_images/train_images/aad0c0ee9268.png,APTOS2019,right,2026-10-08T21:28:40
APTOS2019/train_images/train_images/aae8f9f3ef8c.png,APTOS2019,right,2026-10-08T21:28:40
APTOS2019/train_images/train_images/aafb0c944f14.png,APTOS2019,left,2026-10-08T21:28:41
APTOS2019/train_images/train_images/aafe980edd0c.png,APTOS2019,left,2026-10-08T21:28:42
APTOS2019/train_images/train_images/ab03d50bba2f.png,APTOS2019,left,2026-10-08T21:28:43
APTOS2019/train_images/train_images/ab1c20a94f3f.png,APTOS2019,right,2026-10-08T21:28:45
APTOS2019/train_images/train_images/ab32db41c409.png,APTOS2019,left,2026-10-08T21:28:46
APTOS2019/train_images/train_images/ab3c505b624f.png,APTOS2019,left,2026-10-08T21:28:47
APTOS2019/train_images/train_images/ab50123abadb.png,APTOS2019,right,2026-10-08T21:28:48
APTOS2019/train_images/train_images/ab653b8554c0.png,APTOS2019,right,2026-10-08T21:28:50
APTOS2019/train_images/train_images/ab686895533e.png,APTOS2019,left,2026-10-08T21:28:51
APTOS2019/train_images/train_images/ab724603ee93.png,APTOS2019,right,2026-10-08T21:28:53
APTOS2019/train_images/train_images/ab78a66dee6a.png,APTOS2019,left,2026-10-08T21:28:54
APTOS2019/train_images/train_images/ab7991df166b.png,APTOS2019,left,2026-10-08T21:28:54
APTOS2019/train_images/train_images/ab88081e5654.png,APTOS2019,left,2026-10-08T21:28:55
APTOS2019/train_images/train_images/aba3063c5413.png,APTOS2019,left,2026-10-08T21:28:56
APTOS2019/train_images/train_images/ababe19ed448.png,APTOS2019,right,2026-10-08T21:29:02
APTOS2019/train_images/train_images/abbb8791785e.png,APTOS2019,right,2026-10-08T21:29:04
APTOS2019/train_images/train_images/abdb365cacbc.png,APTOS2019,right,2026-10-08T21:29:07
APTOS2019/train_images/train_images/abe940882578.png,APTOS2019,left,2026-10-08T21:29:11
APTOS2019/train_images/train_images/abf09c44d5f4.png,APTOS2019,left,2026-10-08T21:29:12
APTOS2019/train_images/train_images/abf0f56c6f12.png,APTOS2019,left,2026-10-08T21:29:13
APTOS2019/train_images/train_images/ac0a48ccbf70.png,APTOS2019,left,2026-10-08T21:29:13
APTOS2019/train_images/train_images/ac1667fac512.png,APTOS2019,left,2026-10-08T21:29:14
APTOS2019/train_images/train_images/ac17cc18a994.png,APTOS2019,left,2026-10-08T21:29:15
APTOS2019/train_images/train_images/ac2c814949f9.png,APTOS2019,right,2026-10-08T21:29:16
APTOS2019/train_images/train_images/ac5b5dddf91b.png,APTOS2019,left,2026-10-08T21:29:18
APTOS2019/train_images/train_images/ac720570dd0f.png,APTOS2019,right,2026-10-08T21:29:19
APTOS2019/train_images/train_images/ac81fc200162.png,APTOS2019,right,2026-10-08T21:29:19
APTOS2019/train_images/train_images/aca88f566228.png,APTOS2019,right,2026-10-08T21:29:20
APTOS2019/train_images/train_images/acc9f29538c4.png,APTOS2019,right,2026-10-08T21:29:21
APTOS2019/train_images/train_images/ace2281f00c4.png,APTOS2019,right,2026-10-08T21:29:21
APTOS2019/train_images/train_images/ace287a5c991.png,APTOS2019,right,2026-10-08T21:29:22
APTOS2019/train_images/train_images/acf976efd7ce.png,APTOS2019,right,2026-10-08T21:29:23
APTOS2019/train_images/train_images/ad029ba7fa8b.png,APTOS2019,left,2026-10-08T21:29:24
APTOS2019/train_images/train_images/ad12cde115ab.png,APTOS2019,right,2026-10-08T21:29:25
APTOS2019/train_images/train_images/ad1aa75d5630.png,APTOS2019,left,2026-10-08T21:29:26
APTOS2019/train_images/train_images/ad1f7445b1a8.png,APTOS2019,right,2026-10-08T21:29:28
APTOS2019/train_images/train_images/ad20080452de.png,APTOS2019,right,2026-10-08T21:29:33
APTOS2019/train_images/train_images/ad2f0b9d059c.png,APTOS2019,left,2026-10-08T21:29:35
APTOS2019/train_images/train_images/ad312ca98202.png,APTOS2019,left,2026-10-08T21:29:36
APTOS2019/train_images/train_images/ad3fc5076852.png,APTOS2019,left,2026-10-08T21:29:37
APTOS2019/train_images/train_images/ad570b850a4f.png,APTOS2019,left,2026-10-08T21:29:43
APTOS2019/train_images/train_images/ad6b07d5c338.png,APTOS2019,right,2026-10-08T21:29:44
APTOS2019/train_images/train_images/ad93d88c87ea.png,APTOS2019,left,2026-10-08T21:29:45
APTOS2019/train_images/train_images/ad944bd56bb6.png,APTOS2019,right,2026-10-08T21:29:46
APTOS2019/train_images/train_images/adb56cecafaf.png,APTOS2019,right,2026-10-08T21:29:47
APTOS2019/train_images/train_images/add1d681d712.png,APTOS2019,right,2026-10-08T21:29:49
APTOS2019/train_images/train_images/addf66a50f42.png,APTOS2019,right,2026-10-08T21:29:49
APTOS2019/train_images/train_images/ae1344610ebe.png,APTOS2019,left,2026-10-08T21:29:50
APTOS2019/train_images/train_images/ae20112e7a1e.png,APTOS2019,left,2026-10-08T21:29:51
APTOS2019/train_images/train_images/ae2c3f6312ef.png,APTOS2019,left,2026-10-08T21:29:52
APTOS2019/train_images/train_images/ae2e888905ba.png,APTOS2019,left,2026-10-08T21:29:52
APTOS2019/train_images/train_images/ae49cc60f251.png,APTOS2019,left,2026-10-08T21:29:53
APTOS2019/train_images/train_images/ae57c8630249.png,APTOS2019,right,2026-10-08T21:29:54
APTOS2019/train_images/train_images/ae58ccb5905e.png,APTOS2019,left,2026-10-08T21:29:55
APTOS2019/train_images/train_images/ae5d31979f19.png,APTOS2019,right,2026-10-08T21:29:56
APTOS2019/train_images/train_images/ae61e19fb766.png,APTOS2019,left,2026-10-08T21:29:57
APTOS2019/train_images/train_images/ae8424cdb029.png,APTOS2019,right,2026-10-08T21:29:58
APTOS2019/train_images/train_images/ae8472f8d310.png,APTOS2019,right,2026-10-08T21:29:59
APTOS2019/train_images/train_images/ae94ce412de9.png,APTOS2019,left,2026-10-08T21:30:00
APTOS2019/train_images/train_images/ae975c43bd8b.png,APTOS2019,right,2026-10-08T21:30:01
APTOS2019/train_images/train_images/aea59ebec445.png,APTOS2019,right,2026-10-08T21:30:02
APTOS2019/train_images/train_images/aeab0a63bcaf.png,APTOS2019,left,2026-10-08T21:30:03
APTOS2019/train_images/train_images/aeb6f4fd2eed.png,APTOS2019,right,2026-10-08T21:30:04
APTOS2019/train_images/train_images/aebe87a423c8.png,APTOS2019,right,2026-10-08T21:30:04
APTOS2019/train_images/train_images/aec51513cf45.png,APTOS2019,left,2026-10-08T21:30:06
APTOS2019/train_images/train_images/aeccef0bdc26.png,APTOS2019,left,2026-10-08T21:30:06
APTOS2019/train_images/train_images/aed4e743c230.png,APTOS2019,left,2026-10-08T21:30:07
APTOS2019/train_images/train_images/aeed1f251ceb.png,APTOS2019,right,2026-10-08T21:30:08
APTOS2019/train_images/train_images/aef9016557ca.png,APTOS2019,right,2026-10-08T21:30:09
APTOS2019/train_images/train_images/af133a85ea0c.png,APTOS2019,right,2026-10-08T21:30:09
APTOS2019/train_images/train_images/af345c68e836.png,APTOS2019,right,2026-10-08T21:30:10
APTOS2019/train_images/train_images/af3b0115aad1.png,APTOS2019,left,2026-10-08T21:30:11
APTOS2019/train_images/train_images/af5a0bc4e1fa.png,APTOS2019,left,2026-10-08T21:30:39
APTOS2019/train_images/train_images/af6166d57f13.png,APTOS2019,left,2026-10-08T21:30:40
APTOS2019/train_images/train_images/af6a1508cd95.png,APTOS2019,left,2026-10-08T21:30:40
APTOS2019/train_images/train_images/af7a36454670.png,APTOS2019,right,2026-10-08T21:30:41
APTOS2019/train_images/train_images/af828dab3ffc.png,APTOS2019,right,2026-10-08T21:30:42
APTOS2019/train_images/train_images/af831c158744.png,APTOS2019,left,2026-10-08T21:30:43
APTOS2019/train_images/train_images/af87d48ffe01.png,APTOS2019,right,2026-10-08T21:30:44
APTOS2019/train_images/train_images/af8aa32beee4.png,APTOS2019,left,2026-10-08T21:30:47
APTOS2019/train_images/train_images/afc345cc9145.png,APTOS2019,left,2026-10-08T21:30:48
APTOS2019/train_images/train_images/afc744fad65e.png,APTOS2019,left,2026-10-08T21:30:48
APTOS2019/train_images/train_images/b019a49787c1.png,APTOS2019,left,2026-10-08T21:30:49
APTOS2019/train_images/train_images/b033ab4fb723.png,APTOS2019,left,2026-10-08T21:30:50
APTOS2019/train_images/train_images/b05922e7abd3.png,APTOS2019,right,2026-10-08T21:30:51
APTOS2019/train_images/train_images/b0619ca93a5f.png,APTOS2019,left,2026-10-08T21:30:52
APTOS2019/train_images/train_images/b06dabab4f09.png,APTOS2019,left,2026-10-08T21:30:53
APTOS2019/train_images/train_images/b07bc463b718.png,APTOS2019,left,2026-10-08T21:30:54
APTOS2019/train_images/train_images/b085caa513a8.png,APTOS2019,right,2026-10-08T21:30:55
APTOS2019/train_images/train_images/b086c7cd3868.png,APTOS2019,right,2026-10-08T21:30:55
APTOS2019/train_images/train_images/b09101adb478.png,APTOS2019,right,2026-10-08T21:30:56
APTOS2019/train_images/train_images/b0acd3593310.png,APTOS2019,left,2026-10-08T21:30:57
APTOS2019/train_images/train_images/b0b3b16fc305.png,APTOS2019,left,2026-10-08T21:30:58
APTOS2019/train_images/train_images/b0c9a492e068.png,APTOS2019,left,2026-10-08T21:30:58
APTOS2019/train_images/train_images/b0cc9f8d06e4.png,APTOS2019,right,2026-10-08T21:30:59
APTOS2019/train_images/train_images/b0d35981708b.png,APTOS2019,right,2026-10-08T21:31:00
APTOS2019/train_images/train_images/b0d6417bad3e.png,APTOS2019,right,2026-10-08T21:31:01
APTOS2019/train_images/train_images/b0eeae01b8ab.png,APTOS2019,right,2026-10-08T21:31:01
APTOS2019/train_images/train_images/b0f0fa677d5f.png,APTOS2019,left,2026-10-08T21:31:02
APTOS2019/train_images/train_images/b0f8613305a3.png,APTOS2019,right,2026-10-08T21:31:03
APTOS2019/train_images/train_images/b10fca20c885.png,APTOS2019,left,2026-10-08T21:31:04
APTOS2019/train_images/train_images/b1197f2cc9b3.png,APTOS2019,right,2026-10-08T21:31:05
APTOS2019/train_images/train_images/b11dcdcbc8c8.png,APTOS2019,left,2026-10-08T21:31:06
APTOS2019/train_images/train_images/b13d72ceea26.png,APTOS2019,right,2026-10-08T21:31:07
APTOS2019/train_images/train_images/b16dd4483ca5.png,APTOS2019,right,2026-10-08T21:31:08
APTOS2019/train_images/train_images/b17f0b81dab3.png,APTOS2019,right,2026-10-08T21:31:09
APTOS2019/train_images/train_images/b187b3c93afb.png,APTOS2019,left,2026-10-08T21:31:10
APTOS2019/train_images/train_images/b191ba0a2b12.png,APTOS2019,left,2026-10-08T21:31:10
APTOS2019/train_images/train_images/b1b3e7d0a5f3.png,APTOS2019,right,2026-10-08T21:31:11
APTOS2019/train_images/train_images/b1c6f0997e27.png,APTOS2019,right,2026-10-08T21:31:12
APTOS2019/train_images/train_images/b1f4122fd36a.png,APTOS2019,right,2026-10-08T21:31:13
APTOS2019/train_images/train_images/b200c23b299b.png,APTOS2019,left,2026-10-08T21:31:14
APTOS2019/train_images/train_images/b21abe5d9722.png,APTOS2019,left,2026-10-08T21:31:14
APTOS2019/train_images/train_images/b22354b5f94b.png,APTOS2019,left,2026-10-08T21:31:15
APTOS2019/train_images/train_images/b22cc1bf0b8a.png,APTOS2019,right,2026-10-08T21:31:16
APTOS2019/train_images/train_images/b2748ac28fc1.png,APTOS2019,left,2026-10-08T21:31:17
APTOS2019/train_images/train_images/b294927b14b0.png,APTOS2019,left,2026-10-08T21:31:18
APTOS2019/train_images/train_images/b2aaa81cc8f0.png,APTOS2019,left,2026-10-08T21:31:18
APTOS2019/train_images/train_images/b2b79b37d314.png,APTOS2019,left,2026-10-08T21:31:19
APTOS2019/train_images/train_images/b2b7ccd34cbd.png,APTOS2019,right,2026-10-08T21:31:20
APTOS2019/train_images/train_images/b2ffa3e18559.png,APTOS2019,left,2026-10-08T21:31:21
APTOS2019/train_images/train_images/b310bd564329.png,APTOS2019,right,2026-10-08T21:31:22
APTOS2019/train_images/train_images/b351ae99413a.png,APTOS2019,right,2026-10-08T21:31:23
APTOS2019/train_images/train_images/b35cad8fe2d7.png,APTOS2019,left,2026-10-08T21:31:24
APTOS2019/train_images/train_images/b376def52ccc.png,APTOS2019,left,2026-10-08T21:31:24
APTOS2019/train_images/train_images/b37aae3c8fe1.png,APTOS2019,right,2026-10-08T21:31:25
APTOS2019/train_images/train_images/b3819a805dca.png,APTOS2019,left,2026-10-08T21:31:26
APTOS2019/train_images/train_images/b3a994760537.png,APTOS2019,left,2026-10-08T21:31:27
APTOS2019/train_images/train_images/b3c0c3330278.png,APTOS2019,right,2026-10-08T21:31:28
APTOS2019/train_images/train_images/b3d12069e1c5.png,APTOS2019,left,2026-10-08T21:31:29
APTOS2019/train_images/train_images/b3d135bd3bb5.png,APTOS2019,right,2026-10-08T21:31:30
APTOS2019/train_images/train_images/b3f31c371e59.png,APTOS2019,right,2026-10-08T21:31:31
APTOS2019/train_images/train_images/b402b18d99a5.png,APTOS2019,left,2026-10-08T21:31:32
APTOS2019/train_images/train_images/b402daa0864c.png,APTOS2019,left,2026-10-08T21:31:33
APTOS2019/train_images/train_images/b43440c6ebe4.png,APTOS2019,left,2026-10-08T21:31:34
APTOS2019/train_images/train_images/b460ca9fa26f.png,APTOS2019,left,2026-10-08T21:31:34
APTOS2019/train_images/train_images/b468ebf5cb11.png,APTOS2019,left,2026-10-08T21:31:35
APTOS2019/train_images/train_images/b46b09a45f39.png,APTOS2019,right,2026-10-08T21:31:36
APTOS2019/train_images/train_images/b498b84d383f.png,APTOS2019,right,2026-10-08T21:31:37
APTOS2019/train_images/train_images/b49b2fac2514.png,APTOS2019,left,2026-10-08T21:31:38
APTOS2019/train_images/train_images/b4b04d81acbb.png,APTOS2019,right,2026-10-08T21:31:39
APTOS2019/train_images/train_images/b4e15102cd7a.png,APTOS2019,left,2026-10-08T21:31:40
APTOS2019/train_images/train_images/b4f41b5bf0ef.png,APTOS2019,right,2026-10-08T21:31:41
APTOS2019/train_images/train_images/b50b30aa6e6c.png,APTOS2019,left,2026-10-08T21:31:43
APTOS2019/train_images/train_images/b5204c0decc7.png,APTOS2019,right,2026-10-08T21:31:44
APTOS2019/train_images/train_images/b532dedd928c.png,APTOS2019,right,2026-10-08T21:31:49
APTOS2019/train_images/train_images/b549af91bd30.png,APTOS2019,left,2026-10-08T21:31:50
APTOS2019/train_images/train_images/b553e7909535.png,APTOS2019,right,2026-10-08T21:31:51
APTOS2019/train_images/train_images/b55d2ddb3e75.png,APTOS2019,left,2026-10-08T21:31:52
APTOS2019/train_images/train_images/b56340f472d2.png,APTOS2019,right,2026-10-08T21:31:53
APTOS2019/train_images/train_images/b574d229ec4c.png,APTOS2019,left,2026-10-08T21:31:54
APTOS2019/train_images/train_images/b576c5269ad1.png,APTOS2019,right,2026-10-08T21:31:55
APTOS2019/train_images/train_images/b5834ee64541.png,APTOS2019,left,2026-10-08T21:31:56
APTOS2019/train_images/train_images/b598bc9753c2.png,APTOS2019,right,2026-10-08T21:31:57
APTOS2019/train_images/train_images/b5a3ca5c0a80.png,APTOS2019,right,2026-10-08T21:31:58
APTOS2019/train_images/train_images/b5b913358b32.png,APTOS2019,right,2026-10-08T21:31:59
APTOS2019/train_images/train_images/b5bf7b84fc66.png,APTOS2019,right,2026-10-08T21:31:59
APTOS2019/train_images/train_images/b5c80d0ed0ff.png,APTOS2019,right,2026-10-08T21:32:00
APTOS2019/train_images/train_images/b5e6ae31493c.png,APTOS2019,left,2026-10-08T21:32:01
APTOS2019/train_images/train_images/b60dbf9f0744.png,APTOS2019,right,2026-10-08T21:32:02
APTOS2019/train_images/train_images/b6304c545f95.png,APTOS2019,left,2026-10-08T21:32:04
APTOS2019/train_images/train_images/b640e3bdff75.png,APTOS2019,left,2026-10-08T21:32:04
APTOS2019/train_images/train_images/b64e1eef3d63.png,APTOS2019,right,2026-10-08T21:32:06
APTOS2019/train_images/train_images/b65ff67743b2.png,APTOS2019,left,2026-10-08T21:32:07
APTOS2019/train_images/train_images/b665041e1633.png,APTOS2019,left,2026-10-08T21:32:08
APTOS2019/train_images/train_images/b66f23ffa730.png,APTOS2019,left,2026-10-08T21:32:09
APTOS2019/train_images/train_images/b67ae80f7eba.png,APTOS2019,right,2026-10-08T21:32:10
APTOS2019/train_images/train_images/b69c224edd6e.png,APTOS2019,left,2026-10-08T21:32:12
APTOS2019/train_images/train_images/b6a0e348a01e.png,APTOS2019,right,2026-10-08T21:32:13
APTOS2019/train_images/train_images/b6bf847fbcb2.png,APTOS2019,right,2026-10-08T21:32:13
APTOS2019/train_images/train_images/b6bfe9db60e5.png,APTOS2019,left,2026-10-08T21:32:15
APTOS2019/train_images/train_images/b6d9974443ce.png,APTOS2019,right,2026-10-08T21:32:16
APTOS2019/train_images/train_images/b6fd109b1bc9.png,APTOS2019,right,2026-10-08T21:32:17
APTOS2019/train_images/train_images/b70cb31b9abb.png,APTOS2019,right,2026-10-08T21:32:18
APTOS2019/train_images/train_images/b70e7c26f51e.png,APTOS2019,left,2026-10-08T21:32:19
APTOS2019/train_images/train_images/b71428739d4e.png,APTOS2019,left,2026-10-08T21:32:20
APTOS2019/train_images/train_images/b7278b4f2448.png,APTOS2019,right,2026-10-08T21:32:21
APTOS2019/train_images/train_images/b72a86d61959.png,APTOS2019,left,2026-10-08T21:32:22
APTOS2019/train_images/train_images/b72f59b85f7c.png,APTOS2019,right,2026-10-08T21:32:24
APTOS2019/train_images/train_images/b73d0bcd3d33.png,APTOS2019,left,2026-10-08T21:32:25
APTOS2019/train_images/train_images/b746a6681ba9.png,APTOS2019,left,2026-10-08T21:32:26
APTOS2019/train_images/train_images/b74de20d73de.png,APTOS2019,right,2026-10-08T21:32:27
APTOS2019/train_images/train_images/b759cbef90c5.png,APTOS2019,left,2026-10-08T21:32:28
APTOS2019/train_images/train_images/b762c29cf2f3.png,APTOS2019,right,2026-10-08T21:32:29
APTOS2019/train_images/train_images/b77b88926843.png,APTOS2019,right,2026-10-08T21:32:30
APTOS2019/train_images/train_images/b77b8a1f09f1.png,APTOS2019,right,2026-10-08T21:32:31
APTOS2019/train_images/train_images/b7983cb3f270.png,APTOS2019,left,2026-10-08T21:32:32
APTOS2019/train_images/train_images/b7a1bb106051.png,APTOS2019,left,2026-10-08T21:32:33
APTOS2019/train_images/train_images/b7aca95b97b9.png,APTOS2019,right,2026-10-08T21:32:34
APTOS2019/train_images/train_images/b7bd4a6627b6.png,APTOS2019,left,2026-10-08T21:32:36
APTOS2019/train_images/train_images/b7ce561a7328.png,APTOS2019,right,2026-10-08T21:32:37
APTOS2019/train_images/train_images/b7e0f95353f2.png,APTOS2019,right,2026-10-08T21:32:38
APTOS2019/train_images/train_images/b7f0bc7d399e.png,APTOS2019,right,2026-10-08T21:32:39
APTOS2019/train_images/train_images/b8297a2291f5.png,APTOS2019,right,2026-10-08T21:32:40
APTOS2019/train_images/train_images/b82d5f1f1145.png,APTOS2019,right,2026-10-08T21:32:40
APTOS2019/train_images/train_images/b82dfa63a75f.png,APTOS2019,right,2026-10-08T21:32:42
APTOS2019/train_images/train_images/b835b6e31a59.png,APTOS2019,right,2026-10-08T21:32:42
APTOS2019/train_images/train_images/b83a6eca125f.png,APTOS2019,left,2026-10-08T21:32:44
APTOS2019/train_images/train_images/b842b43cb7fb.png,APTOS2019,left,2026-10-08T21:32:44
APTOS2019/train_images/train_images/b86fb2d5be1a.png,APTOS2019,right,2026-10-08T21:32:46
APTOS2019/train_images/train_images/b87f9c59748b.png,APTOS2019,left,2026-10-08T21:32:47
APTOS2019/train_images/train_images/b89938407ee6.png,APTOS2019,right,2026-10-08T21:32:48
APTOS2019/train_images/train_images/b8ac328009e0.png,APTOS2019,right,2026-10-08T21:32:49
APTOS2019/train_images/train_images/b8dab47a260e.png,APTOS2019,right,2026-10-08T21:32:49
APTOS2019/train_images/train_images/b8e20c076b03.png,APTOS2019,right,2026-10-08T21:32:50
APTOS2019/train_images/train_images/b8e9a8f4617d.png,APTOS2019,right,2026-10-08T21:32:51
APTOS2019/train_images/train_images/b8ebedd382de.png,APTOS2019,left,2026-10-08T21:32:52
APTOS2019/train_images/train_images/b8f1b30877db.png,APTOS2019,left,2026-10-08T21:32:53
APTOS2019/train_images/train_images/b8fb9f55cd6d.png,APTOS2019,left,2026-10-08T21:32:54
APTOS2019/train_images/train_images/b90bc89ce8d8.png,APTOS2019,right,2026-10-08T21:32:55
APTOS2019/train_images/train_images/b9127e38d9b9.png,APTOS2019,right,2026-10-08T21:32:57
APTOS2019/train_images/train_images/b91ef82e723a.png,APTOS2019,left,2026-10-08T21:32:58
APTOS2019/train_images/train_images/b927a9238434.png,APTOS2019,right,2026-10-08T21:32:59
APTOS2019/train_images/train_images/b92eacd1392a.png,APTOS2019,right,2026-10-08T21:33:00
APTOS2019/train_images/train_images/b94c58d063bf.png,APTOS2019,left,2026-10-08T21:33:45
APTOS2019/train_images/train_images/b9519abce0c1.png,APTOS2019,right,2026-10-08T21:33:46
APTOS2019/train_images/train_images/b95d4dd8e5e2.png,APTOS2019,right,2026-10-08T21:33:47
APTOS2019/train_images/train_images/b960142a8de7.png,APTOS2019,right,2026-10-08T21:33:48
APTOS2019/train_images/train_images/b963a11638f2.png,APTOS2019,right,2026-10-08T21:33:49
APTOS2019/train_images/train_images/b96b518596b3.png,APTOS2019,right,2026-10-08T21:33:50
APTOS2019/train_images/train_images/b98f77098b9d.png,APTOS2019,right,2026-10-08T21:33:50
APTOS2019/train_images/train_images/b99794a0beed.png,APTOS2019,right,2026-10-08T21:33:51
APTOS2019/train_images/train_images/b99afe7137fb.png,APTOS2019,right,2026-10-08T21:33:52
APTOS2019/train_images/train_images/b99c825b93c5.png,APTOS2019,left,2026-10-08T21:33:53
APTOS2019/train_images/train_images/b9b6ee2b9453.png,APTOS2019,right,2026-10-08T21:33:54
APTOS2019/train_images/train_images/b9b99dad668d.png,APTOS2019,left,2026-10-08T21:33:55
APTOS2019/train_images/train_images/b9bc81fcb075.png,APTOS2019,left,2026-10-08T21:33:56
APTOS2019/train_images/train_images/b9c7c5182075.png,APTOS2019,right,2026-10-08T21:33:58
APTOS2019/train_images/train_images/b9d0b83d70c3.png,APTOS2019,right,2026-10-08T21:33:58
APTOS2019/train_images/train_images/b9fe7da14a32.png,APTOS2019,right,2026-10-08T21:34:02
APTOS2019/train_images/train_images/ba0107fb1bfd.png,APTOS2019,left,2026-10-08T21:34:03
APTOS2019/train_images/train_images/ba08cee68c71.png,APTOS2019,left,2026-10-08T21:34:04
APTOS2019/train_images/train_images/ba25f947f4ec.png,APTOS2019,left,2026-10-08T21:34:05
APTOS2019/train_images/train_images/ba2624883599.png,APTOS2019,left,2026-10-08T21:34:06
APTOS2019/train_images/train_images/ba2ea9182090.png,APTOS2019,left,2026-10-08T21:34:06
APTOS2019/train_images/train_images/ba4d2c4b3039.png,APTOS2019,left,2026-10-08T21:34:07
APTOS2019/train_images/train_images/ba4e62c11cc0.png,APTOS2019,right,2026-10-08T21:34:08
APTOS2019/train_images/train_images/ba735b286d62.png,APTOS2019,left,2026-10-08T21:34:10
APTOS2019/train_images/train_images/baaca2f7e1f0.png,APTOS2019,left,2026-10-08T21:34:11
APTOS2019/train_images/train_images/bab776139279.png,APTOS2019,right,2026-10-08T21:34:12
APTOS2019/train_images/train_images/bac1744955c2.png,APTOS2019,right,2026-10-08T21:34:13
APTOS2019/train_images/train_images/bacfa2b8e706.png,APTOS2019,right,2026-10-08T21:34:13
APTOS2019/train_images/train_images/bacfb1029f6b.png,APTOS2019,right,2026-10-08T21:34:14
APTOS2019/train_images/train_images/badb5ff8d3c7.png,APTOS2019,left,2026-10-08T21:34:15
APTOS2019/train_images/train_images/bb08949dd70a.png,APTOS2019,right,2026-10-08T21:34:16
APTOS2019/train_images/train_images/bb11db08584a.png,APTOS2019,left,2026-10-08T21:34:17
APTOS2019/train_images/train_images/bb2f89488ecd.png,APTOS2019,left,2026-10-08T21:34:18
APTOS2019/train_images/train_images/bb45257258cc.png,APTOS2019,right,2026-10-08T21:34:19
APTOS2019/train_images/train_images/bb5083fae98f.png,APTOS2019,left,2026-10-08T21:34:20
APTOS2019/train_images/train_images/bb733062f494.png,APTOS2019,left,2026-10-08T21:34:21
APTOS2019/train_images/train_images/bb752b179751.png,APTOS2019,left,2026-10-08T21:34:21
APTOS2019/train_images/train_images/bb783d8e496f.png,APTOS2019,left,2026-10-08T21:34:22
APTOS2019/train_images/train_images/bb7e0a2544cd.png,APTOS2019,left,2026-10-08T21:34:23
APTOS2019/train_images/train_images/bb85097857fa.png,APTOS2019,right,2026-10-08T21:34:24
APTOS2019/train_images/train_images/bb9a3d835a94.png,APTOS2019,right,2026-10-08T21:34:26
APTOS2019/train_images/train_images/bba38f2294a3.png,APTOS2019,right,2026-10-08T21:34:27
APTOS2019/train_images/train_images/bc23f74e14dd.png,APTOS2019,left,2026-10-08T21:34:28
APTOS2019/train_images/train_images/bc34ed91c9bc.png,APTOS2019,right,2026-10-08T21:34:29
APTOS2019/train_images/train_images/bc34f52c37c7.png,APTOS2019,left,2026-10-08T21:34:30
APTOS2019/train_images/train_images/bc73ce76ec43.png,APTOS2019,right,2026-10-08T21:34:31
APTOS2019/train_images/train_images/bc7bf19b84e3.png,APTOS2019,left,2026-10-08T21:34:32
APTOS2019/train_images/train_images/bc8c6a778cde.png,APTOS2019,left,2026-10-08T21:34:33
APTOS2019/train_images/train_images/bc92a61a1f9c.png,APTOS2019,right,2026-10-08T21:34:34
APTOS2019/train_images/train_images/bca2bdc15fc5.png,APTOS2019,right,2026-10-08T21:34:35
APTOS2019/train_images/train_images/bcb0498ed2c1.png,APTOS2019,right,2026-10-08T21:34:36
APTOS2019/train_images/train_images/bcc762618e7d.png,APTOS2019,right,2026-10-08T21:34:37
APTOS2019/train_images/train_images/bcd503c726ba.png,APTOS2019,left,2026-10-08T21:34:38
APTOS2019/train_images/train_images/bcdc8db5423b.png,APTOS2019,right,2026-10-08T21:34:39
APTOS2019/train_images/train_images/bd06028eb7dd.png,APTOS2019,right,2026-10-08T21:34:40
APTOS2019/train_images/train_images/bd269a1f0e4d.png,APTOS2019,left,2026-10-08T21:34:41
APTOS2019/train_images/train_images/bd34a0639575.png,APTOS2019,right,2026-10-08T21:34:43
APTOS2019/train_images/train_images/bd375ba756b1.png,APTOS2019,left,2026-10-08T21:34:44
APTOS2019/train_images/train_images/bd500a73beae.png,APTOS2019,left,2026-10-08T21:34:44
APTOS2019/train_images/train_images/bd5013540a13.png,APTOS2019,right,2026-10-08T21:34:45
APTOS2019/train_images/train_images/bd9904495ccd.png,APTOS2019,right,2026-10-08T21:34:46
APTOS2019/train_images/train_images/bda7ff3b1562.png,APTOS2019,right,2026-10-08T21:34:47
APTOS2019/train_images/train_images/bda8c973b09d.png,APTOS2019,right,2026-10-08T21:34:48
APTOS2019/train_images/train_images/bda91b76095b.png,APTOS2019,right,2026-10-08T21:34:49
APTOS2019/train_images/train_images/bdb98063fe84.png,APTOS2019,right,2026-10-08T21:34:50
APTOS2019/train_images/train_images/bdc6c60e9133.png,APTOS2019,left,2026-10-08T21:34:51
APTOS2019/train_images/train_images/bde1063a5dd7.png,APTOS2019,right,2026-10-08T21:34:52
APTOS2019/train_images/train_images/bdf47b9f10c4.png,APTOS2019,right,2026-10-08T21:34:53
APTOS2019/train_images/train_images/bdff5d8bddf8.png,APTOS2019,right,2026-10-08T21:34:53
APTOS2019/train_images/train_images/be161517d3ac.png,APTOS2019,left,2026-10-08T21:34:55
APTOS2019/train_images/train_images/be197b663520.png,APTOS2019,right,2026-10-08T21:34:56
APTOS2019/train_images/train_images/be21d8b60e2a.png,APTOS2019,right,2026-10-08T21:34:57
APTOS2019/train_images/train_images/be3a7d9e981e.png,APTOS2019,left,2026-10-08T21:34:59
APTOS2019/train_images/train_images/be521870a0ea.png,APTOS2019,left,2026-10-08T21:34:59
APTOS2019/train_images/train_images/be68322c7223.png,APTOS2019,left,2026-10-08T21:35:00
APTOS2019/train_images/train_images/be6cbf6e5b10.png,APTOS2019,left,2026-10-08T21:35:02
APTOS2019/train_images/train_images/be7bc89f5fec.png,APTOS2019,left,2026-10-08T21:35:03
APTOS2019/train_images/train_images/be7f791a7877.png,APTOS2019,left,2026-10-08T21:35:03
APTOS2019/train_images/train_images/be8697eb2078.png,APTOS2019,left,2026-10-08T21:35:05
APTOS2019/train_images/train_images/beb00fa6e7c9.png,APTOS2019,left,2026-10-08T21:35:06
APTOS2019/train_images/train_images/beb2ad14fd2d.png,APTOS2019,right,2026-10-08T21:35:07
APTOS2019/train_images/train_images/bebb3f167654.png,APTOS2019,right,2026-10-08T21:35:08
APTOS2019/train_images/train_images/bebfbd907cac.png,APTOS2019,right,2026-10-08T21:35:09
APTOS2019/train_images/train_images/bec0acd539b2.png,APTOS2019,right,2026-10-08T21:35:10
APTOS2019/train_images/train_images/bed8296c8dfe.png,APTOS2019,left,2026-10-08T21:35:11
APTOS2019/train_images/train_images/beeca5f14618.png,APTOS2019,right,2026-10-08T21:35:12
APTOS2019/train_images/train_images/bf18ff30a8f6.png,APTOS2019,right,2026-10-08T21:35:13
APTOS2019/train_images/train_images/bf1b7e21e774.png,APTOS2019,left,2026-10-08T21:35:14
APTOS2019/train_images/train_images/bf6cbccacf39.png,APTOS2019,left,2026-10-08T21:35:15
APTOS2019/train_images/train_images/bf7047dc683c.png,APTOS2019,left,2026-10-08T21:35:16
APTOS2019/train_images/train_images/bf7221a016b5.png,APTOS2019,left,2026-10-08T21:35:16
APTOS2019/train_images/train_images/bf7b4eae7ad0.png,APTOS2019,right,2026-10-08T21:35:18
APTOS2019/train_images/train_images/bf8092e4001d.png,APTOS2019,right,2026-10-08T21:35:18
APTOS2019/train_images/train_images/bf811911acf9.png,APTOS2019,left,2026-10-08T21:35:20
APTOS2019/train_images/train_images/bf87aedf2489.png,APTOS2019,left,2026-10-08T21:35:20
APTOS2019/train_images/train_images/bf9cba745efc.png,APTOS2019,right,2026-10-08T21:35:21
APTOS2019/train_images/train_images/bfa30ebf63a8.png,APTOS2019,right,2026-10-08T21:35:22
APTOS2019/train_images/train_images/bfaa0080ab61.png,APTOS2019,left,2026-10-08T21:35:23
APTOS2019/train_images/train_images/bfb578c0e8d8.png,APTOS2019,right,2026-10-08T21:35:24
APTOS2019/train_images/train_images/bfd5c0e55420.png,APTOS2019,right,2026-10-08T21:35:25
APTOS2019/train_images/train_images/bfda2fd0533a.png,APTOS2019,right,2026-10-08T21:35:26
APTOS2019/train_images/train_images/bfdee9be1f1d.png,APTOS2019,left,2026-10-08T21:35:27
APTOS2019/train_images/train_images/bfe467b7e997.png,APTOS2019,left,2026-10-08T21:35:28
APTOS2019/train_images/train_images/bfefa7344e7d.png,APTOS2019,left,2026-10-08T21:35:29
APTOS2019/train_images/train_images/bff51afc76d4.png,APTOS2019,right,2026-10-08T21:35:30
APTOS2019/train_images/train_images/bffca6eeb2bf.png,APTOS2019,right,2026-10-08T21:35:31
APTOS2019/train_images/train_images/c013e869acce.png,APTOS2019,left,2026-10-08T21:35:32
APTOS2019/train_images/train_images/c01eae4b4939.png,APTOS2019,right,2026-10-08T21:35:33
APTOS2019/train_images/train_images/c0202976c670.png,APTOS2019,right,2026-10-08T21:35:34
APTOS2019/train_images/train_images/c027e5482e8c.png,APTOS2019,right,2026-10-08T21:35:35
APTOS2019/train_images/train_images/c05b7b4c22fe.png,APTOS2019,right,2026-10-08T21:35:36
APTOS2019/train_images/train_images/c06024f05a16.png,APTOS2019,left,2026-10-08T21:35:37
APTOS2019/train_images/train_images/c096131ad065.png,APTOS2019,left,2026-10-08T21:35:38
APTOS2019/train_images/train_images/c0968d41eb93.png,APTOS2019,left,2026-10-08T21:35:39
APTOS2019/train_images/train_images/c0a0828e01b4.png,APTOS2019,right,2026-10-08T21:35:40
APTOS2019/train_images/train_images/c0a117de7d0a.png,APTOS2019,right,2026-10-08T21:35:41
APTOS2019/train_images/train_images/c0e15e8e2b46.png,APTOS2019,right,2026-10-08T21:35:42
APTOS2019/train_images/train_images/c0e509786f7f.png,APTOS2019,right,2026-10-08T21:35:45
APTOS2019/train_images/train_images/c0f15fe3b4b7.png,APTOS2019,left,2026-10-08T21:35:46
APTOS2019/train_images/train_images/c102db7634d8.png,APTOS2019,right,2026-10-08T21:35:47
APTOS2019/train_images/train_images/c12e9ca420a5.png,APTOS2019,left,2026-10-08T21:35:49
APTOS2019/train_images/train_images/c1437a7a52c9.png,APTOS2019,right,2026-10-08T21:35:50
APTOS2019/train_images/train_images/c1799a6f5c65.png,APTOS2019,left,2026-10-08T21:35:51
APTOS2019/train_images/train_images/c1819db0aece.png,APTOS2019,right,2026-10-08T21:35:52
APTOS2019/train_images/train_images/c1896142a20a.png,APTOS2019,right,2026-10-08T21:35:53
APTOS2019/train_images/train_images/c18a006f7f1d.png,APTOS2019,right,2026-10-08T21:35:54
APTOS2019/train_images/train_images/c1c8550508e0.png,APTOS2019,right,2026-10-08T21:35:54
APTOS2019/train_images/train_images/c1e6fa1ad314.png,APTOS2019,right,2026-10-08T21:35:55
APTOS2019/train_images/train_images/c1ebe785503a.png,APTOS2019,left,2026-10-08T21:35:56
APTOS2019/train_images/train_images/c21eb81de9fc.png,APTOS2019,right,2026-10-08T21:35:57
APTOS2019/train_images/train_images/c23ff6dcf15e.png,APTOS2019,right,2026-10-08T21:35:58
APTOS2019/train_images/train_images/c24bcf7a1bc4.png,APTOS2019,right,2026-10-08T21:35:59
APTOS2019/train_images/train_images/c252da9b41d8.png,APTOS2019,left,2026-10-08T21:36:00
APTOS2019/train_images/train_images/c25e02b39c01.png,APTOS2019,left,2026-10-08T21:36:00
APTOS2019/train_images/train_images/c261b1aaa828.png,APTOS2019,left,2026-10-08T21:36:01
APTOS2019/train_images/train_images/c26f98f58350.png,APTOS2019,right,2026-10-08T21:36:02
APTOS2019/train_images/train_images/c280730cc211.png,APTOS2019,left,2026-10-08T21:36:03
APTOS2019/train_images/train_images/c2a58b2cfd0b.png,APTOS2019,left,2026-10-08T21:36:04
APTOS2019/train_images/train_images/c2d2b4f536da.png,APTOS2019,right,2026-10-08T21:36:06
APTOS2019/train_images/train_images/c2f3281cf528.png,APTOS2019,right,2026-10-08T21:36:06
APTOS2019/train_images/train_images/c31651ea04c6.png,APTOS2019,left,2026-10-08T21:36:08
APTOS2019/train_images/train_images/c334f8688b77.png,APTOS2019,right,2026-10-08T21:36:09
APTOS2019/train_images/train_images/c365c598ad4e.png,APTOS2019,right,2026-10-08T21:36:10
APTOS2019/train_images/train_images/c373b73a80c8.png,APTOS2019,left,2026-10-08T21:36:11
APTOS2019/train_images/train_images/c3789c1dab96.png,APTOS2019,left,2026-10-08T21:36:12
APTOS2019/train_images/train_images/c38dec54a9f7.png,APTOS2019,left,2026-10-08T21:36:13
APTOS2019/train_images/train_images/c3a82acb7d7a.png,APTOS2019,right,2026-10-08T21:36:14
APTOS2019/train_images/train_images/c3aa424eff9a.png,APTOS2019,right,2026-10-08T21:36:15
APTOS2019/train_images/train_images/c3acf47700ea.png,APTOS2019,right,2026-10-08T21:36:16
APTOS2019/train_images/train_images/c3b15bf9b4bc.png,APTOS2019,right,2026-10-08T21:36:18
APTOS2019/train_images/train_images/c3c8fdda50c0.png,APTOS2019,left,2026-10-08T21:36:19
APTOS2019/train_images/train_images/c3cd0200df79.png,APTOS2019,right,2026-10-08T21:36:21
APTOS2019/train_images/train_images/c3d12a23f451.png,APTOS2019,right,2026-10-08T21:36:21
APTOS2019/train_images/train_images/c3e02d4a1798.png,APTOS2019,left,2026-10-08T21:36:23
APTOS2019/train_images/train_images/c406325360b1.png,APTOS2019,right,2026-10-08T21:36:24
APTOS2019/train_images/train_images/c40976189f22.png,APTOS2019,right,2026-10-08T21:36:24
APTOS2019/train_images/train_images/c446985355f1.png,APTOS2019,left,2026-10-08T21:36:25
APTOS2019/train_images/train_images/c48ae5da188e.png,APTOS2019,right,2026-10-08T21:36:26
APTOS2019/train_images/train_images/c4a8f2fcf6e8.png,APTOS2019,left,2026-10-08T21:36:28
APTOS2019/train_images/train_images/c4aef0d88d1b.png,APTOS2019,right,2026-10-08T21:36:29
APTOS2019/train_images/train_images/c4e8b1ec8893.png,APTOS2019,left,2026-10-08T21:36:30
APTOS2019/train_images/train_images/c52bb7343387.png,APTOS2019,left,2026-10-08T21:36:31
APTOS2019/train_images/train_images/c5431b81cbc9.png,APTOS2019,left,2026-10-08T21:36:32
APTOS2019/train_images/train_images/c546670d9684.png,APTOS2019,right,2026-10-08T21:36:33
APTOS2019/train_images/train_images/c561bcd519e9.png,APTOS2019,left,2026-10-08T21:36:34
APTOS2019/train_images/train_images/c56293f53191.png,APTOS2019,right,2026-10-08T21:36:37
APTOS2019/train_images/train_images/c568e5245ea5.png,APTOS2019,right,2026-10-08T21:36:37
APTOS2019/train_images/train_images/c56e65f74187.png,APTOS2019,left,2026-10-08T21:36:38
APTOS2019/train_images/train_images/c57c164bca05.png,APTOS2019,right,2026-10-08T21:36:39
APTOS2019/train_images/train_images/c58971bcebb2.png,APTOS2019,left,2026-10-08T21:36:41
APTOS2019/train_images/train_images/c58e5c0c5b33.png,APTOS2019,left,2026-10-08T21:36:41
APTOS2019/train_images/train_images/c597ef460944.png,APTOS2019,right,2026-10-08T21:36:43
APTOS2019/train_images/train_images/c5a0e84e955d.png,APTOS2019,right,2026-10-08T21:36:43
APTOS2019/train_images/train_images/c5a6f432a1ec.png,APTOS2019,left,2026-10-08T21:36:45
APTOS2019/train_images/train_images/c5a9ebef1517.png,APTOS2019,right,2026-10-08T21:36:46
APTOS2019/train_images/train_images/c5ad60521f8c.png,APTOS2019,right,2026-10-08T21:36:46
APTOS2019/train_images/train_images/c5b58cc992af.png,APTOS2019,right,2026-10-08T21:36:47
APTOS2019/train_images/train_images/c5ba9e455d5e.png,APTOS2019,right,2026-10-08T21:36:48
APTOS2019/train_images/train_images/c5bec7f1e5f3.png,APTOS2019,left,2026-10-08T21:36:49
APTOS2019/train_images/train_images/c5e238aa18be.png,APTOS2019,left,2026-10-08T21:36:50
APTOS2019/train_images/train_images/c613db1cab27.png,APTOS2019,right,2026-10-08T21:36:51
APTOS2019/train_images/train_images/c6229222bf22.png,APTOS2019,right,2026-10-08T21:36:52
APTOS2019/train_images/train_images/c62585bd68fb.png,APTOS2019,left,2026-10-08T21:36:53
APTOS2019/train_images/train_images/c62cef02efa2.png,APTOS2019,left,2026-10-08T21:36:53
APTOS2019/train_images/train_images/c639d837f5e4.png,APTOS2019,left,2026-10-08T21:36:54
APTOS2019/train_images/train_images/c64c0966b4cf.png,APTOS2019,left,2026-10-08T21:36:55
APTOS2019/train_images/train_images/c67117c6ab3b.png,APTOS2019,left,2026-10-08T21:36:57
APTOS2019/train_images/train_images/c68dfa021d62.png,APTOS2019,left,2026-10-08T21:36:57
APTOS2019/train_images/train_images/c6916bc42016.png,APTOS2019,right,2026-10-08T21:36:59
APTOS2019/train_images/train_images/c6a145742708.png,APTOS2019,left,2026-10-08T21:37:00
APTOS2019/train_images/train_images/c6a2975228af.png,APTOS2019,left,2026-10-08T21:37:01
APTOS2019/train_images/train_images/c6a8f8f998a2.png,APTOS2019,right,2026-10-08T21:37:02
APTOS2019/train_images/train_images/c6c2bad91f23.png,APTOS2019,left,2026-10-08T21:37:03
APTOS2019/train_images/train_images/c6d4e4a3bd4c.png,APTOS2019,right,2026-10-08T21:37:04
APTOS2019/train_images/train_images/c6e1e9fbf39b.png,APTOS2019,left,2026-10-08T21:37:06
APTOS2019/train_images/train_images/c6f5b5b5be41.png,APTOS2019,left,2026-10-08T21:37:06
APTOS2019/train_images/train_images/c704bd669f36.png,APTOS2019,left,2026-10-08T21:37:08
APTOS2019/train_images/train_images/c70d09370109.png,APTOS2019,left,2026-10-08T21:37:08
APTOS2019/train_images/train_images/c739ff9580d3.png,APTOS2019,left,2026-10-08T21:37:09
APTOS2019/train_images/train_images/c73c5f6ef664.png,APTOS2019,left,2026-10-08T21:37:10
APTOS2019/train_images/train_images/c755a0c4edcc.png,APTOS2019,left,2026-10-08T21:37:11
APTOS2019/train_images/train_images/c76664770c07.png,APTOS2019,right,2026-10-08T21:37:12
APTOS2019/train_images/train_images/c7b622ec8104.png,APTOS2019,left,2026-10-08T21:37:17
APTOS2019/train_images/train_images/c7c0470bcf87.png,APTOS2019,right,2026-10-08T21:37:20
APTOS2019/train_images/train_images/c7c3d363bc86.png,APTOS2019,left,2026-10-08T21:37:21
APTOS2019/train_images/train_images/c7d0deb71576.png,APTOS2019,left,2026-10-08T21:37:22
APTOS2019/train_images/train_images/c7e827fc7f41.png,APTOS2019,right,2026-10-08T21:37:24
APTOS2019/train_images/train_images/c80b0f27541a.png,APTOS2019,right,2026-10-08T21:37:25
APTOS2019/train_images/train_images/c80f79579fed.png,APTOS2019,left,2026-10-08T21:37:28
APTOS2019/train_images/train_images/c81c6911f5e0.png,APTOS2019,left,2026-10-08T21:37:28
APTOS2019/train_images/train_images/c85b79d70079.png,APTOS2019,right,2026-10-08T21:37:29
APTOS2019/train_images/train_images/c87493ed320c.png,APTOS2019,right,2026-10-08T21:37:30
APTOS2019/train_images/train_images/c8823cdaf7fa.png,APTOS2019,left,2026-10-08T21:37:31
APTOS2019/train_images/train_images/c8905b8d5cf1.png,APTOS2019,right,2026-10-08T21:37:32
APTOS2019/train_images/train_images/c8a3eb9a5b52.png,APTOS2019,right,2026-10-08T21:37:33
APTOS2019/train_images/train_images/c8d2d32f7f29.png,APTOS2019,left,2026-10-08T21:37:34
APTOS2019/train_images/train_images/c8fc0df22999.png,APTOS2019,left,2026-10-08T21:37:35
APTOS2019/train_images/train_images/c90c6b94cf40.png,APTOS2019,left,2026-10-08T21:37:35
APTOS2019/train_images/train_images/c947bb6cf9f6.png,APTOS2019,left,2026-10-08T21:37:36
APTOS2019/train_images/train_images/c9485c38fdd5.png,APTOS2019,right,2026-10-08T21:37:37
APTOS2019/train_images/train_images/c94f37085d0f.png,APTOS2019,right,2026-10-08T21:37:38
APTOS2019/train_images/train_images/c96f743915b5.png,APTOS2019,left,2026-10-08T21:37:39
APTOS2019/train_images/train_images/c97472ef2c66.png,APTOS2019,left,2026-10-08T21:37:40
APTOS2019/train_images/train_images/c98f623d08d1.png,APTOS2019,left,2026-10-08T21:37:41
APTOS2019/train_images/train_images/c9c563864ab1.png,APTOS2019,left,2026-10-08T21:37:42
APTOS2019/train_images/train_images/c9d42d7534e0.png,APTOS2019,left,2026-10-08T21:37:42
APTOS2019/train_images/train_images/c9e697117f3f.png,APTOS2019,right,2026-10-08T21:37:43
APTOS2019/train_images/train_images/c9ea9d5eab65.png,APTOS2019,right,2026-10-08T21:37:44
APTOS2019/train_images/train_images/c9f0dc2c8b43.png,APTOS2019,left,2026-10-08T21:37:45
APTOS2019/train_images/train_images/ca05f7e7801b.png,APTOS2019,left,2026-10-08T21:37:47
APTOS2019/train_images/train_images/ca0f1a17c8e5.png,APTOS2019,right,2026-10-08T21:37:49
APTOS2019/train_images/train_images/ca1036496659.png,APTOS2019,right,2026-10-08T21:37:49
APTOS2019/train_images/train_images/ca25745942b0.png,APTOS2019,left,2026-10-08T21:37:50
APTOS2019/train_images/train_images/ca2b54b95ade.png,APTOS2019,left,2026-10-08T21:37:51
APTOS2019/train_images/train_images/ca30a97e9d13.png,APTOS2019,left,2026-10-08T21:37:52
APTOS2019/train_images/train_images/ca360bec5851.png,APTOS2019,left,2026-10-08T21:37:52
APTOS2019/train_images/train_images/ca63fe4f4b52.png,APTOS2019,right,2026-10-08T21:37:53
APTOS2019/train_images/train_images/ca6842bfcbc9.png,APTOS2019,right,2026-10-08T21:37:54
APTOS2019/train_images/train_images/ca7140ecf389.png,APTOS2019,right,2026-10-08T21:37:55
APTOS2019/train_images/train_images/ca7570c5925c.png,APTOS2019,left,2026-10-08T21:37:56
APTOS2019/train_images/train_images/ca7f5caddf96.png,APTOS2019,left,2026-10-08T21:37:57
APTOS2019/train_images/train_images/ca891d37a43c.png,APTOS2019,right,2026-10-08T21:37:58
APTOS2019/train_images/train_images/ca9c912ebad7.png,APTOS2019,left,2026-10-08T21:37:59
APTOS2019/train_images/train_images/cab3dfa7962d.png,APTOS2019,left,2026-10-08T21:37:59
APTOS2019/train_images/train_images/cac40227d3b2.png,APTOS2019,right,2026-10-08T21:38:00
APTOS2019/train_images/train_images/cac80797770f.png,APTOS2019,right,2026-10-08T21:38:01
APTOS2019/train_images/train_images/cad5b1a82e60.png,APTOS2019,right,2026-10-08T21:38:02
APTOS2019/train_images/train_images/cadde4030858.png,APTOS2019,right,2026-10-08T21:38:02
APTOS2019/train_images/train_images/cae33655ca00.png,APTOS2019,left,2026-10-08T21:38:04
APTOS2019/train_images/train_images/cae51154e1ce.png,APTOS2019,right,2026-10-08T21:38:05
APTOS2019/train_images/train_images/caec68f11c86.png,APTOS2019,left,2026-10-08T21:38:06
APTOS2019/train_images/train_images/cb02bb47fdc5.png,APTOS2019,right,2026-10-08T21:38:07
APTOS2019/train_images/train_images/cb0cc98d7e35.png,APTOS2019,right,2026-10-08T21:38:08
APTOS2019/train_images/train_images/cb2201c226d6.png,APTOS2019,left,2026-10-08T21:38:09
APTOS2019/train_images/train_images/cb28adab4e8a.png,APTOS2019,left,2026-10-08T21:38:10
APTOS2019/train_images/train_images/cb2f3c5d71a7.png,APTOS2019,right,2026-10-08T21:38:11
APTOS2019/train_images/train_images/cb39761f0712.png,APTOS2019,left,2026-10-08T21:38:13
APTOS2019/train_images/train_images/cb547e723a16.png,APTOS2019,right,2026-10-08T21:38:14
APTOS2019/train_images/train_images/cb602182cde3.png,APTOS2019,right,2026-10-08T21:38:15
APTOS2019/train_images/train_images/cb68fce07789.png,APTOS2019,right,2026-10-08T21:38:15
APTOS2019/train_images/train_images/cb75210abebe.png,APTOS2019,right,2026-10-08T21:38:17
APTOS2019/train_images/train_images/cbc23af521f3.png,APTOS2019,left,2026-10-08T21:38:18
APTOS2019/train_images/train_images/cbc2e57447c2.png,APTOS2019,right,2026-10-08T21:38:19
APTOS2019/train_images/train_images/cbd0870aa933.png,APTOS2019,left,2026-10-08T21:38:20
APTOS2019/train_images/train_images/cbe633765ea7.png,APTOS2019,left,2026-10-08T21:38:21
APTOS2019/train_images/train_images/cbf0394039f8.png,APTOS2019,left,2026-10-08T21:38:22
APTOS2019/train_images/train_images/cc12453ea915.png,APTOS2019,right,2026-10-08T21:38:23
APTOS2019/train_images/train_images/cc1eebed9276.png,APTOS2019,left,2026-10-08T21:38:24
APTOS2019/train_images/train_images/cc3d2e961768.png,APTOS2019,right,2026-10-08T21:38:26
APTOS2019/train_images/train_images/cc671a73e1cb.png,APTOS2019,right,2026-10-08T21:38:27
APTOS2019/train_images/train_images/cc839823755b.png,APTOS2019,right,2026-10-08T21:38:28
APTOS2019/train_images/train_images/cc9270f06b65.png,APTOS2019,left,2026-10-08T21:38:29
APTOS2019/train_images/train_images/cc964bf04dbc.png,APTOS2019,left,2026-10-08T21:38:29
APTOS2019/train_images/train_images/cca626a0e19a.png,APTOS2019,left,2026-10-08T21:38:30
APTOS2019/train_images/train_images/ccd34029493d.png,APTOS2019,right,2026-10-08T21:38:32
APTOS2019/train_images/train_images/ccd6dcb2f568.png,APTOS2019,right,2026-10-08T21:38:33
APTOS2019/train_images/train_images/ccea49708830.png,APTOS2019,left,2026-10-08T21:38:34
APTOS2019/train_images/train_images/cd01672507c9.png,APTOS2019,right,2026-10-08T21:38:35
APTOS2019/train_images/train_images/cd01f4f83336.png,APTOS2019,right,2026-10-08T21:38:36
APTOS2019/train_images/train_images/cd1c98ec48b1.png,APTOS2019,left,2026-10-08T21:38:37
APTOS2019/train_images/train_images/cd29c88c9e36.png,APTOS2019,left,2026-10-08T21:38:38
APTOS2019/train_images/train_images/cd314653a4d8.png,APTOS2019,right,2026-10-08T21:38:39
APTOS2019/train_images/train_images/cd3fd04d72f5.png,APTOS2019,right,2026-10-08T21:38:40
APTOS2019/train_images/train_images/cd45bfa07d41.png,APTOS2019,left,2026-10-08T21:38:41
APTOS2019/train_images/train_images/cd48cfab4e44.png,APTOS2019,right,2026-10-08T21:38:42
APTOS2019/train_images/train_images/cd4e7f9fa1a9.png,APTOS2019,left,2026-10-08T21:38:43
APTOS2019/train_images/train_images/cd54d022e37d.png,APTOS2019,left,2026-10-08T21:38:44
APTOS2019/train_images/train_images/cd563556cb57.png,APTOS2019,right,2026-10-08T21:38:49
APTOS2019/train_images/train_images/cd5714db652d.png,APTOS2019,right,2026-10-08T21:38:50
APTOS2019/train_images/train_images/cd66754e1b3b.png,APTOS2019,left,2026-10-08T21:38:51
APTOS2019/train_images/train_images/cd8da43e3069.png,APTOS2019,left,2026-10-08T21:38:51
APTOS2019/train_images/train_images/cd93a472e5cd.png,APTOS2019,right,2026-10-08T21:38:53
APTOS2019/train_images/train_images/cd941e5bc659.png,APTOS2019,right,2026-10-08T21:38:53
APTOS2019/train_images/train_images/cd972e5639e0.png,APTOS2019,right,2026-10-08T21:38:54
APTOS2019/train_images/train_images/cd9e2190c73f.png,APTOS2019,right,2026-10-08T21:38:55
APTOS2019/train_images/train_images/ce207b69ff37.png,APTOS2019,left,2026-10-08T21:38:56
APTOS2019/train_images/train_images/ce6f33a81ad5.png,APTOS2019,right,2026-10-08T21:38:57
APTOS2019/train_images/train_images/ce754234d760.png,APTOS2019,left,2026-10-08T21:38:58
APTOS2019/train_images/train_images/ce887b196c23.png,APTOS2019,left,2026-10-08T21:38:59
APTOS2019/train_images/train_images/ce8d2efd9d4f.png,APTOS2019,left,2026-10-08T21:39:00
APTOS2019/train_images/train_images/ceaa5803d780.png,APTOS2019,left,2026-10-08T21:39:00
APTOS2019/train_images/train_images/ceb32a193eff.png,APTOS2019,right,2026-10-08T21:39:01
APTOS2019/train_images/train_images/ceb601fe8dba.png,APTOS2019,left,2026-10-08T21:39:02
APTOS2019/train_images/train_images/cec299c2a2d5.png,APTOS2019,left,2026-10-08T21:39:03
APTOS2019/train_images/train_images/cf0575534cec.png,APTOS2019,right,2026-10-08T21:39:04
APTOS2019/train_images/train_images/cf0824f53dd9.png,APTOS2019,right,2026-10-08T21:39:05
APTOS2019/train_images/train_images/cf1b9d26d38d.png,APTOS2019,left,2026-10-08T21:39:06
APTOS2019/train_images/train_images/cf603a9ef2d5.png,APTOS2019,left,2026-10-08T21:39:07
APTOS2019/train_images/train_images/cf6551521a35.png,APTOS2019,left,2026-10-08T21:39:07
APTOS2019/train_images/train_images/cf8ae5501bd6.png,APTOS2019,left,2026-10-08T21:39:08
APTOS2019/train_images/train_images/cf8f1bc7a215.png,APTOS2019,left,2026-10-08T21:39:09
APTOS2019/train_images/train_images/cfb17a7cc8d4.png,APTOS2019,left,2026-10-08T21:39:09
APTOS2019/train_images/train_images/cfd1bd0fcbb4.png,APTOS2019,right,2026-10-08T21:39:11
APTOS2019/train_images/train_images/cfdbaef73a8b.png,APTOS2019,left,2026-10-08T21:39:14
APTOS2019/train_images/train_images/cfed7c1172ec.png,APTOS2019,right,2026-10-08T21:39:15
APTOS2019/train_images/train_images/cff262ed8f4c.png,APTOS2019,right,2026-10-08T21:39:16
APTOS2019/train_images/train_images/cffc50047828.png,APTOS2019,right,2026-10-08T21:39:17
APTOS2019/train_images/train_images/d0079cc188e9.png,APTOS2019,left,2026-10-08T21:39:18
APTOS2019/train_images/train_images/d02b79fc3200.png,APTOS2019,right,2026-10-08T21:39:19
APTOS2019/train_images/train_images/d035c2bd9104.png,APTOS2019,right,2026-10-08T21:39:20
APTOS2019/train_images/train_images/d06ccd0cf4b8.png,APTOS2019,right,2026-10-08T21:39:21
APTOS2019/train_images/train_images/d0926ed2c8e5.png,APTOS2019,left,2026-10-08T21:39:22
APTOS2019/train_images/train_images/d0b132d2c7ec.png,APTOS2019,right,2026-10-08T21:39:23
APTOS2019/train_images/train_images/d0d59ed675b5.png,APTOS2019,right,2026-10-08T21:39:23
APTOS2019/train_images/train_images/d0ffa0425ef1.png,APTOS2019,right,2026-10-08T21:39:24
APTOS2019/train_images/train_images/d10d315f123f.png,APTOS2019,left,2026-10-08T21:39:26
APTOS2019/train_images/train_images/d10ef306996b.png,APTOS2019,left,2026-10-08T21:39:27
APTOS2019/train_images/train_images/d141728fa392.png,APTOS2019,right,2026-10-08T21:39:28
APTOS2019/train_images/train_images/d144144a2f3f.png,APTOS2019,left,2026-10-08T21:39:29
APTOS2019/train_images/train_images/d15ca3469b87.png,APTOS2019,left,2026-10-08T21:39:30
APTOS2019/train_images/train_images/d160ebef4117.png,APTOS2019,right,2026-10-08T21:39:31
APTOS2019/train_images/train_images/d16398c971e9.png,APTOS2019,left,2026-10-08T21:39:32
APTOS2019/train_images/train_images/d16e39b9d6f0.png,APTOS2019,left,2026-10-08T21:39:33
APTOS2019/train_images/train_images/d16e59a2b33a.png,APTOS2019,right,2026-10-08T21:39:34
APTOS2019/train_images/train_images/d18aea8238a0.png,APTOS2019,right,2026-10-08T21:39:35
APTOS2019/train_images/train_images/d18b1d8ac4de.png,APTOS2019,right,2026-10-08T21:39:36
APTOS2019/train_images/train_images/d18e5b68f6d2.png,APTOS2019,right,2026-10-08T21:39:36
APTOS2019/train_images/train_images/d18f6431ebce.png,APTOS2019,left,2026-10-08T21:39:37
APTOS2019/train_images/train_images/d1a24527a15d.png,APTOS2019,right,2026-10-08T21:39:39
APTOS2019/train_images/train_images/d1a60c3b9fe5.png,APTOS2019,left,2026-10-08T21:39:43
APTOS2019/train_images/train_images/d1afdb8cf70d.png,APTOS2019,right,2026-10-08T21:39:45
APTOS2019/train_images/train_images/d1b279cc02ae.png,APTOS2019,right,2026-10-08T21:40:03
APTOS2019/train_images/train_images/d1ca85af57c9.png,APTOS2019,right,2026-10-08T21:40:04
APTOS2019/train_images/train_images/d1cad012a254.png,APTOS2019,left,2026-10-08T21:40:05
APTOS2019/train_images/train_images/d1cf31577a59.png,APTOS2019,right,2026-10-08T21:40:06
APTOS2019/train_images/train_images/d1f1ea894da1.png,APTOS2019,right,2026-10-08T21:40:07
APTOS2019/train_images/train_images/d1f7ea924a01.png,APTOS2019,right,2026-10-08T21:40:08
APTOS2019/train_images/train_images/d1fa0f744620.png,APTOS2019,left,2026-10-08T21:40:09
APTOS2019/train_images/train_images/d1fb4efb117c.png,APTOS2019,left,2026-10-08T21:40:09
APTOS2019/train_images/train_images/d25b8a8ad3c4.png,APTOS2019,right,2026-10-08T21:40:11
APTOS2019/train_images/train_images/d264396d8d1a.png,APTOS2019,right,2026-10-08T21:40:11
APTOS2019/train_images/train_images/d26bb2ed6e71.png,APTOS2019,right,2026-10-08T21:40:12
APTOS2019/train_images/train_images/d26bc6e1230d.png,APTOS2019,right,2026-10-08T21:40:12
APTOS2019/train_images/train_images/d271d3a2b552.png,APTOS2019,right,2026-10-08T21:40:13
APTOS2019/train_images/train_images/d27ac9e54901.png,APTOS2019,left,2026-10-08T21:40:14
APTOS2019/train_images/train_images/d28bd830c171.png,APTOS2019,left,2026-10-08T21:40:15
APTOS2019/train_images/train_images/d2901144070c.png,APTOS2019,right,2026-10-08T21:40:16
APTOS2019/train_images/train_images/d29096bd94aa.png,APTOS2019,left,2026-10-08T21:40:17
APTOS2019/train_images/train_images/d29b37d110f3.png,APTOS2019,left,2026-10-08T21:40:18
APTOS2019/train_images/train_images/d2afca74cbc3.png,APTOS2019,right,2026-10-08T21:40:19
APTOS2019/train_images/train_images/d2c2f02bb313.png,APTOS2019,left,2026-10-08T21:40:23
APTOS2019/train_images/train_images/d2c5fb82fe5f.png,APTOS2019,left,2026-10-08T21:40:24
APTOS2019/train_images/train_images/d2c6b99ef62c.png,APTOS2019,left,2026-10-08T21:40:24
APTOS2019/train_images/train_images/d2cd47ed2c1d.png,APTOS2019,left,2026-10-08T21:40:25
APTOS2019/train_images/train_images/d2d523e9f669.png,APTOS2019,left,2026-10-08T21:40:25
APTOS2019/train_images/train_images/d2dc86021c67.png,APTOS2019,left,2026-10-08T21:40:26
APTOS2019/train_images/train_images/d2fb715b0c41.png,APTOS2019,right,2026-10-08T21:40:27
APTOS2019/train_images/train_images/d2ffe9287dc7.png,APTOS2019,right,2026-10-08T21:40:28
APTOS2019/train_images/train_images/d30d079e6f9a.png,APTOS2019,right,2026-10-08T21:40:28
APTOS2019/train_images/train_images/d332d7b8a26e.png,APTOS2019,left,2026-10-08T21:40:30
APTOS2019/train_images/train_images/d364423ec6f9.png,APTOS2019,left,2026-10-08T21:40:30
APTOS2019/train_images/train_images/d38cf0f4a9af.png,APTOS2019,left,2026-10-08T21:40:31
APTOS2019/train_images/train_images/d39752cb6e57.png,APTOS2019,right,2026-10-08T21:40:32
APTOS2019/train_images/train_images/d3be5346684b.png,APTOS2019,right,2026-10-08T21:40:32
APTOS2019/train_images/train_images/d3d578fe433f.png,APTOS2019,right,2026-10-08T21:40:33
APTOS2019/train_images/train_images/d3de0d313d61.png,APTOS2019,right,2026-10-08T21:40:34
APTOS2019/train_images/train_images/d3dfd0a2dee6.png,APTOS2019,right,2026-10-08T21:40:34
APTOS2019/train_images/train_images/d3e56584a481.png,APTOS2019,left,2026-10-08T21:40:36
APTOS2019/train_images/train_images/d3e884109b45.png,APTOS2019,left,2026-10-08T21:40:36
APTOS2019/train_images/train_images/d41b33fcb94f.png,APTOS2019,left,2026-10-08T21:40:37
APTOS2019/train_images/train_images/d436c06f0490.png,APTOS2019,right,2026-10-08T21:40:38
APTOS2019/train_images/train_images/d4583e9525dc.png,APTOS2019,right,2026-10-08T21:40:40
APTOS2019/train_images/train_images/d473f6fafba0.png,APTOS2019,right,2026-10-08T21:40:41
APTOS2019/train_images/train_images/d48178e4a49b.png,APTOS2019,right,2026-10-08T21:40:42
APTOS2019/train_images/train_images/d4bc001f7224.png,APTOS2019,left,2026-10-08T21:40:43
APTOS2019/train_images/train_images/d4be0403e6ab.png,APTOS2019,left,2026-10-08T21:40:44
APTOS2019/train_images/train_images/d4f32b9c07df.png,APTOS2019,right,2026-10-08T21:40:45
APTOS2019/train_images/train_images/d516f77d4516.png,APTOS2019,right,2026-10-08T21:40:45
APTOS2019/train_images/train_images/d51b3fe0fa1b.png,APTOS2019,right,2026-10-08T21:40:46
APTOS2019/train_images/train_images/d51c2153d151.png,APTOS2019,right,2026-10-08T21:40:47
APTOS2019/train_images/train_images/d51e5d7484ea.png,APTOS2019,right,2026-10-08T21:40:48
APTOS2019/train_images/train_images/d567a1a22d33.png,APTOS2019,left,2026-10-08T21:40:49
APTOS2019/train_images/train_images/d56d32a1d62d.png,APTOS2019,right,2026-10-08T21:40:50
APTOS2019/train_images/train_images/d57d1be1bbd1.png,APTOS2019,left,2026-10-08T21:40:51
APTOS2019/train_images/train_images/d5a39339ff3d.png,APTOS2019,right,2026-10-08T21:40:52
APTOS2019/train_images/train_images/d5ad3362424c.png,APTOS2019,left,2026-10-08T21:40:53
APTOS2019/train_images/train_images/d5b4705ac2ee.png,APTOS2019,right,2026-10-08T21:40:54
APTOS2019/train_images/train_images/d5c63a8d9e94.png,APTOS2019,left,2026-10-08T21:40:55
APTOS2019/train_images/train_images/d6130f2ec903.png,APTOS2019,left,2026-10-08T21:40:55
APTOS2019/train_images/train_images/d6228d951958.png,APTOS2019,left,2026-10-08T21:40:56
APTOS2019/train_images/train_images/d6283ded6aea.png,APTOS2019,left,2026-10-08T21:40:57
APTOS2019/train_images/train_images/d659d7fd5ccf.png,APTOS2019,left,2026-10-08T21:40:58
APTOS2019/train_images/train_images/d667af5742f6.png,APTOS2019,left,2026-10-08T21:40:58
APTOS2019/train_images/train_images/d66b6f333dc7.png,APTOS2019,right,2026-10-08T21:40:59
APTOS2019/train_images/train_images/d66ccb75ada1.png,APTOS2019,left,2026-10-08T21:41:00
APTOS2019/train_images/train_images/d67374d3fa2a.png,APTOS2019,left,2026-10-08T21:41:01
APTOS2019/train_images/train_images/d6803e467592.png,APTOS2019,left,2026-10-08T21:41:02
APTOS2019/train_images/train_images/d69698f838db.png,APTOS2019,right,2026-10-08T21:41:04
APTOS2019/train_images/train_images/d6b109c82067.png,APTOS2019,right,2026-10-08T21:41:05
APTOS2019/train_images/train_images/d6dbb0820ea5.png,APTOS2019,right,2026-10-08T21:41:05
APTOS2019/train_images/train_images/d6df4fe492ec.png,APTOS2019,right,2026-10-08T21:41:06
APTOS2019/train_images/train_images/d6e26fe51dce.png,APTOS2019,left,2026-10-08T21:41:07
APTOS2019/train_images/train_images/d6f36ec5564a.png,APTOS2019,left,2026-10-08T21:41:08
APTOS2019/train_images/train_images/d6f6bdfd8011.png,APTOS2019,right,2026-10-08T21:41:09
APTOS2019/train_images/train_images/d7078e8b0349.png,APTOS2019,left,2026-10-08T21:41:10
APTOS2019/train_images/train_images/d74ccc796517.png,APTOS2019,left,2026-10-08T21:41:11
APTOS2019/train_images/train_images/d774692d9919.png,APTOS2019,right,2026-10-08T21:41:12
APTOS2019/train_images/train_images/d78b7401096f.png,APTOS2019,right,2026-10-08T21:41:12
APTOS2019/train_images/train_images/d7a01fca9838.png,APTOS2019,right,2026-10-08T21:41:13
APTOS2019/train_images/train_images/d7ab5c040294.png,APTOS2019,left,2026-10-08T21:41:14
APTOS2019/train_images/train_images/d7ac4a0c9760.png,APTOS2019,left,2026-10-08T21:41:14
APTOS2019/train_images/train_images/d7bc00091cfc.png,APTOS2019,right,2026-10-08T21:41:15
APTOS2019/train_images/train_images/d7bc62d60e8c.png,APTOS2019,right,2026-10-08T21:41:16
APTOS2019/train_images/train_images/d7e5fe5245e0.png,APTOS2019,left,2026-10-08T21:41:17
APTOS2019/train_images/train_images/d801c0a66738.png,APTOS2019,left,2026-10-08T21:41:17
APTOS2019/train_images/train_images/d803598dabda.png,APTOS2019,right,2026-10-08T21:41:18
APTOS2019/train_images/train_images/d807c53c1399.png,APTOS2019,right,2026-10-08T21:41:19
APTOS2019/train_images/train_images/d81338217fc5.png,APTOS2019,left,2026-10-08T21:41:20
APTOS2019/train_images/train_images/d81b6ed83bc2.png,APTOS2019,right,2026-10-08T21:41:21
APTOS2019/train_images/train_images/d838d5b9f571.png,APTOS2019,left,2026-10-08T21:41:22
APTOS2019/train_images/train_images/d83c3efade75.png,APTOS2019,right,2026-10-08T21:41:23
APTOS2019/train_images/train_images/d83d0695e215.png,APTOS2019,left,2026-10-08T21:41:24
APTOS2019/train_images/train_images/d8404680bba6.png,APTOS2019,right,2026-10-08T21:41:25
APTOS2019/train_images/train_images/d844a7252f4e.png,APTOS2019,left,2026-10-08T21:41:38
APTOS2019/train_images/train_images/d85588ff2ebd.png,APTOS2019,left,2026-10-08T21:41:39
APTOS2019/train_images/train_images/d85a842d20bd.png,APTOS2019,left,2026-10-08T21:41:41
APTOS2019/train_images/train_images/d85d052900b4.png,APTOS2019,right,2026-10-08T21:41:44
APTOS2019/train_images/train_images/d85ea1220a03.png,APTOS2019,left,2026-10-08T21:41:45
APTOS2019/train_images/train_images/d865997a6280.png,APTOS2019,right,2026-10-08T21:41:45
APTOS2019/train_images/train_images/d866c26d76f0.png,APTOS2019,left,2026-10-08T21:41:46
APTOS2019/train_images/train_images/d868acdccb5b.png,APTOS2019,left,2026-10-08T21:41:49
APTOS2019/train_images/train_images/d871895742b1.png,APTOS2019,right,2026-10-08T21:41:51
APTOS2019/train_images/train_images/d881c04f01fe.png,APTOS2019,left,2026-10-08T21:41:53
APTOS2019/train_images/train_images/d88806d9ece9.png,APTOS2019,right,2026-10-08T21:41:55
APTOS2019/train_images/train_images/d88c4843aec3.png,APTOS2019,right,2026-10-08T21:41:59
APTOS2019/train_images/train_images/d8cdb7d7283a.png,APTOS2019,right,2026-10-08T21:42:00
APTOS2019/train_images/train_images/d8da9de62743.png,APTOS2019,right,2026-10-08T21:42:00
APTOS2019/train_images/train_images/d911dd40c63b.png,APTOS2019,left,2026-10-08T21:42:02
APTOS2019/train_images/train_images/d91273efb92a.png,APTOS2019,left,2026-10-08T21:42:02
APTOS2019/train_images/train_images/d91635f380b4.png,APTOS2019,left,2026-10-08T21:42:03
APTOS2019/train_images/train_images/d9311f7497cb.png,APTOS2019,left,2026-10-08T21:42:04
APTOS2019/train_images/train_images/d93b61dc8f64.png,APTOS2019,right,2026-10-08T21:42:05
APTOS2019/train_images/train_images/d94e10f42861.png,APTOS2019,left,2026-10-08T21:42:06
APTOS2019/train_images/train_images/d952dbfb0fe4.png,APTOS2019,right,2026-10-08T21:42:07
APTOS2019/train_images/train_images/d95959798b57.png,APTOS2019,left,2026-10-08T21:42:09
APTOS2019/train_images/train_images/d968a983d4d2.png,APTOS2019,left,2026-10-08T21:42:09
APTOS2019/train_images/train_images/d97911a32918.png,APTOS2019,right,2026-10-08T21:42:10
APTOS2019/train_images/train_images/d990a3f0cbdb.png,APTOS2019,left,2026-10-08T21:42:12
APTOS2019/train_images/train_images/d994203deb64.png,APTOS2019,left,2026-10-08T21:42:13
APTOS2019/train_images/train_images/d99b0f7dd9b9.png,APTOS2019,left,2026-10-08T21:42:14
APTOS2019/train_images/train_images/d99dd99be001.png,APTOS2019,right,2026-10-08T21:42:15
APTOS2019/train_images/train_images/d9a475dfe59a.png,APTOS2019,left,2026-10-08T21:42:16
APTOS2019/train_images/train_images/d9ad2a0ec026.png,APTOS2019,right,2026-10-08T21:42:17
APTOS2019/train_images/train_images/d9ba044671e1.png,APTOS2019,right,2026-10-08T21:42:18
APTOS2019/train_images/train_images/d9bbdc33db83.png,APTOS2019,left,2026-10-08T21:42:25
APTOS2019/train_images/train_images/d9c9b9786da3.png,APTOS2019,right,2026-10-08T21:42:26
APTOS2019/train_images/train_images/d9d2631f043c.png,APTOS2019,left,2026-10-08T21:42:28
APTOS2019/train_images/train_images/d9e58e4d8689.png,APTOS2019,right,2026-10-08T21:42:29
APTOS2019/train_images/train_images/da0a1043abf7.png,APTOS2019,right,2026-10-08T21:42:29
APTOS2019/train_images/train_images/da0a83f074f3.png,APTOS2019,right,2026-10-08T21:42:30
APTOS2019/train_images/train_images/da1fb35f5df9.png,APTOS2019,right,2026-10-08T21:42:31
APTOS2019/train_images/train_images/da2bdf4236ac.png,APTOS2019,left,2026-10-08T21:42:32
APTOS2019/train_images/train_images/da3a2275c850.png,APTOS2019,right,2026-10-08T21:42:53
APTOS2019/train_images/train_images/da44f80b422b.png,APTOS2019,left,2026-10-08T21:42:54
APTOS2019/train_images/train_images/da6389d129aa.png,APTOS2019,right,2026-10-08T21:42:55
APTOS2019/train_images/train_images/da6bbb76d562.png,APTOS2019,left,2026-10-08T21:42:57
APTOS2019/train_images/train_images/da8900ac7f29.png,APTOS2019,left,2026-10-08T21:42:58
APTOS2019/train_images/train_images/da9262d9f5d9.png,APTOS2019,left,2026-10-08T21:42:58
APTOS2019/train_images/train_images/da949aa67a4f.png,APTOS2019,left,2026-10-08T21:42:59
APTOS2019/train_images/train_images/da9574d35b82.png,APTOS2019,right,2026-10-08T21:43:00
APTOS2019/train_images/train_images/da9fe02dead3.png,APTOS2019,right,2026-10-08T21:43:01
APTOS2019/train_images/train_images/daad7b617f21.png,APTOS2019,left,2026-10-08T21:43:02
APTOS2019/train_images/train_images/dad71ba27a9b.png,APTOS2019,left,2026-10-08T21:43:03
APTOS2019/train_images/train_images/daeaa5d8cf70.png,APTOS2019,left,2026-10-08T21:43:04
APTOS2019/train_images/train_images/daff5427c9b2.png,APTOS2019,right,2026-10-08T21:43:05
APTOS2019/train_images/train_images/db3cd58aa315.png,APTOS2019,right,2026-10-08T21:43:06
APTOS2019/train_images/train_images/db49cdf1ea64.png,APTOS2019,right,2026-10-08T21:43:06
APTOS2019/train_images/train_images/db4ed1e07aa3.png,APTOS2019,left,2026-10-08T21:43:07
APTOS2019/train_images/train_images/db52626d450c.png,APTOS2019,left,2026-10-08T21:43:08
APTOS2019/train_images/train_images/db6207e62c7b.png,APTOS2019,right,2026-10-08T21:43:09
APTOS2019/train_images/train_images/db690e2d02f8.png,APTOS2019,left,2026-10-08T21:43:10
APTOS2019/train_images/train_images/dbb2c63f6f08.png,APTOS2019,right,2026-10-08T21:43:12
APTOS2019/train_images/train_images/dbd062558b81.png,APTOS2019,right,2026-10-08T21:43:13
APTOS2019/train_images/train_images/dbee04ae6426.png,APTOS2019,left,2026-10-08T21:43:14
APTOS2019/train_images/train_images/dbfd238b3468.png,APTOS2019,right,2026-10-08T21:43:15
APTOS2019/train_images/train_images/dc0eea0b68a7.png,APTOS2019,left,2026-10-08T21:43:16
APTOS2019/train_images/train_images/dc0f6e5b489b.png,APTOS2019,right,2026-10-08T21:43:17
APTOS2019/train_images/train_images/dc3c0d8ee20b.png,APTOS2019,right,2026-10-08T21:43:18
APTOS2019/train_images/train_images/dc6fa1b38b83.png,APTOS2019,left,2026-10-08T21:43:19
APTOS2019/train_images/train_images/dcc6c0ad5cad.png,APTOS2019,right,2026-10-08T21:43:20
APTOS2019/train_images/train_images/dccdf750c962.png,APTOS2019,left,2026-10-08T21:43:22
APTOS2019/train_images/train_images/dce73d90c00c.png,APTOS2019,left,2026-10-08T21:43:22
APTOS2019/train_images/train_images/dcf109df1a2b.png,APTOS2019,left,2026-10-08T21:43:23
APTOS2019/train_images/train_images/dd02d60bef14.png,APTOS2019,left,2026-10-08T21:43:23
APTOS2019/train_images/train_images/dd110d2b8c21.png,APTOS2019,right,2026-10-08T21:43:25
APTOS2019/train_images/train_images/dd19428c3d29.png,APTOS2019,right,2026-10-08T21:43:25
APTOS2019/train_images/train_images/dd285d9e97fe.png,APTOS2019,right,2026-10-08T21:43:26
APTOS2019/train_images/train_images/dd3176bacfe2.png,APTOS2019,left,2026-10-08T21:43:27
APTOS2019/train_images/train_images/dd3dad6ca78f.png,APTOS2019,left,2026-10-08T21:43:28
APTOS2019/train_images/train_images/dd90c321d7bc.png,APTOS2019,left,2026-10-08T21:43:28
APTOS2019/train_images/train_images/ddb222ff7c1d.png,APTOS2019,right,2026-10-08T21:43:29
APTOS2019/train_images/train_images/dde43aa22ae6.png,APTOS2019,right,2026-10-08T21:43:30
APTOS2019/train_images/train_images/de16416220de.png,APTOS2019,left,2026-10-08T21:43:31
APTOS2019/train_images/train_images/de18071c36e6.png,APTOS2019,right,2026-10-08T21:43:32
APTOS2019/train_images/train_images/de2eb5c8aa83.png,APTOS2019,left,2026-10-08T21:43:33
APTOS2019/train_images/train_images/de38adaae009.png,APTOS2019,right,2026-10-08T21:43:35
APTOS2019/train_images/train_images/de4cdabbce6d.png,APTOS2019,right,2026-10-08T21:43:36
APTOS2019/train_images/train_images/de50dfa745f8.png,APTOS2019,left,2026-10-08T21:43:37
APTOS2019/train_images/train_images/de55ed25e0e8.png,APTOS2019,right,2026-10-08T21:43:38
APTOS2019/train_images/train_images/de57c9e9fa93.png,APTOS2019,left,2026-10-08T21:43:39
APTOS2019/train_images/train_images/de6210f88536.png,APTOS2019,right,2026-10-08T21:43:40
APTOS2019/train_images/train_images/de730033c683.png,APTOS2019,left,2026-10-08T21:43:41
APTOS2019/train_images/train_images/de778495a1cd.png,APTOS2019,right,2026-10-08T21:43:42
APTOS2019/train_images/train_images/dea7538bb91a.png,APTOS2019,right,2026-10-08T21:43:43
APTOS2019/train_images/train_images/dec5595e6154.png,APTOS2019,right,2026-10-08T21:43:44
APTOS2019/train_images/train_images/dee1031a76ae.png,APTOS2019,right,2026-10-08T21:43:45
APTOS2019/train_images/train_images/dee31065f8fe.png,APTOS2019,left,2026-10-08T21:43:46
APTOS2019/train_images/train_images/dee687c6e88a.png,APTOS2019,left,2026-10-08T21:43:46
APTOS2019/train_images/train_images/df0886f1e76b.png,APTOS2019,left,2026-10-08T21:43:47
APTOS2019/train_images/train_images/df3adfd6ba36.png,APTOS2019,right,2026-10-08T21:43:48
APTOS2019/train_images/train_images/df4913ca3712.png,APTOS2019,right,2026-10-08T21:43:49
APTOS2019/train_images/train_images/df4aec4a0eaf.png,APTOS2019,right,2026-10-08T21:43:49
APTOS2019/train_images/train_images/df5ce3ea7820.png,APTOS2019,right,2026-10-08T21:43:50
APTOS2019/train_images/train_images/df6d13d04da1.png,APTOS2019,right,2026-10-08T21:43:51
APTOS2019/train_images/train_images/df8365d6ac33.png,APTOS2019,right,2026-10-08T21:43:51
APTOS2019/train_images/train_images/df841a0440d8.png,APTOS2019,left,2026-10-08T21:43:52
APTOS2019/train_images/train_images/df84e7113003.png,APTOS2019,left,2026-10-08T21:43:53
APTOS2019/train_images/train_images/df9cb3729eb1.png,APTOS2019,left,2026-10-08T21:43:54
APTOS2019/train_images/train_images/dfc7ec7db0e0.png,APTOS2019,right,2026-10-08T21:43:55
APTOS2019/train_images/train_images/dfea19863428.png,APTOS2019,right,2026-10-08T21:43:55
APTOS2019/train_images/train_images/e019b3e0f33d.png,APTOS2019,right,2026-10-08T21:43:56
APTOS2019/train_images/train_images/e01b7bac822b.png,APTOS2019,right,2026-10-08T21:43:57
APTOS2019/train_images/train_images/e0313be77035.png,APTOS2019,right,2026-10-08T21:43:58
APTOS2019/train_images/train_images/e037643244b7.png,APTOS2019,left,2026-10-08T21:43:59
APTOS2019/train_images/train_images/e03a74e7d74f.png,APTOS2019,right,2026-10-08T21:44:00
APTOS2019/train_images/train_images/e03e70bc8bba.png,APTOS2019,right,2026-10-08T21:44:03
APTOS2019/train_images/train_images/e04f3c6619a3.png,APTOS2019,right,2026-10-08T21:44:03
APTOS2019/train_images/train_images/e067b06fd655.png,APTOS2019,left,2026-10-08T21:44:04
APTOS2019/train_images/train_images/e06cccc08c59.png,APTOS2019,left,2026-10-08T21:44:05
APTOS2019/train_images/train_images/e06d3d4733f0.png,APTOS2019,right,2026-10-08T21:44:06
APTOS2019/train_images/train_images/e07045d7c5f7.png,APTOS2019,right,2026-10-08T21:44:07
APTOS2019/train_images/train_images/e0863b353093.png,APTOS2019,right,2026-10-08T21:44:08
APTOS2019/train_images/train_images/e087bd4b88f2.png,APTOS2019,left,2026-10-08T21:44:09
APTOS2019/train_images/train_images/e0b5a982a018.png,APTOS2019,left,2026-10-08T21:44:10
APTOS2019/train_images/train_images/e0d229db881a.png,APTOS2019,right,2026-10-08T21:44:12
APTOS2019/train_images/train_images/e10190a9d52f.png,APTOS2019,right,2026-10-08T21:44:12
APTOS2019/train_images/train_images/e12b67835e03.png,APTOS2019,left,2026-10-08T21:44:13
APTOS2019/train_images/train_images/e12d41e7b221.png,APTOS2019,right,2026-10-08T21:44:15
APTOS2019/train_images/train_images/e12df54e0d1e.png,APTOS2019,right,2026-10-08T21:44:15
APTOS2019/train_images/train_images/e12f9f19d1be.png,APTOS2019,right,2026-10-08T21:44:16
APTOS2019/train_images/train_images/e13412678eff.png,APTOS2019,right,2026-10-08T21:44:17
APTOS2019/train_images/train_images/e135d7ba9a0e.png,APTOS2019,right,2026-10-08T21:44:17
APTOS2019/train_images/train_images/e1418d28d668.png,APTOS2019,left,2026-10-08T21:44:18
APTOS2019/train_images/train_images/e150935f66a6.png,APTOS2019,left,2026-10-08T21:44:20
APTOS2019/train_images/train_images/e160a3b19911.png,APTOS2019,right,2026-10-08T21:44:21
APTOS2019/train_images/train_images/e16af45285e5.png,APTOS2019,right,2026-10-08T21:44:21
APTOS2019/train_images/train_images/e16fc934069f.png,APTOS2019,left,2026-10-08T21:44:22
APTOS2019/train_images/train_images/e17507a4a1f5.png,APTOS2019,left,2026-10-08T21:44:23
APTOS2019/train_images/train_images/e1900014dabf.png,APTOS2019,left,2026-10-08T21:44:24
APTOS2019/train_images/train_images/e19936582c61.png,APTOS2019,right,2026-10-08T21:44:25
APTOS2019/train_images/train_images/e1ab92228e60.png,APTOS2019,right,2026-10-08T21:44:26
APTOS2019/train_images/train_images/e1b8acb1cea1.png,APTOS2019,left,2026-10-08T21:44:27
APTOS2019/train_images/train_images/e1c02f6c3362.png,APTOS2019,right,2026-10-08T21:44:28
APTOS2019/train_images/train_images/e1dc02a3dc2a.png,APTOS2019,right,2026-10-08T21:44:29
APTOS2019/train_images/train_images/e1e490773462.png,APTOS2019,right,2026-10-08T21:44:29
APTOS2019/train_images/train_images/e1fb532f55df.png,APTOS2019,left,2026-10-08T21:44:30
APTOS2019/train_images/train_images/e2161692a0b4.png,APTOS2019,right,2026-10-08T21:44:32
APTOS2019/train_images/train_images/e2265c383348.png,APTOS2019,right,2026-10-08T21:44:32
APTOS2019/train_images/train_images/e229aca862c7.png,APTOS2019,right,2026-10-08T21:44:33
APTOS2019/train_images/train_images/e23add229074.png,APTOS2019,right,2026-10-08T21:44:34
APTOS2019/train_images/train_images/e246cd89e1cc.png,APTOS2019,right,2026-10-08T21:44:35
APTOS2019/train_images/train_images/e251bdf05b85.png,APTOS2019,left,2026-10-08T21:44:37
APTOS2019/train_images/train_images/e25ccfe38e44.png,APTOS2019,right,2026-10-08T21:44:38
APTOS2019/train_images/train_images/e265c870f9b3.png,APTOS2019,left,2026-10-08T21:44:39
APTOS2019/train_images/train_images/e26bcae6c67b.png,APTOS2019,right,2026-10-08T21:44:40
APTOS2019/train_images/train_images/e26d8718ca58.png,APTOS2019,right,2026-10-08T21:44:41
APTOS2019/train_images/train_images/e2856afe62c5.png,APTOS2019,left,2026-10-08T21:44:42
APTOS2019/train_images/train_images/e29e54ff921e.png,APTOS2019,right,2026-10-08T21:44:43
APTOS2019/train_images/train_images/e2a233493b90.png,APTOS2019,left,2026-10-08T21:44:45
APTOS2019/train_images/train_images/e2a47a74e6e1.png,APTOS2019,right,2026-10-08T21:44:46
APTOS2019/train_images/train_images/e2c39ed0c941.png,APTOS2019,right,2026-10-08T21:44:47
APTOS2019/train_images/train_images/e2c3b037413b.png,APTOS2019,right,2026-10-08T21:44:47
APTOS2019/train_images/train_images/e2ec22b3d07e.png,APTOS2019,right,2026-10-08T21:44:48
APTOS2019/train_images/train_images/e30a890600e1.png,APTOS2019,left,2026-10-08T21:44:49
APTOS2019/train_images/train_images/e31c42a8652b.png,APTOS2019,right,2026-10-08T21:44:51
APTOS2019/train_images/train_images/e322acd46152.png,APTOS2019,right,2026-10-08T21:44:51
APTOS2019/train_images/train_images/e32a359be36d.png,APTOS2019,right,2026-10-08T21:44:52
APTOS2019/train_images/train_images/e32dc722eca5.png,APTOS2019,right,2026-10-08T21:44:58
APTOS2019/train_images/train_images/e33766353db2.png,APTOS2019,right,2026-10-08T21:44:59
APTOS2019/train_images/train_images/e34fa07bd64d.png,APTOS2019,right,2026-10-08T21:45:00
APTOS2019/train_images/train_images/e387311a840e.png,APTOS2019,right,2026-10-08T21:45:01
APTOS2019/train_images/train_images/e38f3a65b02b.png,APTOS2019,left,2026-10-08T21:45:02
APTOS2019/train_images/train_images/e39b627cf648.png,APTOS2019,right,2026-10-08T21:45:03
APTOS2019/train_images/train_images/e3a7671f787b.png,APTOS2019,right,2026-10-08T21:45:04
APTOS2019/train_images/train_images/e3ab63dc9a60.png,APTOS2019,right,2026-10-08T21:45:05
APTOS2019/train_images/train_images/e3b47ed5b511.png,APTOS2019,left,2026-10-08T21:45:06
APTOS2019/train_images/train_images/e3cd96cb094c.png,APTOS2019,right,2026-10-08T21:45:08
APTOS2019/train_images/train_images/e3e490babc0c.png,APTOS2019,right,2026-10-08T21:45:08
APTOS2019/train_images/train_images/e3ec668f6fad.png,APTOS2019,right,2026-10-08T21:45:14
APTOS2019/train_images/train_images/e4151feb8443.png,APTOS2019,right,2026-10-08T21:45:15
APTOS2019/train_images/train_images/e4210e7fe587.png,APTOS2019,left,2026-10-08T21:45:17
APTOS2019/train_images/train_images/e42d9a94a66d.png,APTOS2019,right,2026-10-08T21:45:19
APTOS2019/train_images/train_images/e4730ddde408.png,APTOS2019,right,2026-10-08T21:45:20
APTOS2019/train_images/train_images/e47452069ea1.png,APTOS2019,right,2026-10-08T21:45:21
APTOS2019/train_images/train_images/e47770a2e5d1.png,APTOS2019,right,2026-10-08T21:45:22
APTOS2019/train_images/train_images/e499434242cc.png,APTOS2019,left,2026-10-08T21:45:23
APTOS2019/train_images/train_images/e4a44f9158dc.png,APTOS2019,right,2026-10-08T21:45:24
APTOS2019/train_images/train_images/e4ae1ee6aada.png,APTOS2019,left,2026-10-08T21:45:25
APTOS2019/train_images/train_images/e4b0df29b96f.png,APTOS2019,left,2026-10-08T21:45:26
APTOS2019/train_images/train_images/e4c799738a19.png,APTOS2019,right,2026-10-08T21:45:27
APTOS2019/train_images/train_images/e4d3d437b0a8.png,APTOS2019,right,2026-10-08T21:45:28
APTOS2019/val_images/val_images/000c1434d8d7.png,APTOS2019,right,2026-10-08T21:45:29
APTOS2019/val_images/val_images/001639a390f0.png,APTOS2019,right,2026-10-08T21:45:30
APTOS2019/val_images/val_images/0024cdab0c1e.png,APTOS2019,left,2026-10-08T21:45:31
APTOS2019/val_images/val_images/002c21358ce6.png,APTOS2019,left,2026-10-08T21:45:31
APTOS2019/val_images/val_images/005b95c28852.png,APTOS2019,left,2026-10-08T21:45:32
APTOS2019/val_images/val_images/0083ee8054ee.png,APTOS2019,right,2026-10-08T21:45:33
APTOS2019/val_images/val_images/0097f532ac9f.png,APTOS2019,right,2026-10-08T21:45:34
APTOS2019/val_images/val_images/00a8624548a9.png,APTOS2019,left,2026-10-08T21:45:58
APTOS2019/val_images/val_images/00b74780d31d.png,APTOS2019,left,2026-10-08T21:45:59
APTOS2019/val_images/val_images/00cb6555d108.png,APTOS2019,left,2026-10-08T21:46:00
APTOS2019/val_images/val_images/00cc2b75cddd.png,APTOS2019,left,2026-10-08T21:46:00
APTOS2019/val_images/val_images/00e4ddff966a.png,APTOS2019,right,2026-10-08T21:46:01
APTOS2019/val_images/val_images/00f6c1be5a33.png,APTOS2019,left,2026-10-08T21:46:03
APTOS2019/val_images/val_images/0104b032c141.png,APTOS2019,left,2026-10-08T21:46:03
APTOS2019/val_images/val_images/0124dffecf29.png,APTOS2019,left,2026-10-08T21:46:04
APTOS2019/val_images/val_images/0125fbd2e791.png,APTOS2019,left,2026-10-08T21:46:05
APTOS2019/val_images/val_images/012a242ac6ff.png,APTOS2019,right,2026-10-08T21:46:06
APTOS2019/val_images/val_images/014508ccb9cb.png,APTOS2019,left,2026-10-08T21:46:07
APTOS2019/val_images/val_images/0151781fe50b.png,APTOS2019,left,2026-10-08T21:46:07
APTOS2019/val_images/val_images/0161338f53cc.png,APTOS2019,right,2026-10-08T21:46:09
APTOS2019/val_images/val_images/0180bfa26c0b.png,APTOS2019,right,2026-10-08T21:46:22
APTOS2019/val_images/val_images/0182152c50de.png,APTOS2019,right,2026-10-08T21:46:23
APTOS2019/val_images/val_images/01b3aed3ed4c.png,APTOS2019,left,2026-10-08T21:46:24
APTOS2019/val_images/val_images/01c7808d901d.png,APTOS2019,left,2026-10-08T21:46:25
APTOS2019/val_images/val_images/01d9477b1171.png,APTOS2019,right,2026-10-08T21:46:26
APTOS2019/val_images/val_images/01eb826f6467.png,APTOS2019,right,2026-10-08T21:46:27
APTOS2019/val_images/val_images/01f7bb8be950.png,APTOS2019,right,2026-10-08T21:46:27
APTOS2019/val_images/val_images/0212dd31f623.png,APTOS2019,left,2026-10-08T21:46:28
APTOS2019/val_images/val_images/022f820027b8.png,APTOS2019,left,2026-10-08T21:46:29
APTOS2019/val_images/val_images/0231642cf1c2.png,APTOS2019,left,2026-10-08T21:46:30
APTOS2019/val_images/val_images/0232dfea7547.png,APTOS2019,left,2026-10-08T21:46:30
APTOS2019/val_images/val_images/02358b47ea89.png,APTOS2019,left,2026-10-08T21:46:31
APTOS2019/val_images/val_images/0243404e8a00.png,APTOS2019,left,2026-10-08T21:46:32
APTOS2019/val_images/val_images/025a169a0bb0.png,APTOS2019,left,2026-10-08T21:46:32
APTOS2019/val_images/val_images/02685f13cefd.png,APTOS2019,left,2026-10-08T21:46:33
APTOS2019/val_images/val_images/026dcd9af143.png,APTOS2019,left,2026-10-08T21:46:34
APTOS2019/val_images/val_images/02cd34a85b24.png,APTOS2019,right,2026-10-08T21:46:35
APTOS2019/val_images/val_images/02da652c74b8.png,APTOS2019,left,2026-10-08T21:46:36
APTOS2019/val_images/val_images/02dda30d3acf.png,APTOS2019,right,2026-10-08T21:46:37
APTOS2019/val_images/val_images/0304bedad8fe.png,APTOS2019,left,2026-10-08T21:46:38
APTOS2019/val_images/val_images/0318598cfd16.png,APTOS2019,left,2026-10-08T21:46:39
APTOS2019/val_images/val_images/032d7b0b4bf6.png,APTOS2019,left,2026-10-08T21:46:39
APTOS2019/val_images/val_images/033f2b43de6d.png,APTOS2019,left,2026-10-08T21:46:40
APTOS2019/val_images/val_images/034cb07a550f.png,APTOS2019,left,2026-10-08T21:46:41
APTOS2019/val_images/val_images/03676c71ed1b.png,APTOS2019,left,2026-10-08T21:46:41
APTOS2019/val_images/val_images/0369f3efe69b.png,APTOS2019,right,2026-10-08T21:46:43
APTOS2019/val_images/val_images/03747397839f.png,APTOS2019,left,2026-10-08T21:46:46
APTOS2019/val_images/val_images/03a7f4a5786f.png,APTOS2019,right,2026-10-08T21:46:47
APTOS2019/val_images/val_images/03b373718013.png,APTOS2019,right,2026-10-08T21:46:48
APTOS2019/val_images/val_images/03c85870824c.png,APTOS2019,left,2026-10-08T21:46:50
APTOS2019/val_images/val_images/03e25101e8e8.png,APTOS2019,right,2026-10-08T21:46:51
APTOS2019/val_images/val_images/03fd50da928d.png,APTOS2019,left,2026-10-08T21:46:53
APTOS2019/val_images/val_images/03ff7d159f10.png,APTOS2019,left,2026-10-08T21:46:53
APTOS2019/val_images/val_images/0415fc68b176.png,APTOS2019,left,2026-10-08T21:46:54
APTOS2019/val_images/val_images/041f09eec1e8.png,APTOS2019,right,2026-10-08T21:46:56
APTOS2019/val_images/val_images/0423237770a7.png,APTOS2019,right,2026-10-08T21:46:56
APTOS2019/val_images/val_images/042470a92154.png,APTOS2019,right,2026-10-08T21:46:57
APTOS2019/val_images/val_images/04579e31e4be.png,APTOS2019,left,2026-10-08T21:46:58
APTOS2019/val_images/val_images/04a6fc58dabc.png,APTOS2019,right,2026-10-08T21:46:59
APTOS2019/val_images/val_images/04ac765f91a1.png,APTOS2019,right,2026-10-08T21:46:59
APTOS2019/val_images/val_images/04aef84a2cc1.png,APTOS2019,left,2026-10-08T21:47:01
APTOS2019/val_images/val_images/04d029cfb612.png,APTOS2019,right,2026-10-08T21:47:02
APTOS2019/val_images/val_images/04efb1a284cc.png,APTOS2019,right,2026-10-08T21:47:02
APTOS2019/val_images/val_images/050bb1eafa76.png,APTOS2019,right,2026-10-08T21:47:03
APTOS2019/val_images/val_images/05113073b268.png,APTOS2019,right,2026-10-08T21:47:04
APTOS2019/val_images/val_images/05195a3db5e2.png,APTOS2019,left,2026-10-08T21:47:07
APTOS2019/val_images/val_images/0519b934f6b1.png,APTOS2019,right,2026-10-08T21:47:08
APTOS2019/val_images/val_images/052d9a3fe55a.png,APTOS2019,left,2026-10-08T21:47:10
APTOS2019/val_images/val_images/05339950962e.png,APTOS2019,left,2026-10-08T21:47:11
APTOS2019/val_images/val_images/054b1b305160.png,APTOS2019,right,2026-10-08T21:47:12
APTOS2019/val_images/val_images/0551676cc2aa.png,APTOS2019,right,2026-10-08T21:47:12
APTOS2019/val_images/val_images/059bc89df7f4.png,APTOS2019,left,2026-10-08T21:47:14
APTOS2019/val_images/val_images/05a5183c92d0.png,APTOS2019,left,2026-10-08T21:47:15
APTOS2019/val_images/val_images/05b1bb2bdb81.png,APTOS2019,left,2026-10-08T21:47:16
APTOS2019/val_images/val_images/05cd0178ccfe.png,APTOS2019,left,2026-10-08T21:47:17
APTOS2019/val_images/val_images/05e9126dfa5c.png,APTOS2019,left,2026-10-08T21:47:17
APTOS2019/val_images/val_images/06024377d573.png,APTOS2019,left,2026-10-08T22:08:39
APTOS2019/val_images/val_images/060e00d1e2ab.png,APTOS2019,right,2026-10-08T22:08:41
APTOS2019/val_images/val_images/064af6592ba6.png,APTOS2019,left,2026-10-08T22:08:42
APTOS2019/val_images/val_images/06586082a24d.png,APTOS2019,left,2026-10-08T22:08:42
APTOS2019/val_images/val_images/0684311afdfc.png,APTOS2019,left,2026-10-08T22:08:43
APTOS2019/val_images/val_images/069f43616fab.png,APTOS2019,left,2026-10-08T22:08:44
APTOS2019/val_images/val_images/06b71823f9cd.png,APTOS2019,left,2026-10-08T22:08:44
APTOS2019/val_images/val_images/06be1092a062.png,APTOS2019,right,2026-10-08T22:08:45
APTOS2019/val_images/val_images/07083738b75e.png,APTOS2019,right,2026-10-08T22:08:46
APTOS2019/val_images/val_images/0709652336e2.png,APTOS2019,right,2026-10-08T22:08:47
APTOS2019/val_images/val_images/070d4ce5fd90.png,APTOS2019,right,2026-10-08T22:08:48
APTOS2019/val_images/val_images/070f67572d03.png,APTOS2019,left,2026-10-08T22:08:49
APTOS2019/val_images/val_images/07122e268a1d.png,APTOS2019,left,2026-10-08T22:08:50
APTOS2019/val_images/val_images/071435a218ec.png,APTOS2019,right,2026-10-08T22:08:51
APTOS2019/val_images/val_images/07419eddd6be.png,APTOS2019,left,2026-10-08T22:08:52
APTOS2019/val_images/val_images/07596907347b.png,APTOS2019,right,2026-10-08T22:08:53
APTOS2019/val_images/val_images/0773a1c326ad.png,APTOS2019,left,2026-10-08T22:08:54
APTOS2019/val_images/val_images/07751b94a88a.png,APTOS2019,left,2026-10-08T22:08:55
APTOS2019/val_images/val_images/0790515cf5af.png,APTOS2019,left,2026-10-08T22:08:55
APTOS2019/val_images/val_images/07929d32b5b3.png,APTOS2019,left,2026-10-08T22:10:56
APTOS2019/val_images/val_images/07a0be6b347f.png,APTOS2019,right,2026-10-08T22:10:58
APTOS2019/val_images/val_images/07a0e34c8d20.png,APTOS2019,left,2026-10-08T22:10:59
APTOS2019/val_images/val_images/07a1c7073982.png,APTOS2019,left,2026-10-08T22:11:04
APTOS2019/val_images/val_images/07a2b8cabf6b.png,APTOS2019,right,2026-10-08T22:11:05
APTOS2019/val_images/val_images/07a3be30563b.png,APTOS2019,left,2026-10-08T22:11:07
APTOS2019/val_images/val_images/07d8db76b301.png,APTOS2019,right,2026-10-08T22:11:08
APTOS2019/val_images/val_images/07e827469099.png,APTOS2019,right,2026-10-08T22:11:09
APTOS2019/val_images/val_images/07f5d7baf907.png,APTOS2019,right,2026-10-08T22:11:09
APTOS2019/val_images/val_images/08037e4490e5.png,APTOS2019,right,2026-10-08T22:11:10
APTOS2019/val_images/val_images/080ee76c958c.png,APTOS2019,right,2026-10-08T22:11:10
APTOS2019/val_images/val_images/080f66eedfb9.png,APTOS2019,left,2026-10-08T22:11:12
APTOS2019/val_images/val_images/084c02cf077f.png,APTOS2019,left,2026-10-08T22:11:12
APTOS2019/val_images/val_images/0851d6a69589.png,APTOS2019,left,2026-10-08T22:11:13
APTOS2019/val_images/val_images/086d41d17da8.png,APTOS2019,right,2026-10-08T22:11:14
APTOS2019/val_images/val_images/08752092140d.png,APTOS2019,right,2026-10-08T22:11:15
APTOS2019/val_images/val_images/08a3875063c3.png,APTOS2019,right,2026-10-08T22:11:15
APTOS2019/val_images/val_images/08b6e3240858.png,APTOS2019,right,2026-10-08T22:11:16
APTOS2019/val_images/val_images/08bef347f40d.png,APTOS2019,right,2026-10-08T22:11:17
APTOS2019/val_images/val_images/08c17a2d95b7.png,APTOS2019,right,2026-10-08T22:11:18
APTOS2019/val_images/val_images/08c60c647673.png,APTOS2019,right,2026-10-08T22:11:19
APTOS2019/val_images/val_images/08ee569d4721.png,APTOS2019,left,2026-10-08T22:11:20
APTOS2019/val_images/val_images/08f8838d69bb.png,APTOS2019,right,2026-10-08T22:11:21
APTOS2019/val_images/val_images/09237bf783a4.png,APTOS2019,left,2026-10-08T22:11:22
APTOS2019/val_images/val_images/0924cec998fa.png,APTOS2019,left,2026-10-08T22:11:23
APTOS2019/val_images/val_images/093a42649c29.png,APTOS2019,left,2026-10-08T22:11:23
APTOS2019/val_images/val_images/093cf723fede.png,APTOS2019,right,2026-10-08T22:11:25
APTOS2019/val_images/val_images/094858f005ab.png,APTOS2019,left,2026-10-08T22:11:26
APTOS2019/val_images/val_images/0953c0ac1735.png,APTOS2019,right,2026-10-08T22:11:27
APTOS2019/val_images/val_images/096436d68d06.png,APTOS2019,right,2026-10-08T22:11:28
APTOS2019/val_images/val_images/09662e462531.png,APTOS2019,left,2026-10-08T22:11:29
APTOS2019/val_images/val_images/0981195eb9fb.png,APTOS2019,left,2026-10-08T22:11:29
APTOS2019/val_images/val_images/099021fac3c9.png,APTOS2019,right,2026-10-08T22:11:30
APTOS2019/val_images/val_images/09934421c79e.png,APTOS2019,right,2026-10-08T22:11:31
APTOS2019/val_images/val_images/09935d72892b.png,APTOS2019,right,2026-10-08T22:11:32
APTOS2019/val_images/val_images/09c8323c612e.png,APTOS2019,left,2026-10-08T22:11:33
APTOS2019/val_images/val_images/09eeafa9656a.png,APTOS2019,left,2026-10-08T22:11:33
APTOS2019/val_images/val_images/09f1111a388a.png,APTOS2019,left,2026-10-08T22:11:34
APTOS2019/val_images/val_images/09f6ab477654.png,APTOS2019,right,2026-10-08T22:11:35
APTOS2019/val_images/val_images/0a09aa7356c0.png,APTOS2019,right,2026-10-08T22:11:36
APTOS2019/val_images/val_images/0a1076183736.png,APTOS2019,right,2026-10-08T22:11:36
APTOS2019/val_images/val_images/0a3202889f4d.png,APTOS2019,left,2026-10-08T22:11:38
APTOS2019/val_images/val_images/0a38b552372d.png,APTOS2019,right,2026-10-08T22:11:38
APTOS2019/val_images/val_images/0a4e1a29ffff.png,APTOS2019,right,2026-10-08T22:11:39
APTOS2019/val_images/val_images/0a61bddab956.png,APTOS2019,left,2026-10-08T22:11:40
APTOS2019/val_images/val_images/0a74c92e287c.png,APTOS2019,left,2026-10-08T22:11:41
APTOS2019/val_images/val_images/0a85a1e8f9e9.png,APTOS2019,left,2026-10-08T22:11:41
APTOS2019/val_images/val_images/0a902c80d5da.png,APTOS2019,right,2026-10-08T22:11:42
APTOS2019/val_images/val_images/0a9ec1e99ce4.png,APTOS2019,left,2026-10-08T22:11:43
APTOS2019/val_images/val_images/0abf0c485f66.png,APTOS2019,right,2026-10-08T22:11:44
APTOS2019/val_images/val_images/0ac436400db4.png,APTOS2019,left,2026-10-08T22:11:45
APTOS2019/val_images/val_images/0ad7f631dedb.png,APTOS2019,right,2026-10-08T22:11:46
APTOS2019/val_images/val_images/0ada12c0e78f.png,APTOS2019,left,2026-10-08T22:11:48
APTOS2019/val_images/val_images/0ae2dd2e09ea.png,APTOS2019,right,2026-10-08T22:11:49
APTOS2019/val_images/val_images/0af296d2f04a.png,APTOS2019,right,2026-10-08T22:11:50
APTOS2019/val_images/val_images/0afbeeef0ff7.png,APTOS2019,left,2026-10-08T22:11:50
APTOS2019/val_images/val_images/0afdfe5f422c.png,APTOS2019,left,2026-10-08T22:11:51
APTOS2019/val_images/val_images/0b00f8a77510.png,APTOS2019,right,2026-10-08T22:11:52
APTOS2019/val_images/val_images/0b2ea8f268cf.png,APTOS2019,right,2026-10-08T22:11:53
APTOS2019/val_images/val_images/0b3efe669365.png,APTOS2019,right,2026-10-08T22:11:54
APTOS2019/val_images/val_images/0b64a0a06f9a.png,APTOS2019,right,2026-10-08T22:11:55
APTOS2019/val_images/val_images/0b8bdec9d869.png,APTOS2019,left,2026-10-08T22:11:56
APTOS2019/val_images/val_images/0babc12807b2.png,APTOS2019,left,2026-10-08T22:11:56
APTOS2019/val_images/val_images/0bf37ca3156a.png,APTOS2019,left,2026-10-08T22:11:57
APTOS2019/val_images/val_images/0c2e2369dfff.png,APTOS2019,right,2026-10-08T22:11:58
APTOS2019/val_images/val_images/0c38940e1f80.png,APTOS2019,left,2026-10-08T22:11:59
APTOS2019/val_images/val_images/0c43c79e8cfb.png,APTOS2019,right,2026-10-08T22:12:00
APTOS2019/val_images/val_images/0c55d58bebaf.png,APTOS2019,right,2026-10-08T22:12:01
APTOS2019/val_images/val_images/0c76fd494af6.png,APTOS2019,left,2026-10-08T22:12:02
APTOS2019/val_images/val_images/0c7e82daf5a0.png,APTOS2019,right,2026-10-08T22:12:03
APTOS2019/val_images/val_images/0c917c372572.png,APTOS2019,right,2026-10-08T22:12:04
APTOS2019/val_images/val_images/0ca0aee4d57e.png,APTOS2019,left,2026-10-08T22:12:05
APTOS2019/val_images/val_images/0cae727cf119.png,APTOS2019,left,2026-10-08T22:12:05
APTOS2019/val_images/val_images/0cb14014117d.png,APTOS2019,left,2026-10-08T22:12:06
APTOS2019/val_images/val_images/0cb6b898389f.png,APTOS2019,left,2026-10-08T22:12:07
APTOS2019/val_images/val_images/0cbcc7b23613.png,APTOS2019,right,2026-10-08T22:12:08
APTOS2019/val_images/val_images/0cd31078cd08.png,APTOS2019,right,2026-10-08T22:12:09
APTOS2019/val_images/val_images/0ce062f26edc.png,APTOS2019,left,2026-10-08T22:12:10
APTOS2019/val_images/val_images/0ceb222f6629.png,APTOS2019,right,2026-10-08T22:12:11
APTOS2019/val_images/val_images/0cecc2864b7f.png,APTOS2019,right,2026-10-08T22:12:11
APTOS2019/val_images/val_images/0d0a21fd354f.png,APTOS2019,right,2026-10-08T22:12:12
APTOS2019/val_images/val_images/0d0b8fc9ab5c.png,APTOS2019,left,2026-10-08T22:12:13
APTOS2019/val_images/val_images/0d310aba6373.png,APTOS2019,left,2026-10-08T22:12:14
APTOS2019/val_images/val_images/0d744aed4d64.png,APTOS2019,right,2026-10-08T22:12:15
APTOS2019/val_images/val_images/0d8f60ed9280.png,APTOS2019,left,2026-10-08T22:12:16
APTOS2019/val_images/val_images/0d9a9896f801.png,APTOS2019,right,2026-10-08T22:12:17
APTOS2019/val_images/val_images/0da09e3ce8f1.png,APTOS2019,right,2026-10-08T22:12:18
APTOS2019/val_images/val_images/0da321efbce6.png,APTOS2019,left,2026-10-08T22:12:18
APTOS2019/val_images/val_images/0da632ca45e0.png,APTOS2019,left,2026-10-08T22:12:19
APTOS2019/val_images/val_images/0daddc45d832.png,APTOS2019,left,2026-10-08T22:12:20
APTOS2019/val_images/val_images/0db1d8dcf219.png,APTOS2019,left,2026-10-08T22:12:20
APTOS2019/val_images/val_images/0dbaa09a458c.png,APTOS2019,left,2026-10-08T22:12:21
APTOS2019/val_images/val_images/0dbe6c26cedc.png,APTOS2019,left,2026-10-08T22:12:22
APTOS2019/val_images/val_images/0dc031c94225.png,APTOS2019,right,2026-10-08T22:12:23
APTOS2019/val_images/val_images/0dc8d25b3f69.png,APTOS2019,left,2026-10-08T22:12:24
APTOS2019/val_images/val_images/0dce95217626.png,APTOS2019,right,2026-10-08T22:12:25
APTOS2019/val_images/val_images/0e0003ddd8df.png,APTOS2019,left,2026-10-08T22:12:26
APTOS2019/val_images/val_images/0e0fc1d9810c.png,APTOS2019,right,2026-10-08T22:12:27
APTOS2019/val_images/val_images/0e3572b5884a.png,APTOS2019,right,2026-10-08T22:12:28
APTOS2019/val_images/val_images/0e43c8298fc0.png,APTOS2019,left,2026-10-08T22:12:29
APTOS2019/val_images/val_images/0e75d51152fc.png,APTOS2019,left,2026-10-08T22:12:30
APTOS2019/val_images/val_images/0e82bcacc475.png,APTOS2019,right,2026-10-08T22:12:31
APTOS2019/val_images/val_images/0e94cd271c00.png,APTOS2019,right,2026-10-08T22:12:32
APTOS2019/val_images/val_images/0eb52045349f.png,APTOS2019,right,2026-10-08T22:12:33
APTOS2019/val_images/val_images/0eced86c9db8.png,APTOS2019,right,2026-10-08T22:12:33
APTOS2019/val_images/val_images/0edadb2aa127.png,APTOS2019,right,2026-10-08T22:12:34
APTOS2019/val_images/val_images/0ef4c61dc056.png,APTOS2019,left,2026-10-08T22:12:35
APTOS2019/val_images/val_images/0efc93ec838b.png,APTOS2019,right,2026-10-08T22:12:36
APTOS2019/val_images/val_images/0eff8eacb2f7.png,APTOS2019,left,2026-10-08T22:12:37
APTOS2019/val_images/val_images/0f364b7d4384.png,APTOS2019,left,2026-10-08T22:12:38
APTOS2019/val_images/val_images/0f495d87656a.png,APTOS2019,right,2026-10-08T22:12:39
APTOS2019/val_images/val_images/0f6e645466a2.png,APTOS2019,right,2026-10-08T22:12:39
APTOS2019/val_images/val_images/0f882877bf13.png,APTOS2019,right,2026-10-08T22:12:40
APTOS2019/val_images/val_images/0f96c358a250.png,APTOS2019,right,2026-10-08T22:12:40
APTOS2019/val_images/val_images/0fb1053285cf.png,APTOS2019,left,2026-10-08T22:12:42
APTOS2019/val_images/val_images/0fb560f9adb2.png,APTOS2019,left,2026-10-08T22:12:42
APTOS2019/val_images/val_images/0fbbd665431f.png,APTOS2019,right,2026-10-08T22:12:44
APTOS2019/val_images/val_images/0fc6829da85b.png,APTOS2019,right,2026-10-08T22:12:44
APTOS2019/val_images/val_images/0fcfc6301f3d.png,APTOS2019,right,2026-10-08T22:12:45
APTOS2019/val_images/val_images/0fd16b64697e.png,APTOS2019,left,2026-10-08T22:12:46
APTOS2019/val_images/val_images/0fe31196e0e8.png,APTOS2019,right,2026-10-08T22:12:47
APTOS2019/val_images/val_images/0fffa73e2402.png,APTOS2019,left,2026-10-08T22:12:48
APTOS2019/val_images/val_images/1002b5151b8e.png,APTOS2019,right,2026-10-08T22:12:49
APTOS2019/val_images/val_images/1002f3fe38f0.png,APTOS2019,right,2026-10-08T22:12:50
APTOS2019/val_images/val_images/1006345f70b7.png,APTOS2019,left,2026-10-08T22:12:51
APTOS2019/val_images/val_images/101b9ebfc720.png,APTOS2019,left,2026-10-08T22:12:52
APTOS2019/val_images/val_images/103abbd8b63e.png,APTOS2019,right,2026-10-08T22:12:53
APTOS2019/val_images/val_images/103f97a2ab15.png,APTOS2019,right,2026-10-08T22:12:53
APTOS2019/val_images/val_images/107aea0d9289.png,APTOS2019,left,2026-10-08T22:12:54
APTOS2019/val_images/val_images/10a5026eb8e6.png,APTOS2019,right,2026-10-08T22:12:56
APTOS2019/val_images/val_images/10bf25731c08.png,APTOS2019,left,2026-10-08T22:12:57
APTOS2019/val_images/val_images/10de500cf0c5.png,APTOS2019,right,2026-10-08T22:12:58
APTOS2019/val_images/val_images/10ecc5292ab1.png,APTOS2019,left,2026-10-08T22:13:00
APTOS2019/val_images/val_images/10eefba568dd.png,APTOS2019,left,2026-10-08T22:13:00
APTOS2019/val_images/val_images/10f10fd30718.png,APTOS2019,left,2026-10-08T22:13:01
APTOS2019/val_images/val_images/10f36b0239fb.png,APTOS2019,left,2026-10-08T22:13:07
APTOS2019/val_images/val_images/10f6ef37fe43.png,APTOS2019,right,2026-10-08T22:13:09
APTOS2019/val_images/val_images/10fca1abf338.png,APTOS2019,left,2026-10-08T22:13:10
APTOS2019/val_images/val_images/1116271db4ea.png,APTOS2019,right,2026-10-08T22:13:11
APTOS2019/val_images/val_images/111898ab463d.png,APTOS2019,right,2026-10-08T22:13:12
APTOS2019/val_images/val_images/1120f6d08d95.png,APTOS2019,left,2026-10-08T22:13:13
APTOS2019/val_images/val_images/11242a67122d.png,APTOS2019,right,2026-10-08T22:13:14
APTOS2019/val_images/val_images/1124ffcd76c2.png,APTOS2019,right,2026-10-08T22:13:15
APTOS2019/val_images/val_images/115e42dd6a81.png,APTOS2019,left,2026-10-08T22:13:16
APTOS2019/val_images/val_images/1177d583c807.png,APTOS2019,right,2026-10-08T22:13:17
APTOS2019/val_images/val_images/11b220a397b8.png,APTOS2019,right,2026-10-08T22:13:17
APTOS2019/val_images/val_images/11b5c77fbf79.png,APTOS2019,left,2026-10-08T22:13:18
APTOS2019/val_images/val_images/11d8e5eaee5b.png,APTOS2019,right,2026-10-08T22:13:19
APTOS2019/val_images/val_images/12025b34deb8.png,APTOS2019,right,2026-10-08T22:13:20
APTOS2019/val_images/val_images/12058bbb8299.png,APTOS2019,right,2026-10-08T22:13:21
APTOS2019/val_images/val_images/1269ab57c2e6.png,APTOS2019,left,2026-10-08T22:13:21
APTOS2019/val_images/val_images/12a82fc7d73e.png,APTOS2019,left,2026-10-08T22:13:22
APTOS2019/val_images/val_images/12ab2f6397f0.png,APTOS2019,left,2026-10-08T22:13:23
APTOS2019/val_images/val_images/12ae44be0d38.png,APTOS2019,left,2026-10-08T22:13:24
APTOS2019/val_images/val_images/12b57dac703e.png,APTOS2019,left,2026-10-08T22:13:25
APTOS2019/val_images/val_images/12bc439d373a.png,APTOS2019,left,2026-10-08T22:13:25
APTOS2019/val_images/val_images/12ce6a1a1f31.png,APTOS2019,left,2026-10-08T22:13:26
APTOS2019/val_images/val_images/12e3f5f2cb17.png,APTOS2019,left,2026-10-08T22:13:26
APTOS2019/val_images/val_images/12e6e66c80a7.png,APTOS2019,right,2026-10-08T22:13:28
APTOS2019/val_images/val_images/12ef75375322.png,APTOS2019,right,2026-10-08T22:13:28
APTOS2019/val_images/val_images/13063d1bc4ea.png,APTOS2019,right,2026-10-08T22:13:29
APTOS2019/val_images/val_images/13073f075a56.png,APTOS2019,left,2026-10-08T22:13:30
APTOS2019/val_images/val_images/135575dc57c9.png,APTOS2019,right,2026-10-08T22:13:31
APTOS2019/val_images/val_images/13ab8db8c700.png,APTOS2019,right,2026-10-08T22:13:32
APTOS2019/val_images/val_images/13c191b59ed0.png,APTOS2019,left,2026-10-08T22:13:33
APTOS2019/val_images/val_images/13d014ccd136.png,APTOS2019,left,2026-10-08T22:13:34
APTOS2019/val_images/val_images/13d411c85ffd.png,APTOS2019,right,2026-10-08T22:13:35
APTOS2019/val_images/val_images/13d71389563f.png,APTOS2019,right,2026-10-08T22:13:35
APTOS2019/val_images/val_images/1409ab48175a.png,APTOS2019,left,2026-10-08T22:13:36
APTOS2019/val_images/val_images/1411c8ab7161.png,APTOS2019,left,2026-10-08T22:13:37
APTOS2019/val_images/val_images/1414128bead0.png,APTOS2019,left,2026-10-08T22:13:38
APTOS2019/val_images/val_images/141735b57ec0.png,APTOS2019,left,2026-10-08T22:13:38
APTOS2019/val_images/val_images/1438288bb2e1.png,APTOS2019,left,2026-10-08T22:13:39
APTOS2019/val_images/val_images/143db89c11c8.png,APTOS2019,right,2026-10-08T22:13:40
APTOS2019/val_images/val_images/144a1a426137.png,APTOS2019,left,2026-10-08T22:13:41
APTOS2019/val_images/val_images/144b01e7b993.png,APTOS2019,left,2026-10-08T22:13:42
APTOS2019/val_images/val_images/14515b8f19b6.png,APTOS2019,left,2026-10-08T22:13:42
APTOS2019/val_images/val_images/14c3b41d289c.png,APTOS2019,right,2026-10-08T22:13:44
APTOS2019/val_images/val_images/14e3f84445f7.png,APTOS2019,left,2026-10-08T22:13:45
APTOS2019/val_images/val_images/14ee87d6cc42.png,APTOS2019,right,2026-10-08T22:13:46
APTOS2019/val_images/val_images/1509d097b69a.png,APTOS2019,left,2026-10-08T22:13:47
APTOS2019/val_images/val_images/150f92b45349.png,APTOS2019,left,2026-10-08T22:13:48
APTOS2019/val_images/val_images/150fc7127582.png,APTOS2019,left,2026-10-08T22:13:48
APTOS2019/val_images/val_images/152db3de8120.png,APTOS2019,left,2026-10-08T22:13:49
APTOS2019/val_images/val_images/1541226c5d72.png,APTOS2019,right,2026-10-08T22:13:50
APTOS2019/val_images/val_images/15528e740543.png,APTOS2019,right,2026-10-08T22:13:51
APTOS2019/val_images/val_images/155e2df6bfcf.png,APTOS2019,right,2026-10-08T22:13:52
APTOS2019/val_images/val_images/157d17349cc6.png,APTOS2019,left,2026-10-08T22:13:53
APTOS2019/val_images/val_images/1594ca6c30d3.png,APTOS2019,left,2026-10-08T22:13:54
APTOS2019/val_images/val_images/15b21c80cc31.png,APTOS2019,right,2026-10-08T22:13:55
APTOS2019/val_images/val_images/15bed5adde74.png,APTOS2019,left,2026-10-08T22:13:56
APTOS2019/val_images/val_images/15c24478ac72.png,APTOS2019,right,2026-10-08T22:13:57
APTOS2019/val_images/val_images/15cc2aef772a.png,APTOS2019,right,2026-10-08T22:13:57
APTOS2019/val_images/val_images/15cd5f52d300.png,APTOS2019,right,2026-10-08T22:13:58
APTOS2019/val_images/val_images/15e24b73d4a7.png,APTOS2019,left,2026-10-08T22:13:59
APTOS2019/val_images/val_images/15e96e848b46.png,APTOS2019,left,2026-10-08T22:14:00
APTOS2019/val_images/val_images/15f440753916.png,APTOS2019,left,2026-10-08T22:14:01
APTOS2019/val_images/val_images/15f8d769935c.png,APTOS2019,right,2026-10-08T22:14:01
APTOS2019/val_images/val_images/1601c939412f.png,APTOS2019,left,2026-10-08T22:14:03
APTOS2019/val_images/val_images/16060f05d047.png,APTOS2019,right,2026-10-08T22:14:04
APTOS2019/val_images/val_images/1608c82a263f.png,APTOS2019,right,2026-10-08T22:14:05
APTOS2019/val_images/val_images/1623e8e3adc4.png,APTOS2019,left,2026-10-08T22:14:06
APTOS2019/val_images/val_images/1632c4311fc9.png,APTOS2019,left,2026-10-08T22:14:06
APTOS2019/val_images/val_images/1633f8291a80.png,APTOS2019,right,2026-10-08T22:14:07
APTOS2019/val_images/val_images/1638404f385c.png,APTOS2019,left,2026-10-08T22:14:08
APTOS2019/val_images/val_images/164cd5a3a6cd.png,APTOS2019,right,2026-10-08T22:14:09
APTOS2019/val_images/val_images/165634a6167e.png,APTOS2019,left,2026-10-08T22:14:11
APTOS2019/val_images/val_images/165c548185f8.png,APTOS2019,right,2026-10-08T22:14:11
APTOS2019/val_images/val_images/165cd2070ebd.png,APTOS2019,right,2026-10-08T22:14:12
APTOS2019/val_images/val_images/166068a24416.png,APTOS2019,left,2026-10-08T22:14:14
APTOS2019/val_images/val_images/16ce555748d8.png,APTOS2019,right,2026-10-08T22:14:15
APTOS2019/val_images/val_images/17188c13e635.png,APTOS2019,left,2026-10-08T22:14:16
APTOS2019/val_images/val_images/172df1330a60.png,APTOS2019,right,2026-10-08T22:14:17
APTOS2019/val_images/val_images/174db0854291.png,APTOS2019,right,2026-10-08T22:14:18
APTOS2019/val_images/val_images/175dd560810a.png,APTOS2019,left,2026-10-08T22:14:19
APTOS2019/val_images/val_images/1782142e17d9.png,APTOS2019,left,2026-10-08T22:14:20
APTOS2019/val_images/val_images/178412895d5e.png,APTOS2019,right,2026-10-08T22:14:22
APTOS2019/val_images/val_images/17d7d6b092f4.png,APTOS2019,right,2026-10-08T22:14:22
APTOS2019/val_images/val_images/17d997fe1090.png,APTOS2019,left,2026-10-08T22:14:23
APTOS2019/val_images/val_images/17e6116b89b3.png,APTOS2019,left,2026-10-08T22:14:24
APTOS2019/val_images/val_images/17eb5d4ad740.png,APTOS2019,right,2026-10-08T22:14:25
APTOS2019/val_images/val_images/17eff993386f.png,APTOS2019,left,2026-10-08T22:14:26
APTOS2019/val_images/val_images/17f6c7072f61.png,APTOS2019,right,2026-10-08T22:14:28
APTOS2019/val_images/val_images/180afe1d5ef7.png,APTOS2019,left,2026-10-08T22:14:29
APTOS2019/val_images/val_images/18323d8f2470.png,APTOS2019,right,2026-10-08T22:14:30
APTOS2019/val_images/val_images/1844a039b4ea.png,APTOS2019,right,2026-10-08T22:14:31
APTOS2019/val_images/val_images/184a185e7447.png,APTOS2019,left,2026-10-08T22:14:32
APTOS2019/val_images/val_images/18621b9ca978.png,APTOS2019,left,2026-10-08T22:14:32
APTOS2019/val_images/val_images/1864d3411143.png,APTOS2019,left,2026-10-08T22:14:33
APTOS2019/val_images/val_images/186c1835eec5.png,APTOS2019,left,2026-10-08T22:14:33
APTOS2019/val_images/val_images/187f6ccda87a.png,APTOS2019,right,2026-10-08T22:14:35
APTOS2019/val_images/val_images/188219f2d9c6.png,APTOS2019,right,2026-10-08T22:14:35
APTOS2019/val_images/val_images/188a9323be03.png,APTOS2019,right,2026-10-08T22:14:36
APTOS2019/val_images/val_images/1891698febce.png,APTOS2019,right,2026-10-08T22:14:36
APTOS2019/val_images/val_images/189cbbc9e5e3.png,APTOS2019,right,2026-10-08T22:14:37
APTOS2019/val_images/val_images/18af532e7e1e.png,APTOS2019,right,2026-10-08T22:14:38
APTOS2019/val_images/val_images/18b06f56ab27.png,APTOS2019,right,2026-10-08T22:14:39
APTOS2019/val_images/val_images/18b7e34eab8f.png,APTOS2019,left,2026-10-08T22:14:40
APTOS2019/val_images/val_images/18b99159a14f.png,APTOS2019,left,2026-10-08T22:14:41
APTOS2019/val_images/val_images/18cde9649e90.png,APTOS2019,left,2026-10-08T22:14:41
APTOS2019/val_images/val_images/18ce0cdc473d.png,APTOS2019,right,2026-10-08T22:14:43
APTOS2019/val_images/val_images/18d8fdb140b7.png,APTOS2019,right,2026-10-08T22:14:43
APTOS2019/val_images/val_images/18f1f979d30d.png,APTOS2019,right,2026-10-08T22:14:44
APTOS2019/val_images/val_images/190a309f2cc5.png,APTOS2019,left,2026-10-08T22:14:46
APTOS2019/val_images/val_images/19113e5f45ec.png,APTOS2019,right,2026-10-08T22:14:47
APTOS2019/val_images/val_images/191348830ddf.png,APTOS2019,left,2026-10-08T22:14:48
APTOS2019/val_images/val_images/191a711852bd.png,APTOS2019,left,2026-10-08T22:14:49
APTOS2019/val_images/val_images/191cf5668f33.png,APTOS2019,left,2026-10-08T22:14:52
APTOS2019/val_images/val_images/19244004583f.png,APTOS2019,right,2026-10-08T22:14:53
APTOS2019/val_images/val_images/1943983492e5.png,APTOS2019,right,2026-10-08T22:14:54
APTOS2019/val_images/val_images/194814669fee.png,APTOS2019,right,2026-10-08T22:14:54
APTOS2019/val_images/val_images/19545647508e.png,APTOS2019,left,2026-10-08T22:14:57
APTOS2019/val_images/val_images/1968183f0e61.png,APTOS2019,right,2026-10-08T22:14:58
APTOS2019/val_images/val_images/196e6a186452.png,APTOS2019,left,2026-10-08T22:14:59
APTOS2019/val_images/val_images/19722bff5a09.png,APTOS2019,left,2026-10-08T22:15:00
APTOS2019/val_images/val_images/197af0de76e2.png,APTOS2019,left,2026-10-08T22:15:01
APTOS2019/val_images/val_images/19b0e3c734f5.png,APTOS2019,left,2026-10-08T22:15:02
APTOS2019/val_images/val_images/19e350c7c83c.png,APTOS2019,left,2026-10-08T22:15:02
APTOS2019/val_images/val_images/19ef4d292196.png,APTOS2019,left,2026-10-08T22:15:03
APTOS2019/val_images/val_images/1a03a7970337.png,APTOS2019,right,2026-10-08T22:15:04
APTOS2019/val_images/val_images/1a0dbc6c0cda.png,APTOS2019,right,2026-10-08T22:15:05
APTOS2019/val_images/val_images/1a19f2ef4472.png,APTOS2019,left,2026-10-08T22:15:06
APTOS2019/val_images/val_images/1a1b4b2450ca.png,APTOS2019,right,2026-10-08T22:15:07
APTOS2019/val_images/val_images/1a1e974a7dbf.png,APTOS2019,left,2026-10-08T22:15:08
APTOS2019/val_images/val_images/1a369baf9ee6.png,APTOS2019,right,2026-10-08T22:15:09
APTOS2019/val_images/val_images/1a7e3356b39c.png,APTOS2019,right,2026-10-08T22:15:10
APTOS2019/val_images/val_images/1a90fad9ffa2.png,APTOS2019,right,2026-10-08T22:15:11
APTOS2019/val_images/val_images/1ab3f1c71a5f.png,APTOS2019,left,2026-10-08T22:15:12
APTOS2019/val_images/val_images/1ab8d3431ffc.png,APTOS2019,right,2026-10-08T22:15:13
APTOS2019/val_images/val_images/1ade1e949383.png,APTOS2019,right,2026-10-08T22:15:14
APTOS2019/val_images/val_images/1ae3c58759fb.png,APTOS2019,right,2026-10-08T22:15:15
multimodal/Imagenes/Imagenes/IDRiD_001.jpg,MULTIMODAL,right,2026-10-08T22:34:26
multimodal/Imagenes/Imagenes/IDRiD_001test.jpg,MULTIMODAL,left,2026-10-08T22:15:17
multimodal/Imagenes/Imagenes/IDRiD_002.jpg,MULTIMODAL,left,2026-10-08T22:15:17
multimodal/Imagenes/Imagenes/IDRiD_003.jpg,MULTIMODAL,left,2026-10-08T22:15:18
multimodal/Imagenes/Imagenes/IDRiD_004.jpg,MULTIMODAL,left,2026-10-08T22:15:19
multimodal/Imagenes/Imagenes/IDRiD_004test.jpg,MULTIMODAL,right,2026-10-08T22:15:20
multimodal/Imagenes/Imagenes/IDRiD_005.jpg,MULTIMODAL,left,2026-10-08T22:15:22
multimodal/Imagenes/Imagenes/IDRiD_005test.jpg,MULTIMODAL,right,2026-10-08T22:15:23
multimodal/Imagenes/Imagenes/IDRiD_006.jpg,MULTIMODAL,left,2026-10-08T22:15:23
multimodal/Imagenes/Imagenes/IDRiD_006test.jpg,MULTIMODAL,right,2026-10-08T22:15:24
multimodal/Imagenes/Imagenes/IDRiD_007.jpg,MULTIMODAL,right,2026-10-08T22:15:29
multimodal/Imagenes/Imagenes/IDRiD_007test.jpg,MULTIMODAL,left,2026-10-08T22:15:30
multimodal/Imagenes/Imagenes/IDRiD_008.jpg,MULTIMODAL,left,2026-10-08T22:15:31
multimodal/Imagenes/Imagenes/IDRiD_008test.jpg,MULTIMODAL,left,2026-10-08T22:15:31
multimodal/Imagenes/Imagenes/IDRiD_009.jpg,MULTIMODAL,right,2026-10-08T22:15:32
multimodal/Imagenes/Imagenes/IDRiD_009test.jpg,MULTIMODAL,right,2026-10-08T22:15:33
multimodal/Imagenes/Imagenes/IDRiD_010.jpg,MULTIMODAL,right,2026-10-08T22:15:33
multimodal/Imagenes/Imagenes/IDRiD_010test.jpg,MULTIMODAL,right,2026-10-08T22:15:34
multimodal/Imagenes/Imagenes/IDRiD_011.jpg,MULTIMODAL,left,2026-10-08T22:15:35
multimodal/Imagenes/Imagenes/IDRiD_011test.jpg,MULTIMODAL,left,2026-10-08T22:15:36
multimodal/Imagenes/Imagenes/IDRiD_012.jpg,MULTIMODAL,left,2026-10-08T22:15:36
multimodal/Imagenes/Imagenes/IDRiD_012test.jpg,MULTIMODAL,left,2026-10-08T22:15:37
multimodal/Imagenes/Imagenes/IDRiD_013.jpg,MULTIMODAL,right,2026-10-08T22:15:38
multimodal/Imagenes/Imagenes/IDRiD_013test.jpg,MULTIMODAL,left,2026-10-08T22:15:39
multimodal/Imagenes/Imagenes/IDRiD_014.jpg,MULTIMODAL,right,2026-10-08T22:15:40
multimodal/Imagenes/Imagenes/IDRiD_014test.jpg,MULTIMODAL,left,2026-10-08T22:15:41
multimodal/Imagenes/Imagenes/IDRiD_015.jpg,MULTIMODAL,left,2026-10-08T22:15:46
multimodal/Imagenes/Imagenes/IDRiD_015test.jpg,MULTIMODAL,right,2026-10-08T22:15:47
multimodal/Imagenes/Imagenes/IDRiD_016.jpg,MULTIMODAL,left,2026-10-08T22:15:48
multimodal/Imagenes/Imagenes/IDRiD_016test.jpg,MULTIMODAL,right,2026-10-08T22:15:49
multimodal/Imagenes/Imagenes/IDRiD_017.jpg,MULTIMODAL,right,2026-10-08T22:15:50
multimodal/Imagenes/Imagenes/IDRiD_017test.jpg,MULTIMODAL,right,2026-10-08T22:15:51
multimodal/Imagenes/Imagenes/IDRiD_018.jpg,MULTIMODAL,right,2026-10-08T22:15:52
multimodal/Imagenes/Imagenes/IDRiD_018test.jpg,MULTIMODAL,left,2026-10-08T22:15:53
multimodal/Imagenes/Imagenes/IDRiD_019.jpg,MULTIMODAL,left,2026-10-08T22:15:53
multimodal/Imagenes/Imagenes/IDRiD_019test.jpg,MULTIMODAL,left,2026-10-08T22:15:54
multimodal/Imagenes/Imagenes/IDRiD_020.jpg,MULTIMODAL,right,2026-10-08T22:15:55
multimodal/Imagenes/Imagenes/IDRiD_020test.jpg,MULTIMODAL,right,2026-10-08T22:15:56
multimodal/Imagenes/Imagenes/IDRiD_021test.jpg,MULTIMODAL,left,2026-10-08T22:15:57
multimodal/Imagenes/Imagenes/IDRiD_022.jpg,MULTIMODAL,right,2026-10-08T22:16:03
multimodal/Imagenes/Imagenes/IDRiD_022test.jpg,MULTIMODAL,right,2026-10-08T22:16:04
multimodal/Imagenes/Imagenes/IDRiD_023.jpg,MULTIMODAL,right,2026-10-08T22:16:04
multimodal/Imagenes/Imagenes/IDRiD_023test.jpg,MULTIMODAL,left,2026-10-08T22:16:06
multimodal/Imagenes/Imagenes/IDRiD_024.jpg,MULTIMODAL,left,2026-10-08T22:16:06
multimodal/Imagenes/Imagenes/IDRiD_024test.jpg,MULTIMODAL,left,2026-10-08T22:16:07
multimodal/Imagenes/Imagenes/IDRiD_025.jpg,MULTIMODAL,right,2026-10-08T22:16:08
multimodal/Imagenes/Imagenes/IDRiD_025test.jpg,MULTIMODAL,right,2026-10-08T22:16:08
multimodal/Imagenes/Imagenes/IDRiD_026.jpg,MULTIMODAL,left,2026-10-08T22:16:09
multimodal/Imagenes/Imagenes/IDRiD_026test.jpg,MULTIMODAL,left,2026-10-08T22:16:10
multimodal/Imagenes/Imagenes/IDRiD_027.jpg,MULTIMODAL,right,2026-10-08T22:16:11
multimodal/Imagenes/Imagenes/IDRiD_027test.jpg,MULTIMODAL,right,2026-10-08T22:16:12
multimodal/Imagenes/Imagenes/IDRiD_028.jpg,MULTIMODAL,left,2026-10-08T22:16:13
multimodal/Imagenes/Imagenes/IDRiD_028test.jpg,MULTIMODAL,right,2026-10-08T22:16:14
multimodal/Imagenes/Imagenes/IDRiD_029.jpg,MULTIMODAL,right,2026-10-08T22:16:14
multimodal/Imagenes/Imagenes/IDRiD_029test.jpg,MULTIMODAL,left,2026-10-08T22:16:15
multimodal/Imagenes/Imagenes/IDRiD_030.jpg,MULTIMODAL,left,2026-10-08T22:16:16
multimodal/Imagenes/Imagenes/IDRiD_030test.jpg,MULTIMODAL,left,2026-10-08T22:16:17
multimodal/Imagenes/Imagenes/IDRiD_031.jpg,MULTIMODAL,right,2026-10-08T22:16:18
multimodal/Imagenes/Imagenes/IDRiD_031test.jpg,MULTIMODAL,left,2026-10-08T22:16:19
multimodal/Imagenes/Imagenes/IDRiD_032.jpg,MULTIMODAL,left,2026-10-08T22:16:20
multimodal/Imagenes/Imagenes/IDRiD_032test.jpg,MULTIMODAL,right,2026-10-08T22:16:21
multimodal/Imagenes/Imagenes/IDRiD_033.jpg,MULTIMODAL,right,2026-10-08T22:16:21
multimodal/Imagenes/Imagenes/IDRiD_033test.jpg,MULTIMODAL,left,2026-10-08T22:16:23
multimodal/Imagenes/Imagenes/IDRiD_034.jpg,MULTIMODAL,left,2026-10-08T22:16:23
multimodal/Imagenes/Imagenes/IDRiD_034test.jpg,MULTIMODAL,left,2026-10-08T22:16:24
multimodal/Imagenes/Imagenes/IDRiD_035.jpg,MULTIMODAL,right,2026-10-08T22:16:25
multimodal/Imagenes/Imagenes/IDRiD_035test.jpg,MULTIMODAL,right,2026-10-08T22:16:25
multimodal/Imagenes/Imagenes/IDRiD_036test.jpg,MULTIMODAL,right,2026-10-08T22:16:26
multimodal/Imagenes/Imagenes/IDRiD_037.jpg,MULTIMODAL,right,2026-10-08T22:16:27
multimodal/Imagenes/Imagenes/IDRiD_037test.jpg,MULTIMODAL,right,2026-10-08T22:16:27
multimodal/Imagenes/Imagenes/IDRiD_038.jpg,MULTIMODAL,left,2026-10-08T22:16:29
multimodal/Imagenes/Imagenes/IDRiD_038test.jpg,MULTIMODAL,left,2026-10-08T22:16:29
multimodal/Imagenes/Imagenes/IDRiD_039.jpg,MULTIMODAL,right,2026-10-08T22:16:31
multimodal/Imagenes/Imagenes/IDRiD_040.jpg,MULTIMODAL,left,2026-10-08T22:16:32
multimodal/Imagenes/Imagenes/IDRiD_040test.jpg,MULTIMODAL,right,2026-10-08T22:16:33
multimodal/Imagenes/Imagenes/IDRiD_041.jpg,MULTIMODAL,right,2026-10-08T22:16:34
multimodal/Imagenes/Imagenes/IDRiD_042.jpg,MULTIMODAL,left,2026-10-08T22:16:36
multimodal/Imagenes/Imagenes/IDRiD_042test.jpg,MULTIMODAL,right,2026-10-08T22:16:37
multimodal/Imagenes/Imagenes/IDRiD_043.jpg,MULTIMODAL,left,2026-10-08T22:16:38
multimodal/Imagenes/Imagenes/IDRiD_044.jpg,MULTIMODAL,left,2026-10-08T22:16:38
multimodal/Imagenes/Imagenes/IDRiD_044test.jpg,MULTIMODAL,left,2026-10-08T22:16:39
multimodal/Imagenes/Imagenes/IDRiD_045.jpg,MULTIMODAL,left,2026-10-08T22:16:39
multimodal/Imagenes/Imagenes/IDRiD_046.jpg,MULTIMODAL,right,2026-10-08T22:16:40
multimodal/Imagenes/Imagenes/IDRiD_047.jpg,MULTIMODAL,right,2026-10-08T22:16:41
multimodal/Imagenes/Imagenes/IDRiD_048.jpg,MULTIMODAL,left,2026-10-08T22:16:42
multimodal/Imagenes/Imagenes/IDRiD_048test.jpg,MULTIMODAL,left,2026-10-08T22:16:43
multimodal/Imagenes/Imagenes/IDRiD_049.jpg,MULTIMODAL,right,2026-10-08T22:16:44
multimodal/Imagenes/Imagenes/IDRiD_049test.jpg,MULTIMODAL,right,2026-10-08T22:16:44
multimodal/Imagenes/Imagenes/IDRiD_050.jpg,MULTIMODAL,left,2026-10-08T22:16:45
multimodal/Imagenes/Imagenes/IDRiD_051.jpg,MULTIMODAL,left,2026-10-08T22:16:46
multimodal/Imagenes/Imagenes/IDRiD_051test.jpg,MULTIMODAL,right,2026-10-08T22:16:47
multimodal/Imagenes/Imagenes/IDRiD_052.jpg,MULTIMODAL,right,2026-10-08T22:16:47
multimodal/Imagenes/Imagenes/IDRiD_053.jpg,MULTIMODAL,left,2026-10-08T22:16:49
multimodal/Imagenes/Imagenes/IDRiD_053test.jpg,MULTIMODAL,left,2026-10-08T22:16:49
multimodal/Imagenes/Imagenes/IDRiD_054.jpg,MULTIMODAL,left,2026-10-08T22:16:50
multimodal/Imagenes/Imagenes/IDRiD_055.jpg,MULTIMODAL,right,2026-10-08T22:16:51
multimodal/Imagenes/Imagenes/IDRiD_055test.jpg,MULTIMODAL,left,2026-10-08T22:16:52
multimodal/Imagenes/Imagenes/IDRiD_056.jpg,MULTIMODAL,left,2026-10-08T22:16:53
multimodal/Imagenes/Imagenes/IDRiD_057.jpg,MULTIMODAL,right,2026-10-08T22:16:54
multimodal/Imagenes/Imagenes/IDRiD_057test.jpg,MULTIMODAL,left,2026-10-08T22:16:55
multimodal/Imagenes/Imagenes/IDRiD_058.jpg,MULTIMODAL,left,2026-10-08T22:16:56
multimodal/Imagenes/Imagenes/IDRiD_058test.jpg,MULTIMODAL,right,2026-10-08T22:16:57
multimodal/Imagenes/Imagenes/IDRiD_059.jpg,MULTIMODAL,right,2026-10-08T22:16:58
multimodal/Imagenes/Imagenes/IDRiD_059test.jpg,MULTIMODAL,left,2026-10-08T22:16:59
multimodal/Imagenes/Imagenes/IDRiD_060.jpg,MULTIMODAL,left,2026-10-08T22:16:59
multimodal/Imagenes/Imagenes/IDRiD_060test.jpg,MULTIMODAL,left,2026-10-08T22:17:00
multimodal/Imagenes/Imagenes/IDRiD_061.jpg,MULTIMODAL,right,2026-10-08T22:17:01
multimodal/Imagenes/Imagenes/IDRiD_061test.jpg,MULTIMODAL,right,2026-10-08T22:17:02
multimodal/Imagenes/Imagenes/IDRiD_062.jpg,MULTIMODAL,right,2026-10-08T22:17:03
multimodal/Imagenes/Imagenes/IDRiD_062test.jpg,MULTIMODAL,left,2026-10-08T22:17:04
multimodal/Imagenes/Imagenes/IDRiD_063.jpg,MULTIMODAL,left,2026-10-08T22:17:05
multimodal/Imagenes/Imagenes/IDRiD_063test.jpg,MULTIMODAL,right,2026-10-08T22:17:06
multimodal/Imagenes/Imagenes/IDRiD_064.jpg,MULTIMODAL,right,2026-10-08T22:17:06
multimodal/Imagenes/Imagenes/IDRiD_064test.jpg,MULTIMODAL,right,2026-10-08T22:17:07
multimodal/Imagenes/Imagenes/IDRiD_065.jpg,MULTIMODAL,right,2026-10-08T22:17:07
multimodal/Imagenes/Imagenes/IDRiD_065test.jpg,MULTIMODAL,right,2026-10-08T22:17:08
multimodal/Imagenes/Imagenes/IDRiD_066.jpg,MULTIMODAL,right,2026-10-08T22:17:09
multimodal/Imagenes/Imagenes/IDRiD_066test.jpg,MULTIMODAL,left,2026-10-08T22:17:10
multimodal/Imagenes/Imagenes/IDRiD_067.jpg,MULTIMODAL,right,2026-10-08T22:17:11
multimodal/Imagenes/Imagenes/IDRiD_067test.jpg,MULTIMODAL,right,2026-10-08T22:17:12
multimodal/Imagenes/Imagenes/IDRiD_068.jpg,MULTIMODAL,left,2026-10-08T22:17:13
multimodal/Imagenes/Imagenes/IDRiD_068test.jpg,MULTIMODAL,right,2026-10-08T22:17:14
multimodal/Imagenes/Imagenes/IDRiD_069.jpg,MULTIMODAL,right,2026-10-08T22:17:14
multimodal/Imagenes/Imagenes/IDRiD_069test.jpg,MULTIMODAL,left,2026-10-08T22:17:16
multimodal/Imagenes/Imagenes/IDRiD_070.jpg,MULTIMODAL,left,2026-10-08T22:17:16
multimodal/Imagenes/Imagenes/IDRiD_071.jpg,MULTIMODAL,right,2026-10-08T22:17:17
multimodal/Imagenes/Imagenes/IDRiD_072.jpg,MULTIMODAL,left,2026-10-08T22:17:19
multimodal/Imagenes/Imagenes/IDRiD_072test.jpg,MULTIMODAL,right,2026-10-08T22:17:20
multimodal/Imagenes/Imagenes/IDRiD_073.jpg,MULTIMODAL,left,2026-10-08T22:17:21
multimodal/Imagenes/Imagenes/IDRiD_073test.jpg,MULTIMODAL,left,2026-10-08T22:17:21
multimodal/Imagenes/Imagenes/IDRiD_074.jpg,MULTIMODAL,right,2026-10-08T22:17:23
multimodal/Imagenes/Imagenes/IDRiD_074test.jpg,MULTIMODAL,left,2026-10-08T22:17:24
multimodal/Imagenes/Imagenes/IDRiD_075.jpg,MULTIMODAL,left,2026-10-08T22:17:24
multimodal/Imagenes/Imagenes/IDRiD_076.jpg,MULTIMODAL,right,2026-10-08T22:17:25
multimodal/Imagenes/Imagenes/IDRiD_076test.jpg,MULTIMODAL,left,2026-10-08T22:17:26
multimodal/Imagenes/Imagenes/IDRiD_077.jpg,MULTIMODAL,left,2026-10-08T22:17:27
multimodal/Imagenes/Imagenes/IDRiD_078.jpg,MULTIMODAL,right,2026-10-08T22:17:28
multimodal/Imagenes/Imagenes/IDRiD_078test.jpg,MULTIMODAL,left,2026-10-08T22:17:29
multimodal/Imagenes/Imagenes/IDRiD_079.jpg,MULTIMODAL,left,2026-10-08T22:17:30
multimodal/Imagenes/Imagenes/IDRiD_079test.jpg,MULTIMODAL,left,2026-10-08T22:17:30
multimodal/Imagenes/Imagenes/IDRiD_080.jpg,MULTIMODAL,right,2026-10-08T22:17:31
multimodal/Imagenes/Imagenes/IDRiD_080test.jpg,MULTIMODAL,left,2026-10-08T22:17:32
multimodal/Imagenes/Imagenes/IDRiD_081.jpg,MULTIMODAL,right,2026-10-08T22:17:38
multimodal/Imagenes/Imagenes/IDRiD_081test.jpg,MULTIMODAL,left,2026-10-08T22:17:39
multimodal/Imagenes/Imagenes/IDRiD_082.jpg,MULTIMODAL,right,2026-10-08T22:17:40
multimodal/Imagenes/Imagenes/IDRiD_082test.jpg,MULTIMODAL,right,2026-10-08T22:17:42
multimodal/Imagenes/Imagenes/IDRiD_083.jpg,MULTIMODAL,left,2026-10-08T22:17:43
multimodal/Imagenes/Imagenes/IDRiD_083test.jpg,MULTIMODAL,right,2026-10-08T22:17:44
multimodal/Imagenes/Imagenes/IDRiD_084.jpg,MULTIMODAL,left,2026-10-08T22:17:45
multimodal/Imagenes/Imagenes/IDRiD_084test.jpg,MULTIMODAL,left,2026-10-08T22:17:46
multimodal/Imagenes/Imagenes/IDRiD_085.jpg,MULTIMODAL,right,2026-10-08T22:17:46
multimodal/Imagenes/Imagenes/IDRiD_085test.jpg,MULTIMODAL,right,2026-10-08T22:17:47
multimodal/Imagenes/Imagenes/IDRiD_086.jpg,MULTIMODAL,left,2026-10-08T22:17:48
multimodal/Imagenes/Imagenes/IDRiD_086test.jpg,MULTIMODAL,left,2026-10-08T22:17:49
multimodal/Imagenes/Imagenes/IDRiD_087.jpg,MULTIMODAL,right,2026-10-08T22:17:50
multimodal/Imagenes/Imagenes/IDRiD_087test.jpg,MULTIMODAL,right,2026-10-08T22:17:50
multimodal/Imagenes/Imagenes/IDRiD_088.jpg,MULTIMODAL,left,2026-10-08T22:17:51
multimodal/Imagenes/Imagenes/IDRiD_088test.jpg,MULTIMODAL,right,2026-10-08T22:17:53
multimodal/Imagenes/Imagenes/IDRiD_089.jpg,MULTIMODAL,left,2026-10-08T22:17:59
multimodal/Imagenes/Imagenes/IDRiD_089test.jpg,MULTIMODAL,left,2026-10-08T22:18:00
multimodal/Imagenes/Imagenes/IDRiD_090.jpg,MULTIMODAL,right,2026-10-08T22:18:01
multimodal/Imagenes/Imagenes/IDRiD_090test.jpg,MULTIMODAL,left,2026-10-08T22:18:02
multimodal/Imagenes/Imagenes/IDRiD_091.jpg,MULTIMODAL,right,2026-10-08T22:18:03
multimodal/Imagenes/Imagenes/IDRiD_091test.jpg,MULTIMODAL,right,2026-10-08T22:18:04
multimodal/Imagenes/Imagenes/IDRiD_092.jpg,MULTIMODAL,left,2026-10-08T22:18:05
multimodal/Imagenes/Imagenes/IDRiD_093.jpg,MULTIMODAL,left,2026-10-08T22:18:06
multimodal/Imagenes/Imagenes/IDRiD_094.jpg,MULTIMODAL,right,2026-10-08T22:18:07
multimodal/Imagenes/Imagenes/IDRiD_095.jpg,MULTIMODAL,right,2026-10-08T22:18:08
multimodal/Imagenes/Imagenes/IDRiD_096.jpg,MULTIMODAL,left,2026-10-08T22:18:09
multimodal/Imagenes/Imagenes/IDRiD_096test.jpg,MULTIMODAL,left,2026-10-08T22:18:10
multimodal/Imagenes/Imagenes/IDRiD_097.jpg,MULTIMODAL,left,2026-10-08T22:18:11
multimodal/Imagenes/Imagenes/IDRiD_098.jpg,MULTIMODAL,left,2026-10-08T22:18:11
multimodal/Imagenes/Imagenes/IDRiD_099.jpg,MULTIMODAL,right,2026-10-08T22:18:12
multimodal/Imagenes/Imagenes/IDRiD_100.jpg,MULTIMODAL,right,2026-10-08T22:18:13
multimodal/Imagenes/Imagenes/IDRiD_100test.jpg,MULTIMODAL,left,2026-10-08T22:18:14
multimodal/Imagenes/Imagenes/IDRiD_101.jpg,MULTIMODAL,right,2026-10-08T22:18:15
multimodal/Imagenes/Imagenes/IDRiD_101test.jpg,MULTIMODAL,right,2026-10-08T22:18:16
multimodal/Imagenes/Imagenes/IDRiD_102.jpg,MULTIMODAL,right,2026-10-08T22:18:17
multimodal/Imagenes/Imagenes/IDRiD_102test.jpg,MULTIMODAL,left,2026-10-08T22:18:18
multimodal/Imagenes/Imagenes/IDRiD_103.jpg,MULTIMODAL,right,2026-10-08T22:18:19
multimodal/Imagenes/Imagenes/IDRiD_103test.jpg,MULTIMODAL,right,2026-10-08T22:18:20
multimodal/Imagenes/Imagenes/IDRiD_104.jpg,MULTIMODAL,left,2026-10-08T22:18:21
multimodal/Imagenes/Imagenes/IDRiD_105.jpg,MULTIMODAL,right,2026-10-08T22:18:22
multimodal/Imagenes/Imagenes/IDRiD_106.jpg,MULTIMODAL,left,2026-10-08T22:18:23
multimodal/Imagenes/Imagenes/IDRiD_107.jpg,MULTIMODAL,right,2026-10-08T22:18:24
multimodal/Imagenes/Imagenes/IDRiD_108.jpg,MULTIMODAL,left,2026-10-08T22:18:26
multimodal/Imagenes/Imagenes/IDRiD_109.jpg,MULTIMODAL,left,2026-10-08T22:18:26
multimodal/Imagenes/Imagenes/IDRiD_111.jpg,MULTIMODAL,left,2026-10-08T22:18:27
multimodal/Imagenes/Imagenes/IDRiD_112.jpg,MULTIMODAL,right,2026-10-08T22:18:28
multimodal/Imagenes/Imagenes/IDRiD_113.jpg,MULTIMODAL,left,2026-10-08T22:18:29
multimodal/Imagenes/Imagenes/IDRiD_114.jpg,MULTIMODAL,left,2026-10-08T22:18:30
multimodal/Imagenes/Imagenes/IDRiD_115.jpg,MULTIMODAL,left,2026-10-08T22:18:30
multimodal/Imagenes/Imagenes/IDRiD_116.jpg,MULTIMODAL,right,2026-10-08T22:18:31
multimodal/Imagenes/Imagenes/IDRiD_117.jpg,MULTIMODAL,left,2026-10-08T22:18:32
multimodal/Imagenes/Imagenes/IDRiD_118.jpg,MULTIMODAL,right,2026-10-08T22:18:34
multimodal/Imagenes/Imagenes/IDRiD_119.jpg,MULTIMODAL,right,2026-10-08T22:18:34
multimodal/Imagenes/Imagenes/IDRiD_121.jpg,MULTIMODAL,left,2026-10-08T22:18:36
multimodal/Imagenes/Imagenes/IDRiD_122.jpg,MULTIMODAL,left,2026-10-08T22:18:37
multimodal/Imagenes/Imagenes/IDRiD_123.jpg,MULTIMODAL,left,2026-10-08T22:18:37
multimodal/Imagenes/Imagenes/IDRiD_124.jpg,MULTIMODAL,right,2026-10-08T22:18:39
multimodal/Imagenes/Imagenes/IDRiD_125.jpg,MULTIMODAL,right,2026-10-08T22:18:40
multimodal/Imagenes/Imagenes/IDRiD_126.jpg,MULTIMODAL,left,2026-10-08T22:18:41
multimodal/Imagenes/Imagenes/IDRiD_127.jpg,MULTIMODAL,left,2026-10-08T22:18:42
multimodal/Imagenes/Imagenes/IDRiD_128.jpg,MULTIMODAL,right,2026-10-08T22:18:43
multimodal/Imagenes/Imagenes/IDRiD_129.jpg,MULTIMODAL,right,2026-10-08T22:18:44
multimodal/Imagenes/Imagenes/IDRiD_130.jpg,MULTIMODAL,left,2026-10-08T22:18:45
multimodal/Imagenes/Imagenes/IDRiD_131.jpg,MULTIMODAL,left,2026-10-08T22:18:45
multimodal/Imagenes/Imagenes/IDRiD_132.jpg,MULTIMODAL,right,2026-10-08T22:18:46
multimodal/Imagenes/Imagenes/IDRiD_133.jpg,MULTIMODAL,left,2026-10-08T22:18:48
multimodal/Imagenes/Imagenes/IDRiD_134.jpg,MULTIMODAL,left,2026-10-08T22:18:48
multimodal/Imagenes/Imagenes/IDRiD_135.jpg,MULTIMODAL,right,2026-10-08T22:18:49
multimodal/Imagenes/Imagenes/IDRiD_136.jpg,MULTIMODAL,right,2026-10-08T22:18:50
multimodal/Imagenes/Imagenes/IDRiD_137.jpg,MULTIMODAL,left,2026-10-08T22:18:51
multimodal/Imagenes/Imagenes/IDRiD_139.jpg,MULTIMODAL,left,2026-10-08T22:18:51
multimodal/Imagenes/Imagenes/IDRiD_140.jpg,MULTIMODAL,right,2026-10-08T22:18:52
multimodal/Imagenes/Imagenes/IDRiD_143.jpg,MULTIMODAL,left,2026-10-08T22:18:54
multimodal/Imagenes/Imagenes/IDRiD_144.jpg,MULTIMODAL,left,2026-10-08T22:18:54
multimodal/Imagenes/Imagenes/IDRiD_152.jpg,MULTIMODAL,right,2026-10-08T22:18:55
multimodal/Imagenes/Imagenes/IDRiD_154.jpg,MULTIMODAL,left,2026-10-08T22:18:56
multimodal/Imagenes/Imagenes/IDRiD_155.jpg,MULTIMODAL,left,2026-10-08T22:18:57
multimodal/Imagenes/Imagenes/IDRiD_156.jpg,MULTIMODAL,left,2026-10-08T22:18:59
multimodal/Imagenes/Imagenes/IDRiD_157.jpg,MULTIMODAL,right,2026-10-08T22:19:00
multimodal/Imagenes/Imagenes/IDRiD_158.jpg,MULTIMODAL,right,2026-10-08T22:19:01
multimodal/Imagenes/Imagenes/IDRiD_160.jpg,MULTIMODAL,right,2026-10-08T22:19:01
multimodal/Imagenes/Imagenes/IDRiD_165.jpg,MULTIMODAL,left,2026-10-08T22:19:03
multimodal/Imagenes/Imagenes/IDRiD_166.jpg,MULTIMODAL,left,2026-10-08T22:19:03
multimodal/Imagenes/Imagenes/IDRiD_167.jpg,MULTIMODAL,right,2026-10-08T22:19:04
multimodal/Imagenes/Imagenes/IDRiD_172.jpg,MULTIMODAL,right,2026-10-08T22:19:05
multimodal/Imagenes/Imagenes/IDRiD_174.jpg,MULTIMODAL,left,2026-10-08T22:19:06
multimodal/Imagenes/Imagenes/IDRiD_175.jpg,MULTIMODAL,right,2026-10-08T22:19:07
multimodal/Imagenes/Imagenes/IDRiD_176.jpg,MULTIMODAL,left,2026-10-08T22:19:10
multimodal/Imagenes/Imagenes/IDRiD_177.jpg,MULTIMODAL,right,2026-10-08T22:19:10
multimodal/Imagenes/Imagenes/IDRiD_178.jpg,MULTIMODAL,right,2026-10-08T22:19:11
multimodal/Imagenes/Imagenes/IDRiD_179.jpg,MULTIMODAL,left,2026-10-08T22:19:12
multimodal/Imagenes/Imagenes/IDRiD_180.jpg,MULTIMODAL,left,2026-10-08T22:19:13
multimodal/Imagenes/Imagenes/IDRiD_181.jpg,MULTIMODAL,left,2026-10-08T22:19:14
multimodal/Imagenes/Imagenes/IDRiD_182.jpg,MULTIMODAL,right,2026-10-08T22:19:15
multimodal/Imagenes/Imagenes/IDRiD_184.jpg,MULTIMODAL,right,2026-10-08T22:19:16
multimodal/Imagenes/Imagenes/IDRiD_185.jpg,MULTIMODAL,right,2026-10-08T22:19:16
multimodal/Imagenes/Imagenes/IDRiD_186.jpg,MULTIMODAL,left,2026-10-08T22:19:17
multimodal/Imagenes/Imagenes/IDRiD_187.jpg,MULTIMODAL,right,2026-10-08T22:19:18
multimodal/Imagenes/Imagenes/IDRiD_188.jpg,MULTIMODAL,right,2026-10-08T22:19:20
multimodal/Imagenes/Imagenes/IDRiD_189.jpg,MULTIMODAL,right,2026-10-08T22:19:20
multimodal/Imagenes/Imagenes/IDRiD_190.jpg,MULTIMODAL,left,2026-10-08T22:19:22
multimodal/Imagenes/Imagenes/IDRiD_191.jpg,MULTIMODAL,right,2026-10-08T22:19:23
multimodal/Imagenes/Imagenes/IDRiD_192.jpg,MULTIMODAL,left,2026-10-08T22:19:32
multimodal/Imagenes/Imagenes/IDRiD_193.jpg,MULTIMODAL,right,2026-10-08T22:19:33
multimodal/Imagenes/Imagenes/IDRiD_194.jpg,MULTIMODAL,right,2026-10-08T22:19:33
multimodal/Imagenes/Imagenes/IDRiD_195.jpg,MULTIMODAL,right,2026-10-08T22:19:34
multimodal/Imagenes/Imagenes/IDRiD_196.jpg,MULTIMODAL,right,2026-10-08T22:19:35
multimodal/Imagenes/Imagenes/IDRiD_197.jpg,MULTIMODAL,left,2026-10-08T22:19:36
multimodal/Imagenes/Imagenes/IDRiD_198.jpg,MULTIMODAL,right,2026-10-08T22:19:37
multimodal/Imagenes/Imagenes/IDRiD_199.jpg,MULTIMODAL,left,2026-10-08T22:19:38
multimodal/Imagenes/Imagenes/IDRiD_200.jpg,MULTIMODAL,left,2026-10-08T22:19:39
multimodal/Imagenes/Imagenes/IDRiD_201.jpg,MULTIMODAL,right,2026-10-08T22:19:40
multimodal/Imagenes/Imagenes/IDRiD_202.jpg,MULTIMODAL,right,2026-10-08T22:19:41
multimodal/Imagenes/Imagenes/IDRiD_203.jpg,MULTIMODAL,right,2026-10-08T22:19:41
multimodal/Imagenes/Imagenes/IDRiD_204.jpg,MULTIMODAL,left,2026-10-08T22:19:42
multimodal/Imagenes/Imagenes/IDRiD_205.jpg,MULTIMODAL,right,2026-10-08T22:19:45
multimodal/Imagenes/Imagenes/IDRiD_206.jpg,MULTIMODAL,left,2026-10-08T22:19:46
multimodal/Imagenes/Imagenes/IDRiD_207.jpg,MULTIMODAL,right,2026-10-08T22:19:47
multimodal/Imagenes/Imagenes/IDRiD_208.jpg,MULTIMODAL,left,2026-10-08T22:19:48
multimodal/Imagenes/Imagenes/IDRiD_209.jpg,MULTIMODAL,left,2026-10-08T22:19:49
multimodal/Imagenes/Imagenes/IDRiD_210.jpg,MULTIMODAL,right,2026-10-08T22:19:50
multimodal/Imagenes/Imagenes/IDRiD_211.jpg,MULTIMODAL,left,2026-10-08T22:19:51
multimodal/Imagenes/Imagenes/IDRiD_212.jpg,MULTIMODAL,right,2026-10-08T22:19:53
multimodal/Imagenes/Imagenes/IDRiD_213.jpg,MULTIMODAL,right,2026-10-08T22:19:54
multimodal/Imagenes/Imagenes/IDRiD_214.jpg,MULTIMODAL,left,2026-10-08T22:19:55
multimodal/Imagenes/Imagenes/IDRiD_215.jpg,MULTIMODAL,right,2026-10-08T22:19:56
multimodal/Imagenes/Imagenes/IDRiD_217.jpg,MULTIMODAL,right,2026-10-08T22:19:57
multimodal/Imagenes/Imagenes/IDRiD_218.jpg,MULTIMODAL,right,2026-10-08T22:19:57
multimodal/Imagenes/Imagenes/IDRiD_219.jpg,MULTIMODAL,left,2026-10-08T22:19:58
multimodal/Imagenes/Imagenes/IDRiD_220.jpg,MULTIMODAL,left,2026-10-08T22:19:59
multimodal/Imagenes/Imagenes/IDRiD_221.jpg,MULTIMODAL,right,2026-10-08T22:20:00
multimodal/Imagenes/Imagenes/IDRiD_222.jpg,MULTIMODAL,left,2026-10-08T22:20:01
multimodal/Imagenes/Imagenes/IDRiD_223.jpg,MULTIMODAL,right,2026-10-08T22:20:02
multimodal/Imagenes/Imagenes/IDRiD_224.jpg,MULTIMODAL,left,2026-10-08T22:20:04
multimodal/Imagenes/Imagenes/IDRiD_225.jpg,MULTIMODAL,left,2026-10-08T22:20:05
multimodal/Imagenes/Imagenes/IDRiD_226.jpg,MULTIMODAL,left,2026-10-08T22:20:06
multimodal/Imagenes/Imagenes/IDRiD_227.jpg,MULTIMODAL,right,2026-10-08T22:20:07
multimodal/Imagenes/Imagenes/IDRiD_228.jpg,MULTIMODAL,left,2026-10-08T22:20:08
multimodal/Imagenes/Imagenes/IDRiD_229.jpg,MULTIMODAL,left,2026-10-08T22:20:09
multimodal/Imagenes/Imagenes/IDRiD_230.jpg,MULTIMODAL,left,2026-10-08T22:20:09
multimodal/Imagenes/Imagenes/IDRiD_231.jpg,MULTIMODAL,right,2026-10-08T22:20:10
multimodal/Imagenes/Imagenes/IDRiD_232.jpg,MULTIMODAL,left,2026-10-08T22:20:11
multimodal/Imagenes/Imagenes/IDRiD_233.jpg,MULTIMODAL,left,2026-10-08T22:20:12
multimodal/Imagenes/Imagenes/IDRiD_234.jpg,MULTIMODAL,left,2026-10-08T22:20:13
multimodal/Imagenes/Imagenes/IDRiD_235.jpg,MULTIMODAL,right,2026-10-08T22:20:14
multimodal/Imagenes/Imagenes/IDRiD_236.jpg,MULTIMODAL,right,2026-10-08T22:20:15
multimodal/Imagenes/Imagenes/IDRiD_237.jpg,MULTIMODAL,left,2026-10-08T22:20:17
multimodal/Imagenes/Imagenes/IDRiD_238.jpg,MULTIMODAL,left,2026-10-08T22:20:17
multimodal/Imagenes/Imagenes/IDRiD_239.jpg,MULTIMODAL,right,2026-10-08T22:20:18
multimodal/Imagenes/Imagenes/IDRiD_240.jpg,MULTIMODAL,left,2026-10-08T22:20:20
multimodal/Imagenes/Imagenes/IDRiD_241.jpg,MULTIMODAL,left,2026-10-08T22:20:21
multimodal/Imagenes/Imagenes/IDRiD_242.jpg,MULTIMODAL,right,2026-10-08T22:20:22
multimodal/Imagenes/Imagenes/IDRiD_243.jpg,MULTIMODAL,left,2026-10-08T22:20:23
multimodal/Imagenes/Imagenes/IDRiD_244.jpg,MULTIMODAL,left,2026-10-08T22:20:24
multimodal/Imagenes/Imagenes/IDRiD_245.jpg,MULTIMODAL,right,2026-10-08T22:20:25
multimodal/Imagenes/Imagenes/IDRiD_246.jpg,MULTIMODAL,left,2026-10-08T22:20:26
multimodal/Imagenes/Imagenes/IDRiD_247.jpg,MULTIMODAL,right,2026-10-08T22:20:27
multimodal/Imagenes/Imagenes/IDRiD_248.jpg,MULTIMODAL,left,2026-10-08T22:20:28
multimodal/Imagenes/Imagenes/IDRiD_249.jpg,MULTIMODAL,right,2026-10-08T22:20:30
multimodal/Imagenes/Imagenes/IDRiD_250.jpg,MULTIMODAL,left,2026-10-08T22:20:31
multimodal/Imagenes/Imagenes/IDRiD_251.jpg,MULTIMODAL,left,2026-10-08T22:20:32
multimodal/Imagenes/Imagenes/IDRiD_252.jpg,MULTIMODAL,right,2026-10-08T22:20:33
multimodal/Imagenes/Imagenes/IDRiD_253.jpg,MULTIMODAL,right,2026-10-08T22:20:34
multimodal/Imagenes/Imagenes/IDRiD_254.jpg,MULTIMODAL,right,2026-10-08T22:20:34
multimodal/Imagenes/Imagenes/IDRiD_255.jpg,MULTIMODAL,left,2026-10-08T22:20:36
multimodal/Imagenes/Imagenes/IDRiD_256.jpg,MULTIMODAL,left,2026-10-08T22:20:40
multimodal/Imagenes/Imagenes/IDRiD_257.jpg,MULTIMODAL,right,2026-10-08T22:20:41
multimodal/Imagenes/Imagenes/IDRiD_258.jpg,MULTIMODAL,left,2026-10-08T22:20:42
multimodal/Imagenes/Imagenes/IDRiD_259.jpg,MULTIMODAL,right,2026-10-08T22:20:45
multimodal/Imagenes/Imagenes/IDRiD_260.jpg,MULTIMODAL,right,2026-10-08T22:20:45
multimodal/Imagenes/Imagenes/IDRiD_261.jpg,MULTIMODAL,left,2026-10-08T22:20:46
multimodal/Imagenes/Imagenes/IDRiD_262.jpg,MULTIMODAL,right,2026-10-08T22:20:47
multimodal/Imagenes/Imagenes/IDRiD_263.jpg,MULTIMODAL,left,2026-10-08T22:20:49
multimodal/Imagenes/Imagenes/IDRiD_264.jpg,MULTIMODAL,left,2026-10-08T22:20:50
multimodal/Imagenes/Imagenes/IDRiD_266.jpg,MULTIMODAL,left,2026-10-08T22:20:51
multimodal/Imagenes/Imagenes/IDRiD_267.jpg,MULTIMODAL,left,2026-10-08T22:20:52
multimodal/Imagenes/Imagenes/IDRiD_268.jpg,MULTIMODAL,left,2026-10-08T22:20:53
multimodal/Imagenes/Imagenes/IDRiD_269.jpg,MULTIMODAL,right,2026-10-08T22:20:54
multimodal/Imagenes/Imagenes/IDRiD_270.jpg,MULTIMODAL,left,2026-10-08T22:20:55
multimodal/Imagenes/Imagenes/IDRiD_271.jpg,MULTIMODAL,right,2026-10-08T22:20:56
multimodal/Imagenes/Imagenes/IDRiD_272.jpg,MULTIMODAL,left,2026-10-08T22:20:57
multimodal/Imagenes/Imagenes/IDRiD_273.jpg,MULTIMODAL,right,2026-10-08T22:20:59
multimodal/Imagenes/Imagenes/IDRiD_274.jpg,MULTIMODAL,right,2026-10-08T22:21:01
multimodal/Imagenes/Imagenes/IDRiD_275.jpg,MULTIMODAL,right,2026-10-08T22:21:02
multimodal/Imagenes/Imagenes/IDRiD_276.jpg,MULTIMODAL,right,2026-10-08T22:21:03
multimodal/Imagenes/Imagenes/IDRiD_278.jpg,MULTIMODAL,left,2026-10-08T22:21:05
multimodal/Imagenes/Imagenes/IDRiD_279.jpg,MULTIMODAL,left,2026-10-08T22:21:05
multimodal/Imagenes/Imagenes/IDRiD_280.jpg,MULTIMODAL,right,2026-10-08T22:21:06
multimodal/Imagenes/Imagenes/IDRiD_281.jpg,MULTIMODAL,left,2026-10-08T22:21:08
multimodal/Imagenes/Imagenes/IDRiD_282.jpg,MULTIMODAL,left,2026-10-08T22:21:09
multimodal/Imagenes/Imagenes/IDRiD_283.jpg,MULTIMODAL,right,2026-10-08T22:21:10
multimodal/Imagenes/Imagenes/IDRiD_284.jpg,MULTIMODAL,left,2026-10-08T22:21:11
multimodal/Imagenes/Imagenes/IDRiD_285.jpg,MULTIMODAL,right,2026-10-08T22:21:12
multimodal/Imagenes/Imagenes/IDRiD_286.jpg,MULTIMODAL,left,2026-10-08T22:21:13
multimodal/Imagenes/Imagenes/IDRiD_287.jpg,MULTIMODAL,right,2026-10-08T22:21:14
multimodal/Imagenes/Imagenes/IDRiD_288.jpg,MULTIMODAL,left,2026-10-08T22:21:15
multimodal/Imagenes/Imagenes/IDRiD_289.jpg,MULTIMODAL,right,2026-10-08T22:21:17
multimodal/Imagenes/Imagenes/IDRiD_290.jpg,MULTIMODAL,right,2026-10-08T22:21:18
multimodal/Imagenes/Imagenes/IDRiD_291.jpg,MULTIMODAL,left,2026-10-08T22:21:19
multimodal/Imagenes/Imagenes/IDRiD_292.jpg,MULTIMODAL,right,2026-10-08T22:21:20
multimodal/Imagenes/Imagenes/IDRiD_293.jpg,MULTIMODAL,right,2026-10-08T22:21:21
multimodal/Imagenes/Imagenes/IDRiD_294.jpg,MULTIMODAL,left,2026-10-08T22:21:22
multimodal/Imagenes/Imagenes/IDRiD_295.jpg,MULTIMODAL,left,2026-10-08T22:21:23
multimodal/Imagenes/Imagenes/IDRiD_296.jpg,MULTIMODAL,left,2026-10-08T22:21:35
multimodal/Imagenes/Imagenes/IDRiD_297.jpg,MULTIMODAL,left,2026-10-08T22:21:36
multimodal/Imagenes/Imagenes/IDRiD_298.jpg,MULTIMODAL,left,2026-10-08T22:21:37
multimodal/Imagenes/Imagenes/IDRiD_299.jpg,MULTIMODAL,left,2026-10-08T22:21:38
multimodal/Imagenes/Imagenes/IDRiD_300.jpg,MULTIMODAL,right,2026-10-08T22:21:39
multimodal/Imagenes/Imagenes/IDRiD_301.jpg,MULTIMODAL,right,2026-10-08T22:21:39
multimodal/Imagenes/Imagenes/IDRiD_302.jpg,MULTIMODAL,left,2026-10-08T22:21:41
multimodal/Imagenes/Imagenes/IDRiD_303.jpg,MULTIMODAL,right,2026-10-08T22:21:42
multimodal/Imagenes/Imagenes/IDRiD_304.jpg,MULTIMODAL,left,2026-10-08T22:21:44
multimodal/Imagenes/Imagenes/IDRiD_305.jpg,MULTIMODAL,right,2026-10-08T22:21:45
multimodal/Imagenes/Imagenes/IDRiD_306.jpg,MULTIMODAL,right,2026-10-08T22:21:50
multimodal/Imagenes/Imagenes/IDRiD_307.jpg,MULTIMODAL,right,2026-10-08T22:21:51
multimodal/Imagenes/Imagenes/IDRiD_308.jpg,MULTIMODAL,right,2026-10-08T22:21:51
multimodal/Imagenes/Imagenes/IDRiD_309.jpg,MULTIMODAL,left,2026-10-08T22:21:52
multimodal/Imagenes/Imagenes/IDRiD_310.jpg,MULTIMODAL,right,2026-10-08T22:21:54
multimodal/Imagenes/Imagenes/IDRiD_311.jpg,MULTIMODAL,left,2026-10-08T22:21:55
multimodal/Imagenes/Imagenes/IDRiD_312.jpg,MULTIMODAL,left,2026-10-08T22:21:55
multimodal/Imagenes/Imagenes/IDRiD_313.jpg,MULTIMODAL,right,2026-10-08T22:21:56
multimodal/Imagenes/Imagenes/IDRiD_314.jpg,MULTIMODAL,left,2026-10-08T22:21:57
multimodal/Imagenes/Imagenes/IDRiD_315.jpg,MULTIMODAL,right,2026-10-08T22:21:58
multimodal/Imagenes/Imagenes/IDRiD_316.jpg,MULTIMODAL,right,2026-10-08T22:21:59
multimodal/Imagenes/Imagenes/IDRiD_317.jpg,MULTIMODAL,left,2026-10-08T22:22:00
multimodal/Imagenes/Imagenes/IDRiD_318.jpg,MULTIMODAL,left,2026-10-08T22:22:00
multimodal/Imagenes/Imagenes/IDRiD_319.jpg,MULTIMODAL,right,2026-10-08T22:22:02
multimodal/Imagenes/Imagenes/IDRiD_320.jpg,MULTIMODAL,left,2026-10-08T22:22:02
multimodal/Imagenes/Imagenes/IDRiD_321.jpg,MULTIMODAL,right,2026-10-08T22:22:03
multimodal/Imagenes/Imagenes/IDRiD_322.jpg,MULTIMODAL,right,2026-10-08T22:22:04
multimodal/Imagenes/Imagenes/IDRiD_323.jpg,MULTIMODAL,right,2026-10-08T22:22:05
multimodal/Imagenes/Imagenes/IDRiD_324.jpg,MULTIMODAL,left,2026-10-08T22:22:06
multimodal/Imagenes/Imagenes/IDRiD_325.jpg,MULTIMODAL,left,2026-10-08T22:22:06
multimodal/Imagenes/Imagenes/IDRiD_326.jpg,MULTIMODAL,right,2026-10-08T22:22:07
multimodal/Imagenes/Imagenes/IDRiD_327.jpg,MULTIMODAL,left,2026-10-08T22:22:08
multimodal/Imagenes/Imagenes/IDRiD_328.jpg,MULTIMODAL,left,2026-10-08T22:22:09
multimodal/Imagenes/Imagenes/IDRiD_329.jpg,MULTIMODAL,left,2026-10-08T22:22:10
multimodal/Imagenes/Imagenes/IDRiD_330.jpg,MULTIMODAL,right,2026-10-08T22:22:11
multimodal/Imagenes/Imagenes/IDRiD_331.jpg,MULTIMODAL,left,2026-10-08T22:22:12
multimodal/Imagenes/Imagenes/IDRiD_332.jpg,MULTIMODAL,right,2026-10-08T22:22:13
multimodal/Imagenes/Imagenes/IDRiD_333.jpg,MULTIMODAL,left,2026-10-08T22:22:14
multimodal/Imagenes/Imagenes/IDRiD_334.jpg,MULTIMODAL,right,2026-10-08T22:22:16
multimodal/Imagenes/Imagenes/IDRiD_335.jpg,MULTIMODAL,right,2026-10-08T22:22:17
multimodal/Imagenes/Imagenes/IDRiD_337.jpg,MULTIMODAL,left,2026-10-08T22:22:19
multimodal/Imagenes/Imagenes/IDRiD_338.jpg,MULTIMODAL,right,2026-10-08T22:22:20
multimodal/Imagenes/Imagenes/IDRiD_339.jpg,MULTIMODAL,left,2026-10-08T22:22:21
multimodal/Imagenes/Imagenes/IDRiD_340.jpg,MULTIMODAL,left,2026-10-08T22:22:22
multimodal/Imagenes/Imagenes/IDRiD_341.jpg,MULTIMODAL,right,2026-10-08T22:22:23
multimodal/Imagenes/Imagenes/IDRiD_342.jpg,MULTIMODAL,right,2026-10-08T22:22:24
multimodal/Imagenes/Imagenes/IDRiD_343.jpg,MULTIMODAL,left,2026-10-08T22:22:25
multimodal/Imagenes/Imagenes/IDRiD_344.jpg,MULTIMODAL,right,2026-10-08T22:22:26
multimodal/Imagenes/Imagenes/IDRiD_345.jpg,MULTIMODAL,left,2026-10-08T22:22:27
multimodal/Imagenes/Imagenes/IDRiD_347.jpg,MULTIMODAL,left,2026-10-08T22:22:28
multimodal/Imagenes/Imagenes/IDRiD_348.jpg,MULTIMODAL,left,2026-10-08T22:22:29
multimodal/Imagenes/Imagenes/IDRiD_349.jpg,MULTIMODAL,left,2026-10-08T22:22:30
multimodal/Imagenes/Imagenes/IDRiD_350.jpg,MULTIMODAL,right,2026-10-08T22:22:31
multimodal/Imagenes/Imagenes/IDRiD_353.jpg,MULTIMODAL,left,2026-10-08T22:22:32
multimodal/Imagenes/Imagenes/IDRiD_354.jpg,MULTIMODAL,left,2026-10-08T22:22:33
multimodal/Imagenes/Imagenes/IDRiD_356.jpg,MULTIMODAL,left,2026-10-08T22:22:34
multimodal/Imagenes/Imagenes/IDRiD_357.jpg,MULTIMODAL,right,2026-10-08T22:22:35
multimodal/Imagenes/Imagenes/IDRiD_358.jpg,MULTIMODAL,right,2026-10-08T22:22:36
multimodal/Imagenes/Imagenes/IDRiD_360.jpg,MULTIMODAL,right,2026-10-08T22:22:36
multimodal/Imagenes/Imagenes/IDRiD_361.jpg,MULTIMODAL,left,2026-10-08T22:22:38
multimodal/Imagenes/Imagenes/IDRiD_362.jpg,MULTIMODAL,right,2026-10-08T22:22:39
multimodal/Imagenes/Imagenes/IDRiD_363.jpg,MULTIMODAL,right,2026-10-08T22:22:39
multimodal/Imagenes/Imagenes/IDRiD_364.jpg,MULTIMODAL,left,2026-10-08T22:22:41
multimodal/Imagenes/Imagenes/IDRiD_365.jpg,MULTIMODAL,left,2026-10-08T22:22:41
multimodal/Imagenes/Imagenes/IDRiD_366.jpg,MULTIMODAL,left,2026-10-08T22:22:42
multimodal/Imagenes/Imagenes/IDRiD_367.jpg,MULTIMODAL,left,2026-10-08T22:22:43
multimodal/Imagenes/Imagenes/IDRiD_368.jpg,MULTIMODAL,right,2026-10-08T22:22:44
multimodal/Imagenes/Imagenes/IDRiD_369.jpg,MULTIMODAL,left,2026-10-08T22:22:45
multimodal/Imagenes/Imagenes/IDRiD_370.jpg,MULTIMODAL,right,2026-10-08T22:22:47
multimodal/Imagenes/Imagenes/IDRiD_371.jpg,MULTIMODAL,right,2026-10-08T22:22:47
multimodal/Imagenes/Imagenes/IDRiD_372.jpg,MULTIMODAL,left,2026-10-08T22:22:48
multimodal/Imagenes/Imagenes/IDRiD_374.jpg,MULTIMODAL,right,2026-10-08T22:22:49
multimodal/Imagenes/Imagenes/IDRiD_375.jpg,MULTIMODAL,left,2026-10-08T22:22:50
multimodal/Imagenes/Imagenes/IDRiD_376.jpg,MULTIMODAL,right,2026-10-08T22:22:51
multimodal/Imagenes/Imagenes/IDRiD_377.jpg,MULTIMODAL,left,2026-10-08T22:22:52
multimodal/Imagenes/Imagenes/IDRiD_378.jpg,MULTIMODAL,right,2026-10-08T22:22:53
multimodal/Imagenes/Imagenes/IDRiD_379.jpg,MULTIMODAL,right,2026-10-08T22:22:54
multimodal/Imagenes/Imagenes/IDRiD_380.jpg,MULTIMODAL,left,2026-10-08T22:22:55
multimodal/Imagenes/Imagenes/IDRiD_381.jpg,MULTIMODAL,left,2026-10-08T22:22:56
multimodal/Imagenes/Imagenes/IDRiD_383.jpg,MULTIMODAL,left,2026-10-08T22:22:56
multimodal/Imagenes/Imagenes/IDRiD_384.jpg,MULTIMODAL,right,2026-10-08T22:22:57
multimodal/Imagenes/Imagenes/IDRiD_385.jpg,MULTIMODAL,right,2026-10-08T22:22:58
multimodal/Imagenes/Imagenes/IDRiD_386.jpg,MULTIMODAL,left,2026-10-08T22:22:59
multimodal/Imagenes/Imagenes/IDRiD_387.jpg,MULTIMODAL,left,2026-10-08T22:23:00
multimodal/Imagenes/Imagenes/IDRiD_388.jpg,MULTIMODAL,right,2026-10-08T22:23:01
multimodal/Imagenes/Imagenes/IDRiD_389.jpg,MULTIMODAL,left,2026-10-08T22:23:02
multimodal/Imagenes/Imagenes/IDRiD_390.jpg,MULTIMODAL,right,2026-10-08T22:23:03
multimodal/Imagenes/Imagenes/IDRiD_391.jpg,MULTIMODAL,left,2026-10-08T22:23:04
multimodal/Imagenes/Imagenes/IDRiD_392.jpg,MULTIMODAL,left,2026-10-08T22:23:05
multimodal/Imagenes/Imagenes/IDRiD_393.jpg,MULTIMODAL,right,2026-10-08T22:23:06
multimodal/Imagenes/Imagenes/IDRiD_394.jpg,MULTIMODAL,left,2026-10-08T22:23:07
multimodal/Imagenes/Imagenes/IDRiD_396.jpg,MULTIMODAL,left,2026-10-08T22:23:08
multimodal/Imagenes/Imagenes/IDRiD_397.jpg,MULTIMODAL,right,2026-10-08T22:23:09
multimodal/Imagenes/Imagenes/IDRiD_398.jpg,MULTIMODAL,left,2026-10-08T22:23:10
multimodal/Imagenes/Imagenes/IDRiD_399.jpg,MULTIMODAL,right,2026-10-08T22:23:11
multimodal/Imagenes/Imagenes/IDRiD_400.jpg,MULTIMODAL,left,2026-10-08T22:23:12
multimodal/Imagenes/Imagenes/IDRiD_401.jpg,MULTIMODAL,left,2026-10-08T22:23:13
multimodal/Imagenes/Imagenes/IDRiD_402.jpg,MULTIMODAL,left,2026-10-08T22:23:14
multimodal/Imagenes/Imagenes/IDRiD_403.jpg,MULTIMODAL,right,2026-10-08T22:23:15
multimodal/Imagenes/Imagenes/IDRiD_404.jpg,MULTIMODAL,right,2026-10-08T22:23:16
multimodal/Imagenes/Imagenes/IDRiD_405.jpg,MULTIMODAL,left,2026-10-08T22:23:19
multimodal/Imagenes/Imagenes/IDRiD_406.jpg,MULTIMODAL,right,2026-10-08T22:23:20
multimodal/Imagenes/Imagenes/IDRiD_407.jpg,MULTIMODAL,right,2026-10-08T22:23:21
multimodal/Imagenes/Imagenes/IDRiD_408.jpg,MULTIMODAL,right,2026-10-08T22:23:22
multimodal/Imagenes/Imagenes/IDRiD_409.jpg,MULTIMODAL,right,2026-10-08T22:23:22
multimodal/Imagenes/Imagenes/IDRiD_410.jpg,MULTIMODAL,right,2026-10-08T22:23:23
multimodal/Imagenes/Imagenes/IDRiD_411.jpg,MULTIMODAL,left,2026-10-08T22:23:24
multimodal/Imagenes/Imagenes/IDRiD_412.jpg,MULTIMODAL,right,2026-10-08T22:23:25
multimodal/Imagenes/Imagenes/IDRiD_413.jpg,MULTIMODAL,right,2026-10-08T22:23:36
